"name","area","pop","lat","long"
"Whanganui","2372.7","|R",-39.9333,175.05
"Wanganui","2372.7","|R",-39.9333,175.05
"وانجانوي","2372.7","|R",-39.9333,175.05
"Уонгануи","2372.7","|R",-39.9333,175.05
"Distretto di Wanganui","2372.7","|R",-39.9333,175.05
"Whanganui","2372.7","|R",-39.9333,175.05
"Whanganui","2372.7","|R",-39.9333,175.05
"Wanganui","2372.7","|R",-39.9333,175.05
"旺加努伊","2372.7","|R",-39.9333,175.05
"Wanganui","2372.7","|R",-39.9333,175.05
"ワンガヌイ","2372.7","|R",-39.9333,175.05
"Leipzig","297.36",570087,51.3333,12.3833
"Leipzig","297.36",570087,51.3333,12.3833
"莱比锡","297.36",570087,51.3333,12.3833
"لايبزيغ","297.36",570087,51.3333,12.3833
"Leipzig","297.36",570087,51.3333,12.3833
"Lipsia","297.36",570087,51.3333,12.3833
"Leipzig","297.36",570087,51.3333,12.3833
"Lipsk","297.36",570087,51.3333,12.3833
"Leipzig","297.36",570087,51.3333,12.3833
"Лейпциг","297.36",570087,51.3333,12.3833
"Leipzig","297.36",570087,51.3333,12.3833
"ライプツィヒ","297.36",570087,51.3333,12.3833
"Swansea","380.0","*Unitary Authority area:",51.6167,-3.95
"سوانزي","380.0","*Unitary Authority area:",51.6167,-3.95
"Swansea","380.0","*Unitary Authority area:",51.6167,-3.95
"Swansea","380.0","*Unitary Authority area:",51.6167,-3.95
"Swansea","380.0","*Unitary Authority area:",51.6167,-3.95
"Swansea","380.0","*Unitary Authority area:",51.6167,-3.95
"スウォンジー","380.0","*Unitary Authority area:",51.6167,-3.95
"Swansea","380.0","*Unitary Authority area:",51.6167,-3.95
"Swansea","380.0","*Unitary Authority area:",51.6167,-3.95
"Swansea","380.0","*Unitary Authority area:",51.6167,-3.95
"Суонси","380.0","*Unitary Authority area:",51.6167,-3.95
"斯旺西","380.0","*Unitary Authority area:",51.6167,-3.95
"Swansea","380.0","http://dbpedia.org/resource/Swansea_Urban_Area",51.6167,-3.95
"سوانزي","380.0","http://dbpedia.org/resource/Swansea_Urban_Area",51.6167,-3.95
"Swansea","380.0","http://dbpedia.org/resource/Swansea_Urban_Area",51.6167,-3.95
"Swansea","380.0","http://dbpedia.org/resource/Swansea_Urban_Area",51.6167,-3.95
"Swansea","380.0","http://dbpedia.org/resource/Swansea_Urban_Area",51.6167,-3.95
"Swansea","380.0","http://dbpedia.org/resource/Swansea_Urban_Area",51.6167,-3.95
"スウォンジー","380.0","http://dbpedia.org/resource/Swansea_Urban_Area",51.6167,-3.95
"Swansea","380.0","http://dbpedia.org/resource/Swansea_Urban_Area",51.6167,-3.95
"Swansea","380.0","http://dbpedia.org/resource/Swansea_Urban_Area",51.6167,-3.95
"Swansea","380.0","http://dbpedia.org/resource/Swansea_Urban_Area",51.6167,-3.95
"Суонси","380.0","http://dbpedia.org/resource/Swansea_Urban_Area",51.6167,-3.95
"斯旺西","380.0","http://dbpedia.org/resource/Swansea_Urban_Area",51.6167,-3.95
"Swansea","380.0","http://dbpedia.org/resource/Swansea_Bay_City_Region",51.6167,-3.95
"سوانزي","380.0","http://dbpedia.org/resource/Swansea_Bay_City_Region",51.6167,-3.95
"Swansea","380.0","http://dbpedia.org/resource/Swansea_Bay_City_Region",51.6167,-3.95
"Swansea","380.0","http://dbpedia.org/resource/Swansea_Bay_City_Region",51.6167,-3.95
"Swansea","380.0","http://dbpedia.org/resource/Swansea_Bay_City_Region",51.6167,-3.95
"Swansea","380.0","http://dbpedia.org/resource/Swansea_Bay_City_Region",51.6167,-3.95
"スウォンジー","380.0","http://dbpedia.org/resource/Swansea_Bay_City_Region",51.6167,-3.95
"Swansea","380.0","http://dbpedia.org/resource/Swansea_Bay_City_Region",51.6167,-3.95
"Swansea","380.0","http://dbpedia.org/resource/Swansea_Bay_City_Region",51.6167,-3.95
"Swansea","380.0","http://dbpedia.org/resource/Swansea_Bay_City_Region",51.6167,-3.95
"Суонси","380.0","http://dbpedia.org/resource/Swansea_Bay_City_Region",51.6167,-3.95
"斯旺西","380.0","http://dbpedia.org/resource/Swansea_Bay_City_Region",51.6167,-3.95
"Swansea","380.0","http://dbpedia.org/resource/List_of_Welsh_principal_areas_by_population",51.6167,-3.95
"سوانزي","380.0","http://dbpedia.org/resource/List_of_Welsh_principal_areas_by_population",51.6167,-3.95
"Swansea","380.0","http://dbpedia.org/resource/List_of_Welsh_principal_areas_by_population",51.6167,-3.95
"Swansea","380.0","http://dbpedia.org/resource/List_of_Welsh_principal_areas_by_population",51.6167,-3.95
"Swansea","380.0","http://dbpedia.org/resource/List_of_Welsh_principal_areas_by_population",51.6167,-3.95
"Swansea","380.0","http://dbpedia.org/resource/List_of_Welsh_principal_areas_by_population",51.6167,-3.95
"スウォンジー","380.0","http://dbpedia.org/resource/List_of_Welsh_principal_areas_by_population",51.6167,-3.95
"Swansea","380.0","http://dbpedia.org/resource/List_of_Welsh_principal_areas_by_population",51.6167,-3.95
"Swansea","380.0","http://dbpedia.org/resource/List_of_Welsh_principal_areas_by_population",51.6167,-3.95
"Swansea","380.0","http://dbpedia.org/resource/List_of_Welsh_principal_areas_by_population",51.6167,-3.95
"Суонси","380.0","http://dbpedia.org/resource/List_of_Welsh_principal_areas_by_population",51.6167,-3.95
"斯旺西","380.0","http://dbpedia.org/resource/List_of_Welsh_principal_areas_by_population",51.6167,-3.95
"Swansea","380.0",": 685,051",51.6167,-3.95
"سوانزي","380.0",": 685,051",51.6167,-3.95
"Swansea","380.0",": 685,051",51.6167,-3.95
"Swansea","380.0",": 685,051",51.6167,-3.95
"Swansea","380.0",": 685,051",51.6167,-3.95
"Swansea","380.0",": 685,051",51.6167,-3.95
"スウォンジー","380.0",": 685,051",51.6167,-3.95
"Swansea","380.0",": 685,051",51.6167,-3.95
"Swansea","380.0",": 685,051",51.6167,-3.95
"Swansea","380.0",": 685,051",51.6167,-3.95
"Суонси","380.0",": 685,051",51.6167,-3.95
"斯旺西","380.0",": 685,051",51.6167,-3.95
"Swansea","380.0",",",51.6167,-3.95
"سوانزي","380.0",",",51.6167,-3.95
"Swansea","380.0",",",51.6167,-3.95
"Swansea","380.0",",",51.6167,-3.95
"Swansea","380.0",",",51.6167,-3.95
"Swansea","380.0",",",51.6167,-3.95
"スウォンジー","380.0",",",51.6167,-3.95
"Swansea","380.0",",",51.6167,-3.95
"Swansea","380.0",",",51.6167,-3.95
"Swansea","380.0",",",51.6167,-3.95
"Суонси","380.0",",",51.6167,-3.95
"斯旺西","380.0",",",51.6167,-3.95
"Swansea","380.0","*Urban area within Unitary Authority: 179,485
*",51.6167,-3.95
"سوانزي","380.0","*Urban area within Unitary Authority: 179,485
*",51.6167,-3.95
"Swansea","380.0","*Urban area within Unitary Authority: 179,485
*",51.6167,-3.95
"Swansea","380.0","*Urban area within Unitary Authority: 179,485
*",51.6167,-3.95
"Swansea","380.0","*Urban area within Unitary Authority: 179,485
*",51.6167,-3.95
"Swansea","380.0","*Urban area within Unitary Authority: 179,485
*",51.6167,-3.95
"スウォンジー","380.0","*Urban area within Unitary Authority: 179,485
*",51.6167,-3.95
"Swansea","380.0","*Urban area within Unitary Authority: 179,485
*",51.6167,-3.95
"Swansea","380.0","*Urban area within Unitary Authority: 179,485
*",51.6167,-3.95
"Swansea","380.0","*Urban area within Unitary Authority: 179,485
*",51.6167,-3.95
"Суонси","380.0","*Urban area within Unitary Authority: 179,485
*",51.6167,-3.95
"斯旺西","380.0","*Urban area within Unitary Authority: 179,485
*",51.6167,-3.95
"Swansea","380.0",": 300,352
*Metropolitan Area: 462,000
*",51.6167,-3.95
"سوانزي","380.0",": 300,352
*Metropolitan Area: 462,000
*",51.6167,-3.95
"Swansea","380.0",": 300,352
*Metropolitan Area: 462,000
*",51.6167,-3.95
"Swansea","380.0",": 300,352
*Metropolitan Area: 462,000
*",51.6167,-3.95
"Swansea","380.0",": 300,352
*Metropolitan Area: 462,000
*",51.6167,-3.95
"Swansea","380.0",": 300,352
*Metropolitan Area: 462,000
*",51.6167,-3.95
"スウォンジー","380.0",": 300,352
*Metropolitan Area: 462,000
*",51.6167,-3.95
"Swansea","380.0",": 300,352
*Metropolitan Area: 462,000
*",51.6167,-3.95
"Swansea","380.0",": 300,352
*Metropolitan Area: 462,000
*",51.6167,-3.95
"Swansea","380.0",": 300,352
*Metropolitan Area: 462,000
*",51.6167,-3.95
"Суонси","380.0",": 300,352
*Metropolitan Area: 462,000
*",51.6167,-3.95
"斯旺西","380.0",": 300,352
*Metropolitan Area: 462,000
*",51.6167,-3.95
"Rotorua","2614.9","|R",-38.1378,176.251
"Rotorua","2614.9","|R",-38.1378,176.251
"罗托路亚","2614.9","|R",-38.1378,176.251
"روتوروا","2614.9","|R",-38.1378,176.251
"Rotorua","2614.9","|R",-38.1378,176.251
"Distretto di Rotorua","2614.9","|R",-38.1378,176.251
"Rotorua","2614.9","|R",-38.1378,176.251
"Rotorua","2614.9","|R",-38.1378,176.251
"Rotorua","2614.9","|R",-38.1378,176.251
"Роторуа (город)","2614.9","|R",-38.1378,176.251
"Rotorua","2614.9","|R",-38.1378,176.251
"ロトルア","2614.9","|R",-38.1378,176.251
"Dunedin","3314.0","|R",-45.8667,170.5
"Dunedin","3314.0","|R",-45.8667,170.5
"但尼丁","3314.0","|R",-45.8667,170.5
"دنيدن","3314.0","|R",-45.8667,170.5
"Dunedin","3314.0","|R",-45.8667,170.5
"Dunedin","3314.0","|R",-45.8667,170.5
"Dunedin","3314.0","|R",-45.8667,170.5
"Dunedin","3314.0","|R",-45.8667,170.5
"Dunedin","3314.0","|R",-45.8667,170.5
"Данидин","3314.0","|R",-45.8667,170.5
"ダニーデン","3314.0","|R",-45.8667,170.5
"Dunedin","3314.0","|R",-45.8667,170.5
"Hastings (Nueva Zelanda)","5229.0","|R",-39.65,176.833
"Hastings (Nieuw-Zeeland)","5229.0","|R",-39.65,176.833
"هاستينجس (نيوزيلندا)","5229.0","|R",-39.65,176.833
"Хейстингс (Новая Зеландия)","5229.0","|R",-39.65,176.833
"Hastings (Nuova Zelanda)","5229.0","|R",-39.65,176.833
"Hastings, New Zealand","5229.0","|R",-39.65,176.833
"ヘイスティングズ (ニュージーランド)","5229.0","|R",-39.65,176.833
"Hastings (Neuseeland)","5229.0","|R",-39.65,176.833
"Hastings (Nowa Zelandia)","5229.0","|R",-39.65,176.833
"Hastings (Nouvelle-Zélande)","5229.0","|R",-39.65,176.833
"Palmerston North","395.0","|R",-40.355,175.612
"Palmerston North","395.0","|R",-40.355,175.612
"Palmerston North","395.0","|R",-40.355,175.612
"Палмерстон-Норт","395.0","|R",-40.355,175.612
"パーマストンノース","395.0","|R",-40.355,175.612
"Palmerston North","395.0","|R",-40.355,175.612
"Palmerston North","395.0","|R",-40.355,175.612
"Palmerston North","395.0","|R",-40.355,175.612
"北帕莫斯顿","395.0","|R",-40.355,175.612
"Palmerston North","395.0","|R",-40.355,175.612
"Palmerston North","395.0","|R",-40.355,175.612
"Lower Hutt","377.0","|R",-41.2167,174.917
"Lower Hutt","377.0","|R",-41.2167,174.917
"Lower Hutt","377.0","|R",-41.2167,174.917
"下哈特","377.0","|R",-41.2167,174.917
"Lower Hutt","377.0","|R",-41.2167,174.917
"Лоуэр-Хатт","377.0","|R",-41.2167,174.917
"Lower Hutt","377.0","|R",-41.2167,174.917
"Lower Hutt","377.0","|R",-41.2167,174.917
"Lower Hutt","377.0","|R",-41.2167,174.917
"Lower Hutt","377.0","|R",-41.2167,174.917
"New City Condominiums","0.10359952441344","approx. 1,000",41.1594,-73.9856
"Stephenville (Texas)","30.79",16058,32.2203,-98.2136
"Stephenville (Texas)","30.79495863189504",16058,32.2203,-98.2136
"Stephenville","30.79",16058,32.2203,-98.2136
"Stephenville","30.79495863189504",16058,32.2203,-98.2136
"ستيفنفيل","30.79",16058,32.2203,-98.2136
"ستيفنفيل","30.79495863189504",16058,32.2203,-98.2136
"Stephenville (Texas)","30.79",16058,32.2203,-98.2136
"Stephenville (Texas)","30.79495863189504",16058,32.2203,-98.2136
"Stephenville, Texas","30.79",16058,32.2203,-98.2136
"Stephenville, Texas","30.79495863189504",16058,32.2203,-98.2136
"Stephenville (Texas)","30.79",16058,32.2203,-98.2136
"Stephenville (Texas)","30.79495863189504",16058,32.2203,-98.2136
"Stephenville (Teksas)","30.79",16058,32.2203,-98.2136
"Stephenville (Teksas)","30.79495863189504",16058,32.2203,-98.2136
"Stephenville (Texas)","30.79",16058,32.2203,-98.2136
"Stephenville (Texas)","30.79495863189504",16058,32.2203,-98.2136
"New Plymouth","2324.26","|R",-39.0667,174.083
"New Plymouth","2324.26","|R",-39.0667,174.083
"New Plymouth","2324.26","|R",-39.0667,174.083
"Нью-Плимут (Новая Зеландия)","2324.26","|R",-39.0667,174.083
"New Plymouth","2324.26","|R",-39.0667,174.083
"New Plymouth","2324.26","|R",-39.0667,174.083
"New Plymouth","2324.26","|R",-39.0667,174.083
"ニュープリマス","2324.26","|R",-39.0667,174.083
"新普利茅斯","2324.26","|R",-39.0667,174.083
"Nueva Plymouth","2324.26","|R",-39.0667,174.083
"New Plymouth","2324.26","|R",-39.0667,174.083
"Wolverhampton","69.44","()",52.5833,-2.13333
"Wolverhampton","69.44","()",52.5833,-2.13333
"伍爾弗漢普頓","69.44","()",52.5833,-2.13333
"ولفرهامبتن","69.44","()",52.5833,-2.13333
"Wolverhampton","69.44","()",52.5833,-2.13333
"Wolverhampton","69.44","()",52.5833,-2.13333
"Wolverhampton","69.44","()",52.5833,-2.13333
"Wolverhampton","69.44","()",52.5833,-2.13333
"Wolverhampton","69.44","()",52.5833,-2.13333
"Вулвергемптон","69.44","()",52.5833,-2.13333
"ウルヴァーハンプトン","69.44","()",52.5833,-2.13333
"Wolverhampton","69.44","()",52.5833,-2.13333
"Bell Ville","41.77",34439,-32.6333,-62.6833
"Bell Ville","41.77",34439,-32.6333,-62.6833
"بيل فيل (مدينة)","41.77",34439,-32.6333,-62.6833
"Bell Ville","41.77",34439,-32.6333,-62.6833
"Bell Ville","41.77",34439,-32.6333,-62.6833
"Bell Ville","41.77",34439,-32.6333,-62.6833
"貝爾維爾 (科爾多瓦省)","41.77",34439,-32.6333,-62.6833
"Bell Ville","41.77",34439,-32.6333,-62.6833
"Bell Ville","41.77",34439,-32.6333,-62.6833
"Rudki (Ukraina)","3.8",".",49.6528,23.4869
"Rudky","3.8",".",49.6528,23.4869
"魯德基","3.8",".",49.6528,23.4869
"Rudky","3.8",".",49.6528,23.4869
"Рудки","3.8",".",49.6528,23.4869
"Roudky","3.8",".",49.6528,23.4869
"Khora","10.0","approx. 1,000,000",28.62,77.34
