cityURI,name,population,country,lat,long,,rainyDays:text
http://dbpedia.org/resource/Karachi,Karachi,24300000,India,24.86,67.01,,None
http://dbpedia.org/resource/Delhi,Delhi,16314838,India,28.61,77.23,,None
http://dbpedia.org/resource/Chengdu,Chengdu,14297600,,30.6586,104065,,None
http://dbpedia.org/resource/Tokyo,Tokyo,13506607,Japan,35.6833,139683,,None
http://dbpedia.org/resource/Guangzhou,Guangzhou,13080500,,23.1333,113267,,None
http://dbpedia.org/resource/Shijiazhuang,Shijiazhuang,12763700,,38.0436,114483,,None
http://dbpedia.org/resource/Mumbai,Mumbai,12442373,,18975,72.8258,,None
http://dbpedia.org/resource/Baoding,Baoding,11194379,,38.8667,115467,,None
http://dbpedia.org/resource/Harbin,Harbin,10635971,,45.75,126633,,None
http://dbpedia.org/resource/Shenzhen,Shenzhen,10628900,,22.55,114.1,,None
http://dbpedia.org/resource/Suzhou,Suzhou,10578700,,31.3,120.6,,None
"http://dbpedia.org/resource/Nanyang,_Henan","Nanyang, Henan",10263660,,33.0,112533,,None
http://dbpedia.org/resource/Cairo,Cairo,10230350,Egipt,30.05,31.2289,,None
http://dbpedia.org/resource/Wuhan,Wuhan,10220000,,30.5833,114283,,None
http://dbpedia.org/resource/Kinshasa,Kinshasa,10125000,,-4325,15.3222,,None
http://dbpedia.org/resource/Seoul,Seoul,10117909,Korea,37.5667,126967,,None
http://dbpedia.org/resource/Lahore,Lahore,10052000,,31.5497,74.3436,,None
http://dbpedia.org/resource/Linyi,Linyi,10039440,,35.05,118317,,None
"http://dbpedia.org/resource/Ameca,_Jalisco","Ameca, Jalisco",10000000,,20.55,-104033,,None
http://dbpedia.org/resource/Zhengzhou,Zhengzhou,9378000,,34.7667,113.65,,None
http://dbpedia.org/resource/Handan,Handan,9174683,,36.6,114483,,None
http://dbpedia.org/resource/Wenzhou,Wenzhou,9122102,,28.0,120.7,,None
http://dbpedia.org/resource/Weifang,Weifang,9086241,,36.7167,119.1,,None
http://dbpedia.org/resource/Zhoukou,Zhoukou,8953793,,33.6333,114633,,None
http://dbpedia.org/resource/Qingdao,Qingdao,8715087,,36.0667,120383,,None
http://dbpedia.org/resource/Xuzhou,Xuzhou,8577225,,34.26,117.21,,None
http://dbpedia.org/resource/New_York_City,New York City,8491079,United States of America,40.7127,-74.0059,,None
http://dbpedia.org/resource/Xi'an,Xi'an,8467837,,34.2667,108.9,,None
http://dbpedia.org/resource/Bangalore,Bangalore,8443675,,12.9667,77.56,,None
http://dbpedia.org/resource/Ganzhou,Ganzhou,8368447,,25.8667,114933,,None
http://dbpedia.org/resource/Heze,Heze,8287693,,35.2333,115433,,None
http://dbpedia.org/resource/Dongguan,Dongguan,8220207,,23.0333,113717,,None
http://dbpedia.org/resource/Nanjing,Nanjing,8216100,,32.05,118767,,None
http://dbpedia.org/resource/Quanzhou,Quanzhou,8128533,,24.9167,118583,,None
http://dbpedia.org/resource/Shenyang,Shenyang,8106171,,41.8,123.4,,None
http://dbpedia.org/resource/Jining,Jining,8081905,,35.4,116567,,None
http://dbpedia.org/resource/Bogotá,Bogotá,7878783,,4.59806,-74.0758,,None
http://dbpedia.org/resource/Changchun,Changchun,7674439,,43.9,125.2,,None
http://dbpedia.org/resource/Fuyang,Fuyang,7599913,,32.9,115817,,None
http://dbpedia.org/resource/Tangshan,Tangshan,7577289,,39.6231,118176,,None
http://dbpedia.org/resource/Shangqiu,Shangqiu,7362975,,34.4167,115.65,,None
http://dbpedia.org/resource/Changsha,Changsha,7311500,,28.1961,112972,,None
http://dbpedia.org/resource/Nantong,Nantong,7282835,,31.9833,120.9,,None
http://dbpedia.org/resource/Yancheng,Yancheng,7260240,,33.3833,120117,,None
http://dbpedia.org/resource/Zhumadian,Zhumadian,7230744,,32.9833,114033,,None
http://dbpedia.org/resource/Fuzhou,Fuzhou,7200000,,26.0761,119306,,None
http://dbpedia.org/resource/Foshan,Foshan,7197394,,23.0167,113117,,None
http://dbpedia.org/resource/Hengyang,Hengyang,7141462,,26.9,112.6,,None
http://dbpedia.org/resource/Cangzhou,Cangzhou,7134062,,38.3167,116867,,None
http://dbpedia.org/resource/Xingtai,Xingtai,7104103,,37.0667,114483,,None
http://dbpedia.org/resource/Chennai,Chennai,7088000,,13.0833,80.2667,,None
http://dbpedia.org/resource/Shaoyang,Shaoyang,7071741,,27.25,111467,,None
http://dbpedia.org/resource/Zhanjiang,Zhanjiang,6994832,,21.2,110.4,,None
http://dbpedia.org/resource/Dhaka,Dhaka,6970105,,23.7,90.3667,,None
http://dbpedia.org/resource/Yantai,Yantai,6968202,,37535,121389,,None
"http://dbpedia.org/resource/Yulin,_Guangxi","Yulin, Guangxi",6910000,,22.6333,110.15,,None
http://dbpedia.org/resource/Jinan,Jinan,6813984,,36.6667,116983,,None
http://dbpedia.org/resource/Hyderabad,Hyderabad,6731790,,17.37,78.48,,None
http://dbpedia.org/resource/Nanning,Nanning,6661600,,22.8167,108317,,None
http://dbpedia.org/resource/Shangrao,Shangrao,6579714,,28.4419,117963,,None
http://dbpedia.org/resource/Luoyang,Luoyang,6549941,,34.6697,112442,,None
http://dbpedia.org/resource/Bijie,Bijie,6536370,,27.3,105.3,,None
http://dbpedia.org/resource/Kunming,Kunming,6486400,,25.0667,102683,,None
http://dbpedia.org/resource/Wuxi,Wuxi,6372624,,31.5667,120.3,,None
http://dbpedia.org/resource/Nanchong,Nanchong,6278614,,30.8,106083,,None
http://dbpedia.org/resource/Huanggang,Huanggang,6162069,,30.45,114.8,,None
http://dbpedia.org/resource/Zunyi,Zunyi,6127009,,27.6833,106.9,,None
http://dbpedia.org/resource/Xinyang,Xinyang,6109106,,32.1333,114.05,,None
"http://dbpedia.org/resource/Taizhou,_Zhejiang","Taizhou, Zhejiang",5968838,,28.6667,121.35,,None
http://dbpedia.org/resource/Jieyang,Jieyang,5877025,,23.3964,116482,,None
http://dbpedia.org/resource/Qujing,Qujing,5855055,,25.4833,103.8,,None
http://dbpedia.org/resource/Maoming,Maoming,5817494,,21.65,110917,,None
http://dbpedia.org/resource/Liaocheng,Liaocheng,5789863,,36.45,115983,,None
http://dbpedia.org/resource/Changde,Changde,5717218,,29.0333,111683,,None
http://dbpedia.org/resource/Xinxiang,Xinxiang,5707801,,35.3,113867,,None
http://dbpedia.org/resource/Jingzhou,Jingzhou,5691707,,30.3333,112217,,None
http://dbpedia.org/resource/Lu'an,Lu'an,5611701,,31.7333,116467,,None
http://dbpedia.org/resource/Dezhou,Dezhou,5586200,,37.4333,116267,,None
http://dbpedia.org/resource/Ahmedabad,Ahmedabad,5577940,,23.03,72.58,,None
http://dbpedia.org/resource/Weinan,Weinan,5520772,,34.5,109.5,,None
http://dbpedia.org/resource/Xiangyang,Xiangyang,5500307,,32017,112133,,None
http://dbpedia.org/resource/Tai'an,Tai'an,5494207,,36.1667,117083,,None
http://dbpedia.org/resource/Yueyang,Yueyang,5477911,,29.3667,113433,,None
http://dbpedia.org/resource/Zhaotong,Zhaotong,5459000,,27.3333,103717,,None
"http://dbpedia.org/resource/Port_Charlotte,_Florida","Port Charlotte, Florida",5434392,,26.9903,-82.1058,,None
http://dbpedia.org/resource/Suihua,Suihua,5416439,,46.6333,126983,,None
http://dbpedia.org/resource/Shantou,Shantou,5389328,,23.35,116589,,None
http://dbpedia.org/resource/Qiqihar,Qiqihar,5367003,,47.35,123917,,None
http://dbpedia.org/resource/Jinhua,Jinhua,5361572,,29.0833,119.65,,None
"http://dbpedia.org/resource/Suzhou,_Anhui","Suzhou, Anhui",5352924,,33.6167,117.0,,None
http://dbpedia.org/resource/Anqing,Anqing,5311379,,30.5,117033,,None
http://dbpedia.org/resource/Yangon,Yangon,5209541,,16.85,96.1833,,None
http://dbpedia.org/resource/Yongzhou,Yongzhou,5180200,,26.2167,111617,,None
http://dbpedia.org/resource/Anyang,Anyang,5172834,,36.1,114333,,None
http://dbpedia.org/resource/Yuncheng,Yuncheng,5134779,,35.0167,110983,,None
"http://dbpedia.org/resource/Yichun,_Jiangxi","Yichun, Jiangxi",5100000,,27.8,114383,,None
http://dbpedia.org/resource/Xianyang,Xianyang,5096001,,34.35,108717,,None
http://dbpedia.org/resource/Nanchang,Nanchang,5042565,,28.6833,115883,,None
http://dbpedia.org/resource/Huaihua,Huaihua,5000000,,27.55,109967,,None
