city,population,country,lat,long
seoul,10231000,south korea,9800,10260
jakarta,9373000,indonesia,2.78E+09,106.8
karachi,9339000,pakistan,7.77E+08,67.02
moscow,10524000,sergei sobyanin,325,mow
istanbul,8260000,turkey,1.40E+09,29
mexico city,8235000,mexico,2.05E+09,4 5
shanghai,8214000,china,3.50E+09,121.47
tokyo,8130000,japan,35680,33590
new york,8008000,usa,40.7142691,united states
bangkok,7506700,thailand,2.20E+09,4 8
beijing,7362000,china,3.50E+09,116.38
delhi,7206000,india,1.94E+09,77.21
hong kong,7055000,donald tsang,7210,6210
london,7074000,uk,1.62E+09,0.17
tehran,6758000,iran,5840,irn
cairo,6800000,egypt,1.71E+09,5 3
bandung,5919000,indonesia,4.27E+08,107.6
bogota,6422000,colombia,1.94E+09,77.21
lima,5681000,peru,6.48E+08,77.04
tianjin,5855000,china,9243,7180
lahore,5143000,pakistan,5.83E+08,74.34
rio de janeiro,5613000,brazil,2.02E+09,43.45
santiago,4788000,chile,9.19E+08,70.65
bogor,5000000,indonesia,600,200
shenyang,4669000,china,8.81E+08,123.38
st petersburg,4678000,russia,led,59.8944444
wuhan,4040000,china,9.58E+08,114.27
calcutta,4399000,india,7286 km 4527 miles,5806 km 3608 miles
singapore,3894000,singapore,103.83,5104
madras,3841000,india,132.95,42 60
sydney,4031000,australia,151.02,4826
guangzhou,3935000,china,can,23.1166667
los angeles,3694000,usa,6.30E+09,2 2
yokohama,3426000,japan,45,http://sws.geonames.org/1848354/
baghdad,3841000,iraq,8060,5050
pusan,3814000,south korea,35610,129225
alexandria,3339000,egypt,2.93E+08,5 4
bangalore,3302000,india,6790,4740
dhaka,3397000,bangladesh,3.47E+08,90.4
berlin,3386000,germany,9.84E+08,13.32
chongqing,3127000,china,8275,6460
ho chi minh city,3015000,vietnam,sgn,10.75
malang,3173000,indonesia,690,370
hyderabad,3145000,india,8.81E+08,78.48
chengdu,2954000,china,2640,chn
buenos aires,2965000,argentina,2.64E+09,58.44
ankara,2984000,turkey,5.83E+08,32.85
haerbin,2990000,china,2990,1970
xian,2872000,china,http dbpedia org resource xi 27 http sws geonames org 1790630 http rdf freebase com ns en xian http data nytimes com xian china geo,http://data.nytimes.com/elements/nytd_geo
chicago,2896000,usa,6.86E+09,87.64
casablanca,2943000,morocco,2.20E+08,4 5
ahmedabad,2954000,india,2455498116,http://www.wecowi.de/wiki/spezial:uri-aufl%c3%b6ser/asien
pyongyang,2741000,northkorea,13,39.03385284
surabaya,2801000,indonesia,2230,idn
madrid,2823000,spain,9.45E+08,3.69
osaka,2598000,japan,http sws geonames org 1853909 http dbpedia org resource osaka http data nytimes com osaka japan geo http rdf freebase com ns en osaka,http://data.nytimes.com/elements/nytd_geo
taipei,2640000,china,1.14E+09,121.5
roma,2648000,italy,roma,http semantic mediawiki org swivt 1 0 subject http semanticweb org id category 3 acity
kinshasa,2664000,congo,5.83E+08,15.29
dalian,2483000,china,7.77E+08,121.59
taegu,2449000,south korea,antiwar marchers defy large police presence seoul wsws 17 february 2003,republic korea
addis ababa,2424000,ethopia,3.37E+08,38.7
jinan,2403000,china,531,volksrepublik china vr china china china peoples republic china
kiev,2589000,ukraine,1455 km 904 miles,1674 km 1040 miles
yangon,2513000,myanmar,3.50E+08,96.12
toronto,2500000,canada,2.29E+09,79.41
zibo,2484000,china,2980,3520
changchun,2192000,china,1560,2730
havanna,2192000,cuba,2601335,164
nagoya,2171000,japan,3.82E+09,136.92
belo horizonte,2154000,brazil,6748,5580
salvador,2331000,brazil,2970,4110
inchon,2308000,south korea,,
semarang,2221000,indonesia,1430,1790
giza,2221000,egypt,8/12/2008,http://sws.geonames.org/360995/
guayaquil,2117000,ecuador,2.20E+08,79.9
cali,2128000,colombia,1.55E+08,76.52
izmir,2081000,turkey,2590,1970
qingdao,2101000,china,1110,2700
tashkent,2142000,uzbekistan,5.31E+08,69.34
paris,2152000,france,2.84E+09,2.43
fortaleza,2139000,brazil,bra,1140
quezon city,1989000,philippines,,
faisalabad,2008000,pakistan,4283,2620
houston,1953000,usa,5049,4460
medan,1988000,indonesia,2.46E+08,98.67
taiyuan,2051000,china,4.66E+08,china
bucuresti,2016000,romania,2040,1150
brasilia,2016000,brazil,bsb,15.77972
budapest,1825000,hungary,hun,2000
caracas,1823000,venezuela,2.72E+08,66.89
kanpur,1879000,india,1420,2640
abidjan,1929000,c ocirc te d 146 ivorie,3.24E+08,4.02
mashhad,1887000,iran,3315,2470
