#---Properties and values from: http://dbpedia.org/resource/Jelsum
Property	Value
http://xmlns.com/foaf/0.1/name	"Jelsum"@en
http://dbpedia.org/ontology/wikiPageRevisionID	"649906110"^^http://www.w3.org/2001/XMLSchema#integer
http://dbpedia.org/property/settlementType	"Village"^^http://www.w3.org/1999/02/22-rdf-syntax-ns#langString
http://www.w3.org/2003/01/geo/wgs84_pos#long	"5.7844443321228027344"^^http://www.w3.org/2001/XMLSchema#float
http://dbpedia.org/property/imageMap	"Map NL Ljouwerteradiel Jelsum.png"^^http://www.w3.org/1999/02/22-rdf-syntax-ns#langString
http://xmlns.com/foaf/0.1/isPrimaryTopicOf	http://en.wikipedia.org/wiki/Jelsum
http://dbpedia.org/property/subdivisionType	"Country"^^http://www.w3.org/1999/02/22-rdf-syntax-ns#langString
http://dbpedia.org/ontology/country	http://dbpedia.org/resource/Netherlands
http://dbpedia.org/property/populationTotal	"c. 230"^^http://www.w3.org/1999/02/22-rdf-syntax-ns#langString
http://purl.org/dc/terms/subject	http://dbpedia.org/resource/Category:Populated_places_in_Friesland
http://dbpedia.org/ontology/isPartOf	http://dbpedia.org/resource/Friesland
http://www.w3.org/2000/01/rdf-schema#comment	"Jelsum is een dorp in de gemeente Leeuwarderadeel, provincie Friesland (Nederland). Jelsum ligt naast en ten zuidoosten van Cornjum en ten noorden van Leeuwarden. Het grootste deel van het dorp is gelegen aan de oostzijde van de N357. Een klein deel van Jelsum ligt echter aan de westzijde van deze provinciale weg. Dit deel heet het \"nieuwland\", of Nijlân in het Fries. Vroeger was dit deel zee en was de N357 de dijk die het water moest keren. Er bevinden zich in dit dorp nog verscheidene bedrijven die ondanks de moderne grote industrieterreinen toch gevestigd bleven in het dorp. Zo zijn er bijvoorbeeld een groentenhandel en een autobedrijf en nog diverse andere dienstverlenende instanties. In Jelsum staat de state (landhuis) Dekemastate. Het is een oude state en is te bezichtigen als museum"@nl
http://xmlns.com/foaf/0.1/primaryTopic	http://en.wikipedia.org/wiki/Jelsum
http://www.w3.org/2002/07/owl#sameAs	http://nl.dbpedia.org/resource/Jelsum
http://www.w3.org/2003/01/geo/wgs84_pos#lat	"53.23444366455078125"^^http://www.w3.org/2001/XMLSchema#float
http://www.georss.org/georss/point	"53.23444444444444 5.7844444444444445"
http://dbpedia.org/ontology/thumbnail	http://commons.wikimedia.org/wiki/Special:FilePath/Map_NL_Ljouwerteradiel_Jelsum.png?width=300
http://dbpedia.org/ontology/wikiPageID	"16642729"^^http://www.w3.org/2001/XMLSchema#integer
http://www.w3.org/ns/prov#wasDerivedFrom	http://en.wikipedia.org/wiki/Jelsum?oldid=649906110
http://xmlns.com/foaf/0.1/depiction	http://commons.wikimedia.org/wiki/Special:FilePath/Map_NL_Ljouwerteradiel_Jelsum.png
http://purl.org/linguistics/gold/hypernym	http://dbpedia.org/resource/Village
http://dbpedia.org/ontology/abstract	"Jelsum is een dorp in de gemeente Leeuwarderadeel, provincie Friesland (Nederland). Jelsum ligt naast en ten zuidoosten van Cornjum en ten noorden van Leeuwarden. Het grootste deel van het dorp is gelegen aan de oostzijde van de N357. Een klein deel van Jelsum ligt echter aan de westzijde van deze provinciale weg. Dit deel heet het \"nieuwland\", of Nijlân in het Fries. Vroeger was dit deel zee en was de N357 de dijk die het water moest keren. Er bevinden zich in dit dorp nog verscheidene bedrijven die ondanks de moderne grote industrieterreinen toch gevestigd bleven in het dorp. Zo zijn er bijvoorbeeld een groentenhandel en een autobedrijf en nog diverse andere dienstverlenende instanties. In Jelsum staat de state (landhuis) Dekemastate. Het is een oude state en is te bezichtigen als museum, ook is het mogelijk Dekemastate als trouwlocatie te gebruiken.In 2010 zal een archeologisch onderzoek plaatsvinden ten noorden van de middeleeuwse kerk ."@nl
http://www.w3.org/2003/01/geo/wgs84_pos#geometry	"POINT(5.7844443321228 53.234443664551)"^^http://www.openlinksw.com/schemas/virtrdf#Geometry
http://www.w3.org/2000/01/rdf-schema#label	"Jelsum"@fr
http://dbpedia.org/property/mapsize	"280"^^http://www.w3.org/2001/XMLSchema#integer
http://www.w3.org/1999/02/22-rdf-syntax-ns#type	http://dbpedia.org/class/yago/PhysicalEntity100001930
