#---Properties and values from: http://dbpedia.org/resource/Jatoi_Tehsil
Property	Value
http://dbpedia.org/property/longew	"E"^^http://www.w3.org/1999/02/22-rdf-syntax-ns#langString
http://xmlns.com/foaf/0.1/name	"Jatoi Tehsil"@en
http://dbpedia.org/ontology/wikiPageRevisionID	"744599723"^^http://www.w3.org/2001/XMLSchema#integer
http://dbpedia.org/property/latns	"N"^^http://www.w3.org/1999/02/22-rdf-syntax-ns#langString
http://xmlns.com/foaf/0.1/isPrimaryTopicOf	http://en.wikipedia.org/wiki/Jatoi_Tehsil
http://dbpedia.org/property/subdivisionType	"Country"^^http://www.w3.org/1999/02/22-rdf-syntax-ns#langString
http://dbpedia.org/ontology/country	http://dbpedia.org/resource/Pakistan
http://dbpedia.org/property/populationTotal	"The estimated population of Jatoi Tehsil is 7 lac ."^^http://www.w3.org/1999/02/22-rdf-syntax-ns#langString
http://dbpedia.org/ontology/wikiPageDisambiguates	http://dbpedia.org/resource/Jatoi
http://purl.org/dc/terms/subject	http://dbpedia.org/resource/Category:Tehsils_of_Punjab,_Pakistan
http://dbpedia.org/ontology/isPartOf	http://dbpedia.org/resource/Muzaffargarh_District
http://www.w3.org/2000/01/rdf-schema#comment	"Jatoi Tehsil (Urdu: تحصِيل جتوئی‎), is a tehsil (an administrative subdivision) of Muzaffargarh District in the Punjab and Native Language is Saraiki . Its capital is Jatoi. The Tehsil is part of the Muzaffargarh District in the Punjab province of Pakistan. It is located in the southern part of the Punjab province, and is a very historic city. The estimated population of Jatoi Tehsil is 7 lac (0.7 million). There is 3G of Mobilink is available in main city of tehsil jatoi."@en
http://dbpedia.org/property/leaderTitle	"MPA"^^http://www.w3.org/1999/02/22-rdf-syntax-ns#langString
http://dbpedia.org/ontology/type	http://dbpedia.org/resource/Tehsil
http://xmlns.com/foaf/0.1/primaryTopic	http://en.wikipedia.org/wiki/Jatoi_Tehsil
http://dbpedia.org/ontology/leaderTitle	"MNA"@en
http://www.w3.org/2002/07/owl#sameAs	http://rdf.freebase.com/ns/m.03m64b5
http://dbpedia.org/ontology/postalCode	"34430"
http://dbpedia.org/property/blankName	"Important places, And Casts."^^http://www.w3.org/1999/02/22-rdf-syntax-ns#langString
http://dbpedia.org/ontology/wikiPageID	"15360355"^^http://www.w3.org/2001/XMLSchema#integer
http://dbpedia.org/ontology/utcOffset	"+5"
http://www.w3.org/ns/prov#wasDerivedFrom	http://en.wikipedia.org/wiki/Jatoi_Tehsil?oldid=744599723
http://dbpedia.org/ontology/timeZone	http://dbpedia.org/resource/Pakistan_Standard_Time
http://dbpedia.org/property/leaderName	"Khan Muhammad Khan Jatoi"^^http://www.w3.org/1999/02/22-rdf-syntax-ns#langString
http://dbpedia.org/ontology/areaCode	"0544"
http://purl.org/linguistics/gold/hypernym	http://dbpedia.org/resource/Tehsil
http://dbpedia.org/property/blankInfo	"Shrine of Hazarat Alam Shah Bukhari at Sheher Sultan, Jatoi
·           Shrine of Koray Khan
·           Turk Mosque, Kotla Reham Ali Shah, Popular cast 
               Jatoi, Chhajra , Baloch , Bhutta"^^http://www.w3.org/1999/02/22-rdf-syntax-ns#langString
http://dbpedia.org/ontology/areaMetro	"1010000000.0"^^http://www.w3.org/2001/XMLSchema#decimal
http://dbpedia.org/ontology/abstract	"Jatoi Tehsil (Urdu: تحصِيل جتوئی‎), is a tehsil (an administrative subdivision) of Muzaffargarh District in the Punjab and Native Language is Saraiki . Its capital is Jatoi. The Tehsil is part of the Muzaffargarh District in the Punjab province of Pakistan. It is located in the southern part of the Punjab province, and is a very historic city. The estimated population of Jatoi Tehsil is 7 lac (0.7 million). There is 3G of Mobilink is available in main city of tehsil jatoi."@en
http://dbpedia.org/property/pushpinMapCaption	"Location in Pakistan"^^http://www.w3.org/1999/02/22-rdf-syntax-ns#langString
http://dbpedia.org/ontology/PopulatedPlace/areaMetro	"1010.0"^^http://dbpedia.org/datatype/squareKilometre
http://www.w3.org/2000/01/rdf-schema#label	"Jatoi Tehsil"@en
http://dbpedia.org/property/subdivisionName	"16"^^http://www.w3.org/2001/XMLSchema#integer
http://www.w3.org/1999/02/22-rdf-syntax-ns#type	http://dbpedia.org/class/yago/Location100027167
