#---Properties and values from: http://dbpedia.org/resource/Montemor-o-Velho
Property	Value
http://dbpedia.org/ontology/wikiPageExternalLink	http://www.cm-montemorvelho.pt/
http://dbpedia.org/property/officialName	"Montemor-o-Velho"^^http://www.w3.org/1999/02/22-rdf-syntax-ns#langString
http://dbpedia.org/ontology/wikiPageRevisionID	"725420923"^^http://www.w3.org/2001/XMLSchema#integer
http://dbpedia.org/ontology/deathPlace	http://dbpedia.org/resource/Diogo_de_Azambuja
http://dbpedia.org/property/blank1NameSec	"Municipal holiday"^^http://www.w3.org/1999/02/22-rdf-syntax-ns#langString
http://dbpedia.org/property/latm	"10"^^http://www.w3.org/2001/XMLSchema#integer
http://dbpedia.org/property/wordnet_type	http://www.w3.org/2006/03/wn/wn20/instances/synset-township-noun-1
http://dbpedia.org/property/website	http://www.cm-montemorvelho.pt/
http://dbpedia.org/property/imageMap	"LocalMontemorOVelho.svg"^^http://www.w3.org/1999/02/22-rdf-syntax-ns#langString
http://xmlns.com/foaf/0.1/isPrimaryTopicOf	http://en.wikipedia.org/wiki/Montemor-o-Velho
http://dbpedia.org/property/municipality	http://dbpedia.org/resource/Carapinheira
http://dbpedia.org/property/longm	"41"^^http://www.w3.org/2001/XMLSchema#integer
http://dbpedia.org/property/populationTotal	"26171"^^http://www.w3.org/2001/XMLSchema#integer
http://dbpedia.org/property/populationAsOf	"2011"^^http://www.w3.org/2001/XMLSchema#integer
http://purl.org/dc/terms/subject	http://dbpedia.org/resource/Category:Municipalities_of_Coimbra_District
http://dbpedia.org/property/parishes	"[[#Parishes"^^http://www.w3.org/1999/02/22-rdf-syntax-ns#langString
http://www.w3.org/2000/01/rdf-schema#comment	"Montemor-o-Velho est une municipalité (en portugais : concelho ou município) du Portugal, située dans le district de Coimbra et la région Centre."@fr
http://dbpedia.org/property/cim	http://dbpedia.org/resource/Região_de_Coimbra
http://dbpedia.org/property/imageShield	"MMV.png"^^http://www.w3.org/1999/02/22-rdf-syntax-ns#langString
http://dbpedia.org/property/longd	"8"^^http://www.w3.org/2001/XMLSchema#integer
http://xmlns.com/foaf/0.1/primaryTopic	http://en.wikipedia.org/wiki/Montemor-o-Velho
http://www.w3.org/2002/07/owl#sameAs	http://it.dbpedia.org/resource/Montemor-o-Velho
http://dbpedia.org/property/leaderParty	http://dbpedia.org/resource/Social_Democratic_Party_(Portugal)
http://dbpedia.org/property/blank1InfoSec	"--09-08"^^http://www.w3.org/2001/XMLSchema#gMonthDay
http://dbpedia.org/ontology/thumbnail	http://commons.wikimedia.org/wiki/Special:FilePath/Pt-mmv1.png?width=300
http://dbpedia.org/ontology/wikiPageID	"2783776"^^http://www.w3.org/2001/XMLSchema#integer
http://dbpedia.org/ontology/location	http://dbpedia.org/resource/Castle_of_Montemor-o-Velho
http://dbpedia.org/ontology/birthPlace	http://dbpedia.org/resource/Jorge_de_Montemor
http://www.w3.org/ns/prov#wasDerivedFrom	http://en.wikipedia.org/wiki/Montemor-o-Velho?oldid=725420923
http://dbpedia.org/property/leaderName	"Luís Manuel Barbosa Marques Leal"^^http://www.w3.org/1999/02/22-rdf-syntax-ns#langString
http://dbpedia.org/property/areaTotalKm	"228.96000000000000796"^^http://www.w3.org/2001/XMLSchema#decimal
http://dbpedia.org/property/district	http://dbpedia.org/resource/Coimbra_District
http://xmlns.com/foaf/0.1/depiction	http://commons.wikimedia.org/wiki/Special:FilePath/Pt-mmv1.png
http://purl.org/linguistics/gold/hypernym	http://dbpedia.org/resource/Town
http://dbpedia.org/property/latd	"40"^^http://www.w3.org/2001/XMLSchema#integer
http://dbpedia.org/property/subregion	http://dbpedia.org/resource/Baixo_Mondego
http://dbpedia.org/ontology/abstract	"Montemor-o-Velho (Portuguese pronunciation: [mõtɨˈmɔɾ u ˈvɛʎu]) is a town and municipality of the Coimbra District, in Portugal. The population in 2011 was 26,171, in an area of 228.96 km²."@en
http://dbpedia.org/property/imageFlag	"Pt-mmv1.png"^^http://www.w3.org/1999/02/22-rdf-syntax-ns#langString
http://www.w3.org/2000/01/rdf-schema#label	"Montemor-o-Velho"@pt
http://xmlns.com/foaf/0.1/homepage	http://www.cm-montemorvelho.pt/
http://www.w3.org/1999/02/22-rdf-syntax-ns#type	http://dbpedia.org/class/yago/GeographicalArea108574314
http://dbpedia.org/property/region	http://dbpedia.org/resource/Centro_Region,_Portugal
