#---Properties and values from: http://dbpedia.org/resource/Montechino
Property	Value
http://dbpedia.org/property/longew	"E"^^http://www.w3.org/1999/02/22-rdf-syntax-ns#langString
http://dbpedia.org/property/lats	"16"^^http://www.w3.org/2001/XMLSchema#integer
http://dbpedia.org/ontology/wikiPageExternalLink	http://digilander.libero.it/montechino/
http://dbpedia.org/ontology/wikiPageRevisionID	"578843442"^^http://www.w3.org/2001/XMLSchema#integer
http://dbpedia.org/property/imagesize	"280"^^http://www.w3.org/2001/XMLSchema#integer
http://dbpedia.org/property/latm	"48"^^http://www.w3.org/2001/XMLSchema#integer
http://dbpedia.org/property/comune	http://dbpedia.org/resource/Gropparello
http://dbpedia.org/property/latns	"N"^^http://www.w3.org/1999/02/22-rdf-syntax-ns#langString
http://dbpedia.org/property/areaCode	"523"^^http://www.w3.org/2001/XMLSchema#integer
http://dbpedia.org/property/imageSkyline	"Montechino panorama.jpg"^^http://www.w3.org/1999/02/22-rdf-syntax-ns#langString
http://dbpedia.org/property/imageCaption	"Montechino in the Val Riglio"^^http://www.w3.org/1999/02/22-rdf-syntax-ns#langString
http://xmlns.com/foaf/0.1/isPrimaryTopicOf	http://en.wikipedia.org/wiki/Montechino
http://dbpedia.org/property/longm	"41"^^http://www.w3.org/2001/XMLSchema#integer
http://dbpedia.org/property/populationTotal	"40"^^http://www.w3.org/2001/XMLSchema#integer
http://dbpedia.org/property/longs	"25"^^http://www.w3.org/2001/XMLSchema#integer
http://purl.org/dc/terms/subject	http://dbpedia.org/resource/Category:Cities_and_towns_in_Emilia-Romagna
http://www.w3.org/2000/01/rdf-schema#comment	"Montechino (Montüchëin in piacentino) è una frazione di 50 abitanti del comune italiano di Gropparello, in provincia di Piacenza."@it
http://dbpedia.org/property/longd	"9"^^http://www.w3.org/2001/XMLSchema#integer
http://xmlns.com/foaf/0.1/primaryTopic	http://en.wikipedia.org/wiki/Montechino
http://dbpedia.org/ontology/wikiPageRedirects	http://dbpedia.org/resource/Montechino_village
http://www.w3.org/2002/07/owl#sameAs	http://sws.geonames.org/3172972/
http://dbpedia.org/property/coordinatesType	"type:city_region:IT"^^http://www.w3.org/1999/02/22-rdf-syntax-ns#langString
http://dbpedia.org/ontology/thumbnail	http://commons.wikimedia.org/wiki/Special:FilePath/Montechino_panorama.jpg?width=300
http://dbpedia.org/ontology/wikiPageID	"35196203"^^http://www.w3.org/2001/XMLSchema#integer
http://dbpedia.org/property/elevationM	"524"^^http://www.w3.org/2001/XMLSchema#integer
http://www.w3.org/ns/prov#wasDerivedFrom	http://en.wikipedia.org/wiki/Montechino?oldid=578843442
http://dbpedia.org/property/coordinatesDisplay	"title"^^http://www.w3.org/1999/02/22-rdf-syntax-ns#langString
http://dbpedia.org/property/name	"Montechino"^^http://www.w3.org/1999/02/22-rdf-syntax-ns#langString
http://xmlns.com/foaf/0.1/depiction	http://commons.wikimedia.org/wiki/Special:FilePath/Montechino_panorama.jpg
http://purl.org/linguistics/gold/hypernym	http://dbpedia.org/resource/Hamlet
http://dbpedia.org/property/latd	"44"^^http://www.w3.org/2001/XMLSchema#integer
http://dbpedia.org/property/imageAlt	"Panorama of Montechino"^^http://www.w3.org/1999/02/22-rdf-syntax-ns#langString
http://dbpedia.org/property/postalCode	"29025"^^http://www.w3.org/2001/XMLSchema#integer
http://dbpedia.org/ontology/abstract	"Montechino (Montüchëin in piacentino) è una frazione di 50 abitanti del comune italiano di Gropparello, in provincia di Piacenza."@it
http://www.w3.org/2000/01/rdf-schema#label	"Montechino"@it
http://dbpedia.org/property/province	http://dbpedia.org/resource/Province_of_Piacenza
http://www.w3.org/1999/02/22-rdf-syntax-ns#type	http://dbpedia.org/class/yago/YagoPermanentlyLocatedEntity
http://dbpedia.org/property/region	http://dbpedia.org/resource/Emilia-Romagna
