#---Properties and values from: http://dbpedia.org/resource/Santa_Rita_do_Passa_Quatro
Property	Value
http://dbpedia.org/property/lats	"37"^^http://www.w3.org/2001/XMLSchema#integer
http://dbpedia.org/ontology/wikiPageRevisionID	"731161662"^^http://www.w3.org/2001/XMLSchema#integer
http://dbpedia.org/property/latm	"42"^^http://www.w3.org/2001/XMLSchema#integer
http://dbpedia.org/property/latns	"S"^^http://www.w3.org/1999/02/22-rdf-syntax-ns#langString
http://dbpedia.org/property/imageMap	"SaoPaulo Municip SantaRitadoPassaQuatro.svg"^^http://www.w3.org/1999/02/22-rdf-syntax-ns#langString
http://xmlns.com/foaf/0.1/isPrimaryTopicOf	http://en.wikipedia.org/wiki/Santa_Rita_do_Passa_Quatro
http://dbpedia.org/property/longm	"28"^^http://www.w3.org/2001/XMLSchema#integer
http://dbpedia.org/property/populationTotal	"27502"^^http://www.w3.org/2001/XMLSchema#integer
http://dbpedia.org/property/longs	"41"^^http://www.w3.org/2001/XMLSchema#integer
http://dbpedia.org/property/populationAsOf	"2015"^^http://www.w3.org/2001/XMLSchema#integer
http://purl.org/dc/terms/subject	http://dbpedia.org/resource/Category:Municipalities_in_São_Paulo_(state)
http://dbpedia.org/property/state	"SP"^^http://www.w3.org/1999/02/22-rdf-syntax-ns#langString
http://dbpedia.org/ontology/wikiPageDisambiguates	http://dbpedia.org/resource/Santa_Rita
http://www.w3.org/2000/01/rdf-schema#comment	"A Estância Climática de Santa Rita do Passa Quatro é um município brasileiro da região Centro-Leste do estado de São Paulo, e faz parte da Região Metropolitana de Ribeirão Preto (RMRP). Localiza-se a uma latitude 21º42'37\" sul e a uma longitude 47º28'41\" oeste, estando a uma altitude de 748 metros (no centro do Município) e em alguns pontos atingindo até 1 100 metros (na zona rural). Uma das características mais marcantes do município é a sua localização no ponto mais alto das formações geológicas chamadas Cuestas Basálticas que cortam o Estado de São Paulo e dominam a paisagem. Outra característica marcante é a área de transição entre Mata Atlântica e Cerrado, que favorece uma fauna e flora rica e muito específica. Sua população recenseada pelo IBGE no Censo brasileiro de 2010 era de 26 4"@pt
http://dbpedia.org/property/longd	"47"^^http://www.w3.org/2001/XMLSchema#integer
http://xmlns.com/foaf/0.1/primaryTopic	http://en.wikipedia.org/wiki/Santa_Rita_do_Passa_Quatro
http://www.w3.org/2002/07/owl#sameAs	http://rdf.freebase.com/ns/m.0g7m5h
http://dbpedia.org/ontology/wikiPageRedirects	http://dbpedia.org/resource/Santa_rita_do_passa_quatro
http://dbpedia.org/ontology/thumbnail	http://commons.wikimedia.org/wiki/Special:FilePath/SaoPaulo_Municip_SantaRitadoPassaQuatro.svg?width=300
http://dbpedia.org/ontology/wikiPageID	"6495712"^^http://www.w3.org/2001/XMLSchema#integer
http://dbpedia.org/property/areaTotal	"754"^^http://www.w3.org/2001/XMLSchema#integer
http://dbpedia.org/ontology/birthPlace	http://dbpedia.org/resource/Zequinha_de_Abreu
http://www.w3.org/ns/prov#wasDerivedFrom	http://en.wikipedia.org/wiki/Santa_Rita_do_Passa_Quatro?oldid=731161662
http://xmlns.com/foaf/0.1/depiction	http://commons.wikimedia.org/wiki/Special:FilePath/SaoPaulo_Municip_SantaRitadoPassaQuatro.svg
http://purl.org/linguistics/gold/hypernym	http://dbpedia.org/resource/City
http://dbpedia.org/property/latd	"21"^^http://www.w3.org/2001/XMLSchema#integer
http://dbpedia.org/ontology/abstract	"圣丽塔-杜帕萨夸特鲁（葡萄牙语：Santa Rita do Passa Quatro）是巴西圣保罗州的一个市镇。总面积752.993平方公里，总人口26444人，人口密度35.1人/平方公里。"@zh
http://www.w3.org/2000/01/rdf-schema#label	"Санта-Рита-ду-Паса-Куатру"@ru
http://www.w3.org/1999/02/22-rdf-syntax-ns#type	http://dbpedia.org/class/yago/Tract108673395
