#---Properties and values from: http://dbpedia.org/resource/Vidago,_Arcossó,_Selhariz_e_Vilarinho_das_Paranheiras
Property	Value
http://dbpedia.org/property/officialName	"Vidago, Arcossó, Selhariz e"^^http://www.w3.org/1999/02/22-rdf-syntax-ns#langString
http://dbpedia.org/ontology/wikiPageRevisionID	"744122662"^^http://www.w3.org/2001/XMLSchema#integer
http://xmlns.com/foaf/0.1/isPrimaryTopicOf	http://en.wikipedia.org/wiki/Vidago,_Arcossó,_Selhariz_e_Vilarinho_das_Paranheiras
http://dbpedia.org/property/municipality	http://dbpedia.org/resource/Chaves,_Portugal
http://dbpedia.org/ontology/country	http://dbpedia.org/resource/Portugal
http://dbpedia.org/property/populationTotal	"1991"^^http://www.w3.org/2001/XMLSchema#integer
http://dbpedia.org/property/populationAsOf	"2011"^^http://www.w3.org/2001/XMLSchema#integer
http://purl.org/dc/terms/subject	http://dbpedia.org/resource/Category:Parishes_of_Chaves,_Portugal
http://www.w3.org/2000/01/rdf-schema#comment	"Vidago, Arcossó, Selhariz e Vilarinho das Paranheiras is a civil parish in the municipality of Chaves, Portugal. It was formed in 2013 by the merger of the former parishes Vidago, Arcossó, Selhariz and Vilarinho das Paranheiras. The population in 2011 was 1,991, in an area of 24.57 km²."@en
http://dbpedia.org/property/cim	http://dbpedia.org/resource/Alto_Tâmega
http://dbpedia.org/property/longd	"-7.5700000000000002842"^^http://www.w3.org/2001/XMLSchema#decimal
http://xmlns.com/foaf/0.1/primaryTopic	http://en.wikipedia.org/wiki/Vidago,_Arcossó,_Selhariz_e_Vilarinho_das_Paranheiras
http://dbpedia.org/ontology/wikiPageRedirects	http://dbpedia.org/resource/Vidago,_Arcosso,_Selhariz_e_Vilarinho_das_Paranheiras
http://www.w3.org/2002/07/owl#sameAs	http://www.wikidata.org/entity/Q17460850
http://dbpedia.org/property/areaTotal	"24.570000000000000284"^^http://www.w3.org/2001/XMLSchema#decimal
http://dbpedia.org/ontology/wikiPageID	"43358880"^^http://www.w3.org/2001/XMLSchema#integer
http://dbpedia.org/ontology/location	http://dbpedia.org/resource/Hotel_Palace_of_Vidago
http://www.w3.org/ns/prov#wasDerivedFrom	http://en.wikipedia.org/wiki/Vidago,_Arcossó,_Selhariz_e_Vilarinho_das_Paranheiras?oldid=744122662
http://dbpedia.org/property/district	http://dbpedia.org/resource/Vila_Real_District
http://purl.org/linguistics/gold/hypernym	http://dbpedia.org/resource/Parish
http://dbpedia.org/property/latd	"41.649999999999998579"^^http://www.w3.org/2001/XMLSchema#decimal
http://dbpedia.org/property/subregion	http://dbpedia.org/resource/Alto_Trás-os-Montes
http://dbpedia.org/ontology/abstract	"Vidago, Arcossó, Selhariz e Vilarinho das Paranheiras is a civil parish in the municipality of Chaves, Portugal. It was formed in 2013 by the merger of the former parishes Vidago, Arcossó, Selhariz and Vilarinho das Paranheiras. The population in 2011 was 1,991, in an area of 24.57 km²."@en
http://www.w3.org/2000/01/rdf-schema#label	"Vidago, Arcossó, Selhariz e Vilarinho das Paranheiras"@en
http://www.w3.org/1999/02/22-rdf-syntax-ns#type	http://dbpedia.org/ontology/PopulatedPlace
http://dbpedia.org/property/region	http://dbpedia.org/resource/Norte_Region,_Portugal
