#---Properties and values from: http://dbpedia.org/resource/Zuurbekom
Property	Value
http://xmlns.com/foaf/0.1/name	"Zuurbekom"@en
http://dbpedia.org/ontology/wikiPageRevisionID	"626465255"^^http://www.w3.org/2001/XMLSchema#integer
http://dbpedia.org/property/areaCode	"11"^^http://www.w3.org/2001/XMLSchema#integer
http://www.w3.org/2003/01/geo/wgs84_pos#long	"27.783300399780273438"^^http://www.w3.org/2001/XMLSchema#float
http://xmlns.com/foaf/0.1/isPrimaryTopicOf	http://en.wikipedia.org/wiki/Zuurbekom
http://dbpedia.org/property/municipality	"Westonaria"^^http://www.w3.org/1999/02/22-rdf-syntax-ns#langString
http://dbpedia.org/ontology/country	http://dbpedia.org/resource/South_Africa
http://dbpedia.org/property/populationTotal	"3449"^^http://www.w3.org/2001/XMLSchema#integer
http://purl.org/dc/terms/subject	http://dbpedia.org/resource/Category:Populated_places_in_the_Westonaria_Local_Municipality
http://www.w3.org/2000/01/rdf-schema#comment	"Zuurbekom is a town in the Gauteng province, South Africa. It is mainly earmarked for agricultural purposes."@en
http://dbpedia.org/property/leaderTitle	"Councillor"^^http://www.w3.org/1999/02/22-rdf-syntax-ns#langString
http://dbpedia.org/property/longd	"27.783300000000000551"^^http://www.w3.org/2001/XMLSchema#decimal
http://xmlns.com/foaf/0.1/primaryTopic	http://en.wikipedia.org/wiki/Zuurbekom
http://dbpedia.org/ontology/wikiPageRedirects	http://dbpedia.org/resource/Zuurbekom,_Gauteng
http://www.w3.org/2002/07/owl#sameAs	http://wikidata.dbpedia.org/resource/Q8075447
http://www.w3.org/2003/01/geo/wgs84_pos#lat	"26.299999237060546875"^^http://www.w3.org/2001/XMLSchema#float
http://www.georss.org/georss/point	"26.3 27.7833"
http://dbpedia.org/ontology/wikiPageID	"12057999"^^http://www.w3.org/2001/XMLSchema#integer
http://www.w3.org/ns/prov#wasDerivedFrom	http://en.wikipedia.org/wiki/Zuurbekom?oldid=626465255
http://dbpedia.org/property/district	"West Rand"^^http://www.w3.org/1999/02/22-rdf-syntax-ns#langString
http://purl.org/linguistics/gold/hypernym	http://dbpedia.org/resource/Town
http://dbpedia.org/property/latd	"26.300000000000000711"^^http://www.w3.org/2001/XMLSchema#decimal
http://dbpedia.org/ontology/abstract	"Zuurbekom is a town in the Gauteng province, South Africa. It is mainly earmarked for agricultural purposes."@en
http://www.w3.org/2003/01/geo/wgs84_pos#geometry	"POINT(27.78330039978 26.299999237061)"^^http://www.openlinksw.com/schemas/virtrdf#Geometry
http://www.w3.org/2000/01/rdf-schema#label	"Zuurbekom"@en
http://dbpedia.org/property/province	"Gauteng"^^http://www.w3.org/1999/02/22-rdf-syntax-ns#langString
http://www.w3.org/1999/02/22-rdf-syntax-ns#type	http://www.wikidata.org/entity/Q486972
