#---Properties and values from: http://dbpedia.org/resource/Camino,_Veneto
Property	Value
http://dbpedia.org/property/longew	"E"^^http://www.w3.org/1999/02/22-rdf-syntax-ns#langString
http://dbpedia.org/property/lats	"50"^^http://www.w3.org/2001/XMLSchema#integer
http://dbpedia.org/ontology/wikiPageExternalLink	http://www.veneto.to/
http://dbpedia.org/ontology/wikiPageRevisionID	"737998468"^^http://www.w3.org/2001/XMLSchema#integer
http://dbpedia.org/property/comune	http://dbpedia.org/resource/Oderzo
http://dbpedia.org/property/latm	"47"^^http://www.w3.org/2001/XMLSchema#integer
http://dbpedia.org/property/latns	"N"^^http://www.w3.org/1999/02/22-rdf-syntax-ns#langString
http://dbpedia.org/property/areaCode	"422"^^http://www.w3.org/2001/XMLSchema#integer
http://dbpedia.org/property/imageCaption	"Camino's parish church, dedicated to Saint Bartholomew the Apostle"^^http://www.w3.org/1999/02/22-rdf-syntax-ns#langString
http://xmlns.com/foaf/0.1/isPrimaryTopicOf	http://en.wikipedia.org/wiki/Camino,_Veneto
http://dbpedia.org/property/longm	"29"^^http://www.w3.org/2001/XMLSchema#integer
http://dbpedia.org/property/populationTotal	"2300"^^http://www.w3.org/2001/XMLSchema#integer
http://dbpedia.org/property/longs	"28"^^http://www.w3.org/2001/XMLSchema#integer
http://dbpedia.org/property/populationAsOf	"2008-06-01"^^http://www.w3.org/2001/XMLSchema#date
http://dbpedia.org/ontology/wikiPageDisambiguates	http://dbpedia.org/resource/Camino
http://purl.org/dc/terms/subject	http://dbpedia.org/resource/Category:Cities_and_towns_in_Veneto
http://www.w3.org/2000/01/rdf-schema#comment	"Camino is a village in the municipality of Oderzo, in the province of Treviso, region Veneto, in Italy. Camino lies in the heart of the Venetian plain, about 66 kilometres (41 miles) to the northeast of Venice."@en
http://dbpedia.org/property/imageShield	"Oderzo-Stemma.png"^^http://www.w3.org/1999/02/22-rdf-syntax-ns#langString
http://dbpedia.org/property/longd	"12"^^http://www.w3.org/2001/XMLSchema#integer
http://xmlns.com/foaf/0.1/primaryTopic	http://en.wikipedia.org/wiki/Camino,_Veneto
http://www.w3.org/2002/07/owl#sameAs	http://rdf.freebase.com/ns/m.05q62_x
http://dbpedia.org/ontology/wikiPageRedirects	http://dbpedia.org/resource/Camino_di_Oderzo
http://dbpedia.org/property/mayor	"Pietro Dalla Libera"^^http://www.w3.org/1999/02/22-rdf-syntax-ns#langString
http://dbpedia.org/ontology/wikiPageID	"22243834"^^http://www.w3.org/2001/XMLSchema#integer
http://dbpedia.org/property/elevationM	"14"^^http://www.w3.org/2001/XMLSchema#integer
http://www.w3.org/ns/prov#wasDerivedFrom	http://en.wikipedia.org/wiki/Camino,_Veneto?oldid=737998468
http://dbpedia.org/property/coordinatesDisplay	"title"^^http://www.w3.org/1999/02/22-rdf-syntax-ns#langString
http://dbpedia.org/property/name	"Camino"^^http://www.w3.org/1999/02/22-rdf-syntax-ns#langString
http://dbpedia.org/property/areaTotalKm	"12"^^http://www.w3.org/2001/XMLSchema#integer
http://dbpedia.org/property/populationDemonym	"Caminesi"^^http://www.w3.org/1999/02/22-rdf-syntax-ns#langString
http://dbpedia.org/property/saint	http://dbpedia.org/resource/Bartholomew_the_Apostle
http://purl.org/linguistics/gold/hypernym	http://dbpedia.org/resource/Village
http://dbpedia.org/property/latd	"45"^^http://www.w3.org/2001/XMLSchema#integer
http://dbpedia.org/property/postalCode	"31046"^^http://www.w3.org/2001/XMLSchema#integer
http://dbpedia.org/ontology/abstract	"Camino is a village in the municipality of Oderzo, in the province of Treviso, region Veneto, in Italy. Camino lies in the heart of the Venetian plain, about 66 kilometres (41 miles) to the northeast of Venice."@en
http://www.w3.org/2000/01/rdf-schema#label	"Camino, Veneto"@en
http://dbpedia.org/property/province	http://dbpedia.org/resource/Province_of_Treviso
http://dbpedia.org/property/day	"--08-24"^^http://www.w3.org/2001/XMLSchema#gMonthDay
http://xmlns.com/foaf/0.1/homepage	http://www.regione.veneto.it
http://www.w3.org/1999/02/22-rdf-syntax-ns#type	http://dbpedia.org/class/yago/AdministrativeDistrict108491826
http://dbpedia.org/property/region	http://dbpedia.org/resource/Veneto
