#---Properties and values from: http://dbpedia.org/resource/Itaporanga,_São_Paulo
Property	Value
http://dbpedia.org/property/lats	"28"^^http://www.w3.org/2001/XMLSchema#integer
http://dbpedia.org/ontology/wikiPageRevisionID	"730195728"^^http://www.w3.org/2001/XMLSchema#integer
http://dbpedia.org/property/latm	"42"^^http://www.w3.org/2001/XMLSchema#integer
http://dbpedia.org/property/latns	"S"^^http://www.w3.org/1999/02/22-rdf-syntax-ns#langString
http://dbpedia.org/property/imageMap	"SaoPaulo Municip Itaporanga.svg"^^http://www.w3.org/1999/02/22-rdf-syntax-ns#langString
http://xmlns.com/foaf/0.1/isPrimaryTopicOf	http://en.wikipedia.org/wiki/Itaporanga,_São_Paulo
http://dbpedia.org/property/longm	"29"^^http://www.w3.org/2001/XMLSchema#integer
http://dbpedia.org/property/populationTotal	"15115"^^http://www.w3.org/2001/XMLSchema#integer
http://dbpedia.org/property/longs	"23"^^http://www.w3.org/2001/XMLSchema#integer
http://dbpedia.org/property/populationAsOf	"2015"^^http://www.w3.org/2001/XMLSchema#integer
http://purl.org/dc/terms/subject	http://dbpedia.org/resource/Category:Municipalities_in_São_Paulo_(state)
http://dbpedia.org/property/state	"SP"^^http://www.w3.org/1999/02/22-rdf-syntax-ns#langString
http://dbpedia.org/ontology/wikiPageDisambiguates	http://dbpedia.org/resource/Itaporanga
http://www.w3.org/2000/01/rdf-schema#comment	"Itaporanga est une ville brésilienne de l'État de São Paulo. 
* Portail de l'État de São Paulo Portail de l'État de São Paulo"@fr
http://dbpedia.org/property/imageShield	"Itaporanga sp brasao.svg"^^http://www.w3.org/1999/02/22-rdf-syntax-ns#langString
http://dbpedia.org/property/longd	"49"^^http://www.w3.org/2001/XMLSchema#integer
http://xmlns.com/foaf/0.1/primaryTopic	http://en.wikipedia.org/wiki/Itaporanga,_São_Paulo
http://www.w3.org/2002/07/owl#sameAs	http://sws.geonames.org/3460666/
http://dbpedia.org/ontology/wikiPageRedirects	http://dbpedia.org/resource/Itaporanga,_Sao_Paulo
http://dbpedia.org/ontology/thumbnail	http://commons.wikimedia.org/wiki/Special:FilePath/Itaporanga_sp_brasao.svg?width=300
http://dbpedia.org/ontology/wikiPageID	"1044562"^^http://www.w3.org/2001/XMLSchema#integer
http://dbpedia.org/property/areaTotal	"508"^^http://www.w3.org/2001/XMLSchema#integer
http://dbpedia.org/ontology/birthPlace	http://dbpedia.org/resource/Rodrigo_Fernandes_Valete
http://www.w3.org/ns/prov#wasDerivedFrom	http://en.wikipedia.org/wiki/Itaporanga,_São_Paulo?oldid=730195728
http://dbpedia.org/property/name	"Itaporanga"^^http://www.w3.org/1999/02/22-rdf-syntax-ns#langString
http://xmlns.com/foaf/0.1/depiction	http://commons.wikimedia.org/wiki/Special:FilePath/Itaporanga_sp_brasao.svg
http://purl.org/linguistics/gold/hypernym	http://dbpedia.org/resource/Municipality
http://dbpedia.org/property/latd	"23"^^http://www.w3.org/2001/XMLSchema#integer
http://dbpedia.org/ontology/abstract	"Итапоранга (порт. Itaporanga) — муниципалитет в Бразилии, входит в штат Сан-Паулу. Составная часть мезорегиона Итапетининга. Входит в экономико-статистический микрорегион Итапева. Население составляет 14 311 человек на 2006 год. Занимает площадь 507,737 км². Плотность населения — 28,2 чел./км². Праздник города — 6 марта."@ru
http://www.w3.org/2000/01/rdf-schema#label	"伊塔波蘭加 (聖保羅州)"@zh
http://www.w3.org/1999/02/22-rdf-syntax-ns#type	http://dbpedia.org/class/yago/Location100027167
