#---Properties and values from: http://dbpedia.org/resource/Taaiboschgroet
Property	Value
http://xmlns.com/foaf/0.1/name	"Taaiboschgroet"@en
http://dbpedia.org/ontology/wikiPageExternalLink	http://census.adrianfrith.com/place/90905012
http://dbpedia.org/ontology/wikiPageRevisionID	"728898555"^^http://www.w3.org/2001/XMLSchema#integer
http://dbpedia.org/property/areaFootnotes	"ref | |name=census2001"^^http://www.w3.org/1999/02/22-rdf-syntax-ns#langString
http://www.w3.org/2003/01/geo/wgs84_pos#long	"28.909000396728515625"^^http://www.w3.org/2001/XMLSchema#float
http://xmlns.com/foaf/0.1/isPrimaryTopicOf	http://en.wikipedia.org/wiki/Taaiboschgroet
http://dbpedia.org/property/municipality	"Blouberg"^^http://www.w3.org/1999/02/22-rdf-syntax-ns#langString
http://dbpedia.org/ontology/country	http://dbpedia.org/resource/South_Africa
http://dbpedia.org/property/populationTotal	"5268"^^http://www.w3.org/2001/XMLSchema#integer
http://dbpedia.org/property/populationAsOf	"2001"^^http://www.w3.org/2001/XMLSchema#integer
http://purl.org/dc/terms/subject	http://dbpedia.org/resource/Category:Populated_places_in_the_Blouberg_Local_Municipality
http://www.w3.org/2000/01/rdf-schema#comment	"Taaiboschgroet is a village in Capricorn District Municipality in the Limpopo province of South Africa."@en
http://dbpedia.org/property/leaderTitle	"Councillor"^^http://www.w3.org/1999/02/22-rdf-syntax-ns#langString
http://dbpedia.org/property/longd	"28.90899999999999892"^^http://www.w3.org/2001/XMLSchema#decimal
http://xmlns.com/foaf/0.1/primaryTopic	http://en.wikipedia.org/wiki/Taaiboschgroet
http://www.w3.org/2002/07/owl#sameAs	http://rdf.freebase.com/ns/m.0vptdrm
http://www.w3.org/2003/01/geo/wgs84_pos#lat	"22.84600067138671875"^^http://www.w3.org/2001/XMLSchema#float
http://www.georss.org/georss/point	"22.846 28.909"
http://dbpedia.org/ontology/wikiPageID	"39473076"^^http://www.w3.org/2001/XMLSchema#integer
http://www.w3.org/ns/prov#wasDerivedFrom	http://en.wikipedia.org/wiki/Taaiboschgroet?oldid=728898555
http://dbpedia.org/property/areaTotalKm	"2.6499999999999999112"^^http://www.w3.org/2001/XMLSchema#decimal
http://dbpedia.org/property/district	"Capricorn"^^http://www.w3.org/1999/02/22-rdf-syntax-ns#langString
http://purl.org/linguistics/gold/hypernym	http://dbpedia.org/resource/Town
http://dbpedia.org/property/latd	"22.846000000000000085"^^http://www.w3.org/2001/XMLSchema#decimal
http://dbpedia.org/ontology/abstract	"Taaiboschgroet is a village in Capricorn District Municipality in the Limpopo province of South Africa."@en
http://www.w3.org/2003/01/geo/wgs84_pos#geometry	"POINT(28.909000396729 22.846000671387)"^^http://www.openlinksw.com/schemas/virtrdf#Geometry
http://www.w3.org/2000/01/rdf-schema#label	"Taaiboschgroet"@en
http://dbpedia.org/property/province	"Limpopo"^^http://www.w3.org/1999/02/22-rdf-syntax-ns#langString
http://www.w3.org/1999/02/22-rdf-syntax-ns#type	http://dbpedia.org/ontology/Place
