#---Properties and values from: http://dbpedia.org/resource/Concei
Property	Value
http://dbpedia.org/property/longew	"E"^^http://www.w3.org/1999/02/22-rdf-syntax-ns#langString
http://dbpedia.org/ontology/wikiPageExternalLink	http://www.unioneledro.it/cms/pagina.php?id=43
http://dbpedia.org/ontology/wikiPageRevisionID	"603546957"^^http://www.w3.org/2001/XMLSchema#integer
http://dbpedia.org/property/latm	"54"^^http://www.w3.org/2001/XMLSchema#integer
http://dbpedia.org/property/comune	http://dbpedia.org/resource/Ledro
http://dbpedia.org/property/latns	"N"^^http://www.w3.org/1999/02/22-rdf-syntax-ns#langString
http://dbpedia.org/property/wordnet_type	http://www.w3.org/2006/03/wn/wn20/instances/synset-city-noun-3
http://dbpedia.org/property/areaCode	"464"^^http://www.w3.org/2001/XMLSchema#integer
http://dbpedia.org/property/imageSkyline	"ValDiConcei-2009-09-12-Concei+PieveDiLedro+OkolniHory.JPG"^^http://www.w3.org/1999/02/22-rdf-syntax-ns#langString
http://dbpedia.org/property/imageCaption	"View of valley and village"^^http://www.w3.org/1999/02/22-rdf-syntax-ns#langString
http://xmlns.com/foaf/0.1/isPrimaryTopicOf	http://en.wikipedia.org/wiki/Concei
http://dbpedia.org/property/longm	"44"^^http://www.w3.org/2001/XMLSchema#integer
http://dbpedia.org/property/populationTotal	"793"^^http://www.w3.org/2001/XMLSchema#integer
http://dbpedia.org/property/populationAsOf	"Dec. 2004"^^http://www.w3.org/1999/02/22-rdf-syntax-ns#langString
http://purl.org/dc/terms/subject	http://dbpedia.org/resource/Category:Former_municipalities_of_Trentino
http://www.w3.org/2000/01/rdf-schema#comment	"Concei was een gemeente in de Italiaanse provincie Trente (regio Trentino-Zuid-Tirol) en telde 793 inwoners (31-12-2004). De gemeente fuseerde op 1 januari 2010 met Bezzecca, Pieve di Ledro, Molina di Ledro, Tiarno di Sopra en Tiarno di Sotto in de nieuwe gemeente Ledro."@nl
http://dbpedia.org/property/longd	"10"^^http://www.w3.org/2001/XMLSchema#integer
http://xmlns.com/foaf/0.1/primaryTopic	http://en.wikipedia.org/wiki/Concei
http://dbpedia.org/ontology/frazioni	http://dbpedia.org/resource/Ledro
http://www.w3.org/2002/07/owl#sameAs	http://rdf.freebase.com/ns/m.0g9z2w
http://dbpedia.org/property/coordinatesType	"type:city_region:IT"^^http://www.w3.org/1999/02/22-rdf-syntax-ns#langString
http://dbpedia.org/ontology/thumbnail	http://commons.wikimedia.org/wiki/Special:FilePath/ValDiConcei-2009-09-12-Concei+PieveDiLedro+OkolniHory.JPG?width=300
http://dbpedia.org/ontology/wikiPageID	"6551271"^^http://www.w3.org/2001/XMLSchema#integer
http://dbpedia.org/property/elevationM	"750"^^http://www.w3.org/2001/XMLSchema#integer
http://www.w3.org/ns/prov#wasDerivedFrom	http://en.wikipedia.org/wiki/Concei?oldid=603546957
http://dbpedia.org/property/coordinatesDisplay	"title"^^http://www.w3.org/1999/02/22-rdf-syntax-ns#langString
http://dbpedia.org/property/name	"Concei"^^http://www.w3.org/1999/02/22-rdf-syntax-ns#langString
http://dbpedia.org/property/areaTotalKm	"30.399999999999998579"^^http://www.w3.org/2001/XMLSchema#decimal
http://xmlns.com/foaf/0.1/depiction	http://commons.wikimedia.org/wiki/Special:FilePath/ValDiConcei-2009-09-12-Concei+PieveDiLedro+OkolniHory.JPG
http://purl.org/linguistics/gold/hypernym	http://dbpedia.org/resource/Comune
http://dbpedia.org/property/latd	"45"^^http://www.w3.org/2001/XMLSchema#integer
http://dbpedia.org/property/postalCode	"38060"^^http://www.w3.org/2001/XMLSchema#integer
http://dbpedia.org/ontology/abstract	"Concei was a comune (municipality) in Trentino in the Italian region Trentino-Alto Adige/Südtirol. On January 1, 2010 it merged (with Pieve di Ledro, Bezzecca, Molina di Ledro, Tiarno di Sopra and Tiarno di Sotto) in the new municipality of Ledro."@en
http://www.w3.org/2000/01/rdf-schema#label	"Concei"@pl
http://dbpedia.org/property/province	http://dbpedia.org/resource/Trentino
http://www.w3.org/1999/02/22-rdf-syntax-ns#type	http://dbpedia.org/class/yago/YagoLegalActorGeo
http://dbpedia.org/property/region	http://dbpedia.org/resource/Trentino-Alto_Adige/Südtirol
