#---Properties and values from: http://dbpedia.org/resource/Delportshoop
Property	Value
http://xmlns.com/foaf/0.1/name	"Delportshoop"@en
http://dbpedia.org/property/demographics2Info	"4.6"^^http://dbpedia.org/datatype/perCent
http://dbpedia.org/ontology/wikiPageRevisionID	"735020772"^^http://www.w3.org/2001/XMLSchema#integer
http://dbpedia.org/property/areaCode	"53"^^http://www.w3.org/2001/XMLSchema#integer
http://www.w3.org/2003/01/geo/wgs84_pos#long	"24.299999237060546875"^^http://www.w3.org/2001/XMLSchema#float
http://dbpedia.org/property/north	http://dbpedia.org/resource/Warrenton,_Northern_Cape
http://dbpedia.org/property/demographics2Title	http://dbpedia.org/resource/Tswana_language
http://xmlns.com/foaf/0.1/isPrimaryTopicOf	http://en.wikipedia.org/wiki/Delportshoop
http://dbpedia.org/property/municipality	"Dikgatlong"^^http://www.w3.org/1999/02/22-rdf-syntax-ns#langString
http://dbpedia.org/ontology/country	http://dbpedia.org/resource/South_Africa
http://dbpedia.org/property/populationTotal	"10346"^^http://www.w3.org/2001/XMLSchema#integer
http://dbpedia.org/property/west	http://dbpedia.org/resource/Windsorton
http://dbpedia.org/property/populationAsOf	"2011"^^http://www.w3.org/2001/XMLSchema#integer
http://dbpedia.org/property/northwest	http://dbpedia.org/resource/Barkly_West
http://purl.org/dc/terms/subject	http://dbpedia.org/resource/Category:Populated_places_in_the_Dikgatlong_Local_Municipality
http://www.w3.org/2000/01/rdf-schema#comment	"Delportshoop is een dorp in het Frances Baard District Municipaliteit in de Zuid-Afrikaanse provincie Noord-Kaap. Het dorp is gelegen aan de samenvloeiing van de Hartsrivier en Vaalrivier. Het heeft zich ontwikkeld uit een diamantdelverskamp en er wordt gezegd dat het genoemd is naar de eerste persoon die daar een diamant heeft gevonden. De eerste diamantclaims werden uitgegeven in november 1871, een dorpsraad werd in 1931 opgericht en een gemeentelijke status werd in 1970 toegekend."@nl
http://dbpedia.org/property/percentOther	"31.9"^^http://dbpedia.org/datatype/perCent
http://dbpedia.org/property/leaderTitle	"Councillor"^^http://www.w3.org/1999/02/22-rdf-syntax-ns#langString
http://dbpedia.org/property/south	http://dbpedia.org/resource/Schmidtsdrift
http://dbpedia.org/property/percentAsian	"1.0"^^http://dbpedia.org/datatype/perCent
http://dbpedia.org/property/longd	"24.300000000000000711"^^http://www.w3.org/2001/XMLSchema#decimal
http://xmlns.com/foaf/0.1/primaryTopic	http://en.wikipedia.org/wiki/Delportshoop
http://dbpedia.org/property/east	http://dbpedia.org/resource/Windsorton
http://dbpedia.org/ontology/mouthMountain	http://dbpedia.org/resource/Harts_River
http://www.w3.org/2002/07/owl#sameAs	http://wikidata.dbpedia.org/resource/Q5254489
http://dbpedia.org/ontology/wikiPageRedirects	http://dbpedia.org/resource/Tidimalo
http://dbpedia.org/property/percentWhite	"2.9"^^http://dbpedia.org/datatype/perCent
http://www.w3.org/2003/01/geo/wgs84_pos#lat	"28.416667938232421875"^^http://www.w3.org/2001/XMLSchema#float
http://www.georss.org/georss/point	"28.416667 24.3"
http://dbpedia.org/ontology/wikiPageID	"34776858"^^http://www.w3.org/2001/XMLSchema#integer
http://www.w3.org/ns/prov#wasDerivedFrom	http://en.wikipedia.org/wiki/Delportshoop?oldid=735020772
http://dbpedia.org/property/percentBlack	"30.9"^^http://dbpedia.org/datatype/perCent
http://dbpedia.org/property/northeast	http://dbpedia.org/resource/Campbell,_Northern_Cape
http://dbpedia.org/ontology/mouthPlace	http://dbpedia.org/resource/Harts_River
http://dbpedia.org/property/centre	"Delportshoop"^^http://www.w3.org/1999/02/22-rdf-syntax-ns#langString
http://dbpedia.org/property/areaTotalKm	"67.799999999999997158"^^http://www.w3.org/2001/XMLSchema#decimal
http://dbpedia.org/property/district	"Frances Baard"^^http://www.w3.org/1999/02/22-rdf-syntax-ns#langString
http://purl.org/linguistics/gold/hypernym	http://dbpedia.org/resource/Town
http://dbpedia.org/property/latd	"28.416667000000000343"^^http://www.w3.org/2001/XMLSchema#decimal
http://dbpedia.org/property/percentColoured	"33.4"^^http://dbpedia.org/datatype/perCent
http://dbpedia.org/ontology/abstract	"Delportshoop is een dorp in het Frances Baard District Municipaliteit in de Zuid-Afrikaanse provincie Noord-Kaap. Het dorp is gelegen aan de samenvloeiing van de Hartsrivier en Vaalrivier. Het heeft zich ontwikkeld uit een diamantdelverskamp en er wordt gezegd dat het genoemd is naar de eerste persoon die daar een diamant heeft gevonden. De eerste diamantclaims werden uitgegeven in november 1871, een dorpsraad werd in 1931 opgericht en een gemeentelijke status werd in 1970 toegekend."@nl
http://dbpedia.org/property/southwest	http://dbpedia.org/resource/Douglas,_Northern_Cape
http://www.w3.org/2003/01/geo/wgs84_pos#geometry	"POINT(24.299999237061 28.416667938232)"^^http://www.openlinksw.com/schemas/virtrdf#Geometry
http://dbpedia.org/property/southeast	http://dbpedia.org/resource/Kimberley,_Northern_Cape
http://www.w3.org/2000/01/rdf-schema#label	"Delportshoop"@nl
http://dbpedia.org/property/province	"Northern Cape"^^http://www.w3.org/1999/02/22-rdf-syntax-ns#langString
http://www.w3.org/1999/02/22-rdf-syntax-ns#type	http://schema.org/Place
