#---Properties and values from: http://dbpedia.org/resource/Modivas
Property	Value
http://dbpedia.org/ontology/wikiPageRedirects	http://dbpedia.org/resource/Modivas,_Portugal
http://www.w3.org/2002/07/owl#sameAs	http://gadm.geovocab.org/id/3_91096
http://dbpedia.org/property/officialName	"Modivas"^^http://www.w3.org/1999/02/22-rdf-syntax-ns#langString
http://dbpedia.org/ontology/wikiPageRevisionID	"701646682"^^http://www.w3.org/2001/XMLSchema#integer
http://dbpedia.org/property/areaTotal	"4.0999999999999996447"^^http://www.w3.org/2001/XMLSchema#decimal
http://dbpedia.org/ontology/wikiPageID	"8960589"^^http://www.w3.org/2001/XMLSchema#integer
http://dbpedia.org/property/wordnet_type	http://www.w3.org/2006/03/wn/wn20/instances/synset-municipality-noun-2
http://www.w3.org/ns/prov#wasDerivedFrom	http://en.wikipedia.org/wiki/Modivas?oldid=701646682
http://xmlns.com/foaf/0.1/isPrimaryTopicOf	http://en.wikipedia.org/wiki/Modivas
http://dbpedia.org/property/municipality	http://dbpedia.org/resource/Vila_do_Conde
http://purl.org/linguistics/gold/hypernym	http://dbpedia.org/resource/Parish
http://dbpedia.org/property/latd	"41.295000000000001705"^^http://www.w3.org/2001/XMLSchema#decimal
http://dbpedia.org/ontology/country	http://dbpedia.org/resource/Portugal
http://dbpedia.org/property/populationTotal	"1806"^^http://www.w3.org/2001/XMLSchema#integer
http://dbpedia.org/property/populationAsOf	"2011"^^http://www.w3.org/2001/XMLSchema#integer
http://purl.org/dc/terms/subject	http://dbpedia.org/resource/Category:Parishes_of_Vila_do_Conde
http://dbpedia.org/ontology/abstract	"Modivas is a civil parish in the municipality of Vila do Conde, Portugal. The population in 2011 was 1,806, in an area of 4.10 km²."@en
http://www.w3.org/2000/01/rdf-schema#comment	"Modivas es una freguesia portuguesa del concelho de Vila do Conde, con 4,08 km² de superficie y 1.899 habitantes (2001). Su densidad de población es de 465,4 hab/km²."@es
http://www.w3.org/2000/01/rdf-schema#label	"莫迪瓦什"@zh
http://dbpedia.org/property/longd	"-8.6910000000000007248"^^http://www.w3.org/2001/XMLSchema#decimal
http://xmlns.com/foaf/0.1/primaryTopic	http://en.wikipedia.org/wiki/Modivas
http://www.w3.org/1999/02/22-rdf-syntax-ns#type	http://dbpedia.org/class/yago/Location100027167
