#---Properties and values from: http://dbpedia.org/resource/Aradas
Property	Value
http://dbpedia.org/property/officialName	"Aradas"^^http://www.w3.org/1999/02/22-rdf-syntax-ns#langString
http://dbpedia.org/ontology/wikiPageRevisionID	"744705291"^^http://www.w3.org/2001/XMLSchema#integer
http://xmlns.com/foaf/0.1/isPrimaryTopicOf	http://en.wikipedia.org/wiki/Aradas
http://dbpedia.org/property/municipality	http://dbpedia.org/resource/Aveiro,_Portugal
http://dbpedia.org/ontology/country	http://dbpedia.org/resource/Portugal
http://dbpedia.org/property/populationTotal	"9157"^^http://www.w3.org/2001/XMLSchema#integer
http://dbpedia.org/property/populationAsOf	"2011"^^http://www.w3.org/2001/XMLSchema#integer
http://purl.org/dc/terms/subject	http://dbpedia.org/resource/Category:Parishes_of_Aveiro,_Portugal
http://www.w3.org/2000/01/rdf-schema#comment	"Aradas é uma freguesia portuguesa e uma das seis actuais freguesias urbanas do concelho de Aveiro. Tem uma área de 8,90 km² e uma população presente de 9.521 habitantes; 9.157 habitantes são residentes (4.359 Homens e 4.798 Mulheres), dos quais 8.033 são eleitores. Tem 4.895 alojamentos com 3.791 famílias. Dista da sede concelhia aproximadamente três quilómetros e está limitada pelas suas congéneres de Glória e Vera Cruz, São Bernardo e Oliveirinha, do concelho de Aveiro, e pela freguesia de Ílhavo (São Salvador), do concelho com o mesmo nome.Caraterização da FreguesiaÉ atravessada pela EN.109, confinando com o concelho de Ílhavo."@pt
http://dbpedia.org/property/cim	http://dbpedia.org/resource/Região_de_Aveiro
http://dbpedia.org/property/longd	"-8.6479999999999996874"^^http://www.w3.org/2001/XMLSchema#decimal
http://xmlns.com/foaf/0.1/primaryTopic	http://en.wikipedia.org/wiki/Aradas
http://www.w3.org/2002/07/owl#sameAs	http://yago-knowledge.org/resource/Aradas
http://dbpedia.org/property/areaTotal	"8.9299999999999997158"^^http://www.w3.org/2001/XMLSchema#decimal
http://dbpedia.org/ontology/wikiPageID	"34362564"^^http://www.w3.org/2001/XMLSchema#integer
http://www.w3.org/ns/prov#wasDerivedFrom	http://en.wikipedia.org/wiki/Aradas?oldid=744705291
http://dbpedia.org/property/district	http://dbpedia.org/resource/Aveiro_District
http://purl.org/linguistics/gold/hypernym	http://dbpedia.org/resource/Parish
http://dbpedia.org/property/latd	"40.609999999999999432"^^http://www.w3.org/2001/XMLSchema#decimal
http://dbpedia.org/property/subregion	http://dbpedia.org/resource/Baixo_Vouga
http://dbpedia.org/ontology/abstract	"Aradas is a civil parish in Aveiro Municipality, Aveiro District, Portugal. The population in 2011 was 9,157, in an area of 8.93 km²."@en
http://www.w3.org/2000/01/rdf-schema#label	"Aradas"@nl
http://dbpedia.org/ontology/binomialAuthority	http://dbpedia.org/resource/Phyllidia_flava
http://www.w3.org/1999/02/22-rdf-syntax-ns#type	http://dbpedia.org/class/yago/PhysicalEntity100001930
http://dbpedia.org/property/region	http://dbpedia.org/resource/Centro_Region,_Portugal
