#---Properties and values from: http://dbpedia.org/resource/Hortobágy
Property	Value
http://dbpedia.org/property/lats	"1"^^http://www.w3.org/2001/XMLSchema#integer
http://dbpedia.org/property/populationDensityKm	"auto"^^http://www.w3.org/1999/02/22-rdf-syntax-ns#langString
http://dbpedia.org/ontology/wikiPageRevisionID	"737816455"^^http://www.w3.org/2001/XMLSchema#integer
http://dbpedia.org/property/latm	"35"^^http://www.w3.org/2001/XMLSchema#integer
http://dbpedia.org/property/areaCode	"74"^^http://www.w3.org/2001/XMLSchema#integer
http://dbpedia.org/property/county	"Hajdú-Bihar"^^http://www.w3.org/1999/02/22-rdf-syntax-ns#langString
http://xmlns.com/foaf/0.1/isPrimaryTopicOf	http://en.wikipedia.org/wiki/Hortobágy
http://dbpedia.org/property/postalCodeType	http://dbpedia.org/resource/Postal_code
http://dbpedia.org/property/longm	"9"^^http://www.w3.org/2001/XMLSchema#integer
http://dbpedia.org/property/populationTotal	"1495"^^http://www.w3.org/2001/XMLSchema#integer
http://dbpedia.org/property/longs	"7"^^http://www.w3.org/2001/XMLSchema#integer
http://dbpedia.org/property/populationAsOf	"2011"^^http://www.w3.org/2001/XMLSchema#integer
http://purl.org/dc/terms/subject	http://dbpedia.org/resource/Category:Populated_places_in_Hajdú-Bihar_County
http://www.w3.org/2000/01/rdf-schema#comment	"Hortobágy is een dorp in Hongarije. Het ligt het in oosten van het land, 35 km achter de Tisza, en 26 km ten westen van Debrecen. Hortobágy ligt midden in het gelijknamige Nationaal Park Hortobágy (Hortobágyi Nemzeti Park). Het centrum van het Nationaal Park Hortobágy is de beroemde Nagy Csárda (Grote Csárda) of de Hortobágyi Csárda, een groot, langwerpig, witbepleisterd gebouw met een rieten dak van riet en stro. Buiten op de galerij is een terras met uitzicht op de puszta."@nl
http://dbpedia.org/property/longd	"21"^^http://www.w3.org/2001/XMLSchema#integer
http://xmlns.com/foaf/0.1/primaryTopic	http://en.wikipedia.org/wiki/Hortobágy
http://dbpedia.org/ontology/wikiPageRedirects	http://dbpedia.org/resource/Hortobagy_National_Park
http://www.w3.org/2002/07/owl#sameAs	http://www.wikidata.org/entity/Q515772
http://dbpedia.org/ontology/wikiPageID	"43261649"^^http://www.w3.org/2001/XMLSchema#integer
http://www.w3.org/ns/prov#wasDerivedFrom	http://en.wikipedia.org/wiki/Hortobágy?oldid=737816455
http://dbpedia.org/property/coordinatesDisplay	"inline,title"^^http://www.w3.org/1999/02/22-rdf-syntax-ns#langString
http://dbpedia.org/property/name	"Hortobágy"^^http://www.w3.org/1999/02/22-rdf-syntax-ns#langString
http://dbpedia.org/property/areaTotalKm	"284.60000000000002274"^^http://www.w3.org/2001/XMLSchema#decimal
http://purl.org/linguistics/gold/hypernym	http://dbpedia.org/resource/Village
http://dbpedia.org/property/latd	"47"^^http://www.w3.org/2001/XMLSchema#integer
http://dbpedia.org/property/postalCode	"4071"^^http://www.w3.org/2001/XMLSchema#integer
http://dbpedia.org/ontology/abstract	"Hortobágy [ˈhortobaːɟ] ist eine Gemeinde im Komitat Hajdú-Bihar 36 Kilometer westlich von Debrecen in Ungarn. Bekannt ist der Ort vor allem für den Hortobágyi Nemzeti Park (Nationalpark Hortobágy)."@de
http://www.w3.org/2000/01/rdf-schema#label	"Hortobágy (gmina)"@pl
http://www.w3.org/1999/02/22-rdf-syntax-ns#type	http://dbpedia.org/class/yago/NationalPark108600992
