#---Properties and values from: http://dbpedia.org/resource/Laundos
Property	Value
http://dbpedia.org/property/officialName	"Laundos"^^http://www.w3.org/1999/02/22-rdf-syntax-ns#langString
http://dbpedia.org/ontology/wikiPageRevisionID	"701646096"^^http://www.w3.org/2001/XMLSchema#integer
http://dbpedia.org/property/wordnet_type	http://www.w3.org/2006/03/wn/wn20/instances/synset-municipality-noun-2
http://xmlns.com/foaf/0.1/isPrimaryTopicOf	http://en.wikipedia.org/wiki/Laundos
http://dbpedia.org/property/municipality	http://dbpedia.org/resource/Póvoa_de_Varzim
http://dbpedia.org/ontology/country	http://dbpedia.org/resource/Portugal
http://dbpedia.org/property/populationTotal	"2055"^^http://www.w3.org/2001/XMLSchema#integer
http://dbpedia.org/property/metro	http://dbpedia.org/resource/Metropolitan_Area_of_Porto
http://dbpedia.org/property/populationAsOf	"2011"^^http://www.w3.org/2001/XMLSchema#integer
http://purl.org/dc/terms/subject	http://dbpedia.org/resource/Category:Parishes_of_Póvoa_de_Varzim
http://www.w3.org/2000/01/rdf-schema#comment	"Laundos or Laúndos is one of the seven civil parishes of Póvoa de Varzim, Portugal. The population in 2011 was 2,055, in an area of 8.53 km². The name was first documented in 1033 as Montis Lanutus referring to São Félix Hill."@en
http://dbpedia.org/property/longd	"-8.7230000000000007532"^^http://www.w3.org/2001/XMLSchema#decimal
http://xmlns.com/foaf/0.1/primaryTopic	http://en.wikipedia.org/wiki/Laundos
http://www.w3.org/2002/07/owl#sameAs	http://rdf.freebase.com/ns/m.0g6qmh
http://dbpedia.org/property/imageLocation	"FregPVZLaundos.png"^^http://www.w3.org/1999/02/22-rdf-syntax-ns#langString
http://dbpedia.org/ontology/wikiPageRedirects	http://dbpedia.org/resource/Laúndos
http://dbpedia.org/ontology/thumbnail	http://commons.wikimedia.org/wiki/Special:FilePath/FregPVZLaundos.png?width=300
http://dbpedia.org/ontology/wikiPageID	"6476153"^^http://www.w3.org/2001/XMLSchema#integer
http://dbpedia.org/property/areaTotal	"8.5299999999999993605"^^http://www.w3.org/2001/XMLSchema#decimal
http://www.w3.org/ns/prov#wasDerivedFrom	http://en.wikipedia.org/wiki/Laundos?oldid=701646096
http://dbpedia.org/property/district	http://dbpedia.org/resource/Porto_District
http://xmlns.com/foaf/0.1/depiction	http://commons.wikimedia.org/wiki/Special:FilePath/FregPVZLaundos.png
http://purl.org/linguistics/gold/hypernym	http://dbpedia.org/resource/Parishes
http://dbpedia.org/property/latd	"41.433999999999997499"^^http://www.w3.org/2001/XMLSchema#decimal
http://dbpedia.org/property/subregion	http://dbpedia.org/resource/Grande_Porto
http://dbpedia.org/ontology/abstract	"Laundos (auch Laúndos) ist eine Gemeinde im Norden Portugals."@de
http://www.w3.org/2000/01/rdf-schema#label	"Laundos"@pt
http://www.w3.org/1999/02/22-rdf-syntax-ns#type	http://dbpedia.org/ontology/Place
http://dbpedia.org/property/region	http://dbpedia.org/resource/Norte_Region,_Portugal
