#---Properties and values from: http://dbpedia.org/resource/Conceição_e_Cabanas_de_Tavira
Property	Value
http://dbpedia.org/property/officialName	"Conceição e Cabanas de Tavira"^^http://www.w3.org/1999/02/22-rdf-syntax-ns#langString
http://dbpedia.org/ontology/wikiPageRevisionID	"701644290"^^http://www.w3.org/2001/XMLSchema#integer
http://xmlns.com/foaf/0.1/isPrimaryTopicOf	http://en.wikipedia.org/wiki/Conceição_e_Cabanas_de_Tavira
http://dbpedia.org/property/municipality	http://dbpedia.org/resource/Tavira
http://dbpedia.org/ontology/country	http://dbpedia.org/resource/Portugal
http://dbpedia.org/property/populationTotal	"2519"^^http://www.w3.org/2001/XMLSchema#integer
http://dbpedia.org/property/populationAsOf	"2011"^^http://www.w3.org/2001/XMLSchema#integer
http://purl.org/dc/terms/subject	http://dbpedia.org/resource/Category:Parishes_of_Tavira
http://www.w3.org/2000/01/rdf-schema#comment	"Conceição e Cabanas de Tavira is a civil parish in the municipality of Tavira, Portugal. It was formed in 2013 by the merger of the former parishes Conceição de Tavira and Cabanas de Tavira. The population in 2011 was 2,519, in an area of 69.44 km²."@en
http://dbpedia.org/property/cim	http://dbpedia.org/resource/Algarve
http://dbpedia.org/property/longd	"-7.6040000000000000924"^^http://www.w3.org/2001/XMLSchema#decimal
http://xmlns.com/foaf/0.1/primaryTopic	http://en.wikipedia.org/wiki/Conceição_e_Cabanas_de_Tavira
http://dbpedia.org/ontology/wikiPageRedirects	http://dbpedia.org/resource/Conceicao_e_Cabanas_de_Tavira
http://www.w3.org/2002/07/owl#sameAs	http://dbpedia.org/resource/Conceição_e_Cabanas_de_Tavira
http://dbpedia.org/property/areaTotal	"69.439999999999997726"^^http://www.w3.org/2001/XMLSchema#decimal
http://dbpedia.org/ontology/wikiPageID	"43440774"^^http://www.w3.org/2001/XMLSchema#integer
http://www.w3.org/ns/prov#wasDerivedFrom	http://en.wikipedia.org/wiki/Conceição_e_Cabanas_de_Tavira?oldid=701644290
http://dbpedia.org/property/district	http://dbpedia.org/resource/Faro_District
http://purl.org/linguistics/gold/hypernym	http://dbpedia.org/resource/Parish
http://dbpedia.org/property/latd	"37.146000000000000796"^^http://www.w3.org/2001/XMLSchema#decimal
http://dbpedia.org/property/subregion	http://dbpedia.org/resource/Algarve
http://dbpedia.org/ontology/abstract	"Conceição e Cabanas de Tavira is a civil parish in the municipality of Tavira, Portugal. It was formed in 2013 by the merger of the former parishes Conceição de Tavira and Cabanas de Tavira. The population in 2011 was 2,519, in an area of 69.44 km²."@en
http://www.w3.org/2000/01/rdf-schema#label	"Conceição e Cabanas de Tavira"@en
http://www.w3.org/1999/02/22-rdf-syntax-ns#type	http://schema.org/Place
http://dbpedia.org/property/region	http://dbpedia.org/resource/Algarve
