#---Properties and values from: http://dbpedia.org/resource/Torello_(Castel_San_Giorgio)
Property	Value
http://dbpedia.org/property/longew	"E"^^http://www.w3.org/1999/02/22-rdf-syntax-ns#langString
http://dbpedia.org/property/lats	"27.100000000000001421"^^http://www.w3.org/2001/XMLSchema#decimal
http://dbpedia.org/ontology/wikiPageExternalLink	http://www.comune.castelsangiorgio.sa.it
http://dbpedia.org/ontology/wikiPageRevisionID	"738034020"^^http://www.w3.org/2001/XMLSchema#integer
http://dbpedia.org/property/latm	"47"^^http://www.w3.org/2001/XMLSchema#integer
http://dbpedia.org/property/comune	http://dbpedia.org/resource/Castel_San_Giorgio
http://dbpedia.org/property/latns	"N"^^http://www.w3.org/1999/02/22-rdf-syntax-ns#langString
http://dbpedia.org/property/areaCode	"81"^^http://www.w3.org/2001/XMLSchema#integer
http://dbpedia.org/property/imageSkyline	"Stemma_Torello.jpg"^^http://www.w3.org/1999/02/22-rdf-syntax-ns#langString
http://dbpedia.org/property/website	http://www.comune.castelsangiorgio.sa.it
http://dbpedia.org/property/imageCaption	"Coat of arms of Torello"^^http://www.w3.org/1999/02/22-rdf-syntax-ns#langString
http://xmlns.com/foaf/0.1/isPrimaryTopicOf	http://en.wikipedia.org/wiki/Torello_(Castel_San_Giorgio)
http://dbpedia.org/property/longm	"41"^^http://www.w3.org/2001/XMLSchema#integer
http://dbpedia.org/property/populationTotal	"563"^^http://www.w3.org/2001/XMLSchema#integer
http://dbpedia.org/property/populationAsOf	"March 2012"^^http://www.w3.org/1999/02/22-rdf-syntax-ns#langString
http://dbpedia.org/property/longs	"43.399999999999998579"^^http://www.w3.org/2001/XMLSchema#decimal
http://purl.org/dc/terms/subject	http://dbpedia.org/resource/Category:Frazioni_of_the_Province_of_Salerno
http://dbpedia.org/ontology/wikiPageDisambiguates	http://dbpedia.org/resource/Torello
http://www.w3.org/2000/01/rdf-schema#comment	"Torello è una delle 11 frazioni che costituiscono il Comune di Castel San Giorgio, in provincia di Salerno."@it
http://dbpedia.org/property/longd	"14"^^http://www.w3.org/2001/XMLSchema#integer
http://xmlns.com/foaf/0.1/primaryTopic	http://en.wikipedia.org/wiki/Torello_(Castel_San_Giorgio)
http://dbpedia.org/ontology/frazioni	http://dbpedia.org/resource/Castel_San_Giorgio
http://www.w3.org/2002/07/owl#sameAs	http://www.wikidata.org/entity/Q2684114
http://dbpedia.org/ontology/thumbnail	http://commons.wikimedia.org/wiki/Special:FilePath/Stemma_Torello.jpg?width=300
http://dbpedia.org/ontology/wikiPageID	"39663059"^^http://www.w3.org/2001/XMLSchema#integer
http://dbpedia.org/property/elevationM	"126"^^http://www.w3.org/2001/XMLSchema#integer
http://www.w3.org/ns/prov#wasDerivedFrom	http://en.wikipedia.org/wiki/Torello_(Castel_San_Giorgio)?oldid=738034020
http://dbpedia.org/property/coordinatesDisplay	"inline,title"^^http://www.w3.org/1999/02/22-rdf-syntax-ns#langString
http://dbpedia.org/property/name	"Torello"^^http://www.w3.org/1999/02/22-rdf-syntax-ns#langString
http://xmlns.com/foaf/0.1/depiction	http://commons.wikimedia.org/wiki/Special:FilePath/Stemma_Torello.jpg
http://purl.org/linguistics/gold/hypernym	http://dbpedia.org/resource/Village
http://dbpedia.org/property/latd	"40"^^http://www.w3.org/2001/XMLSchema#integer
http://dbpedia.org/property/postalCode	"84083"^^http://www.w3.org/2001/XMLSchema#integer
http://dbpedia.org/ontology/abstract	"Torello is an Italian village, one of eleven hamlets (frazioni) of the town of Castel San Giorgio, in the Province of Salerno, Campania."@en
http://www.w3.org/2000/01/rdf-schema#label	"Torello (Castel San Giorgio)"@en
http://xmlns.com/foaf/0.1/homepage	http://www.comune.castelsangiorgio.sa.it
http://www.w3.org/1999/02/22-rdf-syntax-ns#type	http://dbpedia.org/ontology/Village
http://dbpedia.org/property/gentilic	"Torellesi"^^http://www.w3.org/1999/02/22-rdf-syntax-ns#langString
