#---Properties and values from: http://dbpedia.org/resource/Sterkstroom
Property	Value
http://xmlns.com/foaf/0.1/name	"Sterkstroom"@en
http://dbpedia.org/property/demographics2Info	"6.1"^^http://dbpedia.org/datatype/perCent
http://dbpedia.org/ontology/wikiPageRevisionID	"735112017"^^http://www.w3.org/2001/XMLSchema#integer
http://dbpedia.org/property/latm	"34"^^http://www.w3.org/2001/XMLSchema#integer
http://dbpedia.org/property/areaCode	"45"^^http://www.w3.org/2001/XMLSchema#integer
http://dbpedia.org/property/imageSkyline	"Sterkstroom hoofstraat 2012.jpg"^^http://www.w3.org/1999/02/22-rdf-syntax-ns#langString
http://www.w3.org/2003/01/geo/wgs84_pos#long	"26.549999237060546875"^^http://www.w3.org/2001/XMLSchema#float
http://dbpedia.org/property/imageCaption	"John Vorster-rylaan, Sterkstroom"^^http://www.w3.org/1999/02/22-rdf-syntax-ns#langString
http://dbpedia.org/property/demographics2Title	http://dbpedia.org/resource/English_language
http://xmlns.com/foaf/0.1/isPrimaryTopicOf	http://en.wikipedia.org/wiki/Sterkstroom
http://dbpedia.org/property/municipality	"Enoch Mgijima"^^http://www.w3.org/1999/02/22-rdf-syntax-ns#langString
http://dbpedia.org/ontology/country	http://dbpedia.org/resource/South_Africa
http://dbpedia.org/property/longm	"33"^^http://www.w3.org/2001/XMLSchema#integer
http://dbpedia.org/property/populationTotal	"7165"^^http://www.w3.org/2001/XMLSchema#integer
http://dbpedia.org/property/populationAsOf	"2011"^^http://www.w3.org/2001/XMLSchema#integer
http://purl.org/dc/terms/subject	http://dbpedia.org/resource/Category:Populated_places_established_in_1875
http://www.w3.org/2000/01/rdf-schema#comment	"Sterkstroom is een plaats in de Zuid-Afrikaanse provincie Oost-Kaap.Sterkstroom telt ongeveer 4000 inwoners."@nl
http://dbpedia.org/property/percentOther	"0.5"^^http://dbpedia.org/datatype/perCent
http://dbpedia.org/property/leaderTitle	"Councillor"^^http://www.w3.org/1999/02/22-rdf-syntax-ns#langString
http://dbpedia.org/property/percentAsian	"0.2"^^http://dbpedia.org/datatype/perCent
http://dbpedia.org/property/longd	"26"^^http://www.w3.org/2001/XMLSchema#integer
http://xmlns.com/foaf/0.1/primaryTopic	http://en.wikipedia.org/wiki/Sterkstroom
http://www.w3.org/2002/07/owl#sameAs	http://wikidata.dbpedia.org/resource/Q3642303
http://dbpedia.org/ontology/wikiPageRedirects	http://dbpedia.org/resource/Masakhe
http://dbpedia.org/property/percentWhite	"4.2"^^http://dbpedia.org/datatype/perCent
http://www.w3.org/2003/01/geo/wgs84_pos#lat	"31.566667556762695312"^^http://www.w3.org/2001/XMLSchema#float
http://www.georss.org/georss/point	"31.566666666666666 26.55"
http://dbpedia.org/ontology/thumbnail	http://commons.wikimedia.org/wiki/Special:FilePath/Sterkstroom_hoofstraat_2012.jpg?width=300
http://dbpedia.org/ontology/wikiPageID	"34774818"^^http://www.w3.org/2001/XMLSchema#integer
http://dbpedia.org/ontology/elevation	"1355.0"^^http://www.w3.org/2001/XMLSchema#decimal
http://dbpedia.org/ontology/location	http://dbpedia.org/resource/Sterkstroom_Provincial_Hospital
http://dbpedia.org/ontology/birthPlace	http://dbpedia.org/resource/Louis_Miles_Muggleton
http://www.w3.org/ns/prov#wasDerivedFrom	http://en.wikipedia.org/wiki/Sterkstroom?oldid=735112017
http://dbpedia.org/property/percentBlack	"92.6"^^http://dbpedia.org/datatype/perCent
http://dbpedia.org/property/areaTotalKm	"21.100000000000001421"^^http://www.w3.org/2001/XMLSchema#decimal
http://dbpedia.org/property/district	"Chris Hani"^^http://www.w3.org/1999/02/22-rdf-syntax-ns#langString
http://xmlns.com/foaf/0.1/depiction	http://commons.wikimedia.org/wiki/Special:FilePath/Sterkstroom_hoofstraat_2012.jpg
http://purl.org/linguistics/gold/hypernym	http://dbpedia.org/resource/Settlement
http://dbpedia.org/property/latd	"31"^^http://www.w3.org/2001/XMLSchema#integer
http://dbpedia.org/property/establishedDate	"1875"^^http://www.w3.org/2001/XMLSchema#integer
http://dbpedia.org/property/percentColoured	"2.6"^^http://dbpedia.org/datatype/perCent
http://dbpedia.org/ontology/abstract	"Sterkstroom ist eine Stadt in der südafrikanischen Provinz Ostkap. Sie liegt in der Gemeinde Enoch Mgijima im Distrikt Chris Hani."@de
http://www.w3.org/2003/01/geo/wgs84_pos#geometry	"POINT(26.549999237061 31.566667556763)"^^http://www.openlinksw.com/schemas/virtrdf#Geometry
http://www.w3.org/2000/01/rdf-schema#label	"Sterkstroom"@de
http://dbpedia.org/property/province	"Eastern Cape"^^http://www.w3.org/1999/02/22-rdf-syntax-ns#langString
http://www.w3.org/1999/02/22-rdf-syntax-ns#type	http://dbpedia.org/class/yago/WikicatPopulatedPlacesEstablishedIn1875
