#---Properties and values from: http://dbpedia.org/resource/Zwartewegsend
Property	Value
http://www.w3.org/2002/07/owl#sameAs	http://nl.dbpedia.org/resource/Zwartewegsend
http://xmlns.com/foaf/0.1/name	"Zwartewegsend"@en
http://www.w3.org/2003/01/geo/wgs84_pos#lat	"53.217498779296875"^^http://www.w3.org/2001/XMLSchema#float
http://www.georss.org/georss/point	"53.2175 5.9086"
http://dbpedia.org/ontology/wikiPageRevisionID	"679117467"^^http://www.w3.org/2001/XMLSchema#integer
http://dbpedia.org/ontology/wikiPageID	"19543353"^^http://www.w3.org/2001/XMLSchema#integer
http://www.w3.org/ns/prov#wasDerivedFrom	http://en.wikipedia.org/wiki/Zwartewegsend?oldid=679117467
http://dbpedia.org/property/settlementType	"Hamlet"^^http://www.w3.org/1999/02/22-rdf-syntax-ns#langString
http://www.w3.org/2003/01/geo/wgs84_pos#long	"5.908599853515625"^^http://www.w3.org/2001/XMLSchema#float
http://xmlns.com/foaf/0.1/isPrimaryTopicOf	http://en.wikipedia.org/wiki/Zwartewegsend
http://dbpedia.org/property/subdivisionType	"Province"^^http://www.w3.org/1999/02/22-rdf-syntax-ns#langString
http://purl.org/linguistics/gold/hypernym	http://dbpedia.org/resource/Hamlet
http://dbpedia.org/ontology/country	http://dbpedia.org/resource/Netherlands
http://dbpedia.org/property/populationTotal	"?"^^http://www.w3.org/1999/02/22-rdf-syntax-ns#langString
http://purl.org/dc/terms/subject	http://dbpedia.org/resource/Category:Tytsjerksteradiel
http://dbpedia.org/ontology/abstract	"Zwartewegsend (Fries: Swarteweisein) is een buurtschap in de Nederlandse provincie Friesland, gemeente Tietjerksteradeel, gelegen nabij het dorp Tietjerk. De Zwarte weg was de naam van latere rijksweg N355, die destijds eindigde bij Zwartewegsend. De weg werd aangelegd tussen 1528 en 1531 op aandringen van Georg Schenck van Toutenburg, stadhouder van Friesland. Hij beheerde de buitenplaats Toutenburch tussen Rijperkerk en Tietjerk en wilde een korte verbinding met de hoofdstad Leeuwarden. Vanwege het moerassige gebied tussen Leeuwarden en Tietjerk waren de kosten voor aanleg hoog. In Leeuwarden werd dan ook tol geheven bij het Oud Tolhuis, gelegen naast De Bonke."@nl
http://dbpedia.org/ontology/isPartOf	http://dbpedia.org/resource/Friesland
http://www.w3.org/2000/01/rdf-schema#comment	"Zwartewegsend (Fries: Swarteweisein) is een buurtschap in de Nederlandse provincie Friesland, gemeente Tietjerksteradeel, gelegen nabij het dorp Tietjerk. De Zwarte weg was de naam van latere rijksweg N355, die destijds eindigde bij Zwartewegsend. De weg werd aangelegd tussen 1528 en 1531 op aandringen van Georg Schenck van Toutenburg, stadhouder van Friesland. Hij beheerde de buitenplaats Toutenburch tussen Rijperkerk en Tietjerk en wilde een korte verbinding met de hoofdstad Leeuwarden. Vanwege het moerassige gebied tussen Leeuwarden en Tietjerk waren de kosten voor aanleg hoog. In Leeuwarden werd dan ook tol geheven bij het Oud Tolhuis, gelegen naast De Bonke."@nl
http://www.w3.org/2003/01/geo/wgs84_pos#geometry	"POINT(5.9085998535156 53.217498779297)"^^http://www.openlinksw.com/schemas/virtrdf#Geometry
http://www.w3.org/2000/01/rdf-schema#label	"Zwartewegsend"@nl
http://dbpedia.org/property/mapsize	"280"^^http://www.w3.org/2001/XMLSchema#integer
http://xmlns.com/foaf/0.1/primaryTopic	http://en.wikipedia.org/wiki/Zwartewegsend
http://www.w3.org/1999/02/22-rdf-syntax-ns#type	http://dbpedia.org/class/yago/WikicatPopulatedPlacesInFriesland
