#---Properties and values from: http://dbpedia.org/resource/Pirapozinho
Property	Value
http://dbpedia.org/property/lats	"31"^^http://www.w3.org/2001/XMLSchema#integer
http://dbpedia.org/ontology/wikiPageRevisionID	"720298671"^^http://www.w3.org/2001/XMLSchema#integer
http://dbpedia.org/property/latm	"16"^^http://www.w3.org/2001/XMLSchema#integer
http://dbpedia.org/property/latns	"S"^^http://www.w3.org/1999/02/22-rdf-syntax-ns#langString
http://dbpedia.org/property/imageMap	"SaoPaulo Municip Pirapozinho.svg"^^http://www.w3.org/1999/02/22-rdf-syntax-ns#langString
http://dbpedia.org/ontology/routeEnd	http://dbpedia.org/resource/Rodovia_Assis_Chateaubriand
http://xmlns.com/foaf/0.1/isPrimaryTopicOf	http://en.wikipedia.org/wiki/Pirapozinho
http://dbpedia.org/property/longm	"30"^^http://www.w3.org/2001/XMLSchema#integer
http://dbpedia.org/property/populationTotal	"26594"^^http://www.w3.org/2001/XMLSchema#integer
http://dbpedia.org/property/longs	"0"^^http://www.w3.org/2001/XMLSchema#integer
http://dbpedia.org/property/populationAsOf	"2015"^^http://www.w3.org/2001/XMLSchema#integer
http://purl.org/dc/terms/subject	http://dbpedia.org/resource/Category:Municipalities_in_São_Paulo_(state)
http://dbpedia.org/property/state	"SP"^^http://www.w3.org/1999/02/22-rdf-syntax-ns#langString
http://www.w3.org/2000/01/rdf-schema#comment	"Pirapozinho is a municipality in the state of São Paulo in Brazil. The population is 26,594 (2015 est.) in an area of 478 km²."@en
http://dbpedia.org/property/longd	"51"^^http://www.w3.org/2001/XMLSchema#integer
http://xmlns.com/foaf/0.1/primaryTopic	http://en.wikipedia.org/wiki/Pirapozinho
http://dbpedia.org/ontology/wikiPageRedirects	http://dbpedia.org/resource/UN/LOCODE:BRPZO
http://www.w3.org/2002/07/owl#sameAs	http://sws.geonames.org/6324348/
http://dbpedia.org/ontology/thumbnail	http://commons.wikimedia.org/wiki/Special:FilePath/SaoPaulo_Municip_Pirapozinho.svg?width=300
http://dbpedia.org/ontology/wikiPageID	"1124903"^^http://www.w3.org/2001/XMLSchema#integer
http://dbpedia.org/property/areaTotal	"478"^^http://www.w3.org/2001/XMLSchema#integer
http://www.w3.org/ns/prov#wasDerivedFrom	http://en.wikipedia.org/wiki/Pirapozinho?oldid=720298671
http://xmlns.com/foaf/0.1/depiction	http://commons.wikimedia.org/wiki/Special:FilePath/SaoPaulo_Municip_Pirapozinho.svg
http://purl.org/linguistics/gold/hypernym	http://dbpedia.org/resource/Municipality
http://dbpedia.org/property/latd	"22"^^http://www.w3.org/2001/XMLSchema#integer
http://dbpedia.org/ontology/abstract	"Pirapozinho è un comune del Brasile nello Stato di San Paolo, parte della mesoregione di Presidente Prudente e della microregione omonima."@it
http://www.w3.org/2000/01/rdf-schema#label	"皮拉波齐纽"@zh
http://www.w3.org/1999/02/22-rdf-syntax-ns#type	http://dbpedia.org/class/yago/Location100027167
