#---Properties and values from: http://dbpedia.org/resource/Gushegu
Property	Value
http://dbpedia.org/property/longew	"W"^^http://www.w3.org/1999/02/22-rdf-syntax-ns#langString
http://xmlns.com/foaf/0.1/name	"Gushiego"@en
http://dbpedia.org/property/lats	"9"^^http://www.w3.org/2001/XMLSchema#integer
http://dbpedia.org/property/unitPref	"Imperial"^^http://www.w3.org/1999/02/22-rdf-syntax-ns#langString
http://dbpedia.org/ontology/wikiPageRevisionID	"704127911"^^http://www.w3.org/2001/XMLSchema#integer
http://dbpedia.org/property/imagesize	"300"^^http://www.w3.org/2001/XMLSchema#integer
http://dbpedia.org/property/latm	"55"^^http://www.w3.org/2001/XMLSchema#integer
http://dbpedia.org/property/latns	"N"^^http://www.w3.org/1999/02/22-rdf-syntax-ns#langString
http://www.w3.org/2003/01/geo/wgs84_pos#long	"-0.21805556118488311768"^^http://www.w3.org/2001/XMLSchema#float
http://dbpedia.org/property/coordinatesRegion	"GH"^^http://www.w3.org/1999/02/22-rdf-syntax-ns#langString
http://dbpedia.org/property/pushpinLabelPosition	"bottom"^^http://www.w3.org/1999/02/22-rdf-syntax-ns#langString
http://xmlns.com/foaf/0.1/isPrimaryTopicOf	http://en.wikipedia.org/wiki/Gushegu
http://dbpedia.org/property/subdivisionType	"Region"^^http://www.w3.org/1999/02/22-rdf-syntax-ns#langString
http://dbpedia.org/property/longm	"13"^^http://www.w3.org/2001/XMLSchema#integer
http://dbpedia.org/property/populationTotal	"—"^^http://www.w3.org/1999/02/22-rdf-syntax-ns#langString
http://dbpedia.org/property/longs	"5"^^http://www.w3.org/2001/XMLSchema#integer
http://dbpedia.org/property/populationAsOf	"2013"^^http://www.w3.org/2001/XMLSchema#integer
http://purl.org/dc/terms/subject	http://dbpedia.org/resource/Category:Populated_places_in_the_Northern_Region_(Ghana)
http://dbpedia.org/ontology/isPartOf	http://dbpedia.org/resource/Gushegu_District
http://www.w3.org/2000/01/rdf-schema#comment	"Gushegu is a small town and is the capital of Gushegu district, a district in the Northern Region of north Ghana."@en
http://dbpedia.org/ontology/type	http://dbpedia.org/resource/District
http://dbpedia.org/property/longd	"0"^^http://www.w3.org/2001/XMLSchema#integer
http://xmlns.com/foaf/0.1/primaryTopic	http://en.wikipedia.org/wiki/Gushegu
http://www.w3.org/2002/07/owl#sameAs	http://dbpedia.org/resource/Gushegu
http://dbpedia.org/ontology/synonym	"Gushiago"
http://www.w3.org/2003/01/geo/wgs84_pos#lat	"9.91916656494140625"^^http://www.w3.org/2001/XMLSchema#float
http://www.georss.org/georss/point	"9.919166666666667 -0.21805555555555556"
http://dbpedia.org/ontology/wikiPageID	"36018450"^^http://www.w3.org/2001/XMLSchema#integer
http://dbpedia.org/ontology/elevation	"196.0"^^http://www.w3.org/2001/XMLSchema#decimal
http://www.w3.org/ns/prov#wasDerivedFrom	http://en.wikipedia.org/wiki/Gushegu?oldid=704127911
http://dbpedia.org/ontology/timeZone	http://dbpedia.org/resource/Greenwich_Mean_Time
http://dbpedia.org/property/pushpinMap	"Ghana"^^http://www.w3.org/1999/02/22-rdf-syntax-ns#langString
http://dbpedia.org/property/populationBlank2Title	"Religions"^^http://www.w3.org/1999/02/22-rdf-syntax-ns#langString
http://dbpedia.org/property/populationBlank1Title	"Ethnicities"^^http://www.w3.org/1999/02/22-rdf-syntax-ns#langString
http://purl.org/linguistics/gold/hypernym	http://dbpedia.org/resource/Town
http://dbpedia.org/property/latd	"9"^^http://www.w3.org/2001/XMLSchema#integer
http://dbpedia.org/ontology/abstract	"Gushegu is a small town and is the capital of Gushegu district, a district in the Northern Region of north Ghana."@en
http://dbpedia.org/property/pushpinMapCaption	"Location of Gushegu in Northern region"^^http://www.w3.org/1999/02/22-rdf-syntax-ns#langString
http://www.w3.org/2003/01/geo/wgs84_pos#geometry	"POINT(-0.21805556118488 9.9191665649414)"^^http://www.openlinksw.com/schemas/virtrdf#Geometry
http://www.w3.org/2000/01/rdf-schema#label	"Gushegu"@en
http://www.w3.org/1999/02/22-rdf-syntax-ns#type	http://www.w3.org/2002/07/owl#Thing
