#---Properties and values from: http://dbpedia.org/resource/Ouwster-Nijega
Property	Value
http://xmlns.com/foaf/0.1/name	"Ousternijegea"@en
http://dbpedia.org/ontology/wikiPageRevisionID	"735271706"^^http://www.w3.org/2001/XMLSchema#integer
http://dbpedia.org/property/settlementType	"Village"^^http://www.w3.org/1999/02/22-rdf-syntax-ns#langString
http://www.w3.org/2003/01/geo/wgs84_pos#long	"5.8049998283386230469"^^http://www.w3.org/2001/XMLSchema#float
http://dbpedia.org/property/imageMap	"Map NL Skarsterlân Ousternijegea.png"^^http://www.w3.org/1999/02/22-rdf-syntax-ns#langString
http://xmlns.com/foaf/0.1/isPrimaryTopicOf	http://en.wikipedia.org/wiki/Ouwster-Nijega
http://dbpedia.org/property/subdivisionType	"Country"^^http://www.w3.org/1999/02/22-rdf-syntax-ns#langString
http://dbpedia.org/ontology/country	http://dbpedia.org/resource/Netherlands
http://dbpedia.org/property/populationTotal	"c. 100"^^http://www.w3.org/1999/02/22-rdf-syntax-ns#langString
http://purl.org/dc/terms/subject	http://dbpedia.org/resource/Category:Populated_places_in_Friesland
http://dbpedia.org/ontology/isPartOf	http://dbpedia.org/resource/Friesland
http://www.w3.org/2000/01/rdf-schema#comment	"Ouwster-Nijega  (West Frisian: Ousternijegea) is a village in De Friese Meren in the province of Friesland, the Netherlands. It had a population of around 100 in 2004."@en
http://xmlns.com/foaf/0.1/primaryTopic	http://en.wikipedia.org/wiki/Ouwster-Nijega
http://www.w3.org/2002/07/owl#sameAs	http://sws.geonames.org/2748873/
http://www.w3.org/2003/01/geo/wgs84_pos#lat	"52.93000030517578125"^^http://www.w3.org/2001/XMLSchema#float
http://www.georss.org/georss/point	"52.93 5.805"
http://dbpedia.org/ontology/thumbnail	http://commons.wikimedia.org/wiki/Special:FilePath/Map_NL_Skarsterlân_Ousternijegea.png?width=300
http://dbpedia.org/ontology/wikiPageID	"20556613"^^http://www.w3.org/2001/XMLSchema#integer
http://www.w3.org/ns/prov#wasDerivedFrom	http://en.wikipedia.org/wiki/Ouwster-Nijega?oldid=735271706
http://xmlns.com/foaf/0.1/depiction	http://commons.wikimedia.org/wiki/Special:FilePath/Map_NL_Skarsterlân_Ousternijegea.png
http://purl.org/linguistics/gold/hypernym	http://dbpedia.org/resource/Village
http://dbpedia.org/ontology/abstract	"Ouwster-Nijega (Fries: Ousternijegea) is een dorp in de gemeente De Friese Meren in de Nederlandse provincie Friesland. Tot 1 januari 2014 behoorde Ouwster-Nijega tot de gemeente Skarsterlân. Het ligt ten zuiden van Joure en ten oosten van de A6, niet ver van het Tjeukemeer, en telt ongeveer 100 inwoners (2004). De naam verwijst naar oever (\"ouwer\"). Het dorp is gesticht vanuit Oldeouwer waarmee het in feite een tweelingdorp en dat samen met Ouwsterhaule de drie dorpen van de Ouster Trijegea vormen. Er bevindt zich ook één van de klokkenstoelen in Friesland."@nl
http://www.w3.org/2003/01/geo/wgs84_pos#geometry	"POINT(5.8049998283386 52.930000305176)"^^http://www.openlinksw.com/schemas/virtrdf#Geometry
http://www.w3.org/2000/01/rdf-schema#label	"Ouwster-Nijega"@fr
http://dbpedia.org/property/mapsize	"280"^^http://www.w3.org/2001/XMLSchema#integer
http://www.w3.org/1999/02/22-rdf-syntax-ns#type	http://dbpedia.org/class/yago/Object100002684
