#---Properties and values from: http://dbpedia.org/resource/Stavoren
Property	Value
http://xmlns.com/foaf/0.1/name	"Stavoren"@en
http://dbpedia.org/ontology/wikiPageRevisionID	"729166631"^^http://www.w3.org/2001/XMLSchema#integer
http://dbpedia.org/ontology/deathPlace	http://dbpedia.org/resource/William_II,_Count_of_Hainaut
http://dbpedia.org/property/imageSkyline	"Stadhuis Stavoren 01.JPG"^^http://www.w3.org/1999/02/22-rdf-syntax-ns#langString
http://dbpedia.org/property/settlementType	"Town"^^http://www.w3.org/1999/02/22-rdf-syntax-ns#langString
http://www.w3.org/2003/01/geo/wgs84_pos#long	"5.3666667938232421875"^^http://www.w3.org/2001/XMLSchema#float
http://dbpedia.org/property/imageCaption	"Former city hall of Stavoren"^^http://www.w3.org/1999/02/22-rdf-syntax-ns#langString
http://dbpedia.org/property/imageMap	"Map NL Nijefurd Starum.png"^^http://www.w3.org/1999/02/22-rdf-syntax-ns#langString
http://xmlns.com/foaf/0.1/isPrimaryTopicOf	http://en.wikipedia.org/wiki/Stavoren
http://dbpedia.org/property/subdivisionType	"Country"^^http://www.w3.org/1999/02/22-rdf-syntax-ns#langString
http://dbpedia.org/ontology/country	http://dbpedia.org/resource/Netherlands
http://dbpedia.org/property/populationTotal	"c. 1000"^^http://www.w3.org/1999/02/22-rdf-syntax-ns#langString
http://purl.org/dc/terms/subject	http://dbpedia.org/resource/Category:Cities_in_Friesland
http://dbpedia.org/ontology/isPartOf	http://dbpedia.org/resource/Friesland
http://www.w3.org/2000/01/rdf-schema#comment	"Stavoren (fryz. Starum) – miasto w Holandii, w prowincji Fryzja w gminie Súdwest Fryslân, na wschodnim wybrzeżu zbiornika Ĳsselmeer. Liczy około 1000 mieszkańców. Prawa miejskie otrzymało w XI wieku."@pl
http://dbpedia.org/ontology/place	http://dbpedia.org/resource/Battle_of_Warns
http://xmlns.com/foaf/0.1/primaryTopic	http://en.wikipedia.org/wiki/Stavoren
http://dbpedia.org/property/birthPlace	http://dbpedia.org/resource/James_H._Burbank
http://www.w3.org/2002/07/owl#sameAs	http://de.dbpedia.org/resource/Stavoren
http://www.w3.org/2003/01/geo/wgs84_pos#lat	"52.883335113525390625"^^http://www.w3.org/2001/XMLSchema#float
http://www.georss.org/georss/point	"52.88333333333333 5.366666666666666"
http://dbpedia.org/ontology/thumbnail	http://commons.wikimedia.org/wiki/Special:FilePath/Stadhuis_Stavoren_01.JPG?width=300
http://dbpedia.org/ontology/wikiPageID	"352674"^^http://www.w3.org/2001/XMLSchema#integer
http://dbpedia.org/ontology/location	http://dbpedia.org/resource/Stavoren_Lighthouse
http://dbpedia.org/ontology/birthPlace	http://dbpedia.org/resource/Age_Hains_Boersma
http://www.w3.org/ns/prov#wasDerivedFrom	http://en.wikipedia.org/wiki/Stavoren?oldid=729166631
http://xmlns.com/foaf/0.1/depiction	http://commons.wikimedia.org/wiki/Special:FilePath/Stadhuis_Stavoren_01.JPG
http://purl.org/linguistics/gold/hypernym	http://dbpedia.org/resource/Town
http://dbpedia.org/ontology/abstract	"Stavoren (un tempo: Staveren; in frisone: Starum; 0,288 km²; 900 ab. circa) è una cittadina sull'IJsselmeer (ex-Zuiderzee) della costa sud-occidentale della Frisia (Friesland /Fryslân), nel nord-est dei Paesi Bassi, situata allo sbocco del Canale Johan Friso (Johan Frisokanaal)  Dal punto di vista amministrativo, si tratta di un ex-comune, dal 1984 inglobato nel comune di Nijefurd, comune a sua volta inglobato dal 2011 nella neo-nata municipalità di Súdwest-Fryslân. Sviluppatasi come villaggio di pescatori e un tempo anche porto per le grandi navi, la località fu membro della Lega anseatica."@it
http://www.w3.org/2003/01/geo/wgs84_pos#geometry	"POINT(5.3666667938232 52.883335113525)"^^http://www.openlinksw.com/schemas/virtrdf#Geometry
http://www.w3.org/2000/01/rdf-schema#label	"Stavoren"@fr
http://dbpedia.org/property/mapsize	"280"^^http://www.w3.org/2001/XMLSchema#integer
http://www.w3.org/1999/02/22-rdf-syntax-ns#type	http://dbpedia.org/class/yago/Tract108673395
