#---Properties and values from: http://dbpedia.org/resource/Fragoso
Property	Value
http://dbpedia.org/ontology/wikiPageExternalLink	http://www.fragoso.maisbarcelos.pt/
http://dbpedia.org/property/officialName	"Fragoso"^^http://www.w3.org/1999/02/22-rdf-syntax-ns#langString
http://dbpedia.org/ontology/wikiPageRevisionID	"689448303"^^http://www.w3.org/2001/XMLSchema#integer
http://dbpedia.org/property/wordnet_type	http://www.w3.org/2006/03/wn/wn20/instances/synset-municipality-noun-2
http://xmlns.com/foaf/0.1/isPrimaryTopicOf	http://en.wikipedia.org/wiki/Fragoso
http://dbpedia.org/property/municipality	http://dbpedia.org/resource/Barcelos,_Portugal
http://dbpedia.org/ontology/country	http://dbpedia.org/resource/Portugal
http://dbpedia.org/property/populationTotal	"2193"^^http://www.w3.org/2001/XMLSchema#integer
http://dbpedia.org/property/populationAsOf	"2011"^^http://www.w3.org/2001/XMLSchema#integer
http://purl.org/dc/terms/subject	http://dbpedia.org/resource/Category:Parishes_of_Barcelos,_Portugal
http://www.w3.org/2000/01/rdf-schema#comment	"Fragoso es una freguesia portuguesa del concelho de Barcelos, con 13,94 km² de superficie y 2285 habitantes (2001). Densidad de población: 163,9 hab/km². Situada cerca del río Neiva y del Monte Arefe, es un poblado del Municipio de Barcelos en el distrito de Braga, en el norte de Portugal. Fundada en 1127 por Don Alfonso Henriques con el nombre de Ermida de San Vicente de Fragoso. La actual fregresia de Fragoso está constituida por las antiguas freguesias de San Vicente de Fragoso, San Pedro de Fragoso, y parte del lugar de Cardoso."@es
http://dbpedia.org/property/imageShield	"BCL-fragoso.gif"^^http://www.w3.org/1999/02/22-rdf-syntax-ns#langString
http://dbpedia.org/property/longd	"-8.7040000000000006253"^^http://www.w3.org/2001/XMLSchema#decimal
http://xmlns.com/foaf/0.1/primaryTopic	http://en.wikipedia.org/wiki/Fragoso
http://www.w3.org/2002/07/owl#sameAs	http://nl.dbpedia.org/resource/Fragoso
http://dbpedia.org/ontology/thumbnail	http://commons.wikimedia.org/wiki/Special:FilePath/BCL-fragoso.gif?width=300
http://dbpedia.org/ontology/wikiPageID	"5920824"^^http://www.w3.org/2001/XMLSchema#integer
http://dbpedia.org/property/areaTotal	"12.589999999999999858"^^http://www.w3.org/2001/XMLSchema#decimal
http://www.w3.org/ns/prov#wasDerivedFrom	http://en.wikipedia.org/wiki/Fragoso?oldid=689448303
http://xmlns.com/foaf/0.1/depiction	http://commons.wikimedia.org/wiki/Special:FilePath/BCL-fragoso.gif
http://purl.org/linguistics/gold/hypernym	http://dbpedia.org/resource/Freguesia
http://dbpedia.org/property/latd	"41.61500000000000199"^^http://www.w3.org/2001/XMLSchema#decimal
http://dbpedia.org/ontology/abstract	"Fragoso es una freguesia portuguesa del concelho de Barcelos, con 13,94 km² de superficie y 2285 habitantes (2001). Densidad de población: 163,9 hab/km². Situada cerca del río Neiva y del Monte Arefe, es un poblado del Municipio de Barcelos en el distrito de Braga, en el norte de Portugal. Fundada en 1127 por Don Alfonso Henriques con el nombre de Ermida de San Vicente de Fragoso. La actual fregresia de Fragoso está constituida por las antiguas freguesias de San Vicente de Fragoso, San Pedro de Fragoso, y parte del lugar de Cardoso. Su escudo de Armas es utilizado también en la heráldica para representar el apellido Fragoso."@es
http://www.w3.org/2000/01/rdf-schema#label	"Fragoso (Barcelos)"@de
http://xmlns.com/foaf/0.1/homepage	http://www.fragoso.maisbarcelos.pt/
http://www.w3.org/1999/02/22-rdf-syntax-ns#type	http://dbpedia.org/class/yago/Object100002684
