#---Properties and values from: http://dbpedia.org/resource/Araguapaz
Property	Value
http://dbpedia.org/property/lats	"24"^^http://www.w3.org/2001/XMLSchema#integer
http://dbpedia.org/ontology/wikiPageRevisionID	"721325319"^^http://www.w3.org/2001/XMLSchema#integer
http://dbpedia.org/property/latm	"5"^^http://www.w3.org/2001/XMLSchema#integer
http://dbpedia.org/property/latns	"S"^^http://www.w3.org/1999/02/22-rdf-syntax-ns#langString
http://dbpedia.org/property/imageMap	"Goias Municip Araguapaz.svg"^^http://www.w3.org/1999/02/22-rdf-syntax-ns#langString
http://xmlns.com/foaf/0.1/isPrimaryTopicOf	http://en.wikipedia.org/wiki/Araguapaz
http://dbpedia.org/property/longm	"37"^^http://www.w3.org/2001/XMLSchema#integer
http://dbpedia.org/property/populationTotal	"7818"^^http://www.w3.org/2001/XMLSchema#integer
http://dbpedia.org/property/longs	"38"^^http://www.w3.org/2001/XMLSchema#integer
http://dbpedia.org/property/populationAsOf	"2015"^^http://www.w3.org/2001/XMLSchema#integer
http://purl.org/dc/terms/subject	http://dbpedia.org/resource/Category:Municipalities_in_Goiás
http://dbpedia.org/property/state	"GO"^^http://www.w3.org/1999/02/22-rdf-syntax-ns#langString
http://www.w3.org/2000/01/rdf-schema#comment	"Araguapaz es un municipio brasileño del estado de Goiás. Su población estimada en 2007 era de 7.462 habitantes. Araguapaz está localizado en la microrregión del Río Vermelho, correspodiente a la Microrregión Homogénea 353 del Brasil; su área está comprendida entre los paralelos 14º y 15º de latitud sur y los meridianos 50º y 51º de longitud al este de Greenwich. Ocupa una extensión de 2.127,65 km²"@es
http://dbpedia.org/property/longd	"50"^^http://www.w3.org/2001/XMLSchema#integer
http://xmlns.com/foaf/0.1/primaryTopic	http://en.wikipedia.org/wiki/Araguapaz
http://www.w3.org/2002/07/owl#sameAs	http://dbpedia.org/resource/Araguapaz
http://dbpedia.org/ontology/thumbnail	http://commons.wikimedia.org/wiki/Special:FilePath/Goias_Municip_Araguapaz.svg?width=300
http://dbpedia.org/ontology/wikiPageID	"4060582"^^http://www.w3.org/2001/XMLSchema#integer
http://dbpedia.org/property/areaTotal	"2194"^^http://www.w3.org/2001/XMLSchema#integer
http://www.w3.org/ns/prov#wasDerivedFrom	http://en.wikipedia.org/wiki/Araguapaz?oldid=721325319
http://dbpedia.org/property/name	"Araguapaz"^^http://www.w3.org/1999/02/22-rdf-syntax-ns#langString
http://xmlns.com/foaf/0.1/depiction	http://commons.wikimedia.org/wiki/Special:FilePath/Goias_Municip_Araguapaz.svg
http://purl.org/linguistics/gold/hypernym	http://dbpedia.org/resource/Municipality
http://dbpedia.org/property/latd	"15"^^http://www.w3.org/2001/XMLSchema#integer
http://dbpedia.org/ontology/abstract	"Araguapaz é um município brasileiro do interior do estado de Goiás, Região Centro-Oeste do país. Sua população estimada em 2013 era de 7.772 habitantes. Araguapaz está localizado na microrregião do Rio Vermelho, correspodente à Microrregião Homogênea 353 do Brasil; sua área está compreendida entre os paralelos 14º e 15 de latitude sul e os meridianos 50º e 51 de longitude leste de Greenwich. Ocupa uma extensão de 2.127,65 km², privilegiada por encontrar no centro da região do Vale do Araguaia, ligado pela GO 164 Faina-Mozarlândia e GO 530 Aruanã."@pt
http://www.w3.org/2000/01/rdf-schema#label	"Araguapaz"@it
http://www.w3.org/1999/02/22-rdf-syntax-ns#type	http://dbpedia.org/class/yago/Location100027167
