#---Properties and values from: http://dbpedia.org/resource/Matosinhos
Property	Value
http://dbpedia.org/property/longew	"W"^^http://www.w3.org/1999/02/22-rdf-syntax-ns#langString
http://dbpedia.org/ontology/wikiPageExternalLink	http://www.cm-matosinhos.pt
http://dbpedia.org/ontology/deathPlace	http://dbpedia.org/resource/Florbela_Espanca
http://dbpedia.org/property/latm	"11"^^http://www.w3.org/2001/XMLSchema#integer
http://dbpedia.org/property/latns	"N"^^http://www.w3.org/1999/02/22-rdf-syntax-ns#langString
http://dbpedia.org/property/imageSkyline	"Edificio Transparente 2 .JPG"^^http://www.w3.org/1999/02/22-rdf-syntax-ns#langString
http://dbpedia.org/property/location	http://dbpedia.org/resource/2016–17_Associação_Académica_de_Coimbra_–_O.A.F._season
http://dbpedia.org/property/metro	http://dbpedia.org/resource/Metropolitan_Area_of_Porto
http://purl.org/dc/terms/subject	http://dbpedia.org/resource/Category:Matosinhos
http://dbpedia.org/property/parishes	"[[#Parishes"^^http://www.w3.org/1999/02/22-rdf-syntax-ns#langString
http://dbpedia.org/property/leaderParty	http://dbpedia.org/resource/Socialist_Party_(Portugal)
http://www.w3.org/ns/prov#wasDerivedFrom	http://en.wikipedia.org/wiki/Matosinhos?oldid=689743561
http://dbpedia.org/property/hqLocation	http://dbpedia.org/resource/Unicer_Brewery
http://dbpedia.org/property/areaTotalKm	"62.420000000000001705"^^http://www.w3.org/2001/XMLSchema#decimal
http://dbpedia.org/property/district	http://dbpedia.org/resource/Porto_District
http://dbpedia.org/property/latd	"41"^^http://www.w3.org/2001/XMLSchema#integer
http://dbpedia.org/property/subregion	http://dbpedia.org/resource/Grande_Porto
http://dbpedia.org/ontology/foundationPlace	http://dbpedia.org/resource/Continente_(Supermarket)
http://xmlns.com/foaf/0.1/homepage	http://www.cm-matosinhos.pt
http://www.w3.org/1999/02/22-rdf-syntax-ns#type	http://dbpedia.org/class/yago/AdministrativeDistrict108491826
http://dbpedia.org/property/region	http://dbpedia.org/resource/Norte_Region,_Portugal
http://dbpedia.org/ontology/wikiPageRevisionID	"689743561"^^http://www.w3.org/2001/XMLSchema#integer
http://dbpedia.org/ontology/routeStart	http://dbpedia.org/resource/A4_motorway_(Portugal)
http://dbpedia.org/property/rallybase	http://dbpedia.org/resource/2000_Rallye_de_Portugal
http://dbpedia.org/property/wordnet_type	http://www.w3.org/2006/03/wn/wn20/instances/synset-township-noun-1
http://dbpedia.org/property/imageMap	"LocalMatosinhos.svg"^^http://www.w3.org/1999/02/22-rdf-syntax-ns#langString
http://dbpedia.org/property/website	http://www.cm-matosinhos.pt
http://xmlns.com/foaf/0.1/isPrimaryTopicOf	http://en.wikipedia.org/wiki/Matosinhos
http://dbpedia.org/ontology/headquarter	http://dbpedia.org/resource/Porto_Canal
http://dbpedia.org/property/municipality	http://dbpedia.org/resource/São_Mamede_de_Infesta_e_Senhora_da_Hora
http://dbpedia.org/ontology/country	http://dbpedia.org/resource/Metropolitan_Area_of_Porto
http://dbpedia.org/property/longm	"42"^^http://www.w3.org/2001/XMLSchema#integer
http://dbpedia.org/property/populationTotal	"175478"^^http://www.w3.org/2001/XMLSchema#integer
http://dbpedia.org/property/populationAsOf	"2011"^^http://www.w3.org/2001/XMLSchema#integer
http://dbpedia.org/property/stadium	http://dbpedia.org/resource/1991–92_Taça_de_Portugal
http://www.w3.org/2000/01/rdf-schema#comment	"25بك هذه المقالة تحتاج للمزيد من الوصلات للمقالات الأخرى للمساعدة في ترابط مقالات الموسوعة. فضلًا ساعد في تحسين هذه المقالة بإضافة وصلات إلى المقالات المتعلقة بها الموجودة في النص الحالي. (مايو 2016) ماتوسينهوس هي مدينة من مدن البرتغال. يبلغ عدد سكانها 175,478 نسمة وذلك حسب إحصائيات سنة 2011. تبلغ مساحتها 62.42 كم²."@ar
http://dbpedia.org/property/imageShield	"MTS1.png"^^http://www.w3.org/1999/02/22-rdf-syntax-ns#langString
http://dbpedia.org/property/longd	"8"^^http://www.w3.org/2001/XMLSchema#integer
http://xmlns.com/foaf/0.1/primaryTopic	http://en.wikipedia.org/wiki/Matosinhos
http://www.w3.org/2002/07/owl#sameAs	http://fr.dbpedia.org/resource/Matosinhos
http://dbpedia.org/ontology/thumbnail	http://commons.wikimedia.org/wiki/Special:FilePath/Pt-mts3.png?width=300
http://dbpedia.org/ontology/locationCity	http://dbpedia.org/resource/EFACEC
http://dbpedia.org/ontology/wikiPageID	"24734684"^^http://www.w3.org/2001/XMLSchema#integer
http://dbpedia.org/ontology/location	http://dbpedia.org/resource/Zippy_Kidstore
http://dbpedia.org/ontology/birthPlace	http://dbpedia.org/resource/Jacinto_Santos
http://dbpedia.org/property/leaderName	"Guilherme Pinto"^^http://www.w3.org/1999/02/22-rdf-syntax-ns#langString
http://xmlns.com/foaf/0.1/depiction	http://commons.wikimedia.org/wiki/Special:FilePath/Pt-mts3.png
http://purl.org/linguistics/gold/hypernym	http://dbpedia.org/resource/City
http://dbpedia.org/ontology/abstract	"Matosinhos (en portugais [mɐtu'ziɲuʃ]) est une ville et une municipalité portugaise. Elle est limitrophe au sud avec la ville de Porto et est comprise dans la sous-région du Grand Porto. La ville en elle-même est peuplée de 45 703 habitants. La municipalité comprend quant à elle 168 451 habitants sur dix paroisses. Une importante population a quitté les abords pour venir s'installer ici. La ville est la ville natale d'Álvaro Siza. C'est aussi la ville où le poète Florbela Espanca mourut : une bibliothèque locale porte d'ailleurs son nom. Matosinhos est située sur le littoral et est un centre commercial et industriel de l'agglomération de Porto. Matosinhos bénéficie d'été chaud et de belles plages même si la température de l'eau est basse."@fr
http://dbpedia.org/property/imageFlag	"Pt-mts3.png"^^http://www.w3.org/1999/02/22-rdf-syntax-ns#langString
http://www.w3.org/2000/01/rdf-schema#label	"Matosinhos"@fr
http://dbpedia.org/ontology/ground	http://dbpedia.org/resource/F.C._Infesta
