#---Properties and values from: http://dbpedia.org/resource/Lawra_District
Property	Value
http://dbpedia.org/property/longew	"W"^^http://www.w3.org/1999/02/22-rdf-syntax-ns#langString
http://xmlns.com/foaf/0.1/name	"Lawra District"@en
http://dbpedia.org/ontology/wikiPageExternalLink	http://www.ghanadistricts.com/index.asp
http://dbpedia.org/ontology/wikiPageRevisionID	"684498097"^^http://www.w3.org/2001/XMLSchema#integer
http://dbpedia.org/property/mapCaption	"Districts of Upper West region"^^http://www.w3.org/1999/02/22-rdf-syntax-ns#langString
http://dbpedia.org/property/latm	"30"^^http://www.w3.org/2001/XMLSchema#integer
http://dbpedia.org/property/latns	"N"^^http://www.w3.org/1999/02/22-rdf-syntax-ns#langString
http://www.w3.org/2003/01/geo/wgs84_pos#long	"-2.5833332538604736328"^^http://www.w3.org/2001/XMLSchema#float
http://dbpedia.org/property/coordinatesRegion	"GH"^^http://www.w3.org/1999/02/22-rdf-syntax-ns#langString
http://dbpedia.org/property/imageMap	"Upper West Ghana districts.png"^^http://www.w3.org/1999/02/22-rdf-syntax-ns#langString
http://dbpedia.org/property/id	"ygh"^^http://www.w3.org/1999/02/22-rdf-syntax-ns#langString
http://xmlns.com/foaf/0.1/isPrimaryTopicOf	http://en.wikipedia.org/wiki/Lawra_District
http://dbpedia.org/property/subdivisionType	"Capital"^^http://www.w3.org/1999/02/22-rdf-syntax-ns#langString
http://dbpedia.org/property/longm	"35"^^http://www.w3.org/2001/XMLSchema#integer
http://dbpedia.org/property/populationTotal	"—"^^http://www.w3.org/1999/02/22-rdf-syntax-ns#langString
http://dbpedia.org/property/populationAsOf	"2013"^^http://www.w3.org/2001/XMLSchema#integer
http://dbpedia.org/ontology/isPartOf	http://dbpedia.org/resource/Nandom
http://purl.org/dc/terms/subject	http://dbpedia.org/resource/Category:Districts_of_Upper_West_Region
http://www.w3.org/2000/01/rdf-schema#comment	"O Distrito de Lawra é um dos oito distritos localizado no Alto Ocidental, uma das Regiões do Gana. Sua capital é Lawra."@pt
http://dbpedia.org/ontology/type	http://dbpedia.org/resource/District
http://dbpedia.org/property/longd	"2"^^http://www.w3.org/2001/XMLSchema#integer
http://xmlns.com/foaf/0.1/primaryTopic	http://en.wikipedia.org/wiki/Lawra_District
http://dbpedia.org/ontology/leaderTitle	"District executive"@en
http://www.w3.org/2002/07/owl#sameAs	http://pt.dbpedia.org/resource/Lawra
http://www.w3.org/2003/01/geo/wgs84_pos#lat	"10.5"^^http://www.w3.org/2001/XMLSchema#float
http://www.georss.org/georss/point	"10.5 -2.5833333333333335"
http://dbpedia.org/ontology/thumbnail	http://commons.wikimedia.org/wiki/Special:FilePath/Upper_West_Ghana_districts.png?width=300
http://dbpedia.org/ontology/areaTotal	"509000000.0"^^http://www.w3.org/2001/XMLSchema#decimal
http://dbpedia.org/ontology/wikiPageID	"4143275"^^http://www.w3.org/2001/XMLSchema#integer
http://dbpedia.org/ontology/utcOffset	"+0"
http://www.w3.org/ns/prov#wasDerivedFrom	http://en.wikipedia.org/wiki/Lawra_District?oldid=684498097
http://dbpedia.org/ontology/timeZone	http://dbpedia.org/resource/Greenwich_Mean_Time
http://dbpedia.org/ontology/PopulatedPlace/areaTotal	"509.0"^^http://dbpedia.org/datatype/squareKilometre
http://dbpedia.org/property/leaderName	"George Yasaame Sulley"^^http://www.w3.org/1999/02/22-rdf-syntax-ns#langString
http://dbpedia.org/property/district	http://dbpedia.org/resource/Lawra-Nandom_(Ghana_parliament_constituency)
http://dbpedia.org/property/pushpinMap	"Ghana"^^http://www.w3.org/1999/02/22-rdf-syntax-ns#langString
http://xmlns.com/foaf/0.1/depiction	http://commons.wikimedia.org/wiki/Special:FilePath/Upper_West_Ghana_districts.png
http://purl.org/linguistics/gold/hypernym	http://dbpedia.org/resource/Districts
http://dbpedia.org/property/latd	"10"^^http://www.w3.org/2001/XMLSchema#integer
http://dbpedia.org/ontology/abstract	"Il distretto di Lawra  (ufficialmente  Lawra District, in inglese) è un distretto della Regione Nordoccidentale del Ghana."@it
http://dbpedia.org/property/pushpinMapCaption	"Lawra District in Upper West region"^^http://www.w3.org/1999/02/22-rdf-syntax-ns#langString
http://www.w3.org/2003/01/geo/wgs84_pos#geometry	"POINT(-2.5833332538605 10.5)"^^http://www.openlinksw.com/schemas/virtrdf#Geometry
http://dbpedia.org/property/title	"Districts of Ghana"^^http://www.w3.org/1999/02/22-rdf-syntax-ns#langString
http://www.w3.org/2000/01/rdf-schema#label	"Distretto di Lawra"@it
http://dbpedia.org/ontology/isoCodeRegion	"GH-UW-LA"
http://www.w3.org/1999/02/22-rdf-syntax-ns#type	http://dbpedia.org/ontology/PopulatedPlace
