#---Properties and values from: http://dbpedia.org/resource/Blije
Property	Value
http://xmlns.com/foaf/0.1/name	"Blije"@en
http://dbpedia.org/ontology/wikiPageExternalLink	http://www.blije.info
http://dbpedia.org/ontology/wikiPageRevisionID	"666657235"^^http://www.w3.org/2001/XMLSchema#integer
http://dbpedia.org/property/settlementType	"Village"^^http://www.w3.org/1999/02/22-rdf-syntax-ns#langString
http://www.w3.org/2003/01/geo/wgs84_pos#long	"5.8611111640930175781"^^http://www.w3.org/2001/XMLSchema#float
http://dbpedia.org/property/imageMap	"Map NL Ferwerderadiel Blije.png"^^http://www.w3.org/1999/02/22-rdf-syntax-ns#langString
http://xmlns.com/foaf/0.1/isPrimaryTopicOf	http://en.wikipedia.org/wiki/Blije
http://dbpedia.org/property/subdivisionType	"Province"^^http://www.w3.org/1999/02/22-rdf-syntax-ns#langString
http://dbpedia.org/ontology/country	http://dbpedia.org/resource/Netherlands
http://dbpedia.org/property/populationTotal	"c. 839"^^http://www.w3.org/1999/02/22-rdf-syntax-ns#langString
http://purl.org/dc/terms/subject	http://dbpedia.org/resource/Category:Populated_places_in_Friesland
http://dbpedia.org/ontology/isPartOf	http://dbpedia.org/resource/Friesland
http://www.w3.org/2000/01/rdf-schema#comment	"Blije est un village situé dans la commune néerlandaise de Ferwerderadiel, dans la province de la Frise. Son nom en néerlandais est Blija."@fr
http://xmlns.com/foaf/0.1/primaryTopic	http://en.wikipedia.org/wiki/Blije
http://www.w3.org/2002/07/owl#sameAs	http://dbpedia.org/resource/Blije
http://www.w3.org/2003/01/geo/wgs84_pos#lat	"53.351665496826171875"^^http://www.w3.org/2001/XMLSchema#float
http://www.georss.org/georss/point	"53.35166666666667 5.861111111111111"
http://dbpedia.org/ontology/thumbnail	http://commons.wikimedia.org/wiki/Special:FilePath/Map_NL_Ferwerderadiel_Blije.png?width=300
http://dbpedia.org/ontology/wikiPageID	"16371806"^^http://www.w3.org/2001/XMLSchema#integer
http://www.w3.org/ns/prov#wasDerivedFrom	http://en.wikipedia.org/wiki/Blije?oldid=666657235
http://dbpedia.org/ontology/birthPlace	http://dbpedia.org/resource/Watse_Cuperus
http://xmlns.com/foaf/0.1/depiction	http://commons.wikimedia.org/wiki/Special:FilePath/Map_NL_Ferwerderadiel_Blije.png
http://purl.org/linguistics/gold/hypernym	http://dbpedia.org/resource/Village
http://dbpedia.org/ontology/abstract	"Blija  é uma municipalidade e cidadezinha na província da Frísia (Fryslân), no norte dos Países Baixos. Pertence à comuna de Ferwerderadiel."@pt
http://www.w3.org/2003/01/geo/wgs84_pos#geometry	"POINT(5.861111164093 53.351665496826)"^^http://www.openlinksw.com/schemas/virtrdf#Geometry
http://www.w3.org/2000/01/rdf-schema#label	"Blije"@en
http://dbpedia.org/property/mapsize	"280"^^http://www.w3.org/2001/XMLSchema#integer
http://www.w3.org/1999/02/22-rdf-syntax-ns#type	http://dbpedia.org/class/yago/Region108630985
