#---Properties and values from: http://dbpedia.org/resource/Guaíra,_São_Paulo
Property	Value
http://dbpedia.org/property/lats	"6"^^http://www.w3.org/2001/XMLSchema#integer
http://dbpedia.org/ontology/wikiPageExternalLink	http://www.camara-guaira.sp.gov.br
http://dbpedia.org/ontology/wikiPageRevisionID	"720309340"^^http://www.w3.org/2001/XMLSchema#integer
http://dbpedia.org/property/latm	"19"^^http://www.w3.org/2001/XMLSchema#integer
http://dbpedia.org/property/latns	"S"^^http://www.w3.org/1999/02/22-rdf-syntax-ns#langString
http://dbpedia.org/property/areaCode	"17"^^http://www.w3.org/2001/XMLSchema#integer
http://dbpedia.org/property/imageMap	"SaoPaulo Municip Guaira.svg"^^http://www.w3.org/1999/02/22-rdf-syntax-ns#langString
http://xmlns.com/foaf/0.1/isPrimaryTopicOf	http://en.wikipedia.org/wiki/Guaíra,_São_Paulo
http://dbpedia.org/property/longm	"18"^^http://www.w3.org/2001/XMLSchema#integer
http://dbpedia.org/property/location	http://dbpedia.org/resource/1976_São_Paulo_FC_season
http://dbpedia.org/property/populationTotal	"39813"^^http://www.w3.org/2001/XMLSchema#integer
http://dbpedia.org/property/longs	"38"^^http://www.w3.org/2001/XMLSchema#integer
http://dbpedia.org/property/populationAsOf	"2015"^^http://www.w3.org/2001/XMLSchema#integer
http://purl.org/dc/terms/subject	http://dbpedia.org/resource/Category:Municipalities_in_São_Paulo_(state)
http://dbpedia.org/property/elevation	"517"^^http://www.w3.org/2001/XMLSchema#integer
http://dbpedia.org/property/state	"SP"^^http://www.w3.org/1999/02/22-rdf-syntax-ns#langString
http://www.w3.org/2000/01/rdf-schema#comment	"Гуаира (порт. Guaíra) — муниципалитет в Бразилии, входит в штат Сан-Паулу. Составная часть мезорегиона Рибейран-Прету. Входит в экономико-статистический микрорегион Сан-Жоакин-да-Барра. Население составляет 37 226 человек на 2006 год. Занимает площадь 1 258,671 км². Плотность населения — 29,6 чел./км². Праздник города — 18 мая."@ru
http://dbpedia.org/property/imageShield	"Brasaoguaira.jpg"^^http://www.w3.org/1999/02/22-rdf-syntax-ns#langString
http://dbpedia.org/property/longd	"48"^^http://www.w3.org/2001/XMLSchema#integer
http://xmlns.com/foaf/0.1/primaryTopic	http://en.wikipedia.org/wiki/Guaíra,_São_Paulo
http://www.w3.org/2002/07/owl#sameAs	http://www.wikidata.org/entity/Q2013622
http://dbpedia.org/ontology/wikiPageRedirects	http://dbpedia.org/resource/Guaira,_Sao_Paulo
http://dbpedia.org/property/leaderParty	http://dbpedia.org/resource/Workers'_Party_(Brazil)
http://dbpedia.org/ontology/thumbnail	http://commons.wikimedia.org/wiki/Special:FilePath/Bandeiraguaira.jpg?width=300
http://dbpedia.org/ontology/wikiPageID	"17028303"^^http://www.w3.org/2001/XMLSchema#integer
http://dbpedia.org/property/areaTotal	"1258"^^http://www.w3.org/2001/XMLSchema#integer
http://dbpedia.org/ontology/birthPlace	http://dbpedia.org/resource/Luiz_Eduardo_Felix_da_Costa
http://www.w3.org/ns/prov#wasDerivedFrom	http://en.wikipedia.org/wiki/Guaíra,_São_Paulo?oldid=720309340
http://dbpedia.org/property/leaderName	"Sérgio de Mello"^^http://www.w3.org/1999/02/22-rdf-syntax-ns#langString
http://dbpedia.org/property/name	"Guaíra"^^http://www.w3.org/1999/02/22-rdf-syntax-ns#langString
http://dbpedia.org/property/mesoregion	"Ribeirão Preto"^^http://www.w3.org/1999/02/22-rdf-syntax-ns#langString
http://xmlns.com/foaf/0.1/depiction	http://commons.wikimedia.org/wiki/Special:FilePath/Bandeiraguaira.jpg
http://purl.org/linguistics/gold/hypernym	http://dbpedia.org/resource/Municipality
http://dbpedia.org/property/latd	"20"^^http://www.w3.org/2001/XMLSchema#integer
http://dbpedia.org/property/postalCode	"14790"^^http://www.w3.org/2001/XMLSchema#integer
http://dbpedia.org/ontology/abstract	"Guaíra est une municipalité brésilienne de l'État de São Paulo et la Microrégion de São Joaquim da Barra."@fr
http://dbpedia.org/property/imageFlag	"Bandeiraguaira.jpg"^^http://www.w3.org/1999/02/22-rdf-syntax-ns#langString
http://www.w3.org/2000/01/rdf-schema#label	"Guaíra, São Paulo"@en
http://www.w3.org/1999/02/22-rdf-syntax-ns#type	http://dbpedia.org/class/yago/WikicatPopulatedPlacesInSãoPaulo(state)
