#---Properties and values from: http://dbpedia.org/resource/Jellum
Property	Value
http://xmlns.com/foaf/0.1/name	"Jellum"@en
http://dbpedia.org/ontology/wikiPageRevisionID	"649905922"^^http://www.w3.org/2001/XMLSchema#integer
http://dbpedia.org/property/settlementType	"Village"^^http://www.w3.org/1999/02/22-rdf-syntax-ns#langString
http://www.w3.org/2003/01/geo/wgs84_pos#long	"5.74388885498046875"^^http://www.w3.org/2001/XMLSchema#float
http://dbpedia.org/property/imageMap	"Map NL Littenseradiel Jellum.png"^^http://www.w3.org/1999/02/22-rdf-syntax-ns#langString
http://xmlns.com/foaf/0.1/isPrimaryTopicOf	http://en.wikipedia.org/wiki/Jellum
http://dbpedia.org/property/subdivisionType	"Province"^^http://www.w3.org/1999/02/22-rdf-syntax-ns#langString
http://dbpedia.org/ontology/country	http://dbpedia.org/resource/Netherlands
http://dbpedia.org/property/populationTotal	"c. 140"^^http://www.w3.org/1999/02/22-rdf-syntax-ns#langString
http://purl.org/dc/terms/subject	http://dbpedia.org/resource/Category:Populated_places_in_Friesland
http://dbpedia.org/ontology/isPartOf	http://dbpedia.org/resource/Friesland
http://www.w3.org/2000/01/rdf-schema#comment	"Jellum is een dorp in de gemeente Littenseradeel, in de Nederlandse provincie Friesland."@nl
http://xmlns.com/foaf/0.1/primaryTopic	http://en.wikipedia.org/wiki/Jellum
http://www.w3.org/2002/07/owl#sameAs	http://nl.dbpedia.org/resource/Jellum
http://www.w3.org/2003/01/geo/wgs84_pos#lat	"53.16222381591796875"^^http://www.w3.org/2001/XMLSchema#float
http://www.georss.org/georss/point	"53.16222222222222 5.743888888888889"
http://dbpedia.org/ontology/thumbnail	http://commons.wikimedia.org/wiki/Special:FilePath/Map_NL_Littenseradiel_Jellum.png?width=300
http://dbpedia.org/ontology/wikiPageID	"20123429"^^http://www.w3.org/2001/XMLSchema#integer
http://www.w3.org/ns/prov#wasDerivedFrom	http://en.wikipedia.org/wiki/Jellum?oldid=649905922
http://xmlns.com/foaf/0.1/depiction	http://commons.wikimedia.org/wiki/Special:FilePath/Map_NL_Littenseradiel_Jellum.png
http://purl.org/linguistics/gold/hypernym	http://dbpedia.org/resource/Village
http://dbpedia.org/ontology/abstract	"Jellum is een dorp in de gemeente Littenseradeel, in de Nederlandse provincie Friesland."@nl
http://www.w3.org/2003/01/geo/wgs84_pos#geometry	"POINT(5.7438888549805 53.162223815918)"^^http://www.openlinksw.com/schemas/virtrdf#Geometry
http://www.w3.org/2000/01/rdf-schema#label	"Jellum"@nl
http://dbpedia.org/property/mapsize	"280"^^http://www.w3.org/2001/XMLSchema#integer
http://www.w3.org/1999/02/22-rdf-syntax-ns#type	http://www.wikidata.org/entity/Q486972
