#---Properties and values from: http://dbpedia.org/resource/Viatodos,_Grimancelos,_Minhotães_e_Monte_de_Fralães
Property	Value
http://dbpedia.org/ontology/wikiPageRedirects	http://dbpedia.org/resource/Viatodos,_Grimancelos,_Minhotaes_e_Monte_de_Fralaes
http://www.w3.org/2002/07/owl#sameAs	http://dbpedia.org/resource/Viatodos,_Grimancelos,_Minhotães_e_Monte_de_Fralães
http://dbpedia.org/property/officialName	"Viatodos, Grimancelos,"^^http://www.w3.org/1999/02/22-rdf-syntax-ns#langString
http://dbpedia.org/ontology/wikiPageRevisionID	"730765335"^^http://www.w3.org/2001/XMLSchema#integer
http://dbpedia.org/ontology/wikiPageID	"5922184"^^http://www.w3.org/2001/XMLSchema#integer
http://dbpedia.org/property/areaTotal	"12.400000000000000355"^^http://www.w3.org/2001/XMLSchema#decimal
http://www.w3.org/ns/prov#wasDerivedFrom	http://en.wikipedia.org/wiki/Viatodos,_Grimancelos,_Minhotães_e_Monte_de_Fralães?oldid=730765335
http://xmlns.com/foaf/0.1/isPrimaryTopicOf	http://en.wikipedia.org/wiki/Viatodos,_Grimancelos,_Minhotães_e_Monte_de_Fralães
http://dbpedia.org/property/municipality	http://dbpedia.org/resource/Barcelos_Municipality,_Portugal
http://purl.org/linguistics/gold/hypernym	http://dbpedia.org/resource/Parish
http://dbpedia.org/ontology/country	http://dbpedia.org/resource/Portugal
http://dbpedia.org/property/latd	"41.448999999999998067"^^http://www.w3.org/2001/XMLSchema#decimal
http://dbpedia.org/property/populationTotal	"3814"^^http://www.w3.org/2001/XMLSchema#integer
http://dbpedia.org/property/populationAsOf	"2011"^^http://www.w3.org/2001/XMLSchema#integer
http://purl.org/dc/terms/subject	http://dbpedia.org/resource/Category:Parishes_of_Barcelos,_Portugal
http://dbpedia.org/ontology/abstract	"Viatodos, Grimancelos, Minhotães e Monte de Fralães (oficialmente: União das Freguesias de Viatodos, Grimancelos, Minhotães e Monte de Fralães) é uma freguesia portuguesa do concelho de Barcelos com 12,40 km² de área e 3 814 habitantes (2011). Densidade: 307,6 hab/km²."@pt
http://www.w3.org/2000/01/rdf-schema#comment	"Viatodos, Grimancelos, Minhotães e Monte de Fralães is a civil parish in the municipality of Barcelos, Portugal. It was formed in 2013 by the merger of the former parishes Viatodos, Grimancelos, Minhotães and Monte de Fralães. The population in 2011 was 3,814, in an area of 12.40 km²."@en
http://www.w3.org/2000/01/rdf-schema#label	"União das Freguesias de Viatodos, Grimancelos, Minhotães e Monte de Fralães"@de
http://dbpedia.org/property/longd	"-8.5570000000000003837"^^http://www.w3.org/2001/XMLSchema#decimal
http://xmlns.com/foaf/0.1/primaryTopic	http://en.wikipedia.org/wiki/Viatodos,_Grimancelos,_Minhotães_e_Monte_de_Fralães
http://www.w3.org/1999/02/22-rdf-syntax-ns#type	http://dbpedia.org/class/yago/Location100027167
