#---Properties and values from: http://dbpedia.org/resource/Laura,_Saskatchewan
Property	Value
http://xmlns.com/foaf/0.1/name	"Laura, Saskatchewan"@en
http://dbpedia.org/ontology/wikiPageExternalLink	http://www.horseshoetourism.ca/members.htm
http://dbpedia.org/property/2006MedianAge	"NA"^^http://www.w3.org/1999/02/22-rdf-syntax-ns#langString
http://www.w3.org/2003/01/geo/wgs84_pos#long	"-107.26721954345703125"^^http://www.w3.org/2001/XMLSchema#float
http://dbpedia.org/property/subdivisionType	http://dbpedia.org/resource/Country
http://dbpedia.org/property/west	http://dbpedia.org/resource/Tessier,_Saskatchewan
http://dbpedia.org/ontology/wikiPageDisambiguates	http://dbpedia.org/resource/Laura
http://purl.org/dc/terms/subject	http://dbpedia.org/resource/Category:Ghost_towns_in_Saskatchewan
http://dbpedia.org/ontology/isPartOf	http://dbpedia.org/resource/Montrose_No._315,_Saskatchewan
http://dbpedia.org/ontology/PopulatedPlace/populationDensity	"0.0"^^http://dbpedia.org/datatype/inhabitantsPerSquareKilometre
http://dbpedia.org/property/2006MeanHhIncome	"NA"^^http://www.w3.org/1999/02/22-rdf-syntax-ns#langString
http://dbpedia.org/ontology/areaTotal	"0.0"^^http://www.w3.org/2001/XMLSchema#decimal
http://dbpedia.org/property/blankName	http://dbpedia.org/resource/List_of_Saskatchewan_provincial_highways
http://www.w3.org/ns/prov#wasDerivedFrom	http://en.wikipedia.org/wiki/Laura,_Saskatchewan?oldid=737825531
http://dbpedia.org/ontology/areaCode	"306"
http://dbpedia.org/property/latd	"51.50999999999999801"^^http://www.w3.org/2001/XMLSchema#decimal
http://dbpedia.org/property/blankInfo	http://dbpedia.org/resource/Saskatchewan_Highway_7
http://dbpedia.org/property/establishedTitle	"Restructured"^^http://www.w3.org/1999/02/22-rdf-syntax-ns#langString
http://dbpedia.org/property/southeast	http://dbpedia.org/resource/Donavon,_Saskatchewan
http://www.w3.org/1999/02/22-rdf-syntax-ns#type	http://dbpedia.org/class/yago/PhysicalEntity100001930
http://dbpedia.org/ontology/wikiPageRevisionID	"737825531"^^http://www.w3.org/2001/XMLSchema#integer
http://dbpedia.org/property/2006MedianAgeF	"NA"^^http://www.w3.org/1999/02/22-rdf-syntax-ns#langString
http://dbpedia.org/ontology/foundingDate	"1954-12-31"^^http://www.w3.org/2001/XMLSchema#date
http://dbpedia.org/property/coordinatesRegion	"CA-SK"^^http://www.w3.org/1999/02/22-rdf-syntax-ns#langString
http://dbpedia.org/property/north	http://dbpedia.org/resource/Ardath,_Saskatchewan
http://dbpedia.org/property/blank1Info	http://dbpedia.org/resource/Canadian_National_Railway
http://xmlns.com/foaf/0.1/isPrimaryTopicOf	http://en.wikipedia.org/wiki/Laura,_Saskatchewan
http://dbpedia.org/property/postalCodeType	http://dbpedia.org/resource/Postal_code
http://dbpedia.org/ontology/country	http://dbpedia.org/resource/Canada
http://dbpedia.org/property/populationTotal	"n/a"^^http://www.w3.org/1999/02/22-rdf-syntax-ns#langString
http://dbpedia.org/property/northwest	http://dbpedia.org/resource/Donavon,_Saskatchewan
http://dbpedia.org/property/populationAsOf	"2006"^^http://www.w3.org/2001/XMLSchema#integer
http://www.w3.org/2000/01/rdf-schema#comment	"Laura is a hamlet in Montrose Rural Municipality 315, Saskatchewan, Canada. It previously held the status of village until December 31, 1954 and again at an unknown date but was restructured back to hamlet status on December 28, 1978. The hamlet is located southwest of Saskatoon along Highway 7 and Canadian National Railway Saskatoon-Rosetown stub."@en
http://dbpedia.org/property/south	http://dbpedia.org/resource/Ardath,_Saskatchewan
http://dbpedia.org/ontology/populationDensity	"0.0"^^http://www.w3.org/2001/XMLSchema#decimal
http://dbpedia.org/ontology/type	http://dbpedia.org/resource/Hamlet_(place)
http://dbpedia.org/property/longd	"-107.16020000000000323"^^http://www.w3.org/2001/XMLSchema#decimal
http://xmlns.com/foaf/0.1/primaryTopic	http://en.wikipedia.org/wiki/Laura,_Saskatchewan
http://dbpedia.org/ontology/leaderTitle	"Governing body"@en
http://dbpedia.org/property/east	http://dbpedia.org/resource/Delisle,_Saskatchewan
http://dbpedia.org/property/timezone	"CST"^^http://www.w3.org/1999/02/22-rdf-syntax-ns#langString
http://dbpedia.org/property/2006MedianAgeM	"NA"^^http://www.w3.org/1999/02/22-rdf-syntax-ns#langString
http://www.w3.org/2002/07/owl#sameAs	http://dbpedia.org/resource/Laura,_Saskatchewan
http://www.w3.org/2003/01/geo/wgs84_pos#lat	"51.84999847412109375"^^http://www.w3.org/2001/XMLSchema#float
http://www.georss.org/georss/point	"51.85 -107.26722222222222"
http://dbpedia.org/ontology/wikiPageID	"1948689"^^http://www.w3.org/2001/XMLSchema#integer
http://dbpedia.org/property/northeast	http://dbpedia.org/resource/Vade,_Saskatchewan
http://dbpedia.org/ontology/PopulatedPlace/areaTotal	"0.0"^^http://dbpedia.org/datatype/squareKilometre
http://dbpedia.org/property/leaderName	"Montrose No. 315"^^http://www.w3.org/1999/02/22-rdf-syntax-ns#langString
http://dbpedia.org/property/centre	"Laura"^^http://www.w3.org/1999/02/22-rdf-syntax-ns#langString
http://dbpedia.org/property/pushpinMap	"Saskatchewan#Canada"^^http://www.w3.org/1999/02/22-rdf-syntax-ns#langString
http://dbpedia.org/property/blank1Name	"Railways"^^http://www.w3.org/1999/02/22-rdf-syntax-ns#langString
http://purl.org/linguistics/gold/hypernym	http://dbpedia.org/resource/Hamlet
http://dbpedia.org/property/establishedDate	"N/A"^^http://www.w3.org/1999/02/22-rdf-syntax-ns#langString
http://dbpedia.org/ontology/abstract	"Laura is a hamlet in Montrose Rural Municipality 315, Saskatchewan, Canada. It previously held the status of village until December 31, 1954 and again at an unknown date but was restructured back to hamlet status on December 28, 1978. The hamlet is located southwest of Saskatoon along Highway 7 and Canadian National Railway Saskatoon-Rosetown stub. For a wonderful description of a youngster growing up in Laura during the period prior to and through the Great Depression, the book entitled \"The Fledgling Years - A childhood on the Prairies\" by William C. Macklon (publisher Western Producer Prairie Books, Saskatoon, Saskatchewan, copyright 1990) is a delightful read. Prior to the Great Depression, Laura was a bustling active pioneer farming community."@en
http://dbpedia.org/property/southwest	http://dbpedia.org/resource/Harris,_Saskatchewan
http://www.w3.org/2003/01/geo/wgs84_pos#geometry	"POINT(-107.26721954346 51.509998321533)"^^http://www.openlinksw.com/schemas/virtrdf#Geometry
http://dbpedia.org/property/2006AccessDate	"2011-08-01"^^http://www.w3.org/2001/XMLSchema#date
http://www.w3.org/2000/01/rdf-schema#label	"Laura, Saskatchewan"@en
http://dbpedia.org/property/subdivisionName	"West-Central"^^http://www.w3.org/1999/02/22-rdf-syntax-ns#langString
