#---Properties and values from: http://dbpedia.org/resource/Rusellae
Property	Value
http://dbpedia.org/property/longew	"E"^^http://www.w3.org/1999/02/22-rdf-syntax-ns#langString
http://dbpedia.org/property/lats	"34"^^http://www.w3.org/2001/XMLSchema#integer
http://dbpedia.org/ontology/wikiPageExternalLink	http://penelope.uchicago.edu/Thayer/E/Gazetteer/Places/Europe/Italy/Toscana/Grosseto/Grosseto/Roselle/home.html
http://dbpedia.org/ontology/wikiPageRevisionID	"744115597"^^http://www.w3.org/2001/XMLSchema#integer
http://dbpedia.org/property/comune	http://dbpedia.org/resource/Grosseto
http://dbpedia.org/property/latm	"48"^^http://www.w3.org/2001/XMLSchema#integer
http://dbpedia.org/property/latns	"N"^^http://www.w3.org/1999/02/22-rdf-syntax-ns#langString
http://dbpedia.org/property/areaCode	"564"^^http://www.w3.org/2001/XMLSchema#integer
http://dbpedia.org/property/imageSkyline	"Roselle Archaeological Park Central area 2.JPG"^^http://www.w3.org/1999/02/22-rdf-syntax-ns#langString
http://dbpedia.org/property/imageCaption	"The archaeological site of Rusellae"^^http://www.w3.org/1999/02/22-rdf-syntax-ns#langString
http://xmlns.com/foaf/0.1/isPrimaryTopicOf	http://en.wikipedia.org/wiki/Rusellae
http://dbpedia.org/property/longm	"8"^^http://www.w3.org/2001/XMLSchema#integer
http://dbpedia.org/property/populationTotal	"2998"^^http://www.w3.org/2001/XMLSchema#integer
http://dbpedia.org/property/longs	"19"^^http://www.w3.org/2001/XMLSchema#integer
http://dbpedia.org/property/populationAsOf	"2010"^^http://www.w3.org/2001/XMLSchema#integer
http://purl.org/dc/terms/subject	http://dbpedia.org/resource/Category:Etruscan_cities
http://www.w3.org/2000/01/rdf-schema#comment	"Roselle is een plaats (frazione) in de Italiaanse gemeente Grosseto. Roselle was ooit een belangrijke Etruskische en Romeinse stad. Het was een bisdom tot 1138, toen het hoofdkantoor werd verplaatst naar Grosseto. De overblijfselen van de oude stad zijn zichtbaar in het archeologische park."@nl
http://dbpedia.org/property/longd	"11"^^http://www.w3.org/2001/XMLSchema#integer
http://xmlns.com/foaf/0.1/primaryTopic	http://en.wikipedia.org/wiki/Rusellae
http://dbpedia.org/ontology/frazioni	http://dbpedia.org/resource/Grosseto
http://www.w3.org/2002/07/owl#sameAs	http://www.wikidata.org/entity/Q1231529
http://dbpedia.org/ontology/wikiPageRedirects	http://dbpedia.org/resource/Rusellæ
http://dbpedia.org/ontology/thumbnail	http://commons.wikimedia.org/wiki/Special:FilePath/Roselle_Archaeological_Park_Central_area_2.JPG?width=300
http://dbpedia.org/ontology/wikiPageID	"3090664"^^http://www.w3.org/2001/XMLSchema#integer
http://dbpedia.org/property/elevationM	"25"^^http://www.w3.org/2001/XMLSchema#integer
http://www.w3.org/ns/prov#wasDerivedFrom	http://en.wikipedia.org/wiki/Rusellae?oldid=744115597
http://dbpedia.org/property/coordinatesDisplay	"inline, title"^^http://www.w3.org/1999/02/22-rdf-syntax-ns#langString
http://dbpedia.org/property/name	"Roselle"^^http://www.w3.org/1999/02/22-rdf-syntax-ns#langString
http://xmlns.com/foaf/0.1/depiction	http://commons.wikimedia.org/wiki/Special:FilePath/Roselle_Archaeological_Park_Central_area_2.JPG
http://purl.org/linguistics/gold/hypernym	http://dbpedia.org/resource/Town
http://dbpedia.org/property/nativeName	"Rusellae"^^http://www.w3.org/1999/02/22-rdf-syntax-ns#langString
http://dbpedia.org/property/latd	"42"^^http://www.w3.org/2001/XMLSchema#integer
http://dbpedia.org/property/postalCode	"58100"^^http://www.w3.org/2001/XMLSchema#integer
http://dbpedia.org/ontology/abstract	"Roselle, lateinisch Rusellae, ist eine antike Stadt am Ombrone in der Toskana, etwa 8 km nordöstlich von Grosseto. Der unterhalb des Hügels gelegene Ort ist heute ein Ortsteil von Grosseto."@de
http://www.w3.org/2000/01/rdf-schema#label	"Roselle (Toskana)"@de
http://dbpedia.org/property/province	http://dbpedia.org/resource/Province_of_Grosseto
http://www.w3.org/1999/02/22-rdf-syntax-ns#type	http://dbpedia.org/class/yago/Object100002684
http://dbpedia.org/property/gentilic	"Rosellani"^^http://www.w3.org/1999/02/22-rdf-syntax-ns#langString
