#---Properties and values from: http://dbpedia.org/resource/Steenbok,_Mpumalanga
Property	Value
http://xmlns.com/foaf/0.1/name	"Steenbok"@en
http://dbpedia.org/ontology/wikiPageExternalLink	http://census.adrianfrith.com/place/81708002
http://dbpedia.org/ontology/wikiPageRevisionID	"588921341"^^http://www.w3.org/2001/XMLSchema#integer
http://dbpedia.org/property/areaFootnotes	"ref | |name=census2001"^^http://www.w3.org/1999/02/22-rdf-syntax-ns#langString
http://www.w3.org/2003/01/geo/wgs84_pos#long	"31.895999908447265625"^^http://www.w3.org/2001/XMLSchema#float
http://xmlns.com/foaf/0.1/isPrimaryTopicOf	http://en.wikipedia.org/wiki/Steenbok,_Mpumalanga
http://dbpedia.org/property/municipality	"Nkomazi"^^http://www.w3.org/1999/02/22-rdf-syntax-ns#langString
http://dbpedia.org/property/postal2Code	"1347"^^http://www.w3.org/2001/XMLSchema#integer
http://dbpedia.org/ontology/country	http://dbpedia.org/resource/South_Africa
http://dbpedia.org/property/populationTotal	"10467"^^http://www.w3.org/2001/XMLSchema#integer
http://dbpedia.org/property/populationAsOf	"2001"^^http://www.w3.org/2001/XMLSchema#integer
http://purl.org/dc/terms/subject	http://dbpedia.org/resource/Category:Populated_places_in_the_Nkomazi_Local_Municipality
http://www.w3.org/2000/01/rdf-schema#comment	"Steenbok is a town in Ehlanzeni District Municipality in the Mpumalanga province of South Africa."@en
http://dbpedia.org/property/leaderTitle	"Councillor"^^http://www.w3.org/1999/02/22-rdf-syntax-ns#langString
http://dbpedia.org/property/longd	"31.896000000000000796"^^http://www.w3.org/2001/XMLSchema#decimal
http://xmlns.com/foaf/0.1/primaryTopic	http://en.wikipedia.org/wiki/Steenbok,_Mpumalanga
http://www.w3.org/2002/07/owl#sameAs	http://www.wikidata.org/entity/Q15975749
http://www.w3.org/2003/01/geo/wgs84_pos#lat	"25.742000579833984375"^^http://www.w3.org/2001/XMLSchema#float
http://www.georss.org/georss/point	"25.742 31.896"
http://dbpedia.org/ontology/wikiPageID	"40116414"^^http://www.w3.org/2001/XMLSchema#integer
http://www.w3.org/ns/prov#wasDerivedFrom	http://en.wikipedia.org/wiki/Steenbok,_Mpumalanga?oldid=588921341
http://dbpedia.org/property/areaTotalKm	"9.5199999999999995737"^^http://www.w3.org/2001/XMLSchema#decimal
http://dbpedia.org/property/district	"Ehlanzeni"^^http://www.w3.org/1999/02/22-rdf-syntax-ns#langString
http://purl.org/linguistics/gold/hypernym	http://dbpedia.org/resource/Town
http://dbpedia.org/property/latd	"25.742000000000000881"^^http://www.w3.org/2001/XMLSchema#decimal
http://dbpedia.org/ontology/abstract	"Steenbok is a town in Ehlanzeni District Municipality in the Mpumalanga province of South Africa."@en
http://www.w3.org/2003/01/geo/wgs84_pos#geometry	"POINT(31.895999908447 25.742000579834)"^^http://www.openlinksw.com/schemas/virtrdf#Geometry
http://www.w3.org/2000/01/rdf-schema#label	"Steenbok, Mpumalanga"@en
http://dbpedia.org/property/province	"Mpumalanga"^^http://www.w3.org/1999/02/22-rdf-syntax-ns#langString
http://www.w3.org/1999/02/22-rdf-syntax-ns#type	http://dbpedia.org/class/yago/Location100027167
