#---Properties and values from: http://dbpedia.org/resource/Arazede
Property	Value
http://dbpedia.org/property/officialName	"Arazede"^^http://www.w3.org/1999/02/22-rdf-syntax-ns#langString
http://dbpedia.org/ontology/wikiPageRevisionID	"744725278"^^http://www.w3.org/2001/XMLSchema#integer
http://xmlns.com/foaf/0.1/isPrimaryTopicOf	http://en.wikipedia.org/wiki/Arazede
http://dbpedia.org/property/municipality	http://dbpedia.org/resource/Montemor-o-Velho
http://dbpedia.org/ontology/country	http://dbpedia.org/resource/Portugal
http://dbpedia.org/property/populationTotal	"5508"^^http://www.w3.org/2001/XMLSchema#integer
http://dbpedia.org/property/populationAsOf	"2011"^^http://www.w3.org/2001/XMLSchema#integer
http://purl.org/dc/terms/subject	http://dbpedia.org/resource/Category:Parishes_of_Montemor-o-Velho
http://www.w3.org/2000/01/rdf-schema#comment	"Аразеде (порт. Arazede) — район (фрегезия) в Португалии, входит в округ Коимбра. Является составной частью муниципалитета Монтемор-у-Велью. Находится в составе крупной городской агломерации Большая Коимбра. По старому административному делению входил в провинцию Бейра-Литорал. Входит в экономико-статистический субрегион Байшу-Мондегу, который входит в Центральный регион. Население составляет 5956 человек на 2001 год. Занимает площадь 52,72 км². Покровителем района считается Дева Мария (порт. Nossa Senhora do Pranto)."@ru
http://dbpedia.org/property/cim	http://dbpedia.org/resource/Região_de_Coimbra
http://dbpedia.org/property/longd	"-8.6519999999999992468"^^http://www.w3.org/2001/XMLSchema#decimal
http://xmlns.com/foaf/0.1/primaryTopic	http://en.wikipedia.org/wiki/Arazede
http://www.w3.org/2002/07/owl#sameAs	http://sws.geonames.org/8011852/
http://dbpedia.org/ontology/wikiPageID	"29326803"^^http://www.w3.org/2001/XMLSchema#integer
http://dbpedia.org/property/areaTotal	"53.450000000000002842"^^http://www.w3.org/2001/XMLSchema#decimal
http://www.w3.org/ns/prov#wasDerivedFrom	http://en.wikipedia.org/wiki/Arazede?oldid=744725278
http://dbpedia.org/property/district	http://dbpedia.org/resource/Coimbra_District
http://purl.org/linguistics/gold/hypernym	http://dbpedia.org/resource/Town
http://dbpedia.org/property/latd	"40.281999999999996476"^^http://www.w3.org/2001/XMLSchema#decimal
http://dbpedia.org/property/subregion	http://dbpedia.org/resource/Baixo_Mondego
http://dbpedia.org/ontology/abstract	"Arazede ist eine Ortschaft und Gemeinde in Portugal."@de
http://www.w3.org/2000/01/rdf-schema#label	"Arazede"@pt
http://www.w3.org/1999/02/22-rdf-syntax-ns#type	http://www.wikidata.org/entity/Q486972
http://dbpedia.org/property/region	http://dbpedia.org/resource/Centro_Region,_Portugal
