#---Properties and values from: http://dbpedia.org/resource/Brejinho_de_Nazaré
Property	Value
http://dbpedia.org/property/lats	"0"^^http://www.w3.org/2001/XMLSchema#integer
http://dbpedia.org/ontology/wikiPageRevisionID	"725389224"^^http://www.w3.org/2001/XMLSchema#integer
http://dbpedia.org/property/latm	"0"^^http://www.w3.org/2001/XMLSchema#integer
http://dbpedia.org/property/latns	"s"^^http://www.w3.org/1999/02/22-rdf-syntax-ns#langString
http://dbpedia.org/property/imageMap	"Tocantins Municip BrejinhodeNazare.svg"^^http://www.w3.org/1999/02/22-rdf-syntax-ns#langString
http://xmlns.com/foaf/0.1/isPrimaryTopicOf	http://en.wikipedia.org/wiki/Brejinho_de_Nazaré
http://dbpedia.org/property/longm	"33"^^http://www.w3.org/2001/XMLSchema#integer
http://dbpedia.org/property/populationTotal	"5451"^^http://www.w3.org/2001/XMLSchema#integer
http://dbpedia.org/property/populationAsOf	"2015"^^http://www.w3.org/2001/XMLSchema#integer
http://dbpedia.org/property/longs	"57"^^http://www.w3.org/2001/XMLSchema#integer
http://purl.org/dc/terms/subject	http://dbpedia.org/resource/Category:Municipalities_in_Tocantins
http://dbpedia.org/property/state	"TO"^^http://www.w3.org/1999/02/22-rdf-syntax-ns#langString
http://www.w3.org/2000/01/rdf-schema#comment	"Brejinho de Nazaré est une municipalité brésilienne située dans l'État du Tocantins."@fr
http://dbpedia.org/property/longd	"48"^^http://www.w3.org/2001/XMLSchema#integer
http://xmlns.com/foaf/0.1/primaryTopic	http://en.wikipedia.org/wiki/Brejinho_de_Nazaré
http://dbpedia.org/ontology/wikiPageRedirects	http://dbpedia.org/resource/Brejinho_de_Nazare
http://www.w3.org/2002/07/owl#sameAs	http://rdf.freebase.com/ns/m.027vjtd
http://dbpedia.org/ontology/thumbnail	http://commons.wikimedia.org/wiki/Special:FilePath/Tocantins_Municip_BrejinhodeNazare.svg?width=300
http://dbpedia.org/property/areaTotal	"1724"^^http://www.w3.org/2001/XMLSchema#integer
http://dbpedia.org/ontology/wikiPageID	"9040492"^^http://www.w3.org/2001/XMLSchema#integer
http://www.w3.org/ns/prov#wasDerivedFrom	http://en.wikipedia.org/wiki/Brejinho_de_Nazaré?oldid=725389224
http://dbpedia.org/ontology/birthPlace	http://dbpedia.org/resource/Antônio_Flávio
http://xmlns.com/foaf/0.1/depiction	http://commons.wikimedia.org/wiki/Special:FilePath/Tocantins_Municip_BrejinhodeNazare.svg
http://purl.org/linguistics/gold/hypernym	http://dbpedia.org/resource/Municipality
http://dbpedia.org/property/latd	"11"^^http://www.w3.org/2001/XMLSchema#integer
http://dbpedia.org/ontology/abstract	"Brejinho de Nazaré é um município brasileiro do estado do Tocantins. Localiza-se a uma latitude 11º00'00\" sul e a uma longitude 48º33'56\" oeste, estando a uma altitude de 247 metros. Sua população estimada em 2004 era de 4.407 habitantes e em 2007 de 5.295 e em 2015 de 7.531 Possui uma área de 1728,9 km². A cidade é a terra natal do jogador Antônio Flávio, que já atuou no futebol sueco e atualmente atua no futebol chinês."@pt
http://www.w3.org/2000/01/rdf-schema#label	"Brejinho de Nazaré"@pt
http://www.w3.org/1999/02/22-rdf-syntax-ns#type	http://dbpedia.org/class/yago/WikicatPopulatedPlacesInTocantins
