#---Properties and values from: http://dbpedia.org/resource/Itanhaém
Property	Value
http://dbpedia.org/property/longew	"W"^^http://www.w3.org/1999/02/22-rdf-syntax-ns#langString
http://dbpedia.org/property/lats	"50"^^http://www.w3.org/2001/XMLSchema#integer
http://dbpedia.org/ontology/wikiPageExternalLink	http://www.citybrazil.com.br/sp/itanhaem/
http://dbpedia.org/ontology/wikiPageRevisionID	"742913277"^^http://www.w3.org/2001/XMLSchema#integer
http://dbpedia.org/property/countryAdminDivisions	http://dbpedia.org/resource/Ilha_da_Queimada_Grande
http://dbpedia.org/property/latm	"10"^^http://www.w3.org/2001/XMLSchema#integer
http://dbpedia.org/property/latns	"S"^^http://www.w3.org/1999/02/22-rdf-syntax-ns#langString
http://dbpedia.org/ontology/deathPlace	http://dbpedia.org/resource/Harry_Forssell
http://dbpedia.org/property/areaCode	"+55-13"^^http://www.w3.org/1999/02/22-rdf-syntax-ns#langString
http://dbpedia.org/property/imageSkyline	"Itanhaem.jpg"^^http://www.w3.org/1999/02/22-rdf-syntax-ns#langString
http://dbpedia.org/property/north	http://dbpedia.org/resource/Juquitiba
http://dbpedia.org/property/imageMap	"SaoPaulo Municip Itanhaem.svg"^^http://www.w3.org/1999/02/22-rdf-syntax-ns#langString
http://dbpedia.org/property/imageCaption	"View from the monastery of Itanhaém"^^http://www.w3.org/1999/02/22-rdf-syntax-ns#langString
http://xmlns.com/foaf/0.1/isPrimaryTopicOf	http://en.wikipedia.org/wiki/Itanhaém
http://dbpedia.org/property/longm	"46"^^http://www.w3.org/2001/XMLSchema#integer
http://dbpedia.org/property/populationTotal	"96222"^^http://www.w3.org/2001/XMLSchema#integer
http://dbpedia.org/property/west	http://dbpedia.org/resource/Pedro_de_Toledo,_Brazil
http://dbpedia.org/property/populationAsOf	"2015"^^http://www.w3.org/2001/XMLSchema#integer
http://dbpedia.org/property/metro	http://dbpedia.org/resource/Baixada_Santista
http://dbpedia.org/property/longs	"58"^^http://www.w3.org/2001/XMLSchema#integer
http://dbpedia.org/property/northwest	http://dbpedia.org/resource/Mongaguá
http://purl.org/dc/terms/subject	http://dbpedia.org/resource/Category:1532_establishments_in_the_Portuguese_Empire
http://dbpedia.org/property/state	"SP"^^http://www.w3.org/1999/02/22-rdf-syntax-ns#langString
http://www.w3.org/2000/01/rdf-schema#comment	"Itanhaém – miasto i gmina w Brazylii, w stanie São Paulo. Znajduje się w mezoregionie Litoral Sul Paulista i mikroregionie Itanhaém."@pl
http://dbpedia.org/property/south	http://dbpedia.org/resource/Peruíbe
http://dbpedia.org/property/longd	"46"^^http://www.w3.org/2001/XMLSchema#integer
http://xmlns.com/foaf/0.1/primaryTopic	http://en.wikipedia.org/wiki/Itanhaém
http://dbpedia.org/property/east	http://dbpedia.org/resource/Mongaguá
http://dbpedia.org/property/birthPlace	http://dbpedia.org/resource/Miguel_Pupo
http://dbpedia.org/ontology/wikiPageRedirects	http://dbpedia.org/resource/Itanhaém,_Brazil
http://www.w3.org/2002/07/owl#sameAs	http://de.dbpedia.org/resource/Itanhaém
http://dbpedia.org/ontology/thumbnail	http://commons.wikimedia.org/wiki/Special:FilePath/Itanhaem.jpg?width=300
http://dbpedia.org/ontology/wikiPageID	"1044486"^^http://www.w3.org/2001/XMLSchema#integer
http://dbpedia.org/property/elevationM	"0"^^http://www.w3.org/2001/XMLSchema#integer
http://www.w3.org/ns/prov#wasDerivedFrom	http://en.wikipedia.org/wiki/Itanhaém?oldid=742913277
http://dbpedia.org/ontology/birthPlace	http://dbpedia.org/resource/Gabriel_Vittorio_da_Silva
http://dbpedia.org/property/northeast	http://dbpedia.org/resource/Peruíbe
http://dbpedia.org/property/areaTotalKm	"601.85000000000002274"^^http://www.w3.org/2001/XMLSchema#decimal
http://dbpedia.org/property/centre	"Itanhaém"^^http://www.w3.org/1999/02/22-rdf-syntax-ns#langString
http://xmlns.com/foaf/0.1/depiction	http://commons.wikimedia.org/wiki/Special:FilePath/Itanhaem.jpg
http://purl.org/linguistics/gold/hypernym	http://dbpedia.org/resource/Municipality
http://dbpedia.org/property/latd	"24"^^http://www.w3.org/2001/XMLSchema#integer
http://dbpedia.org/property/postalCode	"11740"^^http://www.w3.org/2001/XMLSchema#integer
http://dbpedia.org/ontology/abstract	"Itanhaém es un municipio del estado de São Paulo, el segundo municipio más antiguo del Brasil, integrante da Región Metropolitana de la Baixada Santista. Su población en 2010 era de 87.053 habitantes y su superficie es de 599,017 km², de lo cual resulta una densidad demográfica de 145,33 hab/km²."@es
http://dbpedia.org/property/southeast	"Atlantic Ocean"^^http://www.w3.org/1999/02/22-rdf-syntax-ns#langString
http://www.w3.org/2000/01/rdf-schema#label	"Itanhaém"@es
http://www.w3.org/1999/02/22-rdf-syntax-ns#type	http://dbpedia.org/class/yago/Location100027167
