#---Properties and values from: http://dbpedia.org/resource/Ribeirão_Pires
Property	Value
http://dbpedia.org/property/lats	"55"^^http://www.w3.org/2001/XMLSchema#integer
http://dbpedia.org/ontology/wikiPageExternalLink	http://www.ribeiraopires.sp.gov.br
http://dbpedia.org/ontology/wikiPageRevisionID	"720305944"^^http://www.w3.org/2001/XMLSchema#integer
http://dbpedia.org/property/latm	"42"^^http://www.w3.org/2001/XMLSchema#integer
http://dbpedia.org/property/latns	"S"^^http://www.w3.org/1999/02/22-rdf-syntax-ns#langString
http://dbpedia.org/property/imageSkyline	"Igreja Matriz de Ribeirão Pires.jpg"^^http://www.w3.org/1999/02/22-rdf-syntax-ns#langString
http://dbpedia.org/property/imageCaption	"First church of Ribeirão Pires"^^http://www.w3.org/1999/02/22-rdf-syntax-ns#langString
http://dbpedia.org/property/imageMap	"SaoPaulo Municip RibeiraoPires.svg"^^http://www.w3.org/1999/02/22-rdf-syntax-ns#langString
http://xmlns.com/foaf/0.1/isPrimaryTopicOf	http://en.wikipedia.org/wiki/Ribeirão_Pires
http://dbpedia.org/property/longm	"25"^^http://www.w3.org/2001/XMLSchema#integer
http://dbpedia.org/property/populationTotal	"120396"^^http://www.w3.org/2001/XMLSchema#integer
http://dbpedia.org/property/longs	"10"^^http://www.w3.org/2001/XMLSchema#integer
http://dbpedia.org/property/populationAsOf	"2015"^^http://www.w3.org/2001/XMLSchema#integer
http://purl.org/dc/terms/subject	http://dbpedia.org/resource/Category:Municipalities_in_São_Paulo_(state)
http://dbpedia.org/property/elevation	"800"^^http://www.w3.org/2001/XMLSchema#integer
http://dbpedia.org/property/state	"SP"^^http://www.w3.org/1999/02/22-rdf-syntax-ns#langString
http://dbpedia.org/ontology/wikiPageDisambiguates	http://dbpedia.org/resource/Ribeirão
http://www.w3.org/2000/01/rdf-schema#comment	"Рибейран-Пирис (порт. Ribeirão Pires) — муниципалитет в Бразилии, входит в штат Сан-Паулу. Составная часть мезорегиона Агломерация Сан-Паулу. Находится в составе крупной городской агломерации Агломерация Сан-Паулу. Входит в экономико-статистический микрорегион Сан-Паулу. Население составляет 118 864 человека на 2006 год. Занимает площадь 99,175 км². Плотность населения - 1.198,5 чел./км². Праздник города — 19 марта."@ru
http://dbpedia.org/property/south	http://dbpedia.org/resource/Mauá,_São_Paulo
http://dbpedia.org/property/imageShield	"Ribeirão pires.PNG"^^http://www.w3.org/1999/02/22-rdf-syntax-ns#langString
http://dbpedia.org/property/longd	"46"^^http://www.w3.org/2001/XMLSchema#integer
http://xmlns.com/foaf/0.1/primaryTopic	http://en.wikipedia.org/wiki/Ribeirão_Pires
http://www.w3.org/2002/07/owl#sameAs	http://wikidata.dbpedia.org/resource/Q927935
http://dbpedia.org/ontology/wikiPageRedirects	http://dbpedia.org/resource/Ribeirao_Pires
http://dbpedia.org/property/leaderParty	http://dbpedia.org/resource/Brazilian_Democratic_Movement_Party
http://dbpedia.org/ontology/thumbnail	http://commons.wikimedia.org/wiki/Special:FilePath/Bandeira-ribeiraopires.jpg?width=300
http://dbpedia.org/ontology/locationCity	http://dbpedia.org/resource/Companhia_Brasileira_de_Cartuchos
http://dbpedia.org/ontology/wikiPageID	"6493805"^^http://www.w3.org/2001/XMLSchema#integer
http://dbpedia.org/property/areaTotal	"99.099999999999994316"^^http://www.w3.org/2001/XMLSchema#decimal
http://dbpedia.org/ontology/location	http://dbpedia.org/resource/Billings_Reservoir
http://dbpedia.org/ontology/birthPlace	http://dbpedia.org/resource/Marcos_Rogério_de_Lima
http://www.w3.org/ns/prov#wasDerivedFrom	http://en.wikipedia.org/wiki/Ribeirão_Pires?oldid=720305944
http://dbpedia.org/property/leaderName	"Dilma Rousseff"^^http://www.w3.org/1999/02/22-rdf-syntax-ns#langString
http://xmlns.com/foaf/0.1/depiction	http://commons.wikimedia.org/wiki/Special:FilePath/Bandeira-ribeiraopires.jpg
http://purl.org/linguistics/gold/hypernym	http://dbpedia.org/resource/City
http://dbpedia.org/property/latd	"23"^^http://www.w3.org/2001/XMLSchema#integer
http://dbpedia.org/property/southwest	http://dbpedia.org/resource/Mogi_das_Cruzes
http://dbpedia.org/ontology/abstract	"Ribeirão Pires – miasto i gmina w Brazylii, w stanie São Paulo. Znajduje się w mezoregionie São Paulo i mikroregionie São Paulo."@pl
http://dbpedia.org/property/imageFlag	"Bandeira-ribeiraopires.jpg"^^http://www.w3.org/1999/02/22-rdf-syntax-ns#langString
http://www.w3.org/2000/01/rdf-schema#label	"Ribeirão Pires"@es
http://www.w3.org/1999/02/22-rdf-syntax-ns#type	http://dbpedia.org/ontology/City
