#---Properties and values from: http://dbpedia.org/resource/São_Luís_de_Montes_Belos
Property	Value
http://dbpedia.org/property/lats	"20"^^http://www.w3.org/2001/XMLSchema#integer
http://dbpedia.org/ontology/wikiPageExternalLink	http://www.frigoletto.com.br/GeoEcon/idhgo.htm
http://dbpedia.org/ontology/wikiPageRevisionID	"734771611"^^http://www.w3.org/2001/XMLSchema#integer
http://dbpedia.org/property/latm	"31"^^http://www.w3.org/2001/XMLSchema#integer
http://dbpedia.org/property/latns	"S"^^http://www.w3.org/1999/02/22-rdf-syntax-ns#langString
http://dbpedia.org/property/imageMap	"Goias Municip SaoLuisdeMontesBelos.svg"^^http://www.w3.org/1999/02/22-rdf-syntax-ns#langString
http://xmlns.com/foaf/0.1/isPrimaryTopicOf	http://en.wikipedia.org/wiki/São_Luís_de_Montes_Belos
http://dbpedia.org/property/microregion	http://dbpedia.org/resource/Anicuns_Microregion
http://dbpedia.org/property/longm	"22"^^http://www.w3.org/2001/XMLSchema#integer
http://dbpedia.org/property/populationTotal	"26784"^^http://www.w3.org/2001/XMLSchema#integer
http://dbpedia.org/property/longs	"44"^^http://www.w3.org/2001/XMLSchema#integer
http://dbpedia.org/ontology/wikiPageDisambiguates	http://dbpedia.org/resource/São_Luís
http://purl.org/dc/terms/subject	http://dbpedia.org/resource/Category:Municipalities_in_Goiás
http://dbpedia.org/property/elevation	"579"^^http://www.w3.org/2001/XMLSchema#integer
http://dbpedia.org/property/state	"GO"^^http://www.w3.org/1999/02/22-rdf-syntax-ns#langString
http://www.w3.org/2000/01/rdf-schema#comment	"圣路易斯-迪蒙蒂斯贝卢斯（葡萄牙语：São Luís de Montes Belos）是巴西戈亚斯州的一个市镇。总面积826.189平方公里，总人口27376人，人口密度33.1人/平方公里。"@zh
http://dbpedia.org/property/longd	"50"^^http://www.w3.org/2001/XMLSchema#integer
http://xmlns.com/foaf/0.1/primaryTopic	http://en.wikipedia.org/wiki/São_Luís_de_Montes_Belos
http://www.w3.org/2002/07/owl#sameAs	http://wikidata.dbpedia.org/resource/Q1008345
http://dbpedia.org/ontology/wikiPageRedirects	http://dbpedia.org/resource/Sao_Luis_de_Montes_Belos
http://dbpedia.org/ontology/thumbnail	http://commons.wikimedia.org/wiki/Special:FilePath/Goias_Municip_SaoLuisdeMontesBelos.svg?width=300
http://dbpedia.org/ontology/wikiPageID	"1241262"^^http://www.w3.org/2001/XMLSchema#integer
http://dbpedia.org/property/areaTotal	"826.20000000000004547"^^http://www.w3.org/2001/XMLSchema#decimal
http://www.w3.org/ns/prov#wasDerivedFrom	http://en.wikipedia.org/wiki/São_Luís_de_Montes_Belos?oldid=734771611
http://dbpedia.org/property/name	"São Luís de Montes Belos"^^http://www.w3.org/1999/02/22-rdf-syntax-ns#langString
http://xmlns.com/foaf/0.1/depiction	http://commons.wikimedia.org/wiki/Special:FilePath/Goias_Municip_SaoLuisdeMontesBelos.svg
http://purl.org/linguistics/gold/hypernym	http://dbpedia.org/resource/Municipality
http://dbpedia.org/property/latd	"16"^^http://www.w3.org/2001/XMLSchema#integer
http://dbpedia.org/property/postalCode	"76100"^^http://www.w3.org/2001/XMLSchema#integer
http://dbpedia.org/ontology/abstract	"São Luís de Montes Belos è un comune del Brasile nello Stato del Goiás, parte della mesoregione del Centro Goiano e della microregione di Anicuns."@it
http://www.w3.org/2000/01/rdf-schema#label	"圣路易斯-迪蒙蒂斯贝卢斯"@zh
http://www.w3.org/1999/02/22-rdf-syntax-ns#type	http://dbpedia.org/class/yago/WikicatPopulatedPlacesInGoiás
