#---Properties and values from: http://dbpedia.org/resource/Nyírkércs
Property	Value
http://dbpedia.org/property/lats	"45"^^http://www.w3.org/2001/XMLSchema#integer
http://dbpedia.org/property/populationDensityKm	"auto"^^http://www.w3.org/1999/02/22-rdf-syntax-ns#langString
http://dbpedia.org/ontology/wikiPageRevisionID	"615711477"^^http://www.w3.org/2001/XMLSchema#integer
http://dbpedia.org/property/latm	"0"^^http://www.w3.org/2001/XMLSchema#integer
http://dbpedia.org/property/areaCode	"74"^^http://www.w3.org/2001/XMLSchema#integer
http://dbpedia.org/property/website	"www.nyirkercs.hu"^^http://www.w3.org/1999/02/22-rdf-syntax-ns#langString
http://dbpedia.org/property/county	"Szabolcs-Szatmár-Bereg"^^http://www.w3.org/1999/02/22-rdf-syntax-ns#langString
http://xmlns.com/foaf/0.1/isPrimaryTopicOf	http://en.wikipedia.org/wiki/Nyírkércs
http://dbpedia.org/property/postalCodeType	http://dbpedia.org/resource/Postal_code
http://dbpedia.org/property/longm	"2"^^http://www.w3.org/2001/XMLSchema#integer
http://dbpedia.org/property/populationTotal	"807"^^http://www.w3.org/2001/XMLSchema#integer
http://dbpedia.org/property/populationAsOf	"2011"^^http://www.w3.org/2001/XMLSchema#integer
http://dbpedia.org/property/longs	"55"^^http://www.w3.org/2001/XMLSchema#integer
http://purl.org/dc/terms/subject	http://dbpedia.org/resource/Category:Populated_places_in_Szabolcs-Szatmár-Bereg_County
http://www.w3.org/2000/01/rdf-schema#comment	"Nyírkércs is een plaats (község) en gemeente in het Hongaarse comitaat Szabolcs-Szatmár-Bereg. Nyírkércs telt 829 inwoners (2001)."@nl
http://dbpedia.org/property/longd	"22"^^http://www.w3.org/2001/XMLSchema#integer
http://xmlns.com/foaf/0.1/primaryTopic	http://en.wikipedia.org/wiki/Nyírkércs
http://www.w3.org/2002/07/owl#sameAs	http://wikidata.dbpedia.org/resource/Q1185983
http://dbpedia.org/ontology/wikiPageRedirects	http://dbpedia.org/resource/Nyirkercs
http://dbpedia.org/ontology/wikiPageID	"43222923"^^http://www.w3.org/2001/XMLSchema#integer
http://www.w3.org/ns/prov#wasDerivedFrom	http://en.wikipedia.org/wiki/Nyírkércs?oldid=615711477
http://dbpedia.org/property/coordinatesDisplay	"inline,title"^^http://www.w3.org/1999/02/22-rdf-syntax-ns#langString
http://dbpedia.org/property/name	"Nyírkércs"^^http://www.w3.org/1999/02/22-rdf-syntax-ns#langString
http://dbpedia.org/property/areaTotalKm	"14.300000000000000711"^^http://www.w3.org/2001/XMLSchema#decimal
http://purl.org/linguistics/gold/hypernym	http://dbpedia.org/resource/Village
http://dbpedia.org/property/latd	"48"^^http://www.w3.org/2001/XMLSchema#integer
http://dbpedia.org/property/postalCode	"4537"^^http://www.w3.org/2001/XMLSchema#integer
http://dbpedia.org/ontology/abstract	"尼尔凯尔奇（匈牙利语：Nyírkércs），是匈牙利索博尔奇-索特马尔-贝拉格州所辖的一个村。总面积14.28平方公里，总人口808，人口密度56.6人/平方公里（2011年1月1日）。"@zh
http://www.w3.org/2000/01/rdf-schema#label	"Nyírkércs"@fr
http://xmlns.com/foaf/0.1/homepage	http://www.nyirkercs.hu
http://www.w3.org/1999/02/22-rdf-syntax-ns#type	http://dbpedia.org/ontology/Village
