#---Properties and values from: http://dbpedia.org/resource/Ribeirão_Grande
Property	Value
http://dbpedia.org/property/lats	"57"^^http://www.w3.org/2001/XMLSchema#integer
http://dbpedia.org/ontology/wikiPageRevisionID	"735241493"^^http://www.w3.org/2001/XMLSchema#integer
http://dbpedia.org/property/latm	"5"^^http://www.w3.org/2001/XMLSchema#integer
http://dbpedia.org/property/latns	"S"^^http://www.w3.org/1999/02/22-rdf-syntax-ns#langString
http://dbpedia.org/property/imageMap	"SaoPaulo Municip RibeiraoGrande.svg"^^http://www.w3.org/1999/02/22-rdf-syntax-ns#langString
http://xmlns.com/foaf/0.1/isPrimaryTopicOf	http://en.wikipedia.org/wiki/Ribeirão_Grande
http://dbpedia.org/property/longm	"21"^^http://www.w3.org/2001/XMLSchema#integer
http://dbpedia.org/property/populationTotal	"7682"^^http://www.w3.org/2001/XMLSchema#integer
http://dbpedia.org/property/populationAsOf	"2015"^^http://www.w3.org/2001/XMLSchema#integer
http://dbpedia.org/property/longs	"55"^^http://www.w3.org/2001/XMLSchema#integer
http://purl.org/dc/terms/subject	http://dbpedia.org/resource/Category:Municipalities_in_São_Paulo_(state)
http://dbpedia.org/property/state	"SP"^^http://www.w3.org/1999/02/22-rdf-syntax-ns#langString
http://dbpedia.org/ontology/wikiPageDisambiguates	http://dbpedia.org/resource/Ribeirão
http://www.w3.org/2000/01/rdf-schema#comment	"Ribeirão Grande – miasto i gmina w Brazylii, w stanie São Paulo. Znajduje się w mezoregionie Itapetininga i mikroregionie Capão Bonito."@pl
http://dbpedia.org/property/imageShield	"BrasãoRibeirãoGrandeSP.png"^^http://www.w3.org/1999/02/22-rdf-syntax-ns#langString
http://dbpedia.org/property/longd	"48"^^http://www.w3.org/2001/XMLSchema#integer
http://xmlns.com/foaf/0.1/primaryTopic	http://en.wikipedia.org/wiki/Ribeirão_Grande
http://www.w3.org/2002/07/owl#sameAs	http://nl.dbpedia.org/resource/Ribeirão_Grande
http://dbpedia.org/ontology/wikiPageRedirects	http://dbpedia.org/resource/Ribeirao_Grande
http://dbpedia.org/ontology/thumbnail	http://commons.wikimedia.org/wiki/Special:FilePath/BandeiraRibeiraoGrandeSP.png?width=300
http://dbpedia.org/property/areaTotal	"333"^^http://www.w3.org/2001/XMLSchema#integer
http://dbpedia.org/ontology/wikiPageID	"6493766"^^http://www.w3.org/2001/XMLSchema#integer
http://www.w3.org/ns/prov#wasDerivedFrom	http://en.wikipedia.org/wiki/Ribeirão_Grande?oldid=735241493
http://xmlns.com/foaf/0.1/depiction	http://commons.wikimedia.org/wiki/Special:FilePath/BandeiraRibeiraoGrandeSP.png
http://purl.org/linguistics/gold/hypernym	http://dbpedia.org/resource/Municipality
http://dbpedia.org/property/latd	"24"^^http://www.w3.org/2001/XMLSchema#integer
http://dbpedia.org/ontology/abstract	"Ribeirão Grande è un comune del Brasile nello Stato di San Paolo, parte della mesoregione di Itapetininga e della microregione di Capão Bonito."@it
http://dbpedia.org/property/imageFlag	"BandeiraRibeiraoGrandeSP.png"^^http://www.w3.org/1999/02/22-rdf-syntax-ns#langString
http://www.w3.org/2000/01/rdf-schema#label	"Ribeirão Grande"@en
http://www.w3.org/1999/02/22-rdf-syntax-ns#type	http://dbpedia.org/class/yago/Tract108673395
