#---Properties and values from: http://dbpedia.org/resource/Carvalho_(Penacova)
Property	Value
http://dbpedia.org/property/officialName	"Carvalho"^^http://www.w3.org/1999/02/22-rdf-syntax-ns#langString
http://dbpedia.org/ontology/wikiPageRevisionID	"689147778"^^http://www.w3.org/2001/XMLSchema#integer
http://xmlns.com/foaf/0.1/isPrimaryTopicOf	http://en.wikipedia.org/wiki/Carvalho_(Penacova)
http://dbpedia.org/property/municipality	http://dbpedia.org/resource/Penacova
http://dbpedia.org/ontology/country	http://dbpedia.org/resource/Portugal
http://dbpedia.org/property/populationTotal	"846"^^http://www.w3.org/2001/XMLSchema#integer
http://dbpedia.org/property/populationAsOf	"2011"^^http://www.w3.org/2001/XMLSchema#integer
http://purl.org/dc/terms/subject	http://dbpedia.org/resource/Category:Parishes_of_Penacova
http://www.w3.org/2000/01/rdf-schema#comment	"Carvalho é uma freguesia portuguesa do concelho de Penacova, com 31,90 km² de área e 846 habitantes (2011). A sua densidade populacional é de 26,5 hab/km². Foi vila e sede de concelho entre 1514 e o início do século XIX. Era constituído por uma freguesia e tinha, em 1801, 1 020 habitantes."@pt
http://dbpedia.org/property/cim	http://dbpedia.org/resource/Região_de_Coimbra
http://dbpedia.org/property/imageShield	"PCV-carvalho.png"^^http://www.w3.org/1999/02/22-rdf-syntax-ns#langString
http://dbpedia.org/property/longd	"-8.3130000000000006111"^^http://www.w3.org/2001/XMLSchema#decimal
http://xmlns.com/foaf/0.1/primaryTopic	http://en.wikipedia.org/wiki/Carvalho_(Penacova)
http://www.w3.org/2002/07/owl#sameAs	http://nl.dbpedia.org/resource/Carvalho_(Penacova)
http://dbpedia.org/ontology/thumbnail	http://commons.wikimedia.org/wiki/Special:FilePath/PCV-carvalho.png?width=300
http://dbpedia.org/ontology/wikiPageID	"33438455"^^http://www.w3.org/2001/XMLSchema#integer
http://dbpedia.org/property/areaTotal	"30.140000000000000568"^^http://www.w3.org/2001/XMLSchema#decimal
http://www.w3.org/ns/prov#wasDerivedFrom	http://en.wikipedia.org/wiki/Carvalho_(Penacova)?oldid=689147778
http://dbpedia.org/property/district	http://dbpedia.org/resource/Coimbra_District
http://xmlns.com/foaf/0.1/depiction	http://commons.wikimedia.org/wiki/Special:FilePath/PCV-carvalho.png
http://purl.org/linguistics/gold/hypernym	http://dbpedia.org/resource/Parish
http://dbpedia.org/property/latd	"40.329999999999998295"^^http://www.w3.org/2001/XMLSchema#decimal
http://dbpedia.org/property/subregion	http://dbpedia.org/resource/Baixo_Mondego
http://dbpedia.org/ontology/abstract	"Carvalho é uma freguesia portuguesa do concelho de Penacova, com 31,90 km² de área e 846 habitantes (2011). A sua densidade populacional é de 26,5 hab/km². Foi vila e sede de concelho entre 1514 e o início do século XIX. Era constituído por uma freguesia e tinha, em 1801, 1 020 habitantes. O povo da freguesia é distribuído pelos seguintes lugares: Ameal, Aveledo, Caldures, Capitorno, Carvalhais, Carvalho, Carvalho Velho, Caselho, Cerquedo, Gavião, Lourinhal, Mata, Ouraça, Pendurada, Póvoa, Quinta do Pomar, Ribeira de Aveledo, Ribeira de Carvalho, Santo António do Cântaro, São Paulo, Seixo, Soalhal, Vale da Carvalha, Vale da Formiga, Vale das Éguas e Vale de Ana Justa."@pt
http://www.w3.org/2000/01/rdf-schema#label	"Карвалью (Пенакова)"@ru
http://www.w3.org/1999/02/22-rdf-syntax-ns#type	http://dbpedia.org/class/yago/Tract108673395
http://dbpedia.org/property/region	http://dbpedia.org/resource/Centro_Region,_Portugal
