#---Properties and values from: http://dbpedia.org/resource/Assafarge_e_Antanhol
Property	Value
http://dbpedia.org/property/officialName	"Assafarge e Antanhol"^^http://www.w3.org/1999/02/22-rdf-syntax-ns#langString
http://dbpedia.org/ontology/wikiPageRevisionID	"745236697"^^http://www.w3.org/2001/XMLSchema#integer
http://xmlns.com/foaf/0.1/isPrimaryTopicOf	http://en.wikipedia.org/wiki/Assafarge_e_Antanhol
http://dbpedia.org/property/municipality	http://dbpedia.org/resource/Coimbra
http://dbpedia.org/ontology/country	http://dbpedia.org/resource/Portugal
http://dbpedia.org/property/populationTotal	"5302"^^http://www.w3.org/2001/XMLSchema#integer
http://dbpedia.org/property/populationAsOf	"2011"^^http://www.w3.org/2001/XMLSchema#integer
http://purl.org/dc/terms/subject	http://dbpedia.org/resource/Category:Parishes_of_Coimbra
http://www.w3.org/2000/01/rdf-schema#comment	"Assafarge e Antanhol is a civil parish in the municipality of Coimbra, Portugal. It was formed in 2013 by the merger of the former parishes Assafarge and Antanhol. The population in 2011 was 5,302, in an area of 19.51 km²."@en
http://dbpedia.org/property/cim	http://dbpedia.org/resource/Região_de_Coimbra
http://dbpedia.org/property/longd	"-8.4320000000000003837"^^http://www.w3.org/2001/XMLSchema#decimal
http://xmlns.com/foaf/0.1/primaryTopic	http://en.wikipedia.org/wiki/Assafarge_e_Antanhol
http://www.w3.org/2002/07/owl#sameAs	http://wikidata.dbpedia.org/resource/Q17460817
http://dbpedia.org/ontology/wikiPageID	"43359218"^^http://www.w3.org/2001/XMLSchema#integer
http://dbpedia.org/property/areaTotal	"19.510000000000001563"^^http://www.w3.org/2001/XMLSchema#decimal
http://www.w3.org/ns/prov#wasDerivedFrom	http://en.wikipedia.org/wiki/Assafarge_e_Antanhol?oldid=745236697
http://dbpedia.org/property/district	http://dbpedia.org/resource/Coimbra_District
http://purl.org/linguistics/gold/hypernym	http://dbpedia.org/resource/Parish
http://dbpedia.org/property/latd	"40.15899999999999892"^^http://www.w3.org/2001/XMLSchema#decimal
http://dbpedia.org/property/subregion	http://dbpedia.org/resource/Baixo_Mondego
http://dbpedia.org/ontology/abstract	"Assafarge e Antanhol is a civil parish in the municipality of Coimbra, Portugal. It was formed in 2013 by the merger of the former parishes Assafarge and Antanhol. The population in 2011 was 5,302, in an area of 19.51 km²."@en
http://www.w3.org/2000/01/rdf-schema#label	"Assafarge e Antanhol"@en
http://www.w3.org/1999/02/22-rdf-syntax-ns#type	http://dbpedia.org/ontology/Location
http://dbpedia.org/property/region	http://dbpedia.org/resource/Centro_Region,_Portugal
