#---Properties and values from: http://dbpedia.org/resource/Brejetuba
Property	Value
http://dbpedia.org/property/lats	"45"^^http://www.w3.org/2001/XMLSchema#integer
http://dbpedia.org/ontology/wikiPageRevisionID	"725393187"^^http://www.w3.org/2001/XMLSchema#integer
http://dbpedia.org/property/latm	"8"^^http://www.w3.org/2001/XMLSchema#integer
http://dbpedia.org/property/latns	"s"^^http://www.w3.org/1999/02/22-rdf-syntax-ns#langString
http://xmlns.com/foaf/0.1/isPrimaryTopicOf	http://en.wikipedia.org/wiki/Brejetuba
http://dbpedia.org/property/longm	"17"^^http://www.w3.org/2001/XMLSchema#integer
http://dbpedia.org/property/populationTotal	"12755"^^http://www.w3.org/2001/XMLSchema#integer
http://dbpedia.org/property/populationAsOf	"2015"^^http://www.w3.org/2001/XMLSchema#integer
http://dbpedia.org/property/longs	"24"^^http://www.w3.org/2001/XMLSchema#integer
http://purl.org/dc/terms/subject	http://dbpedia.org/resource/Category:Municipalities_in_Espírito_Santo
http://dbpedia.org/property/state	"ES"^^http://www.w3.org/1999/02/22-rdf-syntax-ns#langString
http://www.w3.org/2000/01/rdf-schema#comment	"Brejetuba è un comune del Brasile nello Stato dell'Espírito Santo, parte della mesoregione Central Espírito-Santense e della microregione di Afonso Cláudio."@it
http://dbpedia.org/property/longd	"41"^^http://www.w3.org/2001/XMLSchema#integer
http://xmlns.com/foaf/0.1/primaryTopic	http://en.wikipedia.org/wiki/Brejetuba
http://www.w3.org/2002/07/owl#sameAs	http://pt.dbpedia.org/resource/Brejetuba
http://dbpedia.org/ontology/wikiPageRedirects	http://dbpedia.org/resource/Brejetuba,_Espírito_Santo
http://dbpedia.org/property/areaTotal	"354"^^http://www.w3.org/2001/XMLSchema#integer
http://dbpedia.org/ontology/wikiPageID	"1119924"^^http://www.w3.org/2001/XMLSchema#integer
http://www.w3.org/ns/prov#wasDerivedFrom	http://en.wikipedia.org/wiki/Brejetuba?oldid=725393187
http://purl.org/linguistics/gold/hypernym	http://dbpedia.org/resource/Municipality
http://dbpedia.org/property/latd	"20"^^http://www.w3.org/2001/XMLSchema#integer
http://dbpedia.org/ontology/abstract	"Brejetuba es un municipio brasileño del estado del Espíritu Santo. Su población estimada en 2004 era de 12.611 habitantes."@es
http://www.w3.org/2000/01/rdf-schema#label	"Brejetuba"@en
http://www.w3.org/1999/02/22-rdf-syntax-ns#type	http://dbpedia.org/class/yago/PhysicalEntity100001930
