#---Properties and values from: http://dbpedia.org/resource/Albardo
Property	Value
http://dbpedia.org/property/officialName	"Albardo"^^http://www.w3.org/1999/02/22-rdf-syntax-ns#langString
http://dbpedia.org/ontology/wikiPageRevisionID	"689274255"^^http://www.w3.org/2001/XMLSchema#integer
http://dbpedia.org/property/wordnet_type	http://www.w3.org/2006/03/wn/wn20/instances/synset-municipality-noun-2
http://xmlns.com/foaf/0.1/isPrimaryTopicOf	http://en.wikipedia.org/wiki/Albardo
http://dbpedia.org/property/municipality	http://dbpedia.org/resource/Guarda_Municipality,_Portugal
http://dbpedia.org/ontology/country	http://dbpedia.org/resource/Portugal
http://dbpedia.org/property/populationTotal	"143"^^http://www.w3.org/2001/XMLSchema#integer
http://dbpedia.org/property/populationAsOf	"2011"^^http://www.w3.org/2001/XMLSchema#integer
http://purl.org/dc/terms/subject	http://dbpedia.org/resource/Category:Former_parishes_of_Portugal
http://www.w3.org/2000/01/rdf-schema#comment	"Albardo foi uma freguesia portuguesa do concelho da Guarda, com 4,02 km² de área e 143 habitantes (2011). Densidade: 35,6 hab/km². Foi extinta (agregada) pela reorganização administrativa de 2012/2013, sendo o seu território integrado na União de Freguesias de Pousade e Albardo da qual é a sede."@pt
http://dbpedia.org/property/imageShield	"Ecusson_albardo_.jpg"^^http://www.w3.org/1999/02/22-rdf-syntax-ns#langString
http://dbpedia.org/property/longd	"-7.1310000000000002274"^^http://www.w3.org/2001/XMLSchema#decimal
http://xmlns.com/foaf/0.1/primaryTopic	http://en.wikipedia.org/wiki/Albardo
http://www.w3.org/2002/07/owl#sameAs	http://sws.geonames.org/2743241/
http://dbpedia.org/ontology/thumbnail	http://commons.wikimedia.org/wiki/Special:FilePath/Ecusson_albardo_(150_x_181).jpg?width=300
http://dbpedia.org/property/areaTotal	"4.0499999999999998224"^^http://www.w3.org/2001/XMLSchema#decimal
http://dbpedia.org/ontology/wikiPageID	"11563983"^^http://www.w3.org/2001/XMLSchema#integer
http://www.w3.org/ns/prov#wasDerivedFrom	http://en.wikipedia.org/wiki/Albardo?oldid=689274255
http://xmlns.com/foaf/0.1/depiction	http://commons.wikimedia.org/wiki/Special:FilePath/Ecusson_albardo_(150_x_181).jpg
http://purl.org/linguistics/gold/hypernym	http://dbpedia.org/resource/Parish
http://dbpedia.org/property/latd	"40.50999999999999801"^^http://www.w3.org/2001/XMLSchema#decimal
http://dbpedia.org/ontology/abstract	"Albardo es una freguesia portuguesa del concelho de Guarda, con 3,82 km² de superficie y 1 habitantes (2001). Su densidad de población es de 47,4 hab/km²."@es
http://www.w3.org/2000/01/rdf-schema#label	"Албарду"@ru
http://www.w3.org/1999/02/22-rdf-syntax-ns#type	http://www.w3.org/2002/07/owl#Thing
