#---Properties and values from: http://dbpedia.org/resource/Casalina
Property	Value
http://dbpedia.org/property/longew	"E"^^http://www.w3.org/1999/02/22-rdf-syntax-ns#langString
http://dbpedia.org/property/lats	"0"^^http://www.w3.org/2001/XMLSchema#integer
http://dbpedia.org/property/postalcode	"6053"^^http://www.w3.org/2001/XMLSchema#integer
http://dbpedia.org/ontology/wikiPageRevisionID	"505337161"^^http://www.w3.org/2001/XMLSchema#integer
http://dbpedia.org/property/latm	"57"^^http://www.w3.org/2001/XMLSchema#integer
http://dbpedia.org/property/comune	http://dbpedia.org/resource/Deruta
http://dbpedia.org/property/latns	"N"^^http://www.w3.org/1999/02/22-rdf-syntax-ns#langString
http://xmlns.com/foaf/0.1/isPrimaryTopicOf	http://en.wikipedia.org/wiki/Casalina
http://dbpedia.org/property/longm	"24"^^http://www.w3.org/2001/XMLSchema#integer
http://dbpedia.org/property/populationTotal	"408"^^http://www.w3.org/2001/XMLSchema#integer
http://dbpedia.org/property/populationAsOf	"2001"^^http://www.w3.org/2001/XMLSchema#integer
http://dbpedia.org/property/longs	"6"^^http://www.w3.org/2001/XMLSchema#integer
http://purl.org/dc/terms/subject	http://dbpedia.org/resource/Category:Frazioni_of_the_Province_of_Perugia
http://www.w3.org/2000/01/rdf-schema#comment	"Casalina is a frazione of the comune of Deruta in the Province of Perugia, Umbria, central Italy. It stands at an elevation of 168 metres above sea level. At the time of the Istat census of 2001 it had 408 inhabitants."@en
http://dbpedia.org/property/longd	"12"^^http://www.w3.org/2001/XMLSchema#integer
http://xmlns.com/foaf/0.1/primaryTopic	http://en.wikipedia.org/wiki/Casalina
http://dbpedia.org/ontology/frazioni	http://dbpedia.org/resource/Deruta
http://www.w3.org/2002/07/owl#sameAs	http://www.wikidata.org/entity/Q5048001
http://dbpedia.org/property/coordinatesType	"type:city"^^http://www.w3.org/1999/02/22-rdf-syntax-ns#langString
http://dbpedia.org/ontology/wikiPageID	"24552210"^^http://www.w3.org/2001/XMLSchema#integer
http://dbpedia.org/property/elevationM	"168"^^http://www.w3.org/2001/XMLSchema#integer
http://dbpedia.org/property/telephone	"742"^^http://www.w3.org/2001/XMLSchema#integer
http://www.w3.org/ns/prov#wasDerivedFrom	http://en.wikipedia.org/wiki/Casalina?oldid=505337161
http://dbpedia.org/property/coordinatesDisplay	"I"^^http://www.w3.org/1999/02/22-rdf-syntax-ns#langString
http://dbpedia.org/property/name	"Casalina"^^http://www.w3.org/1999/02/22-rdf-syntax-ns#langString
http://purl.org/linguistics/gold/hypernym	http://dbpedia.org/resource/Frazione
http://dbpedia.org/property/latd	"42"^^http://www.w3.org/2001/XMLSchema#integer
http://dbpedia.org/ontology/abstract	"Casalina is a frazione of the comune of Deruta in the Province of Perugia, Umbria, central Italy. It stands at an elevation of 168 metres above sea level. At the time of the Istat census of 2001 it had 408 inhabitants."@en
http://www.w3.org/2000/01/rdf-schema#label	"Casalina"@en
http://dbpedia.org/property/province	http://dbpedia.org/resource/Province_of_Perugia
http://www.w3.org/1999/02/22-rdf-syntax-ns#type	http://dbpedia.org/ontology/Settlement
http://dbpedia.org/property/region	http://dbpedia.org/resource/Umbria
