#---Properties and values from: http://dbpedia.org/resource/Harkerville
Property	Value
http://xmlns.com/foaf/0.1/name	"Harkerville"@en
http://dbpedia.org/property/demographics2Info	"13.4"^^http://dbpedia.org/datatype/perCent
http://dbpedia.org/ontology/wikiPageExternalLink	http://census.adrianfrith.com/place/12002
http://dbpedia.org/ontology/wikiPageRevisionID	"715263566"^^http://www.w3.org/2001/XMLSchema#integer
http://dbpedia.org/property/areaFootnotes	"ref | |name=census2001"^^http://www.w3.org/1999/02/22-rdf-syntax-ns#langString
http://www.w3.org/2003/01/geo/wgs84_pos#long	"23.232999801635742188"^^http://www.w3.org/2001/XMLSchema#float
http://dbpedia.org/property/demographics2Title	http://dbpedia.org/resource/English_language
http://xmlns.com/foaf/0.1/isPrimaryTopicOf	http://en.wikipedia.org/wiki/Harkerville
http://dbpedia.org/property/municipality	"Bitou"^^http://www.w3.org/1999/02/22-rdf-syntax-ns#langString
http://dbpedia.org/ontology/country	http://dbpedia.org/resource/South_Africa
http://dbpedia.org/property/populationTotal	"269"^^http://www.w3.org/2001/XMLSchema#integer
http://dbpedia.org/property/populationAsOf	"2001"^^http://www.w3.org/2001/XMLSchema#integer
http://purl.org/dc/terms/subject	http://dbpedia.org/resource/Category:Populated_places_in_the_Bitou_Local_Municipality
http://www.w3.org/2000/01/rdf-schema#comment	"Harkerville is a settlement in Eden District Municipality in the Western Cape province of South Africa."@en
http://dbpedia.org/property/leaderTitle	"Councillor"^^http://www.w3.org/1999/02/22-rdf-syntax-ns#langString
http://dbpedia.org/property/longd	"23.23300000000000054"^^http://www.w3.org/2001/XMLSchema#decimal
http://xmlns.com/foaf/0.1/primaryTopic	http://en.wikipedia.org/wiki/Harkerville
http://www.w3.org/2002/07/owl#sameAs	http://wikidata.dbpedia.org/resource/Q5658192
http://dbpedia.org/property/percentWhite	"16.7"^^http://dbpedia.org/datatype/perCent
http://www.w3.org/2003/01/geo/wgs84_pos#lat	"34.033000946044921875"^^http://www.w3.org/2001/XMLSchema#float
http://www.georss.org/georss/point	"34.033 23.233"
http://dbpedia.org/ontology/wikiPageID	"34781574"^^http://www.w3.org/2001/XMLSchema#integer
http://www.w3.org/ns/prov#wasDerivedFrom	http://en.wikipedia.org/wiki/Harkerville?oldid=715263566
http://dbpedia.org/property/percentBlack	"5.6"^^http://dbpedia.org/datatype/perCent
http://dbpedia.org/property/areaTotalKm	"43.609999999999999432"^^http://www.w3.org/2001/XMLSchema#decimal
http://dbpedia.org/property/district	"Eden"^^http://www.w3.org/1999/02/22-rdf-syntax-ns#langString
http://purl.org/linguistics/gold/hypernym	http://dbpedia.org/resource/Settlement
http://dbpedia.org/property/latd	"34.033000000000001251"^^http://www.w3.org/2001/XMLSchema#decimal
http://dbpedia.org/property/percentColoured	"77.7"^^http://dbpedia.org/datatype/perCent
http://dbpedia.org/ontology/abstract	"Harkerville is a settlement in Eden District Municipality in the Western Cape province of South Africa."@en
http://www.w3.org/2003/01/geo/wgs84_pos#geometry	"POINT(23.232999801636 34.033000946045)"^^http://www.openlinksw.com/schemas/virtrdf#Geometry
http://www.w3.org/2000/01/rdf-schema#label	"Harkerville"@en
http://dbpedia.org/property/province	"Western Cape"^^http://www.w3.org/1999/02/22-rdf-syntax-ns#langString
http://www.w3.org/1999/02/22-rdf-syntax-ns#type	http://dbpedia.org/class/yago/Location100027167
