#---Properties and values from: http://dbpedia.org/resource/Vuno
Property	Value
http://dbpedia.org/property/longew	"E"^^http://www.w3.org/1999/02/22-rdf-syntax-ns#langString
http://dbpedia.org/property/type	"v"^^http://www.w3.org/1999/02/22-rdf-syntax-ns#langString
http://dbpedia.org/property/lats	"23"^^http://www.w3.org/2001/XMLSchema#integer
http://dbpedia.org/property/officialName	"Vuno"^^http://www.w3.org/1999/02/22-rdf-syntax-ns#langString
http://dbpedia.org/ontology/wikiPageRevisionID	"743325751"^^http://www.w3.org/2001/XMLSchema#integer
http://dbpedia.org/property/latm	"8"^^http://www.w3.org/2001/XMLSchema#integer
http://dbpedia.org/property/latns	"N"^^http://www.w3.org/1999/02/22-rdf-syntax-ns#langString
http://dbpedia.org/property/imageSkyline	"Vuno Albania.jpg"^^http://www.w3.org/1999/02/22-rdf-syntax-ns#langString
http://dbpedia.org/property/county	http://dbpedia.org/resource/Vlorë_County
http://xmlns.com/foaf/0.1/isPrimaryTopicOf	http://en.wikipedia.org/wiki/Vuno
http://dbpedia.org/property/municipality	http://dbpedia.org/resource/Himarë
http://dbpedia.org/property/longm	"41"^^http://www.w3.org/2001/XMLSchema#integer
http://dbpedia.org/property/populationTotal	"486"^^http://www.w3.org/2001/XMLSchema#integer
http://dbpedia.org/property/longs	"37"^^http://www.w3.org/2001/XMLSchema#integer
http://purl.org/dc/terms/subject	http://dbpedia.org/resource/Category:Populated_places_in_Himara
http://www.w3.org/2000/01/rdf-schema#comment	"Vuno is a village on the Albanian Riviera. It is located in the Vlorë County, Albania, along the road between Himarë and Dhërmi. Since 2014 Vuno is part of the municipality Himarë."@en
http://dbpedia.org/property/longd	"19"^^http://www.w3.org/2001/XMLSchema#integer
http://xmlns.com/foaf/0.1/primaryTopic	http://en.wikipedia.org/wiki/Vuno
http://www.w3.org/2002/07/owl#sameAs	http://dbpedia.org/resource/Vuno
http://dbpedia.org/ontology/thumbnail	http://commons.wikimedia.org/wiki/Special:FilePath/Vuno_Albania.jpg?width=300
http://dbpedia.org/ontology/wikiPageID	"28565140"^^http://www.w3.org/2001/XMLSchema#integer
http://www.w3.org/2002/07/owl#differentFrom	http://dbpedia.org/resource/Vouno
http://dbpedia.org/ontology/location	http://dbpedia.org/resource/St._Spyridon's_Church,_Vuno
http://dbpedia.org/ontology/birthPlace	http://dbpedia.org/resource/Dhimitër_Anagnosti
http://www.w3.org/ns/prov#wasDerivedFrom	http://en.wikipedia.org/wiki/Vuno?oldid=743325751
http://dbpedia.org/property/municunit	http://dbpedia.org/resource/Himarë
http://xmlns.com/foaf/0.1/depiction	http://commons.wikimedia.org/wiki/Special:FilePath/Vuno_Albania.jpg
http://purl.org/linguistics/gold/hypernym	http://dbpedia.org/resource/Village
http://dbpedia.org/property/latd	"40"^^http://www.w3.org/2001/XMLSchema#integer
http://dbpedia.org/ontology/abstract	"Vuno (albanisch auch Vunoi; griechisch Vounó Βουνό) ist ein kleines Dorf innerhalb der Bashkia (Gemeinde) von Himara im Süden Albaniens. Es liegt an der Albanischen Riviera oberhalb des Ionischen Meers, etwa auf halbem Wege zwischen Dhërmi und Himara. Durch den regionalen Aufschwung des Badetourismus wird auch Vuno immer wie mehr von Touristen besucht. Übernachtungsmöglichkeiten bestehen am Strand und seit 2013 auch in Form von einzelnen Ferienappartements im Umfeld von Vuno. Vuno ist ein gutes Beispiel der typischen Architektur der Albanischen Riviera. Die rund 200 Steinhäuser, die engen und gepflasterten Gassen sowie die mediterranen Gärten bieten für den Tourismus in Zukunft hohes Potenzial und machen Vuno zu einem besonderen Kulturgut Albaniens. Der britische Maler und Schriftsteller Edward Lear fühlte sich einst beim Anblick des Ortes an die „Palazzini“ Italiens erinnert."@de
http://www.w3.org/2000/01/rdf-schema#label	"Vuno"@de
http://www.w3.org/1999/02/22-rdf-syntax-ns#type	http://dbpedia.org/class/yago/PhysicalEntity100001930
