#---Properties and values from: http://dbpedia.org/resource/Itacurubi
Property	Value
http://dbpedia.org/property/longew	"W"^^http://www.w3.org/1999/02/22-rdf-syntax-ns#langString
http://dbpedia.org/property/lats	"43"^^http://www.w3.org/2001/XMLSchema#integer
http://dbpedia.org/ontology/wikiPageExternalLink	http://www.citybrazil.com.br/rs/itacurubi/
http://dbpedia.org/ontology/wikiPageRevisionID	"720407012"^^http://www.w3.org/2001/XMLSchema#integer
http://dbpedia.org/property/latm	"47"^^http://www.w3.org/2001/XMLSchema#integer
http://dbpedia.org/property/latns	"S"^^http://www.w3.org/1999/02/22-rdf-syntax-ns#langString
http://dbpedia.org/property/imageMap	"RioGrandedoSul Municip Itacurubi.svg"^^http://www.w3.org/1999/02/22-rdf-syntax-ns#langString
http://xmlns.com/foaf/0.1/isPrimaryTopicOf	http://en.wikipedia.org/wiki/Itacurubi
http://dbpedia.org/property/microregion	http://dbpedia.org/resource/Santiago_(micro-region)
http://dbpedia.org/property/longm	"14"^^http://www.w3.org/2001/XMLSchema#integer
http://dbpedia.org/property/populationTotal	"3551"^^http://www.w3.org/2001/XMLSchema#integer
http://dbpedia.org/property/longs	"7"^^http://www.w3.org/2001/XMLSchema#integer
http://dbpedia.org/property/populationAsOf	"2015"^^http://www.w3.org/2001/XMLSchema#integer
http://purl.org/dc/terms/subject	http://dbpedia.org/resource/Category:Municipalities_in_Rio_Grande_do_Sul
http://dbpedia.org/property/elevation	"169"^^http://www.w3.org/2001/XMLSchema#integer
http://dbpedia.org/property/state	"RS"^^http://www.w3.org/1999/02/22-rdf-syntax-ns#langString
http://www.w3.org/2000/01/rdf-schema#comment	"Itacurubi es un municipio brasileño del estado de Rio Grande do Sul. Se encuentra ubicado a una latitud de 28º47'43\" Sur y una longitud de 55º14'07\" Oeste, estando a una altura de 160 metros sobre el nivel del mar. Su población estimada para el año 2004 era de 3.571 habitantes. Ocupa una superficie de 1120,8 km²."@es
http://dbpedia.org/property/longd	"55"^^http://www.w3.org/2001/XMLSchema#integer
http://xmlns.com/foaf/0.1/primaryTopic	http://en.wikipedia.org/wiki/Itacurubi
http://dbpedia.org/ontology/wikiPageRedirects	http://dbpedia.org/resource/Itacurubi,_Rio_Grande_do_Sul,_Brazil
http://www.w3.org/2002/07/owl#sameAs	http://pt.dbpedia.org/resource/Itacurubi
http://dbpedia.org/ontology/thumbnail	http://commons.wikimedia.org/wiki/Special:FilePath/RioGrandedoSul_Municip_Itacurubi.svg?width=300
http://dbpedia.org/ontology/wikiPageID	"9719852"^^http://www.w3.org/2001/XMLSchema#integer
http://dbpedia.org/property/areaTotal	"1120.8699999999998909"^^http://www.w3.org/2001/XMLSchema#decimal
http://dbpedia.org/ontology/birthPlace	http://dbpedia.org/resource/Virginio_Cáceres
http://www.w3.org/ns/prov#wasDerivedFrom	http://en.wikipedia.org/wiki/Itacurubi?oldid=720407012
http://dbpedia.org/property/mesoregion	http://dbpedia.org/resource/Centro_Ocidental_Rio-Grandense
http://xmlns.com/foaf/0.1/depiction	http://commons.wikimedia.org/wiki/Special:FilePath/RioGrandedoSul_Municip_Itacurubi.svg
http://purl.org/linguistics/gold/hypernym	http://dbpedia.org/resource/Municipality
http://dbpedia.org/property/latd	"28"^^http://www.w3.org/2001/XMLSchema#integer
http://dbpedia.org/property/postalCode	"97685"^^http://www.w3.org/2001/XMLSchema#integer
http://dbpedia.org/ontology/abstract	"伊塔库鲁比（葡萄牙语：Itacurubi）是巴西南大河州的一个市镇。总面积1114.518平方公里，总人口3568人，人口密度3.2人/平方公里。"@zh
http://www.w3.org/2000/01/rdf-schema#label	"伊塔库鲁比"@zh
http://xmlns.com/foaf/0.1/homepage	http://www.itacurubi.rs.gov.br/Home.aspx
http://www.w3.org/1999/02/22-rdf-syntax-ns#type	http://dbpedia.org/class/yago/Object100002684
