#---Properties and values from: http://dbpedia.org/resource/Camaldoli_(Campagna)
Property	Value
http://dbpedia.org/property/longew	"E"^^http://www.w3.org/1999/02/22-rdf-syntax-ns#langString
http://dbpedia.org/property/lats	"9.0099999999999997868"^^http://www.w3.org/2001/XMLSchema#decimal
http://dbpedia.org/ontology/wikiPageExternalLink	http://www.comune.campagna.sa.it/
http://dbpedia.org/ontology/wikiPageRevisionID	"545941485"^^http://www.w3.org/2001/XMLSchema#integer
http://dbpedia.org/property/comune	http://dbpedia.org/resource/Campagna
http://dbpedia.org/property/latm	"39"^^http://www.w3.org/2001/XMLSchema#integer
http://dbpedia.org/property/latns	"N"^^http://www.w3.org/1999/02/22-rdf-syntax-ns#langString
http://dbpedia.org/property/areaCode	"828"^^http://www.w3.org/2001/XMLSchema#integer
http://dbpedia.org/property/imageSkyline	"Camaldoli panorama.JPG"^^http://www.w3.org/1999/02/22-rdf-syntax-ns#langString
http://dbpedia.org/property/website	http://www.comune.campagna.sa.it/
http://xmlns.com/foaf/0.1/isPrimaryTopicOf	http://en.wikipedia.org/wiki/Camaldoli_(Campagna)
http://dbpedia.org/property/longm	"10"^^http://www.w3.org/2001/XMLSchema#integer
http://dbpedia.org/property/populationTotal	"103"^^http://www.w3.org/2001/XMLSchema#integer
http://dbpedia.org/property/longs	"30.440000000000001279"^^http://www.w3.org/2001/XMLSchema#decimal
http://dbpedia.org/property/populationAsOf	"2001"^^http://www.w3.org/2001/XMLSchema#integer
http://purl.org/dc/terms/subject	http://dbpedia.org/resource/Category:Frazioni_of_the_Province_of_Salerno
http://www.w3.org/2000/01/rdf-schema#comment	"Camaldoli è una frazione di Campagna in provincia di Salerno. Ha una popolazione di 258 abitanti secondo il censimento del 2011."@it
http://dbpedia.org/property/longd	"15"^^http://www.w3.org/2001/XMLSchema#integer
http://xmlns.com/foaf/0.1/primaryTopic	http://en.wikipedia.org/wiki/Camaldoli_(Campagna)
http://dbpedia.org/ontology/frazioni	http://dbpedia.org/resource/Campagna
http://www.w3.org/2002/07/owl#sameAs	http://sws.geonames.org/8952099/
http://dbpedia.org/ontology/thumbnail	http://commons.wikimedia.org/wiki/Special:FilePath/Camaldoli_panorama.JPG?width=300
http://dbpedia.org/ontology/wikiPageID	"27886238"^^http://www.w3.org/2001/XMLSchema#integer
http://dbpedia.org/property/elevationM	"355"^^http://www.w3.org/2001/XMLSchema#integer
http://www.w3.org/ns/prov#wasDerivedFrom	http://en.wikipedia.org/wiki/Camaldoli_(Campagna)?oldid=545941485
http://dbpedia.org/property/coordinatesDisplay	"inline, title"^^http://www.w3.org/1999/02/22-rdf-syntax-ns#langString
http://dbpedia.org/property/name	"Camaldoli"^^http://www.w3.org/1999/02/22-rdf-syntax-ns#langString
http://xmlns.com/foaf/0.1/depiction	http://commons.wikimedia.org/wiki/Special:FilePath/Camaldoli_panorama.JPG
http://purl.org/linguistics/gold/hypernym	http://dbpedia.org/resource/Hamlet
http://dbpedia.org/property/latd	"40"^^http://www.w3.org/2001/XMLSchema#integer
http://dbpedia.org/property/postalCode	"84022"^^http://www.w3.org/2001/XMLSchema#integer
http://dbpedia.org/ontology/abstract	"Camaldoli is een plaats (frazione) in de Italiaanse gemeente Campagna (SA)."@nl
http://www.w3.org/2000/01/rdf-schema#label	"Camaldoli (Campagna)"@en
http://dbpedia.org/property/province	http://dbpedia.org/resource/Province_of_Salerno
http://xmlns.com/foaf/0.1/homepage	http://www.comune.campagna.sa.it/
http://www.w3.org/1999/02/22-rdf-syntax-ns#type	http://dbpedia.org/class/yago/Vicinity108641113
http://dbpedia.org/property/gentilic	"Camaldolesi"^^http://www.w3.org/1999/02/22-rdf-syntax-ns#langString
