#---Properties and values from: http://dbpedia.org/resource/Við_Áir
Property	Value
http://dbpedia.org/property/longew	"W"^^http://www.w3.org/1999/02/22-rdf-syntax-ns#langString
http://xmlns.com/foaf/0.1/name	"Við Áir"@en
http://dbpedia.org/property/lats	"23"^^http://www.w3.org/2001/XMLSchema#integer
http://dbpedia.org/ontology/wikiPageExternalLink	https://www.youtube.com/watch?v=7X0hq0ug9q4
http://dbpedia.org/property/unitPref	"Imperial"^^http://www.w3.org/1999/02/22-rdf-syntax-ns#langString
http://dbpedia.org/ontology/wikiPageRevisionID	"716616981"^^http://www.w3.org/2001/XMLSchema#integer
http://dbpedia.org/property/imagesize	"250"^^http://www.w3.org/2001/XMLSchema#integer
http://dbpedia.org/property/latm	"11"^^http://www.w3.org/2001/XMLSchema#integer
http://dbpedia.org/property/latns	"N"^^http://www.w3.org/1999/02/22-rdf-syntax-ns#langString
http://dbpedia.org/property/imageSkyline	"Faroe Islands, Streymoy, abandoned whaling station at Við Áir .jpg"^^http://www.w3.org/1999/02/22-rdf-syntax-ns#langString
http://dbpedia.org/property/settlementType	"Abandoned village"^^http://www.w3.org/1999/02/22-rdf-syntax-ns#langString
http://www.w3.org/2003/01/geo/wgs84_pos#long	"-7.0308332443237304688"^^http://www.w3.org/2001/XMLSchema#float
http://dbpedia.org/property/coordinatesRegion	"DK"^^http://www.w3.org/1999/02/22-rdf-syntax-ns#langString
http://dbpedia.org/property/imageCaption	"The whaling station Við Áir, before the restoration started"^^http://www.w3.org/1999/02/22-rdf-syntax-ns#langString
http://dbpedia.org/property/pushpinLabelPosition	"left"^^http://www.w3.org/1999/02/22-rdf-syntax-ns#langString
http://xmlns.com/foaf/0.1/isPrimaryTopicOf	http://en.wikipedia.org/wiki/Við_Áir
http://dbpedia.org/property/subdivisionType	"Island"^^http://www.w3.org/1999/02/22-rdf-syntax-ns#langString
http://dbpedia.org/property/pushpinMapsize	"250"^^http://www.w3.org/2001/XMLSchema#integer
http://dbpedia.org/ontology/country	http://dbpedia.org/resource/Kingdom_of_Denmark
http://dbpedia.org/property/longm	"1"^^http://www.w3.org/2001/XMLSchema#integer
http://dbpedia.org/property/populationTotal	"none"^^http://www.w3.org/1999/02/22-rdf-syntax-ns#langString
http://dbpedia.org/property/longs	"51"^^http://www.w3.org/2001/XMLSchema#integer
http://purl.org/dc/terms/subject	http://dbpedia.org/resource/Category:Former_populated_places_in_the_Faroe_Islands
http://dbpedia.org/ontology/isPartOf	http://dbpedia.org/resource/Streymoy
http://www.w3.org/2000/01/rdf-schema#comment	"Við Áir is a former whaling station on the east coast of Streymoy in the Faroe Islands, near the village Hvalvík. Við Áir means \"by the rivers\" (á means \"river\" or \"flood\"; áir is the plural form)."@en
http://dbpedia.org/property/longd	"7"^^http://www.w3.org/2001/XMLSchema#integer
http://xmlns.com/foaf/0.1/primaryTopic	http://en.wikipedia.org/wiki/Við_Áir
http://www.w3.org/2002/07/owl#sameAs	http://yago-knowledge.org/resource/Við_Áir
http://dbpedia.org/ontology/wikiPageRedirects	http://dbpedia.org/resource/Vid_Air
http://www.w3.org/2003/01/geo/wgs84_pos#lat	"62.189723968505859375"^^http://www.w3.org/2001/XMLSchema#float
http://www.georss.org/georss/point	"62.18972222222222 -7.030833333333334"
http://dbpedia.org/ontology/thumbnail	http://commons.wikimedia.org/wiki/Special:FilePath/Faroe_Islands,_Streymoy,_abandoned_whaling_station_at_Við_Áir_(1).jpg?width=300
http://dbpedia.org/ontology/wikiPageID	"33974435"^^http://www.w3.org/2001/XMLSchema#integer
http://dbpedia.org/ontology/utcOffset	"+1"
http://www.w3.org/ns/prov#wasDerivedFrom	http://en.wikipedia.org/wiki/Við_Áir?oldid=716616981
http://dbpedia.org/ontology/timeZone	http://dbpedia.org/resource/European_Summer_Time
http://dbpedia.org/property/coordinatesDisplay	"inline,title"^^http://www.w3.org/1999/02/22-rdf-syntax-ns#langString
http://dbpedia.org/property/pushpinMap	"Faroe Islands"^^http://www.w3.org/1999/02/22-rdf-syntax-ns#langString
http://xmlns.com/foaf/0.1/depiction	http://commons.wikimedia.org/wiki/Special:FilePath/Faroe_Islands,_Streymoy,_abandoned_whaling_station_at_Við_Áir_(1).jpg
http://purl.org/linguistics/gold/hypernym	http://dbpedia.org/resource/Place
http://dbpedia.org/property/latd	"62"^^http://www.w3.org/2001/XMLSchema#integer
http://dbpedia.org/ontology/abstract	"Við Áir is a former whaling station on the east coast of Streymoy in the Faroe Islands, near the village Hvalvík. Við Áir means \"by the rivers\" (á means \"river\" or \"flood\"; áir is the plural form)."@en
http://dbpedia.org/property/pushpinMapCaption	"Location in the Faroe Islands"^^http://www.w3.org/1999/02/22-rdf-syntax-ns#langString
http://www.w3.org/2003/01/geo/wgs84_pos#geometry	"POINT(-7.0308332443237 62.189723968506)"^^http://www.openlinksw.com/schemas/virtrdf#Geometry
http://www.w3.org/2000/01/rdf-schema#label	"Við Áir"@en
http://www.w3.org/1999/02/22-rdf-syntax-ns#type	http://dbpedia.org/class/yago/Region108630985
