#---Properties and values from: http://dbpedia.org/resource/Sete_Quedas
Property	Value
http://dbpedia.org/property/lats	"12"^^http://www.w3.org/2001/XMLSchema#integer
http://dbpedia.org/ontology/wikiPageRevisionID	"721394767"^^http://www.w3.org/2001/XMLSchema#integer
http://dbpedia.org/property/latm	"58"^^http://www.w3.org/2001/XMLSchema#integer
http://dbpedia.org/property/latns	"S"^^http://www.w3.org/1999/02/22-rdf-syntax-ns#langString
http://dbpedia.org/property/imageMap	"MatoGrossodoSul Municip SeteQuedas.svg"^^http://www.w3.org/1999/02/22-rdf-syntax-ns#langString
http://xmlns.com/foaf/0.1/isPrimaryTopicOf	http://en.wikipedia.org/wiki/Sete_Quedas
http://dbpedia.org/property/longm	"2"^^http://www.w3.org/2001/XMLSchema#integer
http://dbpedia.org/property/populationTotal	"8394"^^http://www.w3.org/2001/XMLSchema#integer
http://dbpedia.org/property/longs	"9"^^http://www.w3.org/2001/XMLSchema#integer
http://dbpedia.org/property/populationAsOf	"2005"^^http://www.w3.org/2001/XMLSchema#integer
http://purl.org/dc/terms/subject	http://dbpedia.org/resource/Category:Municipalities_in_Mato_Grosso_do_Sul
http://dbpedia.org/property/state	"MS"^^http://www.w3.org/1999/02/22-rdf-syntax-ns#langString
http://www.w3.org/2000/01/rdf-schema#comment	"Сети-Кедас (порт. Sete Quedas) — муниципалитет в Бразилии, входит в штат Мату-Гросу-ду-Сул. Составная часть мезорегиона Юго-запад штата Мату-Гроссу-ду-Сул. Входит в экономико-статистический микрорегион Игуатеми. Население составляет 7937 человек на 2006 год. Занимает площадь 825,925 км². Плотность населения - 9,6 чел./км². Праздник города — 13 мая."@ru
http://dbpedia.org/property/longd	"55"^^http://www.w3.org/2001/XMLSchema#integer
http://xmlns.com/foaf/0.1/primaryTopic	http://en.wikipedia.org/wiki/Sete_Quedas
http://www.w3.org/2002/07/owl#sameAs	http://nl.dbpedia.org/resource/Sete_Quedas
http://dbpedia.org/ontology/thumbnail	http://commons.wikimedia.org/wiki/Special:FilePath/MatoGrossodoSul_Municip_SeteQuedas.svg?width=300
http://dbpedia.org/ontology/wikiPageID	"8663978"^^http://www.w3.org/2001/XMLSchema#integer
http://dbpedia.org/property/areaTotal	"826"^^http://www.w3.org/2001/XMLSchema#integer
http://dbpedia.org/ontology/birthPlace	http://dbpedia.org/resource/João_Gaspar
http://www.w3.org/ns/prov#wasDerivedFrom	http://en.wikipedia.org/wiki/Sete_Quedas?oldid=721394767
http://dbpedia.org/property/name	"Sete Quedas"^^http://www.w3.org/1999/02/22-rdf-syntax-ns#langString
http://xmlns.com/foaf/0.1/depiction	http://commons.wikimedia.org/wiki/Special:FilePath/MatoGrossodoSul_Municip_SeteQuedas.svg
http://purl.org/linguistics/gold/hypernym	http://dbpedia.org/resource/Municipality
http://dbpedia.org/property/latd	"23"^^http://www.w3.org/2001/XMLSchema#integer
http://dbpedia.org/ontology/abstract	"Sete Quedas is een gemeente in de Braziliaanse deelstaat Mato Grosso do Sul. De gemeente telt 10.955 inwoners (schatting 2009). De gemeente grenst aan Tacuru, Paranhos, Japorã, en Corpus Christi in Paraguay."@nl
http://www.w3.org/2000/01/rdf-schema#label	"Сети-Кедас"@ru
http://www.w3.org/1999/02/22-rdf-syntax-ns#type	http://dbpedia.org/ontology/Settlement
