#---Properties and values from: http://dbpedia.org/resource/Piracaia
Property	Value
http://dbpedia.org/property/lats	"14"^^http://www.w3.org/2001/XMLSchema#integer
http://dbpedia.org/ontology/wikiPageRevisionID	"720298432"^^http://www.w3.org/2001/XMLSchema#integer
http://dbpedia.org/property/latm	"3"^^http://www.w3.org/2001/XMLSchema#integer
http://dbpedia.org/property/latns	"S"^^http://www.w3.org/1999/02/22-rdf-syntax-ns#langString
http://dbpedia.org/property/imageMap	"SaoPaulo Municip Piracaia.svg"^^http://www.w3.org/1999/02/22-rdf-syntax-ns#langString
http://xmlns.com/foaf/0.1/isPrimaryTopicOf	http://en.wikipedia.org/wiki/Piracaia
http://dbpedia.org/property/longm	"21"^^http://www.w3.org/2001/XMLSchema#integer
http://dbpedia.org/property/populationTotal	"26688"^^http://www.w3.org/2001/XMLSchema#integer
http://dbpedia.org/property/populationAsOf	"2015"^^http://www.w3.org/2001/XMLSchema#integer
http://dbpedia.org/property/longs	"29"^^http://www.w3.org/2001/XMLSchema#integer
http://purl.org/dc/terms/subject	http://dbpedia.org/resource/Category:Municipalities_in_São_Paulo_(state)
http://dbpedia.org/property/state	"SP"^^http://www.w3.org/1999/02/22-rdf-syntax-ns#langString
http://www.w3.org/2000/01/rdf-schema#comment	"Piracaia is a municipality in the state of São Paulo in Brazil. The population is 26,688 (2015 est.) in an area of 386 km². The elevation is 792 m. The municipality was established in 1859 as Santo Antônio da Cachoeira, but its name was changed into Piracaia on August 20, 1906."@en
http://dbpedia.org/property/longd	"46"^^http://www.w3.org/2001/XMLSchema#integer
http://xmlns.com/foaf/0.1/primaryTopic	http://en.wikipedia.org/wiki/Piracaia
http://www.w3.org/2002/07/owl#sameAs	http://pl.dbpedia.org/resource/Piracaia
http://dbpedia.org/ontology/wikiPageRedirects	http://dbpedia.org/resource/Batatuba
http://dbpedia.org/ontology/thumbnail	http://commons.wikimedia.org/wiki/Special:FilePath/SaoPaulo_Municip_Piracaia.svg?width=300
http://dbpedia.org/property/areaTotal	"386"^^http://www.w3.org/2001/XMLSchema#integer
http://dbpedia.org/ontology/wikiPageID	"1090422"^^http://www.w3.org/2001/XMLSchema#integer
http://www.w3.org/ns/prov#wasDerivedFrom	http://en.wikipedia.org/wiki/Piracaia?oldid=720298432
http://xmlns.com/foaf/0.1/depiction	http://commons.wikimedia.org/wiki/Special:FilePath/SaoPaulo_Municip_Piracaia.svg
http://purl.org/linguistics/gold/hypernym	http://dbpedia.org/resource/Municipality
http://dbpedia.org/property/latd	"23"^^http://www.w3.org/2001/XMLSchema#integer
http://dbpedia.org/ontology/abstract	"Piracaia is een gemeente in de Braziliaanse deelstaat São Paulo. De gemeente telt 22.740 inwoners (schatting 2009). De gemeente grenst aan Atibaia, Bom Jesus dos Perdões, Bragança Paulista, Igaratá, Joanópolis en Nazaré Paulista."@nl
http://www.w3.org/2000/01/rdf-schema#label	"Piracaia"@en
http://www.w3.org/1999/02/22-rdf-syntax-ns#type	http://dbpedia.org/class/yago/PhysicalEntity100001930
