#---Properties and values from: http://dbpedia.org/resource/Bocaina
Property	Value
http://dbpedia.org/property/lats	"10"^^http://www.w3.org/2001/XMLSchema#integer
http://dbpedia.org/ontology/wikiPageRevisionID	"720282305"^^http://www.w3.org/2001/XMLSchema#integer
http://dbpedia.org/property/latm	"8"^^http://www.w3.org/2001/XMLSchema#integer
http://dbpedia.org/property/latns	"S"^^http://www.w3.org/1999/02/22-rdf-syntax-ns#langString
http://dbpedia.org/property/imageMap	"SaoPaulo Municip Bocaina.svg"^^http://www.w3.org/1999/02/22-rdf-syntax-ns#langString
http://xmlns.com/foaf/0.1/isPrimaryTopicOf	http://en.wikipedia.org/wiki/Bocaina
http://dbpedia.org/property/longm	"31"^^http://www.w3.org/2001/XMLSchema#integer
http://dbpedia.org/property/populationTotal	"11810"^^http://www.w3.org/2001/XMLSchema#integer
http://dbpedia.org/property/populationAsOf	"2015"^^http://www.w3.org/2001/XMLSchema#integer
http://dbpedia.org/property/longs	"5"^^http://www.w3.org/2001/XMLSchema#integer
http://purl.org/dc/terms/subject	http://dbpedia.org/resource/Category:Municipalities_in_São_Paulo_(state)
http://dbpedia.org/property/state	"SP"^^http://www.w3.org/1999/02/22-rdf-syntax-ns#langString
http://www.w3.org/2000/01/rdf-schema#comment	"Bocaina is een gemeente in de Braziliaanse deelstaat São Paulo. De gemeente telt 11.028 inwoners (schatting 2009). De gemeente grenst aan Bariri, Boa Esperança do Sul, Dourado en Jaú."@nl
http://dbpedia.org/property/longd	"48"^^http://www.w3.org/2001/XMLSchema#integer
http://xmlns.com/foaf/0.1/primaryTopic	http://en.wikipedia.org/wiki/Bocaina
http://www.w3.org/2002/07/owl#sameAs	http://fr.dbpedia.org/resource/Bocaina_(São_Paulo)
http://dbpedia.org/ontology/thumbnail	http://commons.wikimedia.org/wiki/Special:FilePath/SaoPaulo_Municip_Bocaina.svg?width=300
http://dbpedia.org/property/areaTotal	"364"^^http://www.w3.org/2001/XMLSchema#integer
http://dbpedia.org/ontology/wikiPageID	"998776"^^http://www.w3.org/2001/XMLSchema#integer
http://www.w3.org/ns/prov#wasDerivedFrom	http://en.wikipedia.org/wiki/Bocaina?oldid=720282305
http://dbpedia.org/ontology/birthPlace	http://dbpedia.org/resource/João_Arthur_Bueno_de_Camargo
http://xmlns.com/foaf/0.1/depiction	http://commons.wikimedia.org/wiki/Special:FilePath/SaoPaulo_Municip_Bocaina.svg
http://purl.org/linguistics/gold/hypernym	http://dbpedia.org/resource/Municipality
http://dbpedia.org/property/latd	"22"^^http://www.w3.org/2001/XMLSchema#integer
http://dbpedia.org/ontology/abstract	"Bocaina (Portuguese pronunciation: [boˈkɐjnɐ]) is a municipality in the state of São Paulo in Brazil. The population is 11,810 (2015 est.) in an area of 364 km²."@en
http://www.w3.org/2000/01/rdf-schema#label	"Бокайна (Сан-Паулу)"@ru
http://www.w3.org/1999/02/22-rdf-syntax-ns#type	http://dbpedia.org/class/yago/YagoLegalActorGeo
