#---Properties and values from: http://dbpedia.org/resource/Vianópolis
Property	Value
http://dbpedia.org/property/lats	"0"^^http://www.w3.org/2001/XMLSchema#integer
http://dbpedia.org/ontology/wikiPageExternalLink	https://web.archive.org/web/20090205080546/http:/www.seplan.go.gov.br/sepin/pub/anuario/2005/transporte/tab01_transporte.htm
http://dbpedia.org/ontology/wikiPageRevisionID	"737866320"^^http://www.w3.org/2001/XMLSchema#integer
http://dbpedia.org/property/latm	"45"^^http://www.w3.org/2001/XMLSchema#integer
http://dbpedia.org/property/latns	"S"^^http://www.w3.org/1999/02/22-rdf-syntax-ns#langString
http://dbpedia.org/property/imageMap	"Goias Municip Vianopolis.svg"^^http://www.w3.org/1999/02/22-rdf-syntax-ns#langString
http://xmlns.com/foaf/0.1/isPrimaryTopicOf	http://en.wikipedia.org/wiki/Vianópolis
http://dbpedia.org/property/microregion	http://dbpedia.org/resource/Pires_do_Rio_Microregion
http://dbpedia.org/property/longm	"30"^^http://www.w3.org/2001/XMLSchema#integer
http://dbpedia.org/property/populationTotal	"12187"^^http://www.w3.org/2001/XMLSchema#integer
http://dbpedia.org/property/populationAsOf	"2007"^^http://www.w3.org/2001/XMLSchema#integer
http://dbpedia.org/property/longs	"40"^^http://www.w3.org/2001/XMLSchema#integer
http://purl.org/dc/terms/subject	http://dbpedia.org/resource/Category:Municipalities_in_Goiás
http://dbpedia.org/property/elevation	"1002"^^http://www.w3.org/2001/XMLSchema#integer
http://dbpedia.org/property/state	"GO"^^http://www.w3.org/1999/02/22-rdf-syntax-ns#langString
http://www.w3.org/2000/01/rdf-schema#comment	"Vianópolis è un comune del Brasile nello Stato del Goiás, parte della mesoregione del Sul Goiano e della microregione di Pires do Rio."@it
http://dbpedia.org/property/longd	"48"^^http://www.w3.org/2001/XMLSchema#integer
http://xmlns.com/foaf/0.1/primaryTopic	http://en.wikipedia.org/wiki/Vianópolis
http://www.w3.org/2002/07/owl#sameAs	http://de.dbpedia.org/resource/Vianópolis_(Goiás)
http://dbpedia.org/ontology/wikiPageRedirects	http://dbpedia.org/resource/Vianopolis
http://dbpedia.org/ontology/thumbnail	http://commons.wikimedia.org/wiki/Special:FilePath/Goias_Municip_Vianopolis.svg?width=300
http://dbpedia.org/property/areaTotal	"954.29999999999995453"^^http://www.w3.org/2001/XMLSchema#decimal
http://dbpedia.org/ontology/wikiPageID	"1657727"^^http://www.w3.org/2001/XMLSchema#integer
http://dbpedia.org/ontology/birthPlace	http://dbpedia.org/resource/Carlos_Alberto_Souza_dos_Santos
http://www.w3.org/ns/prov#wasDerivedFrom	http://en.wikipedia.org/wiki/Vianópolis?oldid=737866320
http://dbpedia.org/property/name	"Vianópolis"^^http://www.w3.org/1999/02/22-rdf-syntax-ns#langString
http://xmlns.com/foaf/0.1/depiction	http://commons.wikimedia.org/wiki/Special:FilePath/Goias_Municip_Vianopolis.svg
http://purl.org/linguistics/gold/hypernym	http://dbpedia.org/resource/Municipality
http://dbpedia.org/property/latd	"16"^^http://www.w3.org/2001/XMLSchema#integer
http://dbpedia.org/ontology/abstract	"Vianópolis è un comune del Brasile nello Stato del Goiás, parte della mesoregione del Sul Goiano e della microregione di Pires do Rio."@it
http://www.w3.org/2000/01/rdf-schema#label	"Vianópolis"@fr
http://www.w3.org/1999/02/22-rdf-syntax-ns#type	http://dbpedia.org/class/yago/WikicatPopulatedPlacesInGoiás
