#---Properties and values from: http://dbpedia.org/resource/Snyder's_Lake
Property	Value
http://dbpedia.org/property/longew	"W"^^http://www.w3.org/1999/02/22-rdf-syntax-ns#langString
http://xmlns.com/foaf/0.1/name	"Snyder's Lake, New York"@en
http://dbpedia.org/property/lats	"32"^^http://www.w3.org/2001/XMLSchema#integer
http://dbpedia.org/ontology/wikiPageExternalLink	http://www.averillpark.k12.ny.us
http://dbpedia.org/property/timezoneDst	"EDT"^^http://www.w3.org/1999/02/22-rdf-syntax-ns#langString
http://dbpedia.org/property/latm	"41"^^http://www.w3.org/2001/XMLSchema#integer
http://dbpedia.org/property/latns	"N"^^http://www.w3.org/1999/02/22-rdf-syntax-ns#langString
http://www.w3.org/2003/01/geo/wgs84_pos#long	"-73.64444732666015625"^^http://www.w3.org/2001/XMLSchema#float
http://dbpedia.org/property/subdivisionType	http://dbpedia.org/resource/Political_divisions_of_the_United_States
http://dbpedia.org/property/west	"hamlet of Defreestville"^^http://www.w3.org/1999/02/22-rdf-syntax-ns#langString
http://purl.org/dc/terms/subject	http://dbpedia.org/resource/Category:Hamlets_in_Rensselaer_County,_New_York
http://dbpedia.org/ontology/isPartOf	http://dbpedia.org/resource/Rensselaer_County,_New_York
http://dbpedia.org/ontology/postalCode	"12198"
http://dbpedia.org/ontology/areaTotal	"5179976.2206720001996"^^http://www.w3.org/2001/XMLSchema#decimal
http://dbpedia.org/ontology/elevation	"182.87999999999999545"^^http://www.w3.org/2001/XMLSchema#decimal
http://dbpedia.org/property/blankName	http://dbpedia.org/resource/Federal_Information_Processing_Standard
http://dbpedia.org/property/populationDensitySqMi	"auto"^^http://www.w3.org/1999/02/22-rdf-syntax-ns#langString
http://www.w3.org/ns/prov#wasDerivedFrom	http://en.wikipedia.org/wiki/Snyder's_Lake?oldid=738471191
http://dbpedia.org/ontology/timeZone	http://dbpedia.org/resource/North_American_Eastern_Time_Zone
http://dbpedia.org/ontology/areaCode	"518"
http://dbpedia.org/ontology/areaLand	"5179976.2206720001996"^^http://www.w3.org/2001/XMLSchema#decimal
http://dbpedia.org/property/latd	"42"^^http://www.w3.org/2001/XMLSchema#integer
http://dbpedia.org/property/blankInfo	"36"^^http://www.w3.org/2001/XMLSchema#integer
http://dbpedia.org/property/southeast	"Town of Sand Lake"^^http://www.w3.org/1999/02/22-rdf-syntax-ns#langString
http://www.w3.org/1999/02/22-rdf-syntax-ns#type	http://dbpedia.org/class/yago/Tract108673395
http://dbpedia.org/property/populationDensityKm	"auto"^^http://www.w3.org/1999/02/22-rdf-syntax-ns#langString
http://dbpedia.org/ontology/wikiPageRevisionID	"738471191"^^http://www.w3.org/2001/XMLSchema#integer
http://dbpedia.org/property/north	"Snyder's Corners"^^http://www.w3.org/1999/02/22-rdf-syntax-ns#langString
http://dbpedia.org/property/pushpinLabelPosition	"left"^^http://www.w3.org/1999/02/22-rdf-syntax-ns#langString
http://dbpedia.org/property/blank1Info	"971770"^^http://www.w3.org/2001/XMLSchema#integer
http://xmlns.com/foaf/0.1/isPrimaryTopicOf	http://en.wikipedia.org/wiki/Snyder's_Lake
http://dbpedia.org/ontology/areaWater	"1942491.0827520000748"^^http://www.w3.org/2001/XMLSchema#decimal
http://dbpedia.org/property/postalCodeType	http://dbpedia.org/resource/ZIP_code
http://dbpedia.org/ontology/country	http://dbpedia.org/resource/United_States
http://dbpedia.org/property/longm	"38"^^http://www.w3.org/2001/XMLSchema#integer
http://dbpedia.org/property/populationTotal	"Unknown"^^http://www.w3.org/1999/02/22-rdf-syntax-ns#langString
http://dbpedia.org/property/longs	"40"^^http://www.w3.org/2001/XMLSchema#integer
http://dbpedia.org/property/populationAsOf	"2010"^^http://www.w3.org/2001/XMLSchema#integer
http://dbpedia.org/property/northwest	"Hamlet of Wynantskill, New York"^^http://www.w3.org/1999/02/22-rdf-syntax-ns#langString
http://www.w3.org/2000/01/rdf-schema#comment	"Snyder's Lake is an unofficial hamlet of North Greenbush in Rensselaer County, New York, United States. The area is centered by the lake which bears its name. It is the only lake within the town of North Greenbush. The lake lies in an area that was once populated by the Native American tribe known as the Mahicans. It was known as \"Aries Lake\" until the early 1900s, when it was renamed for the Snyder Family, whose descendents still reside there. Its original name is unknown."@en
http://dbpedia.org/property/south	"Town of East Greenbush"^^http://www.w3.org/1999/02/22-rdf-syntax-ns#langString
http://dbpedia.org/ontology/type	http://dbpedia.org/resource/Hamlet_(New_York)
http://dbpedia.org/property/longd	"73"^^http://www.w3.org/2001/XMLSchema#integer
http://xmlns.com/foaf/0.1/primaryTopic	http://en.wikipedia.org/wiki/Snyder's_Lake
http://dbpedia.org/property/east	"Town of Sand Lake"^^http://www.w3.org/1999/02/22-rdf-syntax-ns#langString
http://dbpedia.org/ontology/wikiPageRedirects	http://dbpedia.org/resource/Snyder's_Lake,_New_York
http://www.w3.org/2002/07/owl#sameAs	http://dbpedia.org/resource/Snyder's_Lake
http://dbpedia.org/property/coordinatesType	"region:US_type:city"^^http://www.w3.org/1999/02/22-rdf-syntax-ns#langString
http://www.w3.org/2003/01/geo/wgs84_pos#lat	"42.69222259521484375"^^http://www.w3.org/2001/XMLSchema#float
http://www.georss.org/georss/point	"42.69222222222222 -73.64444444444445"
http://dbpedia.org/ontology/wikiPageID	"41821171"^^http://www.w3.org/2001/XMLSchema#integer
http://dbpedia.org/ontology/utcOffset	"-5"
http://dbpedia.org/ontology/PopulatedPlace/areaTotal	"5.179976220672"^^http://dbpedia.org/datatype/squareKilometre
http://dbpedia.org/property/northeast	"Town of Sand Lake"^^http://www.w3.org/1999/02/22-rdf-syntax-ns#langString
http://dbpedia.org/property/coordinatesDisplay	"inline,title"^^http://www.w3.org/1999/02/22-rdf-syntax-ns#langString
http://dbpedia.org/property/centre	"hamlet of Snyder's Lake"^^http://www.w3.org/1999/02/22-rdf-syntax-ns#langString
http://dbpedia.org/property/pushpinMap	"New York"^^http://www.w3.org/1999/02/22-rdf-syntax-ns#langString
http://dbpedia.org/property/blank1Name	"GNIS feature ID"^^http://www.w3.org/1999/02/22-rdf-syntax-ns#langString
http://purl.org/linguistics/gold/hypernym	http://dbpedia.org/resource/Hamlet
http://dbpedia.org/ontology/abstract	"Snyder's Lake is an unofficial hamlet of North Greenbush in Rensselaer County, New York, United States. The area is centered by the lake which bears its name. It is the only lake within the town of North Greenbush. The lake lies in an area that was once populated by the Native American tribe known as the Mahicans. It was known as \"Aries Lake\" until the early 1900s, when it was renamed for the Snyder Family, whose descendents still reside there. Its original name is unknown. The exact current population of the area is unknown, however it is estimated to be less than 1000. Snyder's Lake is located in the southeast corner of the town of North Greenbush. West Sand Lake Road (NY Route 150) borders the area on the north side while NY Route 43 borders the area's south side. Part of Rensselaer County Route 68, known as Pershing Avenue, goes through the center of the area. It is one of the area's two main thoroughfares, with Troy Avenue / Geiser Road being the other. The area is almost entirely residential with a few businesses. It has a small grocery store on the east end of town. The Villa Valenti restaurant (located at Snyder's Corners at the east end of Pershing Ave.) was also considered by most local residents to be part of Snyder's Lake. It burned down in January 2014. On the western border is a Muslim cemetery, located on farmland owned by the Mohamed family. It is a middle class community of less than 1000. The number of households is estimated to be between 100 and 200. Many residents are traditionally outdoorsmen, who enjoy the abundance of local hunting and fishing. A 15 minute drive to downtown Albany allows for abundant career commuters as well. There is no official government, as it is governed and represented by the town of North Greenbush. However, it has traditionally had an unelected person referred to as its mayor throughout its history. Most notable of these \"mayors\" was Webster \"Whoopie\" Scoville (b.1928 d.1991). On the east end of the lake stood the Excelsior House, a speak-easy/night club which was destroyed by fire in 2009. The Excelsior House operated from the 1920s until the 1970s and was frequented by members of the Irish Mafia and notable characters such as Legs Diamond."@en
http://dbpedia.org/property/southwest	"hamlet of Defreestville"^^http://www.w3.org/1999/02/22-rdf-syntax-ns#langString
http://dbpedia.org/property/pushpinMapCaption	"Location within the state of New York"^^http://www.w3.org/1999/02/22-rdf-syntax-ns#langString
http://www.w3.org/2003/01/geo/wgs84_pos#geometry	"POINT(-73.64444732666 42.692222595215)"^^http://www.openlinksw.com/schemas/virtrdf#Geometry
http://www.w3.org/2000/01/rdf-schema#label	"Snyder's Lake"@en
