#---Properties and values from: http://dbpedia.org/resource/De_Doorns
Property	Value
http://xmlns.com/foaf/0.1/name	"De Doorns"@en
http://dbpedia.org/property/demographics2Info	"4.5"^^http://dbpedia.org/datatype/perCent
http://dbpedia.org/ontology/wikiPageRevisionID	"742244441"^^http://www.w3.org/2001/XMLSchema#integer
http://dbpedia.org/property/latm	"29"^^http://www.w3.org/2001/XMLSchema#integer
http://dbpedia.org/property/areaCode	"23"^^http://www.w3.org/2001/XMLSchema#integer
http://dbpedia.org/property/imageSkyline	"De Doorns, Western Cape.jpg"^^http://www.w3.org/1999/02/22-rdf-syntax-ns#langString
http://www.w3.org/2003/01/geo/wgs84_pos#long	"19.683332443237304688"^^http://www.w3.org/2001/XMLSchema#float
http://dbpedia.org/property/imageCaption	"De Doorns"^^http://www.w3.org/1999/02/22-rdf-syntax-ns#langString
http://dbpedia.org/property/demographics2Title	http://dbpedia.org/resource/English_language
http://xmlns.com/foaf/0.1/isPrimaryTopicOf	http://en.wikipedia.org/wiki/De_Doorns
http://dbpedia.org/property/municipality	"Breede Valley"^^http://www.w3.org/1999/02/22-rdf-syntax-ns#langString
http://dbpedia.org/ontology/country	http://dbpedia.org/resource/South_Africa
http://dbpedia.org/property/longm	"41"^^http://www.w3.org/2001/XMLSchema#integer
http://dbpedia.org/property/populationTotal	"11278"^^http://www.w3.org/2001/XMLSchema#integer
http://dbpedia.org/property/populationAsOf	"2011"^^http://www.w3.org/2001/XMLSchema#integer
http://purl.org/dc/terms/subject	http://dbpedia.org/resource/Category:Populated_places_in_the_Breede_Valley_Local_Municipality
http://www.w3.org/2000/01/rdf-schema#comment	"De Doorns ist eine Stadt mit 11.278 Einwohnern (Stand 2011) in der Gemeinde Breede Valley, Distrikt Cape Winelands, Provinz Westkap in Südafrika. Die Stadt liegt im Hex-River Tal in 460 Meter Höhe an der N1-Autobahn, die Kapstadt und Johannesburg verbindet. Worcester liegt 34 Kilometer südwestlich und Touwsrivier 40 Kilometer nordöstlich."@de
http://dbpedia.org/property/percentOther	"1.9"^^http://dbpedia.org/datatype/perCent
http://dbpedia.org/property/leaderTitle	"Councillor"^^http://www.w3.org/1999/02/22-rdf-syntax-ns#langString
http://dbpedia.org/property/percentAsian	"0.6"^^http://dbpedia.org/datatype/perCent
http://dbpedia.org/property/longd	"19"^^http://www.w3.org/2001/XMLSchema#integer
http://xmlns.com/foaf/0.1/primaryTopic	http://en.wikipedia.org/wiki/De_Doorns
http://dbpedia.org/ontology/wikiPageRedirects	http://dbpedia.org/resource/Hassie_Square,_Western_Cape
http://www.w3.org/2002/07/owl#sameAs	http://sws.geonames.org/3368906/
http://dbpedia.org/property/percentWhite	"6.0"^^http://dbpedia.org/datatype/perCent
http://www.w3.org/2003/01/geo/wgs84_pos#lat	"33.483333587646484375"^^http://www.w3.org/2001/XMLSchema#float
http://www.georss.org/georss/point	"33.483333333333334 19.683333333333334"
http://dbpedia.org/ontology/thumbnail	http://commons.wikimedia.org/wiki/Special:FilePath/De_Doorns,_Western_Cape.jpg?width=300
http://dbpedia.org/ontology/wikiPageID	"28204247"^^http://www.w3.org/2001/XMLSchema#integer
http://www.w3.org/ns/prov#wasDerivedFrom	http://en.wikipedia.org/wiki/De_Doorns?oldid=742244441
http://dbpedia.org/property/percentBlack	"40.0"^^http://dbpedia.org/datatype/perCent
http://dbpedia.org/property/leaderName	"Daniel Teswin Willemse"^^http://www.w3.org/1999/02/22-rdf-syntax-ns#langString
http://dbpedia.org/property/areaTotalKm	"7.5999999999999996447"^^http://www.w3.org/2001/XMLSchema#decimal
http://dbpedia.org/property/district	"Cape Winelands"^^http://www.w3.org/1999/02/22-rdf-syntax-ns#langString
http://xmlns.com/foaf/0.1/depiction	http://commons.wikimedia.org/wiki/Special:FilePath/De_Doorns,_Western_Cape.jpg
http://purl.org/linguistics/gold/hypernym	http://dbpedia.org/resource/Town
http://dbpedia.org/property/latd	"33"^^http://www.w3.org/2001/XMLSchema#integer
http://dbpedia.org/property/percentColoured	"51.5"^^http://dbpedia.org/datatype/perCent
http://dbpedia.org/ontology/abstract	"De Doorns is een stadje met 11.000 inwoners, in de Zuid-Afrikaanse provincie West-Kaap. De Doorns behoort tot de gemeente Breedevallei dat onderdeel van het district Kaapse Wynland is."@nl
http://www.w3.org/2003/01/geo/wgs84_pos#geometry	"POINT(19.683332443237 33.483333587646)"^^http://www.openlinksw.com/schemas/virtrdf#Geometry
http://www.w3.org/2000/01/rdf-schema#label	"De Doorns"@de
http://dbpedia.org/property/province	"Western Cape"^^http://www.w3.org/1999/02/22-rdf-syntax-ns#langString
http://www.w3.org/1999/02/22-rdf-syntax-ns#type	http://schema.org/Place
