#---Properties and values from: http://dbpedia.org/resource/Mairipotaba
Property	Value
http://dbpedia.org/property/lats	"53"^^http://www.w3.org/2001/XMLSchema#integer
http://dbpedia.org/ontology/wikiPageExternalLink	http://www.frigoletto.com.br/GeoEcon/idhgo.htm
http://dbpedia.org/ontology/wikiPageRevisionID	"721622898"^^http://www.w3.org/2001/XMLSchema#integer
http://dbpedia.org/property/latm	"17"^^http://www.w3.org/2001/XMLSchema#integer
http://dbpedia.org/property/latns	"S"^^http://www.w3.org/1999/02/22-rdf-syntax-ns#langString
http://dbpedia.org/property/imageMap	"Goias Municip Mairipotaba.svg"^^http://www.w3.org/1999/02/22-rdf-syntax-ns#langString
http://xmlns.com/foaf/0.1/isPrimaryTopicOf	http://en.wikipedia.org/wiki/Mairipotaba
http://dbpedia.org/property/microregion	http://dbpedia.org/resource/Meia_Ponte_Microregion
http://dbpedia.org/property/longm	"29"^^http://www.w3.org/2001/XMLSchema#integer
http://dbpedia.org/property/populationTotal	"2655"^^http://www.w3.org/2001/XMLSchema#integer
http://dbpedia.org/property/populationAsOf	"2007"^^http://www.w3.org/2001/XMLSchema#integer
http://dbpedia.org/property/longs	"29"^^http://www.w3.org/2001/XMLSchema#integer
http://purl.org/dc/terms/subject	http://dbpedia.org/resource/Category:Municipalities_in_Goiás
http://dbpedia.org/property/elevation	"658"^^http://www.w3.org/2001/XMLSchema#integer
http://dbpedia.org/property/state	"GO"^^http://www.w3.org/1999/02/22-rdf-syntax-ns#langString
http://www.w3.org/2000/01/rdf-schema#comment	"Майрипотаба (порт. Mairipotaba) — муниципалитет в Бразилии, входит в штат Гояс. Составная часть мезорегиона Юг штата Гойас. Входит в экономико-статистический микрорегион Мея-Понти. Население составляет 2209 человек на 2006 год. Занимает площадь 460,975 км². Плотность населения - 4,8 чел./км²."@ru
http://dbpedia.org/property/longd	"49"^^http://www.w3.org/2001/XMLSchema#integer
http://xmlns.com/foaf/0.1/primaryTopic	http://en.wikipedia.org/wiki/Mairipotaba
http://www.w3.org/2002/07/owl#sameAs	http://pt.dbpedia.org/resource/Mairipotaba
http://dbpedia.org/ontology/thumbnail	http://commons.wikimedia.org/wiki/Special:FilePath/Goias_Municip_Mairipotaba.svg?width=300
http://dbpedia.org/property/areaTotal	"460.89999999999997726"^^http://www.w3.org/2001/XMLSchema#decimal
http://dbpedia.org/ontology/wikiPageID	"4376634"^^http://www.w3.org/2001/XMLSchema#integer
http://www.w3.org/ns/prov#wasDerivedFrom	http://en.wikipedia.org/wiki/Mairipotaba?oldid=721622898
http://dbpedia.org/property/name	"Mairipotaba"^^http://www.w3.org/1999/02/22-rdf-syntax-ns#langString
http://xmlns.com/foaf/0.1/depiction	http://commons.wikimedia.org/wiki/Special:FilePath/Goias_Municip_Mairipotaba.svg
http://purl.org/linguistics/gold/hypernym	http://dbpedia.org/resource/Municipality
http://dbpedia.org/property/latd	"17"^^http://www.w3.org/2001/XMLSchema#integer
http://dbpedia.org/property/postalCode	"75630"^^http://www.w3.org/2001/XMLSchema#integer
http://dbpedia.org/ontology/abstract	"Mairipotaba é um município brasileiro do interior do estado de Goiás. Sua população estimada em 2014 era de 2 433 habitantes. A cidade é praticamente dividida em duas: a parte \"velha\" com casarões do começo do século XX, alguns preservados, outros em completo estado de abandono; e a parte \"nova\", construída a partir do \"jatobazeiro\", árvore símbolo da cidade, no sentido oeste."@pt
http://www.w3.org/2000/01/rdf-schema#label	"Mairipotaba"@nl
http://www.w3.org/1999/02/22-rdf-syntax-ns#type	http://dbpedia.org/class/yago/YagoGeoEntity
