#---Properties and values from: http://dbpedia.org/resource/Vogar_(municipality)
Property	Value
http://dbpedia.org/property/populationDensity	"6.8300000000000000711"^^http://www.w3.org/2001/XMLSchema#decimal
http://dbpedia.org/ontology/wikiPageExternalLink	http://vogar.is/
http://dbpedia.org/ontology/wikiPageRevisionID	"745099890"^^http://www.w3.org/2001/XMLSchema#integer
http://dbpedia.org/property/imageSkyline	"The harbour at Vogar .jpg"^^http://www.w3.org/1999/02/22-rdf-syntax-ns#langString
http://dbpedia.org/property/website	http://vogar.is
http://dbpedia.org/property/latSec	"0"^^http://www.w3.org/2001/XMLSchema#integer
http://xmlns.com/foaf/0.1/isPrimaryTopicOf	http://en.wikipedia.org/wiki/Vogar_(municipality)
http://dbpedia.org/property/latMin	"58"^^http://www.w3.org/2001/XMLSchema#integer
http://dbpedia.org/property/populationTotal	"1127"^^http://www.w3.org/2001/XMLSchema#integer
http://dbpedia.org/property/lonDeg	"22"^^http://www.w3.org/2001/XMLSchema#integer
http://purl.org/dc/terms/subject	http://dbpedia.org/resource/Category:Southern_Peninsula_(Iceland)
http://www.w3.org/2000/01/rdf-schema#comment	"v es un municipio situado al occidente de Islandia. Se encuentra en la zona norte de la región de Suðurnes y en el condado de Gullbringusýsla."@es
http://dbpedia.org/property/lonSec	"3"^^http://www.w3.org/2001/XMLSchema#integer
http://dbpedia.org/property/lonMin	"23"^^http://www.w3.org/2001/XMLSchema#integer
http://xmlns.com/foaf/0.1/primaryTopic	http://en.wikipedia.org/wiki/Vogar_(municipality)
http://dbpedia.org/property/constituency	http://dbpedia.org/resource/Southwest_Constituency
http://www.w3.org/2002/07/owl#sameAs	http://eu.dbpedia.org/resource/Sveitarfélagið_Vogar
http://dbpedia.org/ontology/wikiPageRedirects	http://dbpedia.org/resource/Sveitarfelagid_Vogar
http://dbpedia.org/property/mayor	"Ásgeir Eiríksson"^^http://www.w3.org/1999/02/22-rdf-syntax-ns#langString
http://dbpedia.org/ontology/thumbnail	http://commons.wikimedia.org/wiki/Special:FilePath/The_harbour_at_Vogar_(4501375860).jpg?width=300
http://dbpedia.org/property/number	"2506"^^http://www.w3.org/2001/XMLSchema#integer
http://dbpedia.org/property/areaTotal	"165"^^http://www.w3.org/2001/XMLSchema#integer
http://dbpedia.org/ontology/wikiPageID	"14876441"^^http://www.w3.org/2001/XMLSchema#integer
http://www.w3.org/ns/prov#wasDerivedFrom	http://en.wikipedia.org/wiki/Vogar_(municipality)?oldid=745099890
http://dbpedia.org/property/name	"Sveitarfélagið Vogar"^^http://www.w3.org/1999/02/22-rdf-syntax-ns#langString
http://dbpedia.org/property/caption	"Location of the municipality"^^http://www.w3.org/1999/02/22-rdf-syntax-ns#langString
http://xmlns.com/foaf/0.1/depiction	http://commons.wikimedia.org/wiki/Special:FilePath/The_harbour_at_Vogar_(4501375860).jpg
http://dbpedia.org/property/postalCodes	"190"^^http://www.w3.org/2001/XMLSchema#integer
http://purl.org/linguistics/gold/hypernym	http://dbpedia.org/resource/Municipality
http://dbpedia.org/property/imageCoat	"COA Vogar.png"^^http://www.w3.org/1999/02/22-rdf-syntax-ns#langString
http://dbpedia.org/ontology/abstract	" Pour l’article homonyme, voir Vogar (commune). Vogar est une municipalité de l'ouest de l'Islande."@fr
http://www.w3.org/2000/01/rdf-schema#label	"Vogar (municipality)"@en
http://dbpedia.org/property/latDeg	"63"^^http://www.w3.org/2001/XMLSchema#integer
http://xmlns.com/foaf/0.1/homepage	http://vogar.is
http://www.w3.org/1999/02/22-rdf-syntax-ns#type	http://dbpedia.org/class/yago/WikicatMunicipalitiesOfIceland
http://dbpedia.org/property/region	http://dbpedia.org/resource/Southern_Peninsula_(Iceland)
