#---Properties and values from: http://dbpedia.org/resource/São_Lourenço_da_Serra
Property	Value
http://dbpedia.org/property/longew	"W"^^http://www.w3.org/1999/02/22-rdf-syntax-ns#langString
http://dbpedia.org/property/lats	"10"^^http://www.w3.org/2001/XMLSchema#integer
http://dbpedia.org/ontology/wikiPageExternalLink	http://www.saolourencoserra.sp.gov.br
http://dbpedia.org/ontology/wikiPageRevisionID	"720312250"^^http://www.w3.org/2001/XMLSchema#integer
http://dbpedia.org/property/latm	"51"^^http://www.w3.org/2001/XMLSchema#integer
http://dbpedia.org/property/latns	"S"^^http://www.w3.org/1999/02/22-rdf-syntax-ns#langString
http://dbpedia.org/property/areaCode	"+55-11"^^http://www.w3.org/1999/02/22-rdf-syntax-ns#langString
http://dbpedia.org/property/north	"Cotia and Itapecerica da Serra"^^http://www.w3.org/1999/02/22-rdf-syntax-ns#langString
http://dbpedia.org/property/imageMap	"SaoPaulo Municip SaoLourencodaSerra.svg"^^http://www.w3.org/1999/02/22-rdf-syntax-ns#langString
http://xmlns.com/foaf/0.1/isPrimaryTopicOf	http://en.wikipedia.org/wiki/São_Lourenço_da_Serra
http://dbpedia.org/property/longm	"56"^^http://www.w3.org/2001/XMLSchema#integer
http://dbpedia.org/property/populationTotal	"15177"^^http://www.w3.org/2001/XMLSchema#integer
http://dbpedia.org/property/west	http://dbpedia.org/resource/Embu-Guaçu
http://dbpedia.org/property/populationAsOf	"2015"^^http://www.w3.org/2001/XMLSchema#integer
http://dbpedia.org/property/northwest	http://dbpedia.org/resource/Cotia
http://dbpedia.org/property/metro	http://dbpedia.org/resource/Metropolitan_Region_of_São_Paulo
http://dbpedia.org/property/longs	"34"^^http://www.w3.org/2001/XMLSchema#integer
http://purl.org/dc/terms/subject	http://dbpedia.org/resource/Category:Populated_places_established_in_1993
http://dbpedia.org/property/state	"SP"^^http://www.w3.org/1999/02/22-rdf-syntax-ns#langString
http://dbpedia.org/ontology/wikiPageDisambiguates	http://dbpedia.org/resource/Serra
http://www.w3.org/2000/01/rdf-schema#comment	"São Lourenço da Serra é um município do estado de São Paulo, na Microrregião de Itapecerica da Serra, Zona Sudoeste da Região Metropolitana de São Paulo. A população estimada em 2009 era de 18.319 habitantes e a área é de 187 km², o que resulta numa densidade demográfica de 72,97 hab/km²."@pt
http://dbpedia.org/property/south	http://dbpedia.org/resource/Cotia
http://dbpedia.org/property/longd	"46"^^http://www.w3.org/2001/XMLSchema#integer
http://xmlns.com/foaf/0.1/primaryTopic	http://en.wikipedia.org/wiki/São_Lourenço_da_Serra
http://dbpedia.org/property/east	http://dbpedia.org/resource/Embu-Guaçu
http://www.w3.org/2002/07/owl#sameAs	http://www.wikidata.org/entity/Q581348
http://dbpedia.org/ontology/wikiPageRedirects	http://dbpedia.org/resource/São_Lourenço_da_Serra,_São_Paulo
http://dbpedia.org/ontology/thumbnail	http://commons.wikimedia.org/wiki/Special:FilePath/SaoPaulo_Municip_SaoLourencodaSerra.svg?width=300
http://dbpedia.org/ontology/wikiPageID	"3413277"^^http://www.w3.org/2001/XMLSchema#integer
http://www.w3.org/ns/prov#wasDerivedFrom	http://en.wikipedia.org/wiki/São_Lourenço_da_Serra?oldid=720312250
http://dbpedia.org/property/areaTotalKm	"186.46000000000000796"^^http://www.w3.org/2001/XMLSchema#decimal
http://dbpedia.org/property/centre	"São Lourenço da Serra"^^http://www.w3.org/1999/02/22-rdf-syntax-ns#langString
http://xmlns.com/foaf/0.1/depiction	http://commons.wikimedia.org/wiki/Special:FilePath/SaoPaulo_Municip_SaoLourencodaSerra.svg
http://purl.org/linguistics/gold/hypernym	http://dbpedia.org/resource/Municipality
http://dbpedia.org/property/latd	"23"^^http://www.w3.org/2001/XMLSchema#integer
http://dbpedia.org/property/postalCode	"6890"^^http://www.w3.org/2001/XMLSchema#integer
http://dbpedia.org/ontology/abstract	"São Lourenço da Serra est une ville brésilienne de l'État de São Paulo."@fr
http://dbpedia.org/property/southeast	http://dbpedia.org/resource/Juquitiba
http://www.w3.org/2000/01/rdf-schema#label	"Сан-Лоренсу-да-Серра"@ru
http://www.w3.org/1999/02/22-rdf-syntax-ns#type	http://dbpedia.org/class/yago/GeographicalArea108574314
