#---Properties and values from: http://dbpedia.org/resource/Pearston
Property	Value
http://xmlns.com/foaf/0.1/name	"Pearston"@en
http://dbpedia.org/property/demographics2Info	"67.6"^^http://dbpedia.org/datatype/perCent
http://dbpedia.org/property/lats	"54"^^http://www.w3.org/2001/XMLSchema#integer
http://dbpedia.org/ontology/wikiPageRevisionID	"681677265"^^http://www.w3.org/2001/XMLSchema#integer
http://dbpedia.org/property/latm	"34"^^http://www.w3.org/2001/XMLSchema#integer
http://dbpedia.org/property/areaCode	"42"^^http://www.w3.org/2001/XMLSchema#integer
http://www.w3.org/2003/01/geo/wgs84_pos#long	"25.137777328491210938"^^http://www.w3.org/2001/XMLSchema#float
http://dbpedia.org/property/demographics2Title	http://dbpedia.org/resource/English_language
http://xmlns.com/foaf/0.1/isPrimaryTopicOf	http://en.wikipedia.org/wiki/Pearston
http://dbpedia.org/property/municipality	"Blue Crane Route"^^http://www.w3.org/1999/02/22-rdf-syntax-ns#langString
http://dbpedia.org/ontology/country	http://dbpedia.org/resource/South_Africa
http://dbpedia.org/property/longm	"8"^^http://www.w3.org/2001/XMLSchema#integer
http://dbpedia.org/property/populationTotal	"4516"^^http://www.w3.org/2001/XMLSchema#integer
http://dbpedia.org/property/longs	"16"^^http://www.w3.org/2001/XMLSchema#integer
http://dbpedia.org/property/populationAsOf	"2011"^^http://www.w3.org/2001/XMLSchema#integer
http://purl.org/dc/terms/subject	http://dbpedia.org/resource/Category:1859_establishments_in_South_Africa
http://www.w3.org/2000/01/rdf-schema#comment	"Pearston is een plaats in de Zuid-Afrikaanse provincie Oost-Kaap.Pearston telt ongeveer 3500 inwoners."@nl
http://dbpedia.org/property/percentOther	"0.8"^^http://dbpedia.org/datatype/perCent
http://dbpedia.org/property/leaderTitle	"Councillor"^^http://www.w3.org/1999/02/22-rdf-syntax-ns#langString
http://dbpedia.org/property/percentAsian	"0.6"^^http://dbpedia.org/datatype/perCent
http://dbpedia.org/property/longd	"25"^^http://www.w3.org/2001/XMLSchema#integer
http://xmlns.com/foaf/0.1/primaryTopic	http://en.wikipedia.org/wiki/Pearston
http://www.w3.org/2002/07/owl#sameAs	http://yago-knowledge.org/resource/Pearston
http://dbpedia.org/ontology/wikiPageRedirects	http://dbpedia.org/resource/Khayanisho
http://dbpedia.org/property/percentWhite	"1.9"^^http://dbpedia.org/datatype/perCent
http://www.w3.org/2003/01/geo/wgs84_pos#lat	"32.5816650390625"^^http://www.w3.org/2001/XMLSchema#float
http://www.georss.org/georss/point	"32.58166666666666 25.137777777777778"
http://dbpedia.org/ontology/postalCode	"5860"
http://dbpedia.org/ontology/wikiPageID	"34654969"^^http://www.w3.org/2001/XMLSchema#integer
http://www.w3.org/ns/prov#wasDerivedFrom	http://en.wikipedia.org/wiki/Pearston?oldid=681677265
http://dbpedia.org/property/percentBlack	"37.4"^^http://dbpedia.org/datatype/perCent
http://dbpedia.org/property/areaTotalKm	"32.799999999999997158"^^http://www.w3.org/2001/XMLSchema#decimal
http://dbpedia.org/property/district	"Sarah Baartman"^^http://www.w3.org/1999/02/22-rdf-syntax-ns#langString
http://dbpedia.org/ontology/city	http://dbpedia.org/resource/R63_road
http://purl.org/linguistics/gold/hypernym	http://dbpedia.org/resource/Town
http://dbpedia.org/property/latd	"32"^^http://www.w3.org/2001/XMLSchema#integer
http://dbpedia.org/property/establishedDate	"1859"^^http://www.w3.org/2001/XMLSchema#integer
http://dbpedia.org/property/percentColoured	"59.3"^^http://dbpedia.org/datatype/perCent
http://dbpedia.org/ontology/abstract	"Pearston is a small town in the eastern Karoo, in the Eastern Cape province of South Africa. It lies between Graaff-Reinet and Somerset East at the foot of the Coetzee Mountains, about 160 kilometres (100 mi) north of Port Elizabeth. It falls within the Blue Crane Route Local Municipality and has a population of approximately 4,000 people."@en
http://dbpedia.org/property/southwest	http://dbpedia.org/resource/Cradock,_Eastern_Cape
http://www.w3.org/2003/01/geo/wgs84_pos#geometry	"POINT(25.137777328491 32.581665039062)"^^http://www.openlinksw.com/schemas/virtrdf#Geometry
http://www.w3.org/2000/01/rdf-schema#label	"Pearston"@en
http://dbpedia.org/property/province	"Eastern Cape"^^http://www.w3.org/1999/02/22-rdf-syntax-ns#langString
http://www.w3.org/1999/02/22-rdf-syntax-ns#type	http://dbpedia.org/class/yago/Tract108673395
