#---Properties and values from: http://dbpedia.org/resource/Itaporanga,_Paraíba
Property	Value
http://dbpedia.org/property/lats	"14"^^http://www.w3.org/2001/XMLSchema#integer
http://dbpedia.org/ontology/wikiPageRevisionID	"719889164"^^http://www.w3.org/2001/XMLSchema#integer
http://dbpedia.org/property/latm	"18"^^http://www.w3.org/2001/XMLSchema#integer
http://dbpedia.org/property/latns	"S"^^http://www.w3.org/1999/02/22-rdf-syntax-ns#langString
http://dbpedia.org/property/imageMap	"Paraiba Municip Itaporanga.svg"^^http://www.w3.org/1999/02/22-rdf-syntax-ns#langString
http://xmlns.com/foaf/0.1/isPrimaryTopicOf	http://en.wikipedia.org/wiki/Itaporanga,_Paraíba
http://dbpedia.org/property/microregion	"Itaporanga"^^http://www.w3.org/1999/02/22-rdf-syntax-ns#langString
http://dbpedia.org/property/longm	"9"^^http://www.w3.org/2001/XMLSchema#integer
http://dbpedia.org/property/populationTotal	"24499"^^http://www.w3.org/2001/XMLSchema#integer
http://dbpedia.org/property/populationAsOf	"2015"^^http://www.w3.org/2001/XMLSchema#integer
http://dbpedia.org/property/longs	"0"^^http://www.w3.org/2001/XMLSchema#integer
http://purl.org/dc/terms/subject	http://dbpedia.org/resource/Category:Municipalities_in_Paraíba
http://dbpedia.org/property/state	"PB"^^http://www.w3.org/1999/02/22-rdf-syntax-ns#langString
http://dbpedia.org/ontology/wikiPageDisambiguates	http://dbpedia.org/resource/Itaporanga
http://www.w3.org/2000/01/rdf-schema#comment	"Itaporanga é um município brasileiro do estado da Paraíba, localizado na microrregião de Itaporanga. De acordo com o Instituto Brasileiro de Geografia e Estatística, sua população em julho de 2015 foi estimada em 24 499 habitantes. A área do município é de 468,060 km²."@pt
http://dbpedia.org/property/longd	"38"^^http://www.w3.org/2001/XMLSchema#integer
http://xmlns.com/foaf/0.1/primaryTopic	http://en.wikipedia.org/wiki/Itaporanga,_Paraíba
http://www.w3.org/2002/07/owl#sameAs	http://pt.dbpedia.org/resource/Itaporanga_(Paraíba)
http://dbpedia.org/ontology/wikiPageRedirects	http://dbpedia.org/resource/Itaporanga,_Paraiba
http://dbpedia.org/ontology/thumbnail	http://commons.wikimedia.org/wiki/Special:FilePath/Paraiba_Municip_Itaporanga.svg?width=300
http://dbpedia.org/property/areaTotal	"468.06000000000000227"^^http://www.w3.org/2001/XMLSchema#decimal
http://dbpedia.org/ontology/wikiPageID	"25495771"^^http://www.w3.org/2001/XMLSchema#integer
http://www.w3.org/ns/prov#wasDerivedFrom	http://en.wikipedia.org/wiki/Itaporanga,_Paraíba?oldid=719889164
http://dbpedia.org/property/name	"Itaporanga"^^http://www.w3.org/1999/02/22-rdf-syntax-ns#langString
http://dbpedia.org/property/mesoregion	"Sertão Paraibano"^^http://www.w3.org/1999/02/22-rdf-syntax-ns#langString
http://xmlns.com/foaf/0.1/depiction	http://commons.wikimedia.org/wiki/Special:FilePath/Paraiba_Municip_Itaporanga.svg
http://purl.org/linguistics/gold/hypernym	http://dbpedia.org/resource/Municipality
http://dbpedia.org/property/latd	"7"^^http://www.w3.org/2001/XMLSchema#integer
http://dbpedia.org/ontology/abstract	"Itaporanga é um município brasileiro do estado da Paraíba, localizado na microrregião de Itaporanga. De acordo com o Instituto Brasileiro de Geografia e Estatística, sua população em julho de 2015 foi estimada em 24 499 habitantes. A área do município é de 468,060 km². O município polariza a região do Vale do Piancó, composta por 18 municípios, além de sediar a 7ª Região de Ensino do Estado da Paraíba. Uma das principais atrações turísticas do município é a sua tradicional festa de São Pedro ou oficialmente: O Maior São Pedro do Mundo, no mês de Junho, e um monumento ao Cristo Rei, com 30 metros de altura, localizado na Chapada do Recanto, erguido pelo falecido Monsenhor José Sinfrônio de Assis Filho, conhecido como Padre Zé, com o auxílio financeiro dos fiéis católicos da região. Itaporanga sedia o maior campeonato de futebol amador do Brasil, \"O Poeirão\", sendo seu início no dia 1° de Maio. Ainda temos mais duas festas tradicionais, o dia da Emancipação Politica da cidade, 09 de Janeiro e o FICA - Festival Itaporanguense de Cultura e Arte, idealizado pelo ativista cultural e historiador, Paulo Rainério Brasilino, no mês de Novembro."@pt
http://www.w3.org/2000/01/rdf-schema#label	"Itaporanga (Paraíba)"@pt
http://dbpedia.org/ontology/ground	http://dbpedia.org/resource/Cruzeiro_Esporte_Clube_(PB)
http://www.w3.org/1999/02/22-rdf-syntax-ns#type	http://dbpedia.org/class/yago/Object100002684
