#---Properties and values from: http://dbpedia.org/resource/Alhos_Vedros
Property	Value
http://dbpedia.org/property/officialName	"Alhos Vedros"^^http://www.w3.org/1999/02/22-rdf-syntax-ns#langString
http://dbpedia.org/ontology/wikiPageRevisionID	"743338075"^^http://www.w3.org/2001/XMLSchema#integer
http://xmlns.com/foaf/0.1/isPrimaryTopicOf	http://en.wikipedia.org/wiki/Alhos_Vedros
http://dbpedia.org/property/municipality	http://dbpedia.org/resource/Moita
http://dbpedia.org/ontology/country	http://dbpedia.org/resource/Portugal
http://dbpedia.org/property/populationTotal	"15050"^^http://www.w3.org/2001/XMLSchema#integer
http://dbpedia.org/property/populationAsOf	"2011"^^http://www.w3.org/2001/XMLSchema#integer
http://dbpedia.org/property/metro	http://dbpedia.org/resource/Lisbon_Metropolitan_Area
http://purl.org/dc/terms/subject	http://dbpedia.org/resource/Category:Parishes_of_Moita
http://www.w3.org/2000/01/rdf-schema#comment	"Alhos Vedros ist ein Ort und eine Freguesia (Gemeinde) in Portugal im Landkreis Moita, Distrikt Setúbal mit einer Fläche von 17,9 km² und 14.914 Einwohnern (Stand 30. Juni 2011). Dies ergibt eine Bevölkerungsdichte von 832,2 Einw. pro km²."@de
http://dbpedia.org/property/longd	"-9.0229999999999996874"^^http://www.w3.org/2001/XMLSchema#decimal
http://xmlns.com/foaf/0.1/primaryTopic	http://en.wikipedia.org/wiki/Alhos_Vedros
http://www.w3.org/2002/07/owl#sameAs	http://yago-knowledge.org/resource/Alhos_Vedros
http://dbpedia.org/property/areaTotal	"17.910000000000000142"^^http://www.w3.org/2001/XMLSchema#decimal
http://dbpedia.org/ontology/wikiPageID	"29326751"^^http://www.w3.org/2001/XMLSchema#integer
http://dbpedia.org/ontology/birthPlace	http://dbpedia.org/resource/Elói_(Portuguese_footballer)
http://www.w3.org/ns/prov#wasDerivedFrom	http://en.wikipedia.org/wiki/Alhos_Vedros?oldid=743338075
http://dbpedia.org/property/district	http://dbpedia.org/resource/Setúbal_District
http://purl.org/linguistics/gold/hypernym	http://dbpedia.org/resource/Town
http://dbpedia.org/property/latd	"38.652999999999998693"^^http://www.w3.org/2001/XMLSchema#decimal
http://dbpedia.org/property/subregion	http://dbpedia.org/resource/Península_de_Setúbal
http://dbpedia.org/ontology/abstract	"Alhos Vedros is a town and a parish in the municipality of Moita, in Portugal. The population in 2011 was 15,050, in an area of 17.91 km²."@en
http://www.w3.org/2000/01/rdf-schema#label	"Alhos Vedros"@en
http://www.w3.org/1999/02/22-rdf-syntax-ns#type	http://dbpedia.org/class/yago/Region108630985
http://dbpedia.org/property/region	http://dbpedia.org/resource/Lisboa_Region
