#---Properties and values from: http://dbpedia.org/resource/Lavínia
Property	Value
http://dbpedia.org/property/lats	"6"^^http://www.w3.org/2001/XMLSchema#integer
http://dbpedia.org/ontology/wikiPageRevisionID	"720291924"^^http://www.w3.org/2001/XMLSchema#integer
http://dbpedia.org/property/latm	"10"^^http://www.w3.org/2001/XMLSchema#integer
http://dbpedia.org/property/latns	"S"^^http://www.w3.org/1999/02/22-rdf-syntax-ns#langString
http://dbpedia.org/property/imageMap	"SaoPaulo Municip Lavinia.svg"^^http://www.w3.org/1999/02/22-rdf-syntax-ns#langString
http://xmlns.com/foaf/0.1/isPrimaryTopicOf	http://en.wikipedia.org/wiki/Lavínia
http://dbpedia.org/property/longm	"2"^^http://www.w3.org/2001/XMLSchema#integer
http://dbpedia.org/property/populationTotal	"10590"^^http://www.w3.org/2001/XMLSchema#integer
http://dbpedia.org/property/longs	"23"^^http://www.w3.org/2001/XMLSchema#integer
http://dbpedia.org/property/populationAsOf	"2015"^^http://www.w3.org/2001/XMLSchema#integer
http://purl.org/dc/terms/subject	http://dbpedia.org/resource/Category:Municipalities_in_São_Paulo_(state)
http://dbpedia.org/property/state	"SP"^^http://www.w3.org/1999/02/22-rdf-syntax-ns#langString
http://www.w3.org/2000/01/rdf-schema#comment	"Lavínia é um município brasileiro do estado de São Paulo. Localiza-se a uma latitude 21º10'06\" sul e a uma longitude 51º02'23\" oeste, estando a uma altitude de 458 metros. Sua população estimada em 2004 era de 4.974 habitantes.Possui uma área de 538,5 km²."@pt
http://dbpedia.org/property/longd	"51"^^http://www.w3.org/2001/XMLSchema#integer
http://xmlns.com/foaf/0.1/primaryTopic	http://en.wikipedia.org/wiki/Lavínia
http://www.w3.org/2002/07/owl#sameAs	http://dbpedia.org/resource/Lavínia
http://dbpedia.org/ontology/wikiPageRedirects	http://dbpedia.org/resource/Lavinia,_Sao_Paulo
http://dbpedia.org/ontology/thumbnail	http://commons.wikimedia.org/wiki/Special:FilePath/SaoPaulo_Municip_Lavinia.svg?width=300
http://dbpedia.org/ontology/wikiPageID	"1050666"^^http://www.w3.org/2001/XMLSchema#integer
http://dbpedia.org/property/areaTotal	"538"^^http://www.w3.org/2001/XMLSchema#integer
http://www.w3.org/ns/prov#wasDerivedFrom	http://en.wikipedia.org/wiki/Lavínia?oldid=720291924
http://xmlns.com/foaf/0.1/depiction	http://commons.wikimedia.org/wiki/Special:FilePath/SaoPaulo_Municip_Lavinia.svg
http://purl.org/linguistics/gold/hypernym	http://dbpedia.org/resource/Municipality
http://dbpedia.org/property/latd	"21"^^http://www.w3.org/2001/XMLSchema#integer
http://dbpedia.org/ontology/abstract	"在罗马神话中，拉维尼亚(拉丁文：Lāuīnĭa)，是萨图恩玄孙，皮库斯曾孙，法乌诺斯孙，拉丁努斯和阿玛塔之女。阿玛塔希望与表兄图努斯订婚，但其父根据神示把她嫁给了埃涅阿斯，此事引起了图耳努斯和埃涅阿斯的战争。埃涅阿斯胜利后与拉维尼亚完了婚，建立了城市。为纪念拉维尼亚，此城命名为拉维尼乌姆。埃涅阿斯去世后，拉维尼亚的继子阿斯卡尼乌斯-尤卢斯对她追求甚急，拉维尼亚逃至森林中。在那里生了西尔维乌斯，后即成为阿尔巴隆伽的第一代国王。据利维乌斯说，西尔维乌斯是阿斯乌斯之子。"@zh
http://www.w3.org/2000/01/rdf-schema#label	"Lavínia"@it
http://www.w3.org/1999/02/22-rdf-syntax-ns#type	http://dbpedia.org/class/yago/Tract108673395
