#---Properties and values from: http://dbpedia.org/resource/Itapirapuã
Property	Value
http://dbpedia.org/property/lats	"33"^^http://www.w3.org/2001/XMLSchema#integer
http://dbpedia.org/ontology/wikiPageExternalLink	http://www.seplan.go.gov.br/sepin/pub/anuario/2005/transporte/tab01_transporte.htm
http://dbpedia.org/ontology/wikiPageRevisionID	"718362773"^^http://www.w3.org/2001/XMLSchema#integer
http://dbpedia.org/property/latm	"49"^^http://www.w3.org/2001/XMLSchema#integer
http://dbpedia.org/property/latns	"S"^^http://www.w3.org/1999/02/22-rdf-syntax-ns#langString
http://dbpedia.org/property/imageMap	"Goias Municip Itapirapua.svg"^^http://www.w3.org/1999/02/22-rdf-syntax-ns#langString
http://xmlns.com/foaf/0.1/isPrimaryTopicOf	http://en.wikipedia.org/wiki/Itapirapuã
http://dbpedia.org/property/microregion	http://dbpedia.org/resource/Rio_Vermelho_Microregion
http://dbpedia.org/property/longm	"36"^^http://www.w3.org/2001/XMLSchema#integer
http://dbpedia.org/property/populationTotal	"6776"^^http://www.w3.org/2001/XMLSchema#integer
http://dbpedia.org/property/longs	"4"^^http://www.w3.org/2001/XMLSchema#integer
http://dbpedia.org/property/populationAsOf	"2015"^^http://www.w3.org/2001/XMLSchema#integer
http://purl.org/dc/terms/subject	http://dbpedia.org/resource/Category:Municipalities_in_Goiás
http://dbpedia.org/property/elevation	"348"^^http://www.w3.org/2001/XMLSchema#integer
http://dbpedia.org/property/state	"GO"^^http://www.w3.org/1999/02/22-rdf-syntax-ns#langString
http://www.w3.org/2000/01/rdf-schema#comment	"Итапирапуан (порт. Itapirapuã) — муниципалитет в Бразилии, входит в штат Гояс. Составная часть мезорегиона Северо-запад штата Гойас. Входит в экономико-статистический микрорегион Риу-Вермелью. Население составляет 12 189 человек на 2006 год. Занимает площадь 2 043,699км². Плотность населения — 6,0 чел./км²."@ru
http://dbpedia.org/property/longd	"50"^^http://www.w3.org/2001/XMLSchema#integer
http://xmlns.com/foaf/0.1/primaryTopic	http://en.wikipedia.org/wiki/Itapirapuã
http://www.w3.org/2002/07/owl#sameAs	http://sws.geonames.org/3460697/
http://dbpedia.org/ontology/wikiPageRedirects	http://dbpedia.org/resource/Itapirapua
http://dbpedia.org/ontology/thumbnail	http://commons.wikimedia.org/wiki/Special:FilePath/Goias_Municip_Itapirapua.svg?width=300
http://dbpedia.org/ontology/wikiPageID	"1044558"^^http://www.w3.org/2001/XMLSchema#integer
http://dbpedia.org/property/areaTotal	"2044"^^http://www.w3.org/2001/XMLSchema#integer
http://www.w3.org/ns/prov#wasDerivedFrom	http://en.wikipedia.org/wiki/Itapirapuã?oldid=718362773
http://xmlns.com/foaf/0.1/depiction	http://commons.wikimedia.org/wiki/Special:FilePath/Goias_Municip_Itapirapua.svg
http://purl.org/linguistics/gold/hypernym	http://dbpedia.org/resource/Municipality
http://dbpedia.org/property/latd	"15"^^http://www.w3.org/2001/XMLSchema#integer
http://dbpedia.org/ontology/abstract	"Итапирапуан (порт. Itapirapuã) — муниципалитет в Бразилии, входит в штат Гояс. Составная часть мезорегиона Северо-запад штата Гойас. Входит в экономико-статистический микрорегион Риу-Вермелью. Население составляет 12 189 человек на 2006 год. Занимает площадь 2 043,699км². Плотность населения — 6,0 чел./км²."@ru
http://www.w3.org/2000/01/rdf-schema#label	"Itapirapuã"@fr
http://www.w3.org/1999/02/22-rdf-syntax-ns#type	http://dbpedia.org/ontology/Settlement
