#---Properties and values from: http://dbpedia.org/resource/Topli_Vrh,_Semič
Property	Value
http://dbpedia.org/property/longew	"E"^^http://www.w3.org/1999/02/22-rdf-syntax-ns#langString
http://xmlns.com/foaf/0.1/name	"Topli Vrh"@en
http://dbpedia.org/property/lats	"9.4499999999999992895"^^http://www.w3.org/2001/XMLSchema#decimal
http://dbpedia.org/ontology/wikiPageExternalLink	http://www.gottscheerland.at/ortsplaene/Untertappelwerch.pdf
http://dbpedia.org/ontology/wikiPageRevisionID	"723002366"^^http://www.w3.org/2001/XMLSchema#integer
http://dbpedia.org/property/imagesize	"250"^^http://www.w3.org/2001/XMLSchema#integer
http://dbpedia.org/property/latm	"41"^^http://www.w3.org/2001/XMLSchema#integer
http://dbpedia.org/property/latns	"N"^^http://www.w3.org/1999/02/22-rdf-syntax-ns#langString
http://www.w3.org/2003/01/geo/wgs84_pos#long	"15.085652351379394531"^^http://www.w3.org/2001/XMLSchema#float
http://dbpedia.org/property/coordinatesRegion	"SI"^^http://www.w3.org/1999/02/22-rdf-syntax-ns#langString
http://dbpedia.org/property/pushpinLabelPosition	"top"^^http://www.w3.org/1999/02/22-rdf-syntax-ns#langString
http://xmlns.com/foaf/0.1/isPrimaryTopicOf	http://en.wikipedia.org/wiki/Topli_Vrh,_Semič
http://dbpedia.org/property/subdivisionType	"Traditional region"^^http://www.w3.org/1999/02/22-rdf-syntax-ns#langString
http://dbpedia.org/property/longm	"5"^^http://www.w3.org/2001/XMLSchema#integer
http://dbpedia.org/ontology/country	http://dbpedia.org/resource/Slovenia
http://dbpedia.org/property/populationTotal	"none"^^http://www.w3.org/1999/02/22-rdf-syntax-ns#langString
http://dbpedia.org/property/populationAsOf	"2002"^^http://www.w3.org/2001/XMLSchema#integer
http://dbpedia.org/property/longs	"8.3499999999999996447"^^http://www.w3.org/2001/XMLSchema#decimal
http://dbpedia.org/ontology/wikiPageDisambiguates	http://dbpedia.org/resource/Topli_Vrh
http://purl.org/dc/terms/subject	http://dbpedia.org/resource/Category:Former_populated_places_in_the_Municipality_of_Semič
http://dbpedia.org/ontology/isPartOf	http://dbpedia.org/resource/Municipality_of_Semič
http://www.w3.org/2000/01/rdf-schema#comment	"Topli Vrh (pronounced [ˈtɔːpli ˈʋəɾx]; also Topli Vrh pri Črmošnjicah, German: Untertap(pe)lwerch) is an abandoned settlement in the Municipality of Semič in southern Slovenia. The area is part of the traditional region of Lower Carniola and is now included in the Southeast Slovenia Statistical Region. Its territory is now part of the village of Črmošnjice."@en
http://dbpedia.org/property/longd	"15"^^http://www.w3.org/2001/XMLSchema#integer
http://xmlns.com/foaf/0.1/primaryTopic	http://en.wikipedia.org/wiki/Topli_Vrh,_Semič
http://www.w3.org/2002/07/owl#sameAs	http://www.wikidata.org/entity/Q7824914
http://dbpedia.org/ontology/wikiPageRedirects	http://dbpedia.org/resource/Topli_Vrh,_Semic
http://www.w3.org/2003/01/geo/wgs84_pos#lat	"45.6859588623046875"^^http://www.w3.org/2001/XMLSchema#float
http://www.georss.org/georss/point	"45.68595833333333 15.085652777777778"
http://dbpedia.org/ontology/thumbnail	http://commons.wikimedia.org/wiki/Special:FilePath/Flag_of_Slovenia.svg?width=300
http://dbpedia.org/ontology/elevation	"609.79999999999995453"^^http://www.w3.org/2001/XMLSchema#decimal
http://dbpedia.org/ontology/wikiPageID	"36667999"^^http://www.w3.org/2001/XMLSchema#integer
http://www.w3.org/ns/prov#wasDerivedFrom	http://en.wikipedia.org/wiki/Topli_Vrh,_Semič?oldid=723002366
http://dbpedia.org/property/coordinatesDisplay	"inline,title"^^http://www.w3.org/1999/02/22-rdf-syntax-ns#langString
http://dbpedia.org/property/pushpinMap	"Slovenia"^^http://www.w3.org/1999/02/22-rdf-syntax-ns#langString
http://dbpedia.org/property/populationBlank2Title	"Religions"^^http://www.w3.org/1999/02/22-rdf-syntax-ns#langString
http://dbpedia.org/property/populationBlank1Title	"Ethnicities"^^http://www.w3.org/1999/02/22-rdf-syntax-ns#langString
http://xmlns.com/foaf/0.1/depiction	http://commons.wikimedia.org/wiki/Special:FilePath/Flag_of_Slovenia.svg
http://purl.org/linguistics/gold/hypernym	http://dbpedia.org/resource/Settlement
http://dbpedia.org/property/latd	"45"^^http://www.w3.org/2001/XMLSchema#integer
http://dbpedia.org/ontology/abstract	"Topli Vrh (pronounced [ˈtɔːpli ˈʋəɾx]; also Topli Vrh pri Črmošnjicah, German: Untertap(pe)lwerch) is an abandoned settlement in the Municipality of Semič in southern Slovenia. The area is part of the traditional region of Lower Carniola and is now included in the Southeast Slovenia Statistical Region. Its territory is now part of the village of Črmošnjice."@en
http://dbpedia.org/property/pushpinMapCaption	"Location in Slovenia"^^http://www.w3.org/1999/02/22-rdf-syntax-ns#langString
http://www.w3.org/2003/01/geo/wgs84_pos#geometry	"POINT(15.085652351379 45.685958862305)"^^http://www.openlinksw.com/schemas/virtrdf#Geometry
http://www.w3.org/2000/01/rdf-schema#label	"Topli Vrh, Semič"@en
http://www.w3.org/1999/02/22-rdf-syntax-ns#type	http://dbpedia.org/class/yago/District108552138
