#---Properties and values from: http://dbpedia.org/resource/Febres_(Cantanhede)
Property	Value
http://dbpedia.org/property/officialName	"Febres"^^http://www.w3.org/1999/02/22-rdf-syntax-ns#langString
http://dbpedia.org/ontology/wikiPageRevisionID	"701645078"^^http://www.w3.org/2001/XMLSchema#integer
http://xmlns.com/foaf/0.1/isPrimaryTopicOf	http://en.wikipedia.org/wiki/Febres_(Cantanhede)
http://dbpedia.org/property/municipality	http://dbpedia.org/resource/Cantanhede,_Portugal
http://dbpedia.org/ontology/country	http://dbpedia.org/resource/Portugal
http://dbpedia.org/property/populationTotal	"3352"^^http://www.w3.org/2001/XMLSchema#integer
http://dbpedia.org/property/populationAsOf	"2011"^^http://www.w3.org/2001/XMLSchema#integer
http://dbpedia.org/ontology/wikiPageDisambiguates	http://dbpedia.org/resource/Febres
http://dbpedia.org/property/stadium	http://dbpedia.org/resource/2017_UEFA_European_Under-17_Championship_qualification
http://purl.org/dc/terms/subject	http://dbpedia.org/resource/Category:Parishes_of_Cantanhede,_Portugal
http://www.w3.org/2000/01/rdf-schema#comment	"Febres é uma vila e freguesia portuguesa do concelho de Cantanhede e paróquia da Diocese de Coimbra, com 22,94 km² de área e 3 352 habitantes (2011). A sua densidade populacional é de 146,1 hab/km². Os limites autárquicos ficam implantados na metade central norte do território municipal, com as seguintes freguesias: Covões, na parte setentrional, uma porção limítrofe do flanco noroeste com Covão do Lobo, no vizinho concelho de Vagos, Vilamar (a poente), S. Caetano (a sudoeste), Cantanhede (a sul), Pocariça (a sudeste) e Camarneira (a nascente). O órago é Nossa Senhora da Conceição."@pt
http://dbpedia.org/property/cim	http://dbpedia.org/resource/Região_de_Coimbra
http://dbpedia.org/property/longd	"-8.6289999999999995595"^^http://www.w3.org/2001/XMLSchema#decimal
http://xmlns.com/foaf/0.1/primaryTopic	http://en.wikipedia.org/wiki/Febres_(Cantanhede)
http://dbpedia.org/ontology/wikiPageRedirects	http://dbpedia.org/resource/Febres_(town)
http://www.w3.org/2002/07/owl#sameAs	http://yago-knowledge.org/resource/Febres_(Cantanhede)
http://dbpedia.org/property/areaTotal	"22.940000000000001279"^^http://www.w3.org/2001/XMLSchema#decimal
http://dbpedia.org/ontology/wikiPageID	"29327288"^^http://www.w3.org/2001/XMLSchema#integer
http://www.w3.org/ns/prov#wasDerivedFrom	http://en.wikipedia.org/wiki/Febres_(Cantanhede)?oldid=701645078
http://dbpedia.org/property/district	http://dbpedia.org/resource/Coimbra_District
http://purl.org/linguistics/gold/hypernym	http://dbpedia.org/resource/Parish
http://dbpedia.org/property/latd	"40.399999999999998579"^^http://www.w3.org/2001/XMLSchema#decimal
http://dbpedia.org/property/subregion	http://dbpedia.org/resource/Baixo_Mondego
http://dbpedia.org/ontology/abstract	"Febres es una freguesia portuguesa del concelho de Cantanhede, con 22,43 km² de superficie y 3.591 habitantes (2001). Su densidad de población es de 160,1 hab/km²."@es
http://www.w3.org/2000/01/rdf-schema#label	"Фебреш"@ru
http://www.w3.org/1999/02/22-rdf-syntax-ns#type	http://dbpedia.org/class/yago/YagoPermanentlyLocatedEntity
http://dbpedia.org/property/region	http://dbpedia.org/resource/Centro_Region,_Portugal
