#---Properties and values from: http://dbpedia.org/resource/Delfstrahuizen
Property	Value
http://xmlns.com/foaf/0.1/name	"Delfstrahuizen"@en
http://dbpedia.org/ontology/wikiPageRevisionID	"649581894"^^http://www.w3.org/2001/XMLSchema#integer
http://dbpedia.org/property/settlementType	"Village"^^http://www.w3.org/1999/02/22-rdf-syntax-ns#langString
http://www.w3.org/2003/01/geo/wgs84_pos#long	"5.8236112594604492188"^^http://www.w3.org/2001/XMLSchema#float
http://dbpedia.org/property/imageMap	"Map NL Lemsterlân Dolsterhuzen.png"^^http://www.w3.org/1999/02/22-rdf-syntax-ns#langString
http://xmlns.com/foaf/0.1/isPrimaryTopicOf	http://en.wikipedia.org/wiki/Delfstrahuizen
http://dbpedia.org/property/subdivisionType	"Province"^^http://www.w3.org/1999/02/22-rdf-syntax-ns#langString
http://dbpedia.org/ontology/country	http://dbpedia.org/resource/Netherlands
http://dbpedia.org/property/populationTotal	"c. 260"^^http://www.w3.org/1999/02/22-rdf-syntax-ns#langString
http://purl.org/dc/terms/subject	http://dbpedia.org/resource/Category:Populated_places_in_Friesland
http://dbpedia.org/ontology/isPartOf	http://dbpedia.org/resource/Friesland
http://www.w3.org/2000/01/rdf-schema#comment	"Delfstrahuizen est un village de la commune néerlandaise de De Fryske Marren, dans la province de Frise. Son nom en frison est Dolsterhuzen."@fr
http://xmlns.com/foaf/0.1/primaryTopic	http://en.wikipedia.org/wiki/Delfstrahuizen
http://www.w3.org/2002/07/owl#sameAs	http://nl.dbpedia.org/resource/Delfstrahuizen
http://www.w3.org/2003/01/geo/wgs84_pos#lat	"52.8736114501953125"^^http://www.w3.org/2001/XMLSchema#float
http://www.georss.org/georss/point	"52.87361111111111 5.823611111111111"
http://dbpedia.org/ontology/thumbnail	http://commons.wikimedia.org/wiki/Special:FilePath/Map_NL_Lemsterlân_Dolsterhuzen.png?width=300
http://dbpedia.org/ontology/wikiPageID	"16351337"^^http://www.w3.org/2001/XMLSchema#integer
http://www.w3.org/ns/prov#wasDerivedFrom	http://en.wikipedia.org/wiki/Delfstrahuizen?oldid=649581894
http://xmlns.com/foaf/0.1/depiction	http://commons.wikimedia.org/wiki/Special:FilePath/Map_NL_Lemsterlân_Dolsterhuzen.png
http://purl.org/linguistics/gold/hypernym	http://dbpedia.org/resource/Village
http://dbpedia.org/ontology/abstract	"Delfstrahuizen (West Frisian: Dolsterhuzen) is a small village in De Friese Meren in the province of Friesland, the Netherlands. It had a population of around 260 in 2004."@en
http://www.w3.org/2003/01/geo/wgs84_pos#geometry	"POINT(5.8236112594604 52.873611450195)"^^http://www.openlinksw.com/schemas/virtrdf#Geometry
http://www.w3.org/2000/01/rdf-schema#label	"Delfstrahuizen"@fr
http://dbpedia.org/property/mapsize	"280"^^http://www.w3.org/2001/XMLSchema#integer
http://www.w3.org/1999/02/22-rdf-syntax-ns#type	http://dbpedia.org/class/yago/YagoGeoEntity
