#---Properties and values from: http://dbpedia.org/resource/Vratsa_Province
Property	Value
http://dbpedia.org/ontology/wikiPageExternalLink	http://www.guide-bulgaria.com/NW/Vratsa
http://dbpedia.org/ontology/wikiPageRevisionID	"740811255"^^http://www.w3.org/2001/XMLSchema#integer
http://dbpedia.org/property/titlebar	"#ddd"^^http://www.w3.org/1999/02/22-rdf-syntax-ns#langString
http://www.w3.org/2003/01/geo/wgs84_pos#long	"23.600000381469726562"^^http://www.w3.org/2001/XMLSchema#float
http://dbpedia.org/property/imageMap	"Vratsa in Bulgaria.svg"^^http://www.w3.org/1999/02/22-rdf-syntax-ns#langString
http://dbpedia.org/property/north	http://dbpedia.org/resource/Varshets_Municipality
http://xmlns.com/foaf/0.1/isPrimaryTopicOf	http://en.wikipedia.org/wiki/Vratsa_Province
http://dbpedia.org/property/left	"Ethnic group"^^http://www.w3.org/1999/02/22-rdf-syntax-ns#langString
http://dbpedia.org/property/populationTotal	"186848"^^http://www.w3.org/2001/XMLSchema#integer
http://dbpedia.org/property/west	http://dbpedia.org/resource/Pleven_Province
http://dbpedia.org/property/populationAsOf	"February 2011"^^http://www.w3.org/1999/02/22-rdf-syntax-ns#langString
http://dbpedia.org/property/northwest	http://dbpedia.org/resource/Lovech_Province
http://dbpedia.org/ontology/isPartOf	http://dbpedia.org/resource/Roman_Municipality
http://purl.org/dc/terms/subject	http://dbpedia.org/resource/Category:Vratsa_Province
http://www.w3.org/2000/01/rdf-schema#comment	"La provincia de Vratsa (en búlgaro: Област Враца), es una provincia u óblast ubicado al norte de Bulgaria. Limita al norte con el Danubio, frontera natural con Rumanía; al este con la provincia de Pleven y la de Lovech; al sur con la de Sofía y al oeste con la de Montana."@es
http://dbpedia.org/property/south	http://dbpedia.org/resource/Sofia_Province
http://dbpedia.org/property/right	"Percentage"^^http://www.w3.org/1999/02/22-rdf-syntax-ns#langString
http://xmlns.com/foaf/0.1/primaryTopic	http://en.wikipedia.org/wiki/Vratsa_Province
http://dbpedia.org/property/east	http://dbpedia.org/resource/Varshets_Municipality
http://www.w3.org/2002/07/owl#sameAs	http://pl.dbpedia.org/resource/Obwód_Wraca
http://dbpedia.org/ontology/wikiPageRedirects	http://dbpedia.org/resource/Vratsa_District
http://www.w3.org/2003/01/geo/wgs84_pos#lat	"43.516666412353515625"^^http://www.w3.org/2001/XMLSchema#float
http://www.georss.org/georss/point	"43.516666666666666 23.6"
http://dbpedia.org/ontology/thumbnail	http://commons.wikimedia.org/wiki/Special:FilePath/Vratsa_in_Bulgaria.svg?width=300
http://dbpedia.org/ontology/wikiPageID	"589055"^^http://www.w3.org/2001/XMLSchema#integer
http://dbpedia.org/property/capital	http://dbpedia.org/resource/Vratsa
http://www.w3.org/ns/prov#wasDerivedFrom	http://en.wikipedia.org/wiki/Vratsa_Province?oldid=740811255
http://dbpedia.org/ontology/birthPlace	http://dbpedia.org/resource/Vladimir_I._Georgiev
http://dbpedia.org/property/northeast	http://dbpedia.org/resource/Varshets_Municipality
http://dbpedia.org/property/areaTotalKm	"3619.6999999999998181"^^http://www.w3.org/2001/XMLSchema#decimal
http://dbpedia.org/property/centre	"Vratsa Province"^^http://www.w3.org/1999/02/22-rdf-syntax-ns#langString
http://dbpedia.org/property/float	"right"^^http://www.w3.org/1999/02/22-rdf-syntax-ns#langString
http://xmlns.com/foaf/0.1/depiction	http://commons.wikimedia.org/wiki/Special:FilePath/Vratsa_in_Bulgaria.svg
http://purl.org/linguistics/gold/hypernym	http://dbpedia.org/resource/Province
http://dbpedia.org/property/nativeName	"Област Враца"^^http://www.w3.org/1999/02/22-rdf-syntax-ns#langString
http://dbpedia.org/ontology/abstract	"Vratsa (Bulgaars: Област Враца) is een oblast in het noordwesten van Bulgarije. De hoofdstad is het gelijknamige Vratsa en de oblast heeft 209.124 inwoners (2006)."@nl
http://www.w3.org/2003/01/geo/wgs84_pos#geometry	"POINT(23.60000038147 43.516666412354)"^^http://www.openlinksw.com/schemas/virtrdf#Geometry
http://dbpedia.org/property/southeast	http://dbpedia.org/resource/Valchedram_Municipality
http://dbpedia.org/property/title	"Religions in Vratsa Province"^^http://www.w3.org/1999/02/22-rdf-syntax-ns#langString
http://www.w3.org/2000/01/rdf-schema#label	"Vratsa (oblast)"@fr
http://dbpedia.org/property/licensePlate	"BP"^^http://www.w3.org/1999/02/22-rdf-syntax-ns#langString
http://www.w3.org/1999/02/22-rdf-syntax-ns#type	http://www.w3.org/2003/01/geo/wgs84_pos#SpatialThing
