#---Properties and values from: http://dbpedia.org/resource/Pedroso_e_Seixezelo
Property	Value
http://dbpedia.org/property/officialName	"Pedroso e Seixezelo"^^http://www.w3.org/1999/02/22-rdf-syntax-ns#langString
http://dbpedia.org/ontology/wikiPageRevisionID	"701647528"^^http://www.w3.org/2001/XMLSchema#integer
http://xmlns.com/foaf/0.1/isPrimaryTopicOf	http://en.wikipedia.org/wiki/Pedroso_e_Seixezelo
http://dbpedia.org/property/municipality	http://dbpedia.org/resource/Vila_Nova_de_Gaia
http://dbpedia.org/ontology/country	http://dbpedia.org/resource/Portugal
http://dbpedia.org/property/populationTotal	"20426"^^http://www.w3.org/2001/XMLSchema#integer
http://dbpedia.org/property/populationAsOf	"2011"^^http://www.w3.org/2001/XMLSchema#integer
http://dbpedia.org/property/metro	http://dbpedia.org/resource/Metropolitan_Area_of_Porto
http://purl.org/dc/terms/subject	http://dbpedia.org/resource/Category:Parishes_of_Vila_Nova_de_Gaia
http://www.w3.org/2000/01/rdf-schema#comment	"Pedroso e Seixezelo is a civil parish in the municipality of Vila Nova de Gaia, Portugal. It was formed in 2013 by the merger of the former parishes Pedroso and Seixezelo. The population in 2011 was 20,426, in an area of 20.88 km²."@en
http://dbpedia.org/property/longd	"-8.5600000000000004974"^^http://www.w3.org/2001/XMLSchema#decimal
http://xmlns.com/foaf/0.1/primaryTopic	http://en.wikipedia.org/wiki/Pedroso_e_Seixezelo
http://www.w3.org/2002/07/owl#sameAs	http://rdf.freebase.com/ns/m.011lc1rr
http://dbpedia.org/property/areaTotal	"20.879999999999999005"^^http://www.w3.org/2001/XMLSchema#decimal
http://dbpedia.org/ontology/wikiPageID	"43472800"^^http://www.w3.org/2001/XMLSchema#integer
http://www.w3.org/ns/prov#wasDerivedFrom	http://en.wikipedia.org/wiki/Pedroso_e_Seixezelo?oldid=701647528
http://dbpedia.org/property/district	http://dbpedia.org/resource/Porto_District
http://purl.org/linguistics/gold/hypernym	http://dbpedia.org/resource/Parish
http://dbpedia.org/property/latd	"41.060000000000002274"^^http://www.w3.org/2001/XMLSchema#decimal
http://dbpedia.org/property/subregion	http://dbpedia.org/resource/Grande_Porto
http://dbpedia.org/ontology/abstract	"Pedroso e Seixezelo is a civil parish in the municipality of Vila Nova de Gaia, Portugal. It was formed in 2013 by the merger of the former parishes Pedroso and Seixezelo. The population in 2011 was 20,426, in an area of 20.88 km²."@en
http://www.w3.org/2000/01/rdf-schema#label	"Pedroso e Seixezelo"@en
http://www.w3.org/1999/02/22-rdf-syntax-ns#type	http://dbpedia.org/ontology/PopulatedPlace
http://dbpedia.org/property/region	http://dbpedia.org/resource/Norte_Region,_Portugal
