#---Properties and values from: http://dbpedia.org/resource/Lourosa_(Santa_Maria_da_Feira)
Property	Value
http://dbpedia.org/property/officialName	"Lourosa"^^http://www.w3.org/1999/02/22-rdf-syntax-ns#langString
http://dbpedia.org/ontology/wikiPageRevisionID	"689447259"^^http://www.w3.org/2001/XMLSchema#integer
http://dbpedia.org/property/wordnet_type	http://www.w3.org/2006/03/wn/wn20/instances/synset-municipality-noun-2
http://xmlns.com/foaf/0.1/isPrimaryTopicOf	http://en.wikipedia.org/wiki/Lourosa_(Santa_Maria_da_Feira)
http://dbpedia.org/property/municipality	http://dbpedia.org/resource/Santa_Maria_da_Feira_Municipality
http://dbpedia.org/property/location	http://dbpedia.org/resource/2015–16_Taça_de_Portugal
http://dbpedia.org/ontology/country	http://dbpedia.org/resource/Portugal
http://dbpedia.org/property/populationTotal	"8636"^^http://www.w3.org/2001/XMLSchema#integer
http://dbpedia.org/property/populationAsOf	"2011"^^http://www.w3.org/2001/XMLSchema#integer
http://dbpedia.org/ontology/wikiPageDisambiguates	http://dbpedia.org/resource/Lourosa
http://dbpedia.org/property/stadium	http://dbpedia.org/resource/1993–94_Taça_de_Portugal
http://purl.org/dc/terms/subject	http://dbpedia.org/resource/Category:Parishes_of_Santa_Maria_da_Feira
http://www.w3.org/2000/01/rdf-schema#comment	"Лороза (порт. Lourosa) — город и район в Португалии, входит в округ Авейру. Является составной частью муниципалитета Санта-Мария-да-Фейра. Находится в составе крупной городской агломерации Большой Порту. По старому административному делению входил в провинцию Дору-Литорал. Входит в экономико-статистический субрегион Энтре-Доуру-и-Воуга, который входит в Северный регион. Население составляет 10 000 человек. Занимает площадь 6,41 км². Покровителем района считается Иаков Зеведеев (порт. S. Tiago)."@ru
http://dbpedia.org/property/longd	"-8.5459999999999993747"^^http://www.w3.org/2001/XMLSchema#decimal
http://xmlns.com/foaf/0.1/primaryTopic	http://en.wikipedia.org/wiki/Lourosa_(Santa_Maria_da_Feira)
http://www.w3.org/2002/07/owl#sameAs	http://gadm.geovocab.org/id/3_88240
http://dbpedia.org/ontology/wikiPageID	"5815569"^^http://www.w3.org/2001/XMLSchema#integer
http://dbpedia.org/property/areaTotal	"5.7699999999999995737"^^http://www.w3.org/2001/XMLSchema#decimal
http://dbpedia.org/ontology/birthPlace	http://dbpedia.org/resource/Ricardo_Alves_Coelho_Silva
http://www.w3.org/ns/prov#wasDerivedFrom	http://en.wikipedia.org/wiki/Lourosa_(Santa_Maria_da_Feira)?oldid=689447259
http://purl.org/linguistics/gold/hypernym	http://dbpedia.org/resource/Parish
http://dbpedia.org/property/latd	"40.987999999999999545"^^http://www.w3.org/2001/XMLSchema#decimal
http://dbpedia.org/ontology/abstract	"25بك هذه المقالة تحتاج للمزيد من الوصلات للمقالات الأخرى للمساعدة في ترابط مقالات الموسوعة. فضلًا ساعد في تحسين هذه المقالة بإضافة وصلات إلى المقالات المتعلقة بها الموجودة في النص الحالي. (يوليو 2016) لوروسا هي مدينة من مدن البرتغال وهي أبرشية تقع في بلدية سانتا ماريا دا فييرا. يبلغ عدد سكانها 8636 نسمة وذلك حسب إحصائيات سنة 2011. تبلغ مساحتها 5.77 كيلو متر مربع."@ar
http://www.w3.org/2000/01/rdf-schema#label	"Lourosa (Santa Maria da Feira)"@de
http://dbpedia.org/ontology/ground	http://dbpedia.org/resource/Lusitânia_F.C.
http://www.w3.org/1999/02/22-rdf-syntax-ns#type	http://dbpedia.org/class/yago/YagoGeoEntity
