#---Properties and values from: http://dbpedia.org/resource/Serra_d'El-Rei
Property	Value
http://dbpedia.org/ontology/wikiPageExternalLink	http://www.jfserradelrei.com/
http://dbpedia.org/property/officialName	"Serra d'El-Rei"^^http://www.w3.org/1999/02/22-rdf-syntax-ns#langString
http://dbpedia.org/ontology/wikiPageRevisionID	"665094840"^^http://www.w3.org/2001/XMLSchema#integer
http://xmlns.com/foaf/0.1/isPrimaryTopicOf	http://en.wikipedia.org/wiki/Serra_d'El-Rei
http://dbpedia.org/property/municipality	http://dbpedia.org/resource/Peniche,_Portugal
http://dbpedia.org/ontology/country	http://dbpedia.org/resource/Portugal
http://dbpedia.org/property/populationTotal	"1401"^^http://www.w3.org/2001/XMLSchema#integer
http://dbpedia.org/property/populationAsOf	"2011"^^http://www.w3.org/2001/XMLSchema#integer
http://purl.org/dc/terms/subject	http://dbpedia.org/resource/Category:Parishes_of_Peniche,_Portugal
http://www.w3.org/2000/01/rdf-schema#comment	"Серра-дэл-Рей (порт. Serra d'El-Rei) — район (фрегезия) в Португалии, входит в округ Лейрия. Является составной частью муниципалитета Пенише. По старому административному делению входил в провинцию Эштремадура. Входит в экономико-статистический субрегион Оэште, который входит в Центральный регион. Население составляет 1377 человек на 2001 год. Занимает площадь 9,16 км²."@ru
http://dbpedia.org/property/cim	http://dbpedia.org/resource/Oeste_(intermunicipal_community)
http://dbpedia.org/property/longd	"-9.2699999999999995737"^^http://www.w3.org/2001/XMLSchema#decimal
http://xmlns.com/foaf/0.1/primaryTopic	http://en.wikipedia.org/wiki/Serra_d'El-Rei
http://dbpedia.org/ontology/wikiPageRedirects	http://dbpedia.org/resource/Serra_d'El-Rei_(Peniche)
http://www.w3.org/2002/07/owl#sameAs	http://www.wikidata.org/entity/Q1025523
http://dbpedia.org/property/imageLocation	"Concelhopeniche-050605-freg-serra.jpg"^^http://www.w3.org/1999/02/22-rdf-syntax-ns#langString
http://dbpedia.org/ontology/thumbnail	http://commons.wikimedia.org/wiki/Special:FilePath/Concelhopeniche-050605-freg-serra.jpg?width=300
http://dbpedia.org/property/areaTotal	"8.9199999999999999289"^^http://www.w3.org/2001/XMLSchema#decimal
http://dbpedia.org/ontology/wikiPageID	"24409776"^^http://www.w3.org/2001/XMLSchema#integer
http://www.w3.org/ns/prov#wasDerivedFrom	http://en.wikipedia.org/wiki/Serra_d'El-Rei?oldid=665094840
http://dbpedia.org/property/district	http://dbpedia.org/resource/Leiria_District
http://xmlns.com/foaf/0.1/depiction	http://commons.wikimedia.org/wiki/Special:FilePath/Concelhopeniche-050605-freg-serra.jpg
http://purl.org/linguistics/gold/hypernym	http://dbpedia.org/resource/Parish
http://dbpedia.org/property/latd	"39.33100000000000307"^^http://www.w3.org/2001/XMLSchema#decimal
http://dbpedia.org/property/subregion	http://dbpedia.org/resource/Oeste_Subregion
http://dbpedia.org/ontology/abstract	"Serra d'El-Rei ('Mountains of the King') is a Portuguese parish in the municipality of Peniche on the Atlantic Coast. The population in 2011 was 1,401, in an area of 8.92 km². Serra d'El-Rei became a town on July 1 2003. In 2015 the new Star Wars film will be filmed here It was at Serra d'El-Rei that King Peter I of Portugal lived with his lover Inês de Castro. His 14th-century castle in the town is a ruin today. Serra d'El-Rei is 7 km (4.3 mi) west of the historic walled-town of Óbidos, and 10 km east from Peniche."@en
http://www.w3.org/2000/01/rdf-schema#label	"Serra d'El-Rei"@es
http://xmlns.com/foaf/0.1/homepage	http://www.jfserradelrei.com/
http://www.w3.org/1999/02/22-rdf-syntax-ns#type	http://dbpedia.org/class/yago/UrbanArea108675967
http://dbpedia.org/property/region	http://dbpedia.org/resource/Centro_Region,_Portugal
