#---Properties and values from: http://dbpedia.org/resource/Alahärmä
Property	Value
http://dbpedia.org/ontology/wikiPageExternalLink	http://www.harmanmaanmuseot.fi/indexeng.htm
http://dbpedia.org/ontology/wikiPageRevisionID	"657320588"^^http://www.w3.org/2001/XMLSchema#integer
http://dbpedia.org/property/mapCaption	"Location of Alahärmä in Finland"^^http://www.w3.org/1999/02/22-rdf-syntax-ns#langString
http://dbpedia.org/property/latm	"15"^^http://www.w3.org/2001/XMLSchema#integer
http://dbpedia.org/ontology/deathPlace	http://dbpedia.org/resource/Antti_Isotalo
http://dbpedia.org/property/settlementType	"Former municipality"^^http://www.w3.org/1999/02/22-rdf-syntax-ns#langString
http://dbpedia.org/property/imageSkyline	"PowerPark area.JPG"^^http://www.w3.org/1999/02/22-rdf-syntax-ns#langString
http://dbpedia.org/property/imageMap	"Alahärmä.sijainti.suomi.2008.svg"^^http://www.w3.org/1999/02/22-rdf-syntax-ns#langString
http://dbpedia.org/property/imageCaption	http://dbpedia.org/resource/PowerPark
http://xmlns.com/foaf/0.1/isPrimaryTopicOf	http://en.wikipedia.org/wiki/Alahärmä
http://dbpedia.org/property/longm	"51"^^http://www.w3.org/2001/XMLSchema#integer
http://dbpedia.org/property/extinctDate	"2009"^^http://www.w3.org/2001/XMLSchema#integer
http://dbpedia.org/property/location	http://dbpedia.org/resource/PowerPark
http://dbpedia.org/property/populationTotal	"4661"^^http://www.w3.org/2001/XMLSchema#integer
http://dbpedia.org/property/populationAsOf	"2008-12-31"^^http://www.w3.org/2001/XMLSchema#date
http://purl.org/dc/terms/subject	http://dbpedia.org/resource/Category:Former_municipalities_of_Finland
http://www.w3.org/2000/01/rdf-schema#comment	"Alahärmä is een voormalige gemeente in de Finse provincie West-Finland en in de Finse regio Zuid-Österbotten. De gemeente had een totale oppervlakte van 352 km2 en telde in 2003 4929 inwoners. In 2009 ging Alahärmä met Ylihärmä en Kortesjärvi op in de gemeente Kauhava."@nl
http://dbpedia.org/property/imageShield	"Alahärmä.vaakuna.svg"^^http://www.w3.org/1999/02/22-rdf-syntax-ns#langString
http://dbpedia.org/property/longd	"22"^^http://www.w3.org/2001/XMLSchema#integer
http://xmlns.com/foaf/0.1/primaryTopic	http://en.wikipedia.org/wiki/Alahärmä
http://dbpedia.org/ontology/wikiPageRedirects	http://dbpedia.org/resource/Alaharma
http://www.w3.org/2002/07/owl#sameAs	http://dbpedia.org/resource/Alahärmä
http://dbpedia.org/ontology/thumbnail	http://commons.wikimedia.org/wiki/Special:FilePath/PowerPark_area.JPG?width=300
http://dbpedia.org/property/population014Percent	"17.699999999999999289"^^http://www.w3.org/2001/XMLSchema#decimal
http://dbpedia.org/ontology/wikiPageID	"230078"^^http://www.w3.org/2001/XMLSchema#integer
http://dbpedia.org/property/areaWaterKm	"2.3300000000000000711"^^http://www.w3.org/2001/XMLSchema#decimal
http://dbpedia.org/property/population65Percent	"20.199999999999999289"^^http://www.w3.org/2001/XMLSchema#decimal
http://dbpedia.org/ontology/birthPlace	http://dbpedia.org/resource/Niilo_Yli-Vainio
http://www.w3.org/ns/prov#wasDerivedFrom	http://en.wikipedia.org/wiki/Alahärmä?oldid=657320588
http://dbpedia.org/property/name	"Alahärmä"^^http://www.w3.org/1999/02/22-rdf-syntax-ns#langString
http://dbpedia.org/property/areaTotalKm	"353.64999999999997726"^^http://www.w3.org/2001/XMLSchema#decimal
http://xmlns.com/foaf/0.1/depiction	http://commons.wikimedia.org/wiki/Special:FilePath/PowerPark_area.JPG
http://purl.org/linguistics/gold/hypernym	http://dbpedia.org/resource/Municipality
http://dbpedia.org/property/areaLandKm	"351.31999999999999318"^^http://www.w3.org/2001/XMLSchema#decimal
http://dbpedia.org/property/latd	"63"^^http://www.w3.org/2001/XMLSchema#integer
http://dbpedia.org/property/establishedDate	"1867"^^http://www.w3.org/2001/XMLSchema#integer
http://dbpedia.org/property/subregion	"Härmänmaa sub-region"^^http://www.w3.org/1999/02/22-rdf-syntax-ns#langString
http://dbpedia.org/ontology/abstract	"Alahärmä est une ancienne commune de l'ouest de la Finlande, dans la région d'Ostrobotnie du Sud.Alahärmä, Kortesjärvi et Ylihärmä ont fusionné avec Kauhava le 1er janvier 2009."@fr
http://dbpedia.org/property/establishedTitle	"Founded"^^http://www.w3.org/1999/02/22-rdf-syntax-ns#langString
http://www.w3.org/2000/01/rdf-schema#label	"Alahärmä"@nl
http://dbpedia.org/property/extinctTitle	"Consolidated"^^http://www.w3.org/1999/02/22-rdf-syntax-ns#langString
http://dbpedia.org/property/population1564Percent	"62.100000000000001421"^^http://www.w3.org/2001/XMLSchema#decimal
http://dbpedia.org/property/province	http://dbpedia.org/resource/Western_Finland
http://dbpedia.org/property/finnishOfficial	"1"^^http://www.w3.org/2001/XMLSchema#integer
http://www.w3.org/1999/02/22-rdf-syntax-ns#type	http://dbpedia.org/class/yago/WikicatPopulatedPlacesDisestablishedIn2009
http://dbpedia.org/property/region	http://dbpedia.org/resource/Southern_Ostrobothnia
