#---Properties and values from: http://dbpedia.org/resource/Smrečnik
Property	Value
http://dbpedia.org/property/longew	"E"^^http://www.w3.org/1999/02/22-rdf-syntax-ns#langString
http://xmlns.com/foaf/0.1/name	"Smrečnik"@en
http://dbpedia.org/property/lats	"23.289999999999999147"^^http://www.w3.org/2001/XMLSchema#decimal
http://dbpedia.org/ontology/wikiPageExternalLink	http://www.gottscheerland.at/ortsplaene/Feichtb%C3%BCchel.pdf
http://dbpedia.org/ontology/wikiPageRevisionID	"723652532"^^http://www.w3.org/2001/XMLSchema#integer
http://dbpedia.org/property/imagesize	"250"^^http://www.w3.org/2001/XMLSchema#integer
http://dbpedia.org/property/latm	"40"^^http://www.w3.org/2001/XMLSchema#integer
http://dbpedia.org/property/latns	"N"^^http://www.w3.org/1999/02/22-rdf-syntax-ns#langString
http://www.w3.org/2003/01/geo/wgs84_pos#long	"15.063741683959960938"^^http://www.w3.org/2001/XMLSchema#float
http://dbpedia.org/property/coordinatesRegion	"SI"^^http://www.w3.org/1999/02/22-rdf-syntax-ns#langString
http://dbpedia.org/property/date	"June 2016"^^http://www.w3.org/1999/02/22-rdf-syntax-ns#langString
http://dbpedia.org/property/pushpinLabelPosition	"top"^^http://www.w3.org/1999/02/22-rdf-syntax-ns#langString
http://xmlns.com/foaf/0.1/isPrimaryTopicOf	http://en.wikipedia.org/wiki/Smrečnik
http://dbpedia.org/property/subdivisionType	http://dbpedia.org/resource/Statistical_regions_of_Slovenia
http://dbpedia.org/ontology/country	http://dbpedia.org/resource/Slovenia
http://dbpedia.org/property/longm	"3"^^http://www.w3.org/2001/XMLSchema#integer
http://dbpedia.org/property/populationTotal	"none"^^http://www.w3.org/1999/02/22-rdf-syntax-ns#langString
http://dbpedia.org/property/longs	"49.469999999999998863"^^http://www.w3.org/2001/XMLSchema#decimal
http://dbpedia.org/property/populationAsOf	"2002"^^http://www.w3.org/2001/XMLSchema#integer
http://purl.org/dc/terms/subject	http://dbpedia.org/resource/Category:Former_populated_places_in_the_Municipality_of_Semič
http://dbpedia.org/ontology/isPartOf	http://dbpedia.org/resource/Municipality_of_Semič
http://www.w3.org/2000/01/rdf-schema#comment	"Smrečnik (pronounced [ˈsmɾeːtʃnik]; also archaic Smrečnjek, German: Feichtbüchel, Gottscheerish: Waichtpiechl) is a remote abandoned settlement in the Municipality of Semič in southern Slovenia. The area is part of the traditional region of Lower Carniola and is now included in the Southeast Slovenia Statistical Region. Its territory is now part of the village of Komarna Vas."@en
http://dbpedia.org/property/bot	"medic"^^http://www.w3.org/1999/02/22-rdf-syntax-ns#langString
http://dbpedia.org/property/longd	"15"^^http://www.w3.org/2001/XMLSchema#integer
http://xmlns.com/foaf/0.1/primaryTopic	http://en.wikipedia.org/wiki/Smrečnik
http://www.w3.org/2002/07/owl#sameAs	http://dbpedia.org/resource/Smrečnik
http://dbpedia.org/ontology/wikiPageRedirects	http://dbpedia.org/resource/Smrecnik
http://www.w3.org/2003/01/geo/wgs84_pos#lat	"45.673137664794921875"^^http://www.w3.org/2001/XMLSchema#float
http://www.georss.org/georss/point	"45.67313611111111 15.063741666666667"
http://dbpedia.org/ontology/thumbnail	http://commons.wikimedia.org/wiki/Special:FilePath/Flag_of_Slovenia.svg?width=300
http://dbpedia.org/ontology/wikiPageID	"36593067"^^http://www.w3.org/2001/XMLSchema#integer
http://dbpedia.org/ontology/elevation	"684.0"^^http://www.w3.org/2001/XMLSchema#decimal
http://www.w3.org/ns/prov#wasDerivedFrom	http://en.wikipedia.org/wiki/Smrečnik?oldid=723652532
http://dbpedia.org/property/coordinatesDisplay	"inline,title"^^http://www.w3.org/1999/02/22-rdf-syntax-ns#langString
http://dbpedia.org/property/pushpinMap	"Slovenia"^^http://www.w3.org/1999/02/22-rdf-syntax-ns#langString
http://dbpedia.org/property/populationBlank2Title	"Religions"^^http://www.w3.org/1999/02/22-rdf-syntax-ns#langString
http://dbpedia.org/property/populationBlank1Title	"Ethnicities"^^http://www.w3.org/1999/02/22-rdf-syntax-ns#langString
http://xmlns.com/foaf/0.1/depiction	http://commons.wikimedia.org/wiki/Special:FilePath/Flag_of_Slovenia.svg
http://purl.org/linguistics/gold/hypernym	http://dbpedia.org/resource/Settlement
http://dbpedia.org/property/latd	"45"^^http://www.w3.org/2001/XMLSchema#integer
http://dbpedia.org/ontology/abstract	"Smrečnik (pronounced [ˈsmɾeːtʃnik]; also archaic Smrečnjek, German: Feichtbüchel, Gottscheerish: Waichtpiechl) is a remote abandoned settlement in the Municipality of Semič in southern Slovenia. The area is part of the traditional region of Lower Carniola and is now included in the Southeast Slovenia Statistical Region. Its territory is now part of the village of Komarna Vas."@en
http://dbpedia.org/property/pushpinMapCaption	"Location in Slovenia"^^http://www.w3.org/1999/02/22-rdf-syntax-ns#langString
http://www.w3.org/2003/01/geo/wgs84_pos#geometry	"POINT(15.06374168396 45.673137664795)"^^http://www.openlinksw.com/schemas/virtrdf#Geometry
http://www.w3.org/2000/01/rdf-schema#label	"Smrečnik"@en
http://www.w3.org/1999/02/22-rdf-syntax-ns#type	http://dbpedia.org/class/yago/YagoPermanentlyLocatedEntity
