#---Properties and values from: http://dbpedia.org/resource/Pinheiro_(Aguiar_da_Beira)
Property	Value
http://dbpedia.org/property/officialName	"Pinheiro"^^http://www.w3.org/1999/02/22-rdf-syntax-ns#langString
http://dbpedia.org/ontology/wikiPageRevisionID	"701647731"^^http://www.w3.org/2001/XMLSchema#integer
http://xmlns.com/foaf/0.1/isPrimaryTopicOf	http://en.wikipedia.org/wiki/Pinheiro_(Aguiar_da_Beira)
http://dbpedia.org/property/municipality	http://dbpedia.org/resource/Aguiar_da_Beira
http://dbpedia.org/ontology/country	http://dbpedia.org/resource/Portugal
http://dbpedia.org/property/populationTotal	"232"^^http://www.w3.org/2001/XMLSchema#integer
http://dbpedia.org/property/populationAsOf	"2011"^^http://www.w3.org/2001/XMLSchema#integer
http://purl.org/dc/terms/subject	http://dbpedia.org/resource/Category:Parishes_of_Aguiar_da_Beira
http://www.w3.org/2000/01/rdf-schema#comment	"Pena Verde is a freguesia in Aguiar da Beira Municipality, Guarda District, Portugal. The population in 2011 was 232, in an area of 15.88 km²."@en
http://dbpedia.org/property/cim	http://dbpedia.org/resource/Viseu_Dão_Lafões
http://dbpedia.org/property/longd	"-7.597999999999999865"^^http://www.w3.org/2001/XMLSchema#decimal
http://xmlns.com/foaf/0.1/primaryTopic	http://en.wikipedia.org/wiki/Pinheiro_(Aguiar_da_Beira)
http://www.w3.org/2002/07/owl#sameAs	http://www.wikidata.org/entity/Q1445758
http://dbpedia.org/property/imageLocation	"LocalAgb-Pinheiro.PNG"^^http://www.w3.org/1999/02/22-rdf-syntax-ns#langString
http://dbpedia.org/ontology/thumbnail	http://commons.wikimedia.org/wiki/Special:FilePath/LocalAgb-Pinheiro.PNG?width=300
http://dbpedia.org/ontology/wikiPageID	"41856320"^^http://www.w3.org/2001/XMLSchema#integer
http://dbpedia.org/property/areaTotal	"15.880000000000000782"^^http://www.w3.org/2001/XMLSchema#decimal
http://www.w3.org/ns/prov#wasDerivedFrom	http://en.wikipedia.org/wiki/Pinheiro_(Aguiar_da_Beira)?oldid=701647731
http://dbpedia.org/property/district	http://dbpedia.org/resource/Guarda_District
http://xmlns.com/foaf/0.1/depiction	http://commons.wikimedia.org/wiki/Special:FilePath/LocalAgb-Pinheiro.PNG
http://purl.org/linguistics/gold/hypernym	http://dbpedia.org/resource/Freguesia
http://dbpedia.org/property/latd	"40.801000000000001933"^^http://www.w3.org/2001/XMLSchema#decimal
http://dbpedia.org/property/subregion	http://dbpedia.org/resource/Dão-Lafões
http://dbpedia.org/ontology/abstract	"Pinheiro is een plaats (freguesia) in de Portugese gemeente Aguiar da Beira en telt 287 inwoners (2001)."@nl
http://www.w3.org/2000/01/rdf-schema#label	"Pinheiro (Aguiar da Beira)"@pt
http://www.w3.org/1999/02/22-rdf-syntax-ns#type	http://dbpedia.org/class/yago/YagoLegalActorGeo
http://dbpedia.org/property/region	http://dbpedia.org/resource/Centro_Region,_Portugal
