#---Properties and values from: http://dbpedia.org/resource/Vide_e_Cabeça
Property	Value
http://dbpedia.org/property/officialName	"Vide e Cabeça"^^http://www.w3.org/1999/02/22-rdf-syntax-ns#langString
http://dbpedia.org/ontology/wikiPageRevisionID	"730809887"^^http://www.w3.org/2001/XMLSchema#integer
http://xmlns.com/foaf/0.1/isPrimaryTopicOf	http://en.wikipedia.org/wiki/Vide_e_Cabeça
http://dbpedia.org/property/municipality	http://dbpedia.org/resource/Seia
http://dbpedia.org/ontology/country	http://dbpedia.org/resource/Portugal
http://dbpedia.org/property/populationTotal	"761"^^http://www.w3.org/2001/XMLSchema#integer
http://dbpedia.org/property/populationAsOf	"2011"^^http://www.w3.org/2001/XMLSchema#integer
http://purl.org/dc/terms/subject	http://dbpedia.org/resource/Category:Parishes_of_Seia
http://www.w3.org/2000/01/rdf-schema#comment	"Vide e Cabeça is a civil parish in the municipality of Seia, Portugal. It was formed in 2013 by the merger of the former parishes Vide and Cabeça. The population in 2011 was 761, in an area of 56.47 km²."@en
http://dbpedia.org/property/cim	http://dbpedia.org/resource/Beiras_e_Serra_da_Estrela
http://dbpedia.org/property/longd	"-7.7839999999999998082"^^http://www.w3.org/2001/XMLSchema#decimal
http://xmlns.com/foaf/0.1/primaryTopic	http://en.wikipedia.org/wiki/Vide_e_Cabeça
http://dbpedia.org/ontology/wikiPageRedirects	http://dbpedia.org/resource/Vide_e_Cabeca
http://www.w3.org/2002/07/owl#sameAs	http://nl.dbpedia.org/resource/Vide_(Seia)
http://dbpedia.org/property/areaTotal	"56.469999999999998863"^^http://www.w3.org/2001/XMLSchema#decimal
http://dbpedia.org/ontology/wikiPageID	"23491706"^^http://www.w3.org/2001/XMLSchema#integer
http://www.w3.org/ns/prov#wasDerivedFrom	http://en.wikipedia.org/wiki/Vide_e_Cabeça?oldid=730809887
http://dbpedia.org/property/district	http://dbpedia.org/resource/Guarda_District
http://purl.org/linguistics/gold/hypernym	http://dbpedia.org/resource/Parish
http://dbpedia.org/property/latd	"40.295999999999999375"^^http://www.w3.org/2001/XMLSchema#decimal
http://dbpedia.org/property/subregion	http://dbpedia.org/resource/Serra_da_Estrela_Subregion
http://dbpedia.org/ontology/abstract	"Vide é uma aldeia pertencente á União das Freguesias de Vide e Cabeça, concelho de Seia, com 51,25 km² de área e 583 habitantes (2011), com uma densidade populacional de 11,4 hab/km². Está situada na zona centro do país, no Distrito da Guarda, no Parque Natural da Serra da Estrela, a uma distância de 25 km da Torre. Pertence à rede de Aldeias de Montanha do Concelho de Seia. A aldeia da Vide tem vários acesso sendo os principais a EN 230, que a liga a Oliveira do Hospital, e a EN 238, uma saída da EN 231, que a liga a Seia. Devido ao isolamento a que foram votadas, algumas das suas povoações anexas têm vias de comunicação deficientes, o que dificulta o acesso às mesmas, favorecendo o seu isolamento particularmente com condições atmosféricas desfavoráveis, no Inverno. É a maior freguesia do concelho, em área, e a que mais povoações anexas tem: Abitureira, Baiol, Balocas, Baloquinhas, Barreira, Barriosa, Barroco da Malhada, Borracheiras, Carvalhinho, Casal do Rei, Casas Figueiras, Cide, Chão Cimeiro, Costeiras, Coucedeira, Fontes do Cide, Foz da Rigueira, Foz do Vale, Frádigas, Gondufo, Lamigueiras, Malhada das Cilhas, Monteiros, Muro, Obra, Outeiro, Ribeira, Rodeado, Sarnadinha, Silvadal, Vale do Cide."@pt
http://www.w3.org/2000/01/rdf-schema#label	"Види (Сея)"@ru
http://www.w3.org/1999/02/22-rdf-syntax-ns#type	http://dbpedia.org/class/yago/Location100027167
http://dbpedia.org/property/region	http://dbpedia.org/resource/Centro_Region,_Portugal
