#---Properties and values from: http://dbpedia.org/resource/Negrelos_(São_Mamede)
Property	Value
http://dbpedia.org/property/officialName	"Negrelos"^^http://www.w3.org/1999/02/22-rdf-syntax-ns#langString
http://dbpedia.org/ontology/wikiPageRevisionID	"701647037"^^http://www.w3.org/2001/XMLSchema#integer
http://www.w3.org/2003/01/geo/wgs84_pos#long	"-8.3436107635498046875"^^http://www.w3.org/2001/XMLSchema#float
http://xmlns.com/foaf/0.1/isPrimaryTopicOf	http://en.wikipedia.org/wiki/Negrelos_(São_Mamede)
http://dbpedia.org/property/municipality	http://dbpedia.org/resource/Santo_Tirso
http://dbpedia.org/ontology/country	http://dbpedia.org/resource/Portugal
http://dbpedia.org/property/populationTotal	"2288"^^http://www.w3.org/2001/XMLSchema#integer
http://dbpedia.org/property/populationAsOf	"2001"^^http://www.w3.org/2001/XMLSchema#integer
http://purl.org/dc/terms/subject	http://dbpedia.org/resource/Category:Parishes_of_Santo_Tirso
http://www.w3.org/2000/01/rdf-schema#comment	"Negrelos (São Mamede) is a former civil parish in the municipality of Santo Tirso, Portugal. In 2013, the parish merged into the new parish Campo (São Martinho), São Salvador do Campo e Negrelos (São Mamede)."@en
http://dbpedia.org/property/imageShield	"STS-smamedenegrelos.png"^^http://www.w3.org/1999/02/22-rdf-syntax-ns#langString
http://xmlns.com/foaf/0.1/primaryTopic	http://en.wikipedia.org/wiki/Negrelos_(São_Mamede)
http://dbpedia.org/property/dissolved	"2013"^^http://www.w3.org/2001/XMLSchema#integer
http://dbpedia.org/ontology/wikiPageRedirects	http://dbpedia.org/resource/Negrelos_(Sao_Mamede)
http://www.w3.org/2002/07/owl#sameAs	http://dbpedia.org/resource/Negrelos_(São_Mamede)
http://www.w3.org/2003/01/geo/wgs84_pos#lat	"41.348331451416015625"^^http://www.w3.org/2001/XMLSchema#float
http://www.georss.org/georss/point	"41.348333333333336 -8.34361111111111"
http://dbpedia.org/ontology/thumbnail	http://commons.wikimedia.org/wiki/Special:FilePath/STS-smamedenegrelos.png?width=300
http://dbpedia.org/ontology/wikiPageID	"8790275"^^http://www.w3.org/2001/XMLSchema#integer
http://dbpedia.org/property/areaTotal	"4.7699999999999995737"^^http://www.w3.org/2001/XMLSchema#decimal
http://www.w3.org/ns/prov#wasDerivedFrom	http://en.wikipedia.org/wiki/Negrelos_(São_Mamede)?oldid=701647037
http://xmlns.com/foaf/0.1/depiction	http://commons.wikimedia.org/wiki/Special:FilePath/STS-smamedenegrelos.png
http://purl.org/linguistics/gold/hypernym	http://dbpedia.org/resource/Parish
http://dbpedia.org/ontology/abstract	"Negrelos (São Mamede) is a former civil parish in the municipality of Santo Tirso, Portugal. In 2013, the parish merged into the new parish Campo (São Martinho), São Salvador do Campo e Negrelos (São Mamede)."@en
http://www.w3.org/2003/01/geo/wgs84_pos#geometry	"POINT(-8.3436107635498 41.348331451416)"^^http://www.openlinksw.com/schemas/virtrdf#Geometry
http://www.w3.org/2000/01/rdf-schema#label	"Negrelos (São Mamede)"@en
http://www.w3.org/1999/02/22-rdf-syntax-ns#type	http://schema.org/Place
