#---Properties and values from: http://dbpedia.org/resource/Presidente_Tancredo_Neves
Property	Value
http://dbpedia.org/property/lats	"56"^^http://www.w3.org/2001/XMLSchema#integer
http://dbpedia.org/ontology/wikiPageExternalLink	http://www.citybrazil.com.br/ba/prestancredoneves/
http://dbpedia.org/ontology/wikiPageRevisionID	"720105009"^^http://www.w3.org/2001/XMLSchema#integer
http://dbpedia.org/property/latm	"26"^^http://www.w3.org/2001/XMLSchema#integer
http://dbpedia.org/property/latns	"S"^^http://www.w3.org/1999/02/22-rdf-syntax-ns#langString
http://dbpedia.org/property/imageMap	"Bahia Municip PresidenteTancredoNeves.svg"^^http://www.w3.org/1999/02/22-rdf-syntax-ns#langString
http://xmlns.com/foaf/0.1/isPrimaryTopicOf	http://en.wikipedia.org/wiki/Presidente_Tancredo_Neves
http://dbpedia.org/property/longm	"25"^^http://www.w3.org/2001/XMLSchema#integer
http://dbpedia.org/property/populationTotal	"27505"^^http://www.w3.org/2001/XMLSchema#integer
http://dbpedia.org/property/longs	"12"^^http://www.w3.org/2001/XMLSchema#integer
http://dbpedia.org/property/populationAsOf	"2015"^^http://www.w3.org/2001/XMLSchema#integer
http://purl.org/dc/terms/subject	http://dbpedia.org/resource/Category:Municipalities_in_Bahia
http://dbpedia.org/property/state	"BA"^^http://www.w3.org/1999/02/22-rdf-syntax-ns#langString
http://dbpedia.org/ontology/wikiPageDisambiguates	http://dbpedia.org/resource/Neves
http://www.w3.org/2000/01/rdf-schema#comment	"Presidente Tancredo Neves – miasto i gmina w Brazylii, w stanie Bahia. Znajduje się w mezoregionie Sul Baiano i mikroregionie Valença."@pl
http://dbpedia.org/property/longd	"39"^^http://www.w3.org/2001/XMLSchema#integer
http://xmlns.com/foaf/0.1/primaryTopic	http://en.wikipedia.org/wiki/Presidente_Tancredo_Neves
http://dbpedia.org/ontology/wikiPageRedirects	http://dbpedia.org/resource/Presidente_Tancredo_Neves,_Brazil
http://www.w3.org/2002/07/owl#sameAs	http://fr.dbpedia.org/resource/Presidente_Tancredo_Neves
http://dbpedia.org/ontology/thumbnail	http://commons.wikimedia.org/wiki/Special:FilePath/Bahia_Municip_PresidenteTancredoNeves.svg?width=300
http://dbpedia.org/ontology/wikiPageID	"3079498"^^http://www.w3.org/2001/XMLSchema#integer
http://dbpedia.org/property/areaTotal	"417.19999999999998863"^^http://www.w3.org/2001/XMLSchema#decimal
http://www.w3.org/ns/prov#wasDerivedFrom	http://en.wikipedia.org/wiki/Presidente_Tancredo_Neves?oldid=720105009
http://xmlns.com/foaf/0.1/depiction	http://commons.wikimedia.org/wiki/Special:FilePath/Bahia_Municip_PresidenteTancredoNeves.svg
http://purl.org/linguistics/gold/hypernym	http://dbpedia.org/resource/Municipality
http://dbpedia.org/property/latd	"13"^^http://www.w3.org/2001/XMLSchema#integer
http://dbpedia.org/ontology/abstract	"Presidente Tancredo Neves é um município brasileiro do estado da Bahia. Sua população estimada em 2014 era de 27 187 habitantes."@pt
http://www.w3.org/2000/01/rdf-schema#label	"Presidente Tancredo Neves"@pt
http://www.w3.org/1999/02/22-rdf-syntax-ns#type	http://dbpedia.org/class/yago/Tract108673395
