#---Properties and values from: http://dbpedia.org/resource/Koster,_North_West
Property	Value
http://xmlns.com/foaf/0.1/name	"Koster"@en
http://dbpedia.org/property/latm	"52"^^http://www.w3.org/2001/XMLSchema#integer
http://dbpedia.org/ontology/sourceMountain	http://dbpedia.org/resource/Mooi_River_(Vaal)
http://dbpedia.org/property/areaCode	"14"^^http://www.w3.org/2001/XMLSchema#integer
http://www.w3.org/2003/01/geo/wgs84_pos#long	"26.899999618530273438"^^http://www.w3.org/2001/XMLSchema#float
http://dbpedia.org/ontology/sourcePlace	http://dbpedia.org/resource/Mooi_River_(Vaal)
http://purl.org/dc/terms/subject	http://dbpedia.org/resource/Category:Populated_places_in_the_Kgetlengrivier_Local_Municipality
http://dbpedia.org/ontology/wikiPageDisambiguates	http://dbpedia.org/resource/Koster
http://dbpedia.org/property/leaderParty	"ANC"^^http://www.w3.org/1999/02/22-rdf-syntax-ns#langString
http://dbpedia.org/property/percentWhite	"7.5"^^http://dbpedia.org/datatype/perCent
http://dbpedia.org/ontology/postalCode	"0348"
http://www.w3.org/ns/prov#wasDerivedFrom	http://en.wikipedia.org/wiki/Koster,_North_West?oldid=735050194
http://dbpedia.org/property/areaTotalKm	"21.120000000000000995"^^http://www.w3.org/2001/XMLSchema#decimal
http://dbpedia.org/property/district	"Bojanala Platinum"^^http://www.w3.org/1999/02/22-rdf-syntax-ns#langString
http://dbpedia.org/ontology/city	http://dbpedia.org/resource/R52_road
http://dbpedia.org/property/latd	"25"^^http://www.w3.org/2001/XMLSchema#integer
http://dbpedia.org/property/province	"North West"^^http://www.w3.org/1999/02/22-rdf-syntax-ns#langString
http://www.w3.org/1999/02/22-rdf-syntax-ns#type	http://dbpedia.org/ontology/Location
http://dbpedia.org/property/demographics2Info	"79.2"^^http://dbpedia.org/datatype/perCent
http://dbpedia.org/ontology/garrison	http://dbpedia.org/resource/Koster_Commando
http://dbpedia.org/ontology/wikiPageRevisionID	"735050194"^^http://www.w3.org/2001/XMLSchema#integer
http://dbpedia.org/property/governmentType	http://dbpedia.org/resource/Municipal_Council
http://dbpedia.org/property/north	http://dbpedia.org/resource/Ventersdorp
http://dbpedia.org/property/seat	http://dbpedia.org/resource/Kgetlengrivier_Local_Municipality
http://dbpedia.org/property/demographics2Title	http://dbpedia.org/resource/Afrikaans
http://xmlns.com/foaf/0.1/isPrimaryTopicOf	http://en.wikipedia.org/wiki/Koster,_North_West
http://dbpedia.org/property/municipality	"Kgetlengrivier"^^http://www.w3.org/1999/02/22-rdf-syntax-ns#langString
http://dbpedia.org/ontology/country	http://dbpedia.org/resource/South_Africa
http://dbpedia.org/property/longm	"54"^^http://www.w3.org/2001/XMLSchema#integer
http://dbpedia.org/property/populationTotal	"19499"^^http://www.w3.org/2001/XMLSchema#integer
http://dbpedia.org/property/populationAsOf	"2011"^^http://www.w3.org/2001/XMLSchema#integer
http://www.w3.org/2000/01/rdf-schema#comment	"Koster is een landbouwdorp gelegen in de gemeente Kgetlengrivier in de Zuid-Afrikaanse provincie Noordwest. Het ligt 58 km zuidwestelijk van Rustenburg en 72 km west-noord-west van Magaliesburg. Het ligt op de waterscheiding tussen de Oranjerivier en de Limpoporivier. De belangrijkste economische activiteit in de streek is landbouw en er vindt ook enige mijnbouw plaats."@nl
http://dbpedia.org/property/percentOther	"1.2"^^http://dbpedia.org/datatype/perCent
http://dbpedia.org/property/leaderTitle	"Mayor"^^http://www.w3.org/1999/02/22-rdf-syntax-ns#langString
http://dbpedia.org/property/percentAsian	"0.5"^^http://dbpedia.org/datatype/perCent
http://dbpedia.org/property/longd	"26"^^http://www.w3.org/2001/XMLSchema#integer
http://xmlns.com/foaf/0.1/primaryTopic	http://en.wikipedia.org/wiki/Koster,_North_West
http://dbpedia.org/ontology/routeJunction	http://dbpedia.org/resource/R53_road
http://www.w3.org/2002/07/owl#sameAs	http://yago-knowledge.org/resource/Koster,_North_West
http://dbpedia.org/ontology/wikiPageRedirects	http://dbpedia.org/resource/Reagile
http://www.w3.org/2003/01/geo/wgs84_pos#lat	"25.866666793823242188"^^http://www.w3.org/2001/XMLSchema#float
http://www.georss.org/georss/point	"25.866666666666667 26.9"
http://dbpedia.org/ontology/wikiPageID	"1553780"^^http://www.w3.org/2001/XMLSchema#integer
http://dbpedia.org/ontology/location	http://dbpedia.org/resource/Investec_Cup
http://dbpedia.org/property/percentBlack	"89.6"^^http://dbpedia.org/datatype/perCent
http://purl.org/linguistics/gold/hypernym	http://dbpedia.org/resource/Town
http://dbpedia.org/property/percentColoured	"1.2"^^http://dbpedia.org/datatype/perCent
http://dbpedia.org/ontology/abstract	"科斯特爾是南非的城鎮，位於該國西北部，由西北省負責管轄，距離馬加利斯堡72公里，始建於1913年，面積5.9平方公里，2001年人口2,141，人口密度每平方公里360人。    這是與南非地理相關的小作品。你可以通过編輯或修訂擴充其內容。"@zh
http://www.w3.org/2003/01/geo/wgs84_pos#geometry	"POINT(26.89999961853 25.866666793823)"^^http://www.openlinksw.com/schemas/virtrdf#Geometry
http://www.w3.org/2000/01/rdf-schema#label	"Koster, North West"@en
