#---Properties and values from: http://dbpedia.org/resource/Vidais
Property	Value
http://dbpedia.org/property/populationDensity	"auto"^^http://www.w3.org/1999/02/22-rdf-syntax-ns#langString
http://dbpedia.org/property/officialName	"Vidais"^^http://www.w3.org/1999/02/22-rdf-syntax-ns#langString
http://dbpedia.org/ontology/wikiPageRevisionID	"730830435"^^http://www.w3.org/2001/XMLSchema#integer
http://dbpedia.org/property/wordnet_type	http://www.w3.org/2006/03/wn/wn20/instances/synset-municipality-noun-2
http://xmlns.com/foaf/0.1/isPrimaryTopicOf	http://en.wikipedia.org/wiki/Vidais
http://dbpedia.org/property/municipality	http://dbpedia.org/resource/Caldas_da_Rainha
http://dbpedia.org/ontology/country	http://dbpedia.org/resource/Portugal
http://dbpedia.org/property/populationTotal	"1155"^^http://www.w3.org/2001/XMLSchema#integer
http://dbpedia.org/property/populationAsOf	"2011"^^http://www.w3.org/2001/XMLSchema#integer
http://purl.org/dc/terms/subject	http://dbpedia.org/resource/Category:Parishes_of_Caldas_da_Rainha
http://www.w3.org/2000/01/rdf-schema#comment	"Vidais ist eine Gemeinde (Freguesia) im portugiesischen Kreis Caldas da Rainha. In ihr leben 1161 Einwohner (Stand 30. Juni 2011)."@de
http://dbpedia.org/property/cim	http://dbpedia.org/resource/Oeste_(intermunicipal_community)
http://dbpedia.org/property/imageShield	"CLD-vidais.png"^^http://www.w3.org/1999/02/22-rdf-syntax-ns#langString
http://dbpedia.org/property/longd	"-9.0530000000000008242"^^http://www.w3.org/2001/XMLSchema#decimal
http://xmlns.com/foaf/0.1/primaryTopic	http://en.wikipedia.org/wiki/Vidais
http://www.w3.org/2002/07/owl#sameAs	http://es.dbpedia.org/resource/Vidais
http://dbpedia.org/ontology/thumbnail	http://commons.wikimedia.org/wiki/Special:FilePath/CLD-vidais.png?width=300
http://dbpedia.org/property/areaTotal	"21.489999999999998437"^^http://www.w3.org/2001/XMLSchema#decimal
http://dbpedia.org/ontology/wikiPageID	"531968"^^http://www.w3.org/2001/XMLSchema#integer
http://www.w3.org/ns/prov#wasDerivedFrom	http://en.wikipedia.org/wiki/Vidais?oldid=730830435
http://dbpedia.org/property/district	http://dbpedia.org/resource/Leiria_District
http://dbpedia.org/ontology/part	http://dbpedia.org/resource/Caldas_da_Rainha
http://xmlns.com/foaf/0.1/depiction	http://commons.wikimedia.org/wiki/Special:FilePath/CLD-vidais.png
http://purl.org/linguistics/gold/hypernym	http://dbpedia.org/resource/Parishes
http://dbpedia.org/property/latd	"39.368999999999999773"^^http://www.w3.org/2001/XMLSchema#decimal
http://dbpedia.org/property/subregion	http://dbpedia.org/resource/Oeste_Subregion
http://dbpedia.org/ontology/abstract	"Vidais es una freguesia portuguesa del concelho de Caldas da Rainha, con 22,21 km² de superficie y habitantes (2001). Su densidad de población es de 53,0 hab/km²."@es
http://www.w3.org/2000/01/rdf-schema#label	"Vidais"@en
http://www.w3.org/1999/02/22-rdf-syntax-ns#type	http://dbpedia.org/class/yago/GeographicalArea108574314
http://dbpedia.org/property/region	http://dbpedia.org/resource/Centro_Region,_Portugal
