#---Properties and values from: http://dbpedia.org/resource/Tabapuã
Property	Value
http://dbpedia.org/property/longew	"W"^^http://www.w3.org/1999/02/22-rdf-syntax-ns#langString
http://dbpedia.org/property/lats	"50"^^http://www.w3.org/2001/XMLSchema#integer
http://dbpedia.org/ontology/wikiPageExternalLink	http://www.tabapua.sp.gov.br
http://dbpedia.org/ontology/wikiPageRevisionID	"720307717"^^http://www.w3.org/2001/XMLSchema#integer
http://dbpedia.org/property/latm	"57"^^http://www.w3.org/2001/XMLSchema#integer
http://dbpedia.org/property/latns	"S"^^http://www.w3.org/1999/02/22-rdf-syntax-ns#langString
http://dbpedia.org/property/areaCode	"+55 17"^^http://www.w3.org/1999/02/22-rdf-syntax-ns#langString
http://dbpedia.org/property/imageMap	"SaoPaulo Municip Tabapua.svg"^^http://www.w3.org/1999/02/22-rdf-syntax-ns#langString
http://xmlns.com/foaf/0.1/isPrimaryTopicOf	http://en.wikipedia.org/wiki/Tabapuã
http://dbpedia.org/property/longm	"1"^^http://www.w3.org/2001/XMLSchema#integer
http://dbpedia.org/property/populationTotal	"12103"^^http://www.w3.org/2001/XMLSchema#integer
http://dbpedia.org/property/populationAsOf	"2015"^^http://www.w3.org/2001/XMLSchema#integer
http://dbpedia.org/property/longs	"55"^^http://www.w3.org/2001/XMLSchema#integer
http://purl.org/dc/terms/subject	http://dbpedia.org/resource/Category:Municipalities_in_São_Paulo_(state)
http://dbpedia.org/property/elevation	"580"^^http://www.w3.org/2001/XMLSchema#integer
http://dbpedia.org/property/state	"SP"^^http://www.w3.org/1999/02/22-rdf-syntax-ns#langString
http://www.w3.org/2000/01/rdf-schema#comment	"Tabapuã es un municipio brasileño del estado de São Paulo. La ciudad tiene una población de 11.363 habitantes (IBGE/2010). Tabapuã pertenece a la Microrregión de Catanduva. Juán Maurício donó la tierra donde fue construida la capilla de Nuestra Señora de los Remédios. El 22 de agosto de 1907, a través de la Ley Estatal nº 1075, fue creado el Distrito de Paz de Tabapuã, subordinado al municipio de Monte Alto. El 1911, Tabapuã es elevada a villa."@es
http://dbpedia.org/property/imageShield	"Tabapuã.PNG"^^http://www.w3.org/1999/02/22-rdf-syntax-ns#langString
http://dbpedia.org/property/longd	"49"^^http://www.w3.org/2001/XMLSchema#integer
http://xmlns.com/foaf/0.1/primaryTopic	http://en.wikipedia.org/wiki/Tabapuã
http://www.w3.org/2002/07/owl#sameAs	http://it.dbpedia.org/resource/Tabapuã
http://dbpedia.org/ontology/wikiPageRedirects	http://dbpedia.org/resource/Tabapua
http://dbpedia.org/ontology/thumbnail	http://commons.wikimedia.org/wiki/Special:FilePath/Tabapuã.PNG?width=300
http://dbpedia.org/property/areaTotal	"345.60000000000002274"^^http://www.w3.org/2001/XMLSchema#decimal
http://dbpedia.org/ontology/wikiPageID	"6514230"^^http://www.w3.org/2001/XMLSchema#integer
http://www.w3.org/ns/prov#wasDerivedFrom	http://en.wikipedia.org/wiki/Tabapuã?oldid=720307717
http://dbpedia.org/property/leaderName	"Jamil Seron"^^http://www.w3.org/1999/02/22-rdf-syntax-ns#langString
http://xmlns.com/foaf/0.1/depiction	http://commons.wikimedia.org/wiki/Special:FilePath/Tabapuã.PNG
http://purl.org/linguistics/gold/hypernym	http://dbpedia.org/resource/Municipality
http://dbpedia.org/property/latd	"20"^^http://www.w3.org/2001/XMLSchema#integer
http://dbpedia.org/property/postalCode	"15880"^^http://www.w3.org/2001/XMLSchema#integer
http://dbpedia.org/ontology/abstract	"Tabapuã es un municipio brasileño del estado de São Paulo. La ciudad tiene una población de 11.363 habitantes (IBGE/2010). Tabapuã pertenece a la Microrregión de Catanduva. Juán Maurício donó la tierra donde fue construida la capilla de Nuestra Señora de los Remédios. El 22 de agosto de 1907, a través de la Ley Estatal nº 1075, fue creado el Distrito de Paz de Tabapuã, subordinado al municipio de Monte Alto. El 1911, Tabapuã es elevada a villa. El 27 de noviembre de 1919, a través de la Ley Estatal nº 1662, Tabapuã es elevada a la categoría de municipio, separado del municipio de Monte Alto. Su instalación ocurrió el 7 de marzo de 1920."@es
http://www.w3.org/2000/01/rdf-schema#label	"Tabapuã"@it
http://www.w3.org/1999/02/22-rdf-syntax-ns#type	http://dbpedia.org/class/yago/Tract108673395
