#---Properties and values from: http://dbpedia.org/resource/Mataguá
Property	Value
http://dbpedia.org/property/longew	"W"^^http://www.w3.org/1999/02/22-rdf-syntax-ns#langString
http://xmlns.com/foaf/0.1/name	"Mataguá"@en
http://dbpedia.org/property/lats	"13.310000000000000497"^^http://www.w3.org/2001/XMLSchema#decimal
http://dbpedia.org/ontology/wikiPageExternalLink	http://www.geografiainfo.es/nombres_geograficos/name.php?uni=-2303313&fid=1502&c=cuba
http://dbpedia.org/property/latm	"14"^^http://www.w3.org/2001/XMLSchema#integer
http://dbpedia.org/property/latns	"N"^^http://www.w3.org/1999/02/22-rdf-syntax-ns#langString
http://www.w3.org/2003/01/geo/wgs84_pos#long	"-79.999237060546875"^^http://www.w3.org/2001/XMLSchema#float
http://dbpedia.org/property/subdivisionType	http://dbpedia.org/resource/Provinces_of_Cuba
http://dbpedia.org/property/pushpinMapsize	"280"^^http://www.w3.org/2001/XMLSchema#integer
http://purl.org/dc/terms/subject	http://dbpedia.org/resource/Category:Populated_places_in_Villa_Clara_Province
http://dbpedia.org/ontology/isPartOf	http://dbpedia.org/resource/Villa_Clara_Province
http://dbpedia.org/ontology/elevation	"150.0"^^http://www.w3.org/2001/XMLSchema#decimal
http://www.w3.org/ns/prov#wasDerivedFrom	http://en.wikipedia.org/wiki/Mataguá?oldid=698522938
http://dbpedia.org/ontology/timeZone	http://dbpedia.org/resource/Eastern_Time_Zone
http://dbpedia.org/ontology/areaCode	"+53-422"
http://dbpedia.org/property/latd	"22"^^http://www.w3.org/2001/XMLSchema#integer
http://dbpedia.org/property/establishedTitle	"Founded"^^http://www.w3.org/1999/02/22-rdf-syntax-ns#langString
http://www.w3.org/1999/02/22-rdf-syntax-ns#type	http://dbpedia.org/class/yago/YagoPermanentlyLocatedEntity
http://dbpedia.org/ontology/wikiPageRevisionID	"698522938"^^http://www.w3.org/2001/XMLSchema#integer
http://dbpedia.org/property/mapCaption	"OSM map showing Mataguá and its surrounding area"^^http://www.w3.org/1999/02/22-rdf-syntax-ns#langString
http://dbpedia.org/property/settlementType	"Village"^^http://www.w3.org/1999/02/22-rdf-syntax-ns#langString
http://dbpedia.org/property/coordinatesRegion	"CU"^^http://www.w3.org/1999/02/22-rdf-syntax-ns#langString
http://dbpedia.org/property/imageMap	"Mataguá .png"^^http://www.w3.org/1999/02/22-rdf-syntax-ns#langString
http://dbpedia.org/property/pushpinLabelPosition	"none"^^http://www.w3.org/1999/02/22-rdf-syntax-ns#langString
http://xmlns.com/foaf/0.1/isPrimaryTopicOf	http://en.wikipedia.org/wiki/Mataguá
http://dbpedia.org/property/longm	"59"^^http://www.w3.org/2001/XMLSchema#integer
http://dbpedia.org/ontology/country	http://dbpedia.org/resource/Cuba
http://dbpedia.org/property/populationTotal	"ca. 10,000"^^http://www.w3.org/1999/02/22-rdf-syntax-ns#langString
http://dbpedia.org/property/longs	"57.25999999999999801"^^http://www.w3.org/2001/XMLSchema#decimal
http://www.w3.org/2000/01/rdf-schema#comment	"Mataguá is a Cuban village and consejo popular (\"people's council\", i.e. hamlet) of the municipality of Manicaragua, in Villa Clara Province. With a population of ca. 10,000 it is the most populated village in the municipality after Manicaragua."@en
http://dbpedia.org/property/longd	"79"^^http://www.w3.org/2001/XMLSchema#integer
http://xmlns.com/foaf/0.1/primaryTopic	http://en.wikipedia.org/wiki/Mataguá
http://www.w3.org/2002/07/owl#sameAs	http://dbpedia.org/resource/Mataguá
http://dbpedia.org/ontology/wikiPageRedirects	http://dbpedia.org/resource/Matagua
http://www.w3.org/2003/01/geo/wgs84_pos#lat	"22.237030029296875"^^http://www.w3.org/2001/XMLSchema#float
http://www.georss.org/georss/point	"22.237030555555556 -79.99923888888888"
http://dbpedia.org/ontology/thumbnail	http://commons.wikimedia.org/wiki/Special:FilePath/Mataguá_(OpenStreetMap).png?width=300
http://dbpedia.org/ontology/wikiPageID	"40102439"^^http://www.w3.org/2001/XMLSchema#integer
http://dbpedia.org/ontology/utcOffset	"-5"
http://dbpedia.org/ontology/birthPlace	http://dbpedia.org/resource/Ofelia_Domínguez_Navarro
http://dbpedia.org/property/coordinatesDisplay	"inline,title"^^http://www.w3.org/1999/02/22-rdf-syntax-ns#langString
http://dbpedia.org/property/pushpinMap	"Cuba"^^http://www.w3.org/1999/02/22-rdf-syntax-ns#langString
http://xmlns.com/foaf/0.1/depiction	http://commons.wikimedia.org/wiki/Special:FilePath/Mataguá_(OpenStreetMap).png
http://purl.org/linguistics/gold/hypernym	http://dbpedia.org/resource/Village
http://dbpedia.org/property/establishedDate	"1868"^^http://www.w3.org/2001/XMLSchema#integer
http://dbpedia.org/ontology/abstract	"Mataguá is a Cuban village and consejo popular (\"people's council\", i.e. hamlet) of the municipality of Manicaragua, in Villa Clara Province. With a population of ca. 10,000 it is the most populated village in the municipality after Manicaragua."@en
http://dbpedia.org/property/pushpinMapCaption	"Location of Mataguá in Cuba"^^http://www.w3.org/1999/02/22-rdf-syntax-ns#langString
http://www.w3.org/2003/01/geo/wgs84_pos#geometry	"POINT(-79.999237060547 22.237030029297)"^^http://www.openlinksw.com/schemas/virtrdf#Geometry
http://www.w3.org/2000/01/rdf-schema#label	"Mataguá"@en
