#---Properties and values from: http://dbpedia.org/resource/Rubiataba
Property	Value
http://dbpedia.org/property/lats	"50"^^http://www.w3.org/2001/XMLSchema#integer
http://dbpedia.org/ontology/wikiPageExternalLink	http://www.seplan.go.gov.br/sepin/pub/anuario/2005/transporte/tab01_transporte.htm
http://dbpedia.org/ontology/wikiPageRevisionID	"721793975"^^http://www.w3.org/2001/XMLSchema#integer
http://dbpedia.org/property/latm	"9"^^http://www.w3.org/2001/XMLSchema#integer
http://dbpedia.org/property/latns	"S"^^http://www.w3.org/1999/02/22-rdf-syntax-ns#langString
http://dbpedia.org/property/imageMap	"Goias Municip Rubiataba.svg"^^http://www.w3.org/1999/02/22-rdf-syntax-ns#langString
http://xmlns.com/foaf/0.1/isPrimaryTopicOf	http://en.wikipedia.org/wiki/Rubiataba
http://dbpedia.org/property/microregion	http://dbpedia.org/resource/Ceres_Microregion
http://dbpedia.org/property/longm	"47"^^http://www.w3.org/2001/XMLSchema#integer
http://dbpedia.org/property/populationTotal	"18025"^^http://www.w3.org/2001/XMLSchema#integer
http://dbpedia.org/property/populationAsOf	"2007"^^http://www.w3.org/2001/XMLSchema#integer
http://dbpedia.org/property/longs	"57"^^http://www.w3.org/2001/XMLSchema#integer
http://purl.org/dc/terms/subject	http://dbpedia.org/resource/Category:Municipalities_in_Goiás
http://dbpedia.org/property/elevation	"800"^^http://www.w3.org/2001/XMLSchema#integer
http://dbpedia.org/property/state	"GO"^^http://www.w3.org/1999/02/22-rdf-syntax-ns#langString
http://www.w3.org/2000/01/rdf-schema#comment	"Рубиатаба (порт. Rubiataba) — муниципалитет в Бразилии, входит в штат Гояс. Составная часть мезорегиона Центр штата Гойас. Входит в экономико-статистический микрорегион Серис. Население составляет 18 025 человек на 2007 год. Занимает площадь 748,273 км². Плотность населения - 25,6 чел./км². Праздник города — 12 октября."@ru
http://dbpedia.org/property/longd	"49"^^http://www.w3.org/2001/XMLSchema#integer
http://xmlns.com/foaf/0.1/primaryTopic	http://en.wikipedia.org/wiki/Rubiataba
http://www.w3.org/2002/07/owl#sameAs	http://www.wikidata.org/entity/Q1793260
http://dbpedia.org/ontology/thumbnail	http://commons.wikimedia.org/wiki/Special:FilePath/Goias_Municip_Rubiataba.svg?width=300
http://dbpedia.org/property/areaTotal	"748.26999999999998181"^^http://www.w3.org/2001/XMLSchema#decimal
http://dbpedia.org/ontology/wikiPageID	"4446925"^^http://www.w3.org/2001/XMLSchema#integer
http://www.w3.org/ns/prov#wasDerivedFrom	http://en.wikipedia.org/wiki/Rubiataba?oldid=721793975
http://dbpedia.org/property/name	"Rubiataba"^^http://www.w3.org/1999/02/22-rdf-syntax-ns#langString
http://xmlns.com/foaf/0.1/depiction	http://commons.wikimedia.org/wiki/Special:FilePath/Goias_Municip_Rubiataba.svg
http://purl.org/linguistics/gold/hypernym	http://dbpedia.org/resource/Municipality
http://dbpedia.org/property/latd	"15"^^http://www.w3.org/2001/XMLSchema#integer
http://dbpedia.org/property/postalCode	"76350"^^http://www.w3.org/2001/XMLSchema#integer
http://dbpedia.org/ontology/abstract	"Rubiataba es un municipio brasileño del estado de Goiás. Situado en la región del Valle de São Patrício, a 220 kilómetros de Goiânia. Según el censo del IBGE en 2010, su población era de 18.915 habitantes. En Rubiataba existe una comunidad indígena de Tapuias."@es
http://www.w3.org/2000/01/rdf-schema#label	"Rubiataba"@it
http://www.w3.org/1999/02/22-rdf-syntax-ns#type	http://dbpedia.org/class/yago/Site108651247
