#---Properties and values from: http://dbpedia.org/resource/Carviçais
Property	Value
http://dbpedia.org/ontology/wikiPageExternalLink	http://www.freguesiacarvicais.com/
http://dbpedia.org/property/officialName	"Carviçais"^^http://www.w3.org/1999/02/22-rdf-syntax-ns#langString
http://dbpedia.org/ontology/wikiPageRevisionID	"631805338"^^http://www.w3.org/2001/XMLSchema#integer
http://xmlns.com/foaf/0.1/isPrimaryTopicOf	http://en.wikipedia.org/wiki/Carviçais
http://dbpedia.org/property/municipality	http://dbpedia.org/resource/Torre_de_Moncorvo
http://dbpedia.org/ontology/country	http://dbpedia.org/resource/Portugal
http://dbpedia.org/property/populationTotal	"757"^^http://www.w3.org/2001/XMLSchema#integer
http://dbpedia.org/property/populationAsOf	"2011"^^http://www.w3.org/2001/XMLSchema#integer
http://purl.org/dc/terms/subject	http://dbpedia.org/resource/Category:Parishes_of_Torre_de_Moncorvo
http://www.w3.org/2000/01/rdf-schema#comment	"Carviçais ist eine Gemeinde (Freguesia) im portugiesischen Kreis Torre de Moncorvo. In ihr leben 756 Einwohner (Stand 30. Juni 2011)."@de
http://dbpedia.org/property/cim	http://dbpedia.org/resource/Douro_(intermunicipal_community)
http://dbpedia.org/property/imageShield	"brasao2.jpg"^^http://www.w3.org/1999/02/22-rdf-syntax-ns#langString
http://dbpedia.org/property/longd	"-6.8929999999999997939"^^http://www.w3.org/2001/XMLSchema#decimal
http://xmlns.com/foaf/0.1/primaryTopic	http://en.wikipedia.org/wiki/Carviçais
http://dbpedia.org/ontology/wikiPageRedirects	http://dbpedia.org/resource/Carvicais
http://www.w3.org/2002/07/owl#sameAs	http://dbpedia.org/resource/Carviçais
http://dbpedia.org/ontology/thumbnail	http://commons.wikimedia.org/wiki/Special:FilePath/Brasao2.jpg?width=300
http://dbpedia.org/ontology/wikiPageID	"24897779"^^http://www.w3.org/2001/XMLSchema#integer
http://dbpedia.org/property/areaTotal	"63"^^http://www.w3.org/2001/XMLSchema#integer
http://www.w3.org/ns/prov#wasDerivedFrom	http://en.wikipedia.org/wiki/Carviçais?oldid=631805338
http://dbpedia.org/property/district	http://dbpedia.org/resource/Bragança_District
http://xmlns.com/foaf/0.1/depiction	http://commons.wikimedia.org/wiki/Special:FilePath/Brasao2.jpg
http://purl.org/linguistics/gold/hypernym	http://dbpedia.org/resource/Parish
http://dbpedia.org/property/latd	"41.180999999999997385"^^http://www.w3.org/2001/XMLSchema#decimal
http://dbpedia.org/property/subregion	http://dbpedia.org/resource/Douro_Subregion
http://dbpedia.org/ontology/abstract	"Carviçais ist eine Gemeinde (Freguesia) im portugiesischen Kreis Torre de Moncorvo. In ihr leben 756 Einwohner (Stand 30. Juni 2011)."@de
http://www.w3.org/2000/01/rdf-schema#label	"Carviçais"@de
http://xmlns.com/foaf/0.1/homepage	http://www.freguesiacarvicais.com/
http://www.w3.org/1999/02/22-rdf-syntax-ns#type	http://www.wikidata.org/entity/Q486972
http://dbpedia.org/property/region	http://dbpedia.org/resource/Norte_Region,_Portugal
