#---Properties and values from: http://dbpedia.org/resource/Itapaci
Property	Value
http://dbpedia.org/property/lats	"40"^^http://www.w3.org/2001/XMLSchema#integer
http://dbpedia.org/ontology/wikiPageExternalLink	http://www.seplan.go.gov.br/sepin/pub/anuario/2005/transporte/tab01_transporte.htm
http://dbpedia.org/ontology/wikiPageRevisionID	"721593233"^^http://www.w3.org/2001/XMLSchema#integer
http://dbpedia.org/property/latm	"57"^^http://www.w3.org/2001/XMLSchema#integer
http://dbpedia.org/property/latns	"S"^^http://www.w3.org/1999/02/22-rdf-syntax-ns#langString
http://dbpedia.org/property/imageMap	"Goias Municip Itapaci.svg"^^http://www.w3.org/1999/02/22-rdf-syntax-ns#langString
http://xmlns.com/foaf/0.1/isPrimaryTopicOf	http://en.wikipedia.org/wiki/Itapaci
http://dbpedia.org/property/microregion	http://dbpedia.org/resource/Ceres_Microregion
http://dbpedia.org/property/longm	"33"^^http://www.w3.org/2001/XMLSchema#integer
http://dbpedia.org/property/populationTotal	"18458"^^http://www.w3.org/2001/XMLSchema#integer
http://dbpedia.org/property/longs	"34"^^http://www.w3.org/2001/XMLSchema#integer
http://dbpedia.org/property/populationAsOf	"2010"^^http://www.w3.org/2001/XMLSchema#integer
http://purl.org/dc/terms/subject	http://dbpedia.org/resource/Category:Municipalities_in_Goiás
http://dbpedia.org/property/elevation	"670"^^http://www.w3.org/2001/XMLSchema#integer
http://dbpedia.org/property/state	"GO"^^http://www.w3.org/1999/02/22-rdf-syntax-ns#langString
http://www.w3.org/2000/01/rdf-schema#comment	"Itapaci é um município brasileiro do estado de Goiás. Situado na região do Vale do São Patrício, sua população segundo estimativa do IBGE em 2014 era de 20.557 habitantes. O prefeito atual é Walgney Gonzaga de Castro que governa entre 2013 a 2016."@pt
http://dbpedia.org/property/longd	"49"^^http://www.w3.org/2001/XMLSchema#integer
http://xmlns.com/foaf/0.1/primaryTopic	http://en.wikipedia.org/wiki/Itapaci
http://www.w3.org/2002/07/owl#sameAs	http://sws.geonames.org/3460773/
http://dbpedia.org/ontology/thumbnail	http://commons.wikimedia.org/wiki/Special:FilePath/Goias_Municip_Itapaci.svg?width=300
http://dbpedia.org/ontology/wikiPageID	"4329694"^^http://www.w3.org/2001/XMLSchema#integer
http://dbpedia.org/property/areaTotal	"956"^^http://www.w3.org/2001/XMLSchema#integer
http://www.w3.org/ns/prov#wasDerivedFrom	http://en.wikipedia.org/wiki/Itapaci?oldid=721593233
http://dbpedia.org/property/name	"Itapaci"^^http://www.w3.org/1999/02/22-rdf-syntax-ns#langString
http://xmlns.com/foaf/0.1/depiction	http://commons.wikimedia.org/wiki/Special:FilePath/Goias_Municip_Itapaci.svg
http://purl.org/linguistics/gold/hypernym	http://dbpedia.org/resource/Municipality
http://dbpedia.org/property/latd	"14"^^http://www.w3.org/2001/XMLSchema#integer
http://dbpedia.org/property/postalCode	"76360"^^http://www.w3.org/2001/XMLSchema#integer
http://dbpedia.org/ontology/abstract	"Итапаси (порт. Itapaci) — муниципалитет в Бразилии, входит в штат Гояс. Составная часть мезорегиона Центр штата Гойас. Входит в экономико-статистический микрорегион Серис. Население составляет 14 876 человек на 2006 год. Занимает площадь 956,126км². Плотность населения - 15,6 чел./км². Праздник города — 11 августа."@ru
http://www.w3.org/2000/01/rdf-schema#label	"Itapaci"@en
http://www.w3.org/1999/02/22-rdf-syntax-ns#type	http://dbpedia.org/class/yago/Tract108673395
