#---Properties and values from: http://dbpedia.org/resource/Aljezur
Property	Value
http://dbpedia.org/ontology/wikiPageExternalLink	http://www.cm-aljezur.pt
http://dbpedia.org/property/officialName	"Aljezur"^^http://www.w3.org/1999/02/22-rdf-syntax-ns#langString
http://dbpedia.org/ontology/wikiPageRevisionID	"736578728"^^http://www.w3.org/2001/XMLSchema#integer
http://dbpedia.org/property/latm	"19"^^http://www.w3.org/2001/XMLSchema#integer
http://dbpedia.org/property/wordnet_type	http://www.w3.org/2006/03/wn/wn20/instances/synset-township-noun-1
http://dbpedia.org/property/website	http://www.cm-aljezur.pt
http://xmlns.com/foaf/0.1/isPrimaryTopicOf	http://en.wikipedia.org/wiki/Aljezur
http://dbpedia.org/property/municipality	http://dbpedia.org/resource/Aljezur_(parish)
http://dbpedia.org/property/longm	"48"^^http://www.w3.org/2001/XMLSchema#integer
http://dbpedia.org/property/populationTotal	"5884"^^http://www.w3.org/2001/XMLSchema#integer
http://dbpedia.org/property/populationAsOf	"2011"^^http://www.w3.org/2001/XMLSchema#integer
http://purl.org/dc/terms/subject	http://dbpedia.org/resource/Category:Aljezur
http://dbpedia.org/property/parishes	"[[#Geography"^^http://www.w3.org/1999/02/22-rdf-syntax-ns#langString
http://www.w3.org/2000/01/rdf-schema#comment	"Aljezur (en arabe : الجزر Al-Juzur \"les îles\") est une municipalité (en portugais : concelho ou município) du Portugal, située dans le district de Faro et la région de l'Algarve."@fr
http://dbpedia.org/property/cim	http://dbpedia.org/resource/Algarve
http://dbpedia.org/property/imageShield	"AJZ.png"^^http://www.w3.org/1999/02/22-rdf-syntax-ns#langString
http://dbpedia.org/ontology/locatedInArea	http://dbpedia.org/resource/Ponte_de_Aljezur
http://dbpedia.org/property/longd	"8"^^http://www.w3.org/2001/XMLSchema#integer
http://xmlns.com/foaf/0.1/primaryTopic	http://en.wikipedia.org/wiki/Aljezur
http://dbpedia.org/ontology/wikiPageRedirects	http://dbpedia.org/resource/Aljezur_Municipality
http://www.w3.org/2002/07/owl#sameAs	http://de.dbpedia.org/resource/Aljezur
http://dbpedia.org/property/imageLocation	"LocalAljezur.svg"^^http://www.w3.org/1999/02/22-rdf-syntax-ns#langString
http://dbpedia.org/property/leaderParty	http://dbpedia.org/resource/Socialist_Party_(Portugal)
http://dbpedia.org/ontology/thumbnail	http://commons.wikimedia.org/wiki/Special:FilePath/Pt-ajz1.png?width=300
http://dbpedia.org/ontology/wikiPageID	"29340136"^^http://www.w3.org/2001/XMLSchema#integer
http://dbpedia.org/property/areaTotal	"323.5"^^http://www.w3.org/2001/XMLSchema#decimal
http://www.w3.org/ns/prov#wasDerivedFrom	http://en.wikipedia.org/wiki/Aljezur?oldid=736578728
http://dbpedia.org/property/leaderName	"José Manuel Velhinho Amarelinho"^^http://www.w3.org/1999/02/22-rdf-syntax-ns#langString
http://dbpedia.org/ontology/municipality	http://dbpedia.org/resource/Aljezur_River
http://dbpedia.org/property/district	http://dbpedia.org/resource/Faro_District
http://xmlns.com/foaf/0.1/depiction	http://commons.wikimedia.org/wiki/Special:FilePath/Pt-ajz1.png
http://purl.org/linguistics/gold/hypernym	http://dbpedia.org/resource/Municipality
http://dbpedia.org/property/latd	"37"^^http://www.w3.org/2001/XMLSchema#integer
http://dbpedia.org/property/subregion	http://dbpedia.org/resource/Algarve
http://dbpedia.org/ontology/abstract	"Aljezur (Portuguese pronunciation: [ɐɫʒɨˈzuɾ]) is a municipality in Portugal. The population in 2011 was 5,884, in an area of 323.50 km². The municipality comprises 4 parishes, and is located within the district of Faro. The word is derived from the Arabic word \"Aljuzur\" (الجزر), the plural of island."@en
http://dbpedia.org/property/imageFlag	"Pt-ajz1.png"^^http://www.w3.org/1999/02/22-rdf-syntax-ns#langString
http://www.w3.org/2000/01/rdf-schema#label	"Aljezur"@fr
http://xmlns.com/foaf/0.1/homepage	http://www.cm-aljezur.pt
http://www.w3.org/1999/02/22-rdf-syntax-ns#type	http://dbpedia.org/class/yago/District108552138
http://dbpedia.org/property/region	http://dbpedia.org/resource/Algarve
