#---Properties and values from: http://dbpedia.org/resource/Aljubarrota
Property	Value
http://dbpedia.org/property/officialName	"Aljubarrota"^^http://www.w3.org/1999/02/22-rdf-syntax-ns#langString
http://dbpedia.org/ontology/wikiPageRevisionID	"730828458"^^http://www.w3.org/2001/XMLSchema#integer
http://xmlns.com/foaf/0.1/isPrimaryTopicOf	http://en.wikipedia.org/wiki/Aljubarrota
http://dbpedia.org/property/municipality	http://dbpedia.org/resource/Alcobaça,_Portugal
http://dbpedia.org/ontology/country	http://dbpedia.org/resource/Portugal
http://dbpedia.org/property/populationTotal	"6639"^^http://www.w3.org/2001/XMLSchema#integer
http://dbpedia.org/property/populationAsOf	"2011"^^http://www.w3.org/2001/XMLSchema#integer
http://purl.org/dc/terms/subject	http://dbpedia.org/resource/Category:Parishes_of_Alcobaça,_Portugal
http://www.w3.org/2000/01/rdf-schema#comment	"Aljubarrota is a civil parish in the municipality of Alcobaça, Portugal. It was formed in 2013 by the merger of the former parishes Prazeres and São Vicente. The population in 2011 was 6,639, in an area of 47.94 km². In 1385 the Battle of Aljubarrota took place near the village."@en
http://dbpedia.org/property/cim	http://dbpedia.org/resource/Oeste_(intermunicipal_community)
http://dbpedia.org/property/longd	"-8.9299999999999997158"^^http://www.w3.org/2001/XMLSchema#decimal
http://xmlns.com/foaf/0.1/primaryTopic	http://en.wikipedia.org/wiki/Aljubarrota
http://www.w3.org/2002/07/owl#sameAs	http://it.dbpedia.org/resource/Aljubarrota
http://dbpedia.org/ontology/wikiPageID	"500582"^^http://www.w3.org/2001/XMLSchema#integer
http://dbpedia.org/property/areaTotal	"47.939999999999997726"^^http://www.w3.org/2001/XMLSchema#decimal
http://www.w3.org/ns/prov#wasDerivedFrom	http://en.wikipedia.org/wiki/Aljubarrota?oldid=730828458
http://dbpedia.org/property/district	http://dbpedia.org/resource/Leiria_District
http://purl.org/linguistics/gold/hypernym	http://dbpedia.org/resource/Parish
http://dbpedia.org/property/latd	"39.566000000000002501"^^http://www.w3.org/2001/XMLSchema#decimal
http://dbpedia.org/property/subregion	http://dbpedia.org/resource/Oeste_Subregion
http://dbpedia.org/ontology/abstract	"Aljubarrota is a civil parish in the municipality of Alcobaça, Portugal. It was formed in 2013 by the merger of the former parishes Prazeres and São Vicente. The population in 2011 was 6,639, in an area of 47.94 km². In 1385 the Battle of Aljubarrota took place near the village."@en
http://www.w3.org/2000/01/rdf-schema#label	"Aljubarrota"@fr
http://www.w3.org/1999/02/22-rdf-syntax-ns#type	http://schema.org/Place
http://dbpedia.org/property/region	http://dbpedia.org/resource/Centro_Region,_Portugal
