#---Properties and values from: http://dbpedia.org/resource/Monfortinho_e_Salvaterra_do_Extremo
Property	Value
http://dbpedia.org/property/officialName	"Monfortinho e Salvaterra do Extremo"^^http://www.w3.org/1999/02/22-rdf-syntax-ns#langString
http://dbpedia.org/ontology/wikiPageRevisionID	"701646772"^^http://www.w3.org/2001/XMLSchema#integer
http://xmlns.com/foaf/0.1/isPrimaryTopicOf	http://en.wikipedia.org/wiki/Monfortinho_e_Salvaterra_do_Extremo
http://dbpedia.org/property/municipality	http://dbpedia.org/resource/Idanha-a-Nova
http://dbpedia.org/ontology/country	http://dbpedia.org/resource/Portugal
http://dbpedia.org/property/populationTotal	"706"^^http://www.w3.org/2001/XMLSchema#integer
http://dbpedia.org/property/populationAsOf	"2011"^^http://www.w3.org/2001/XMLSchema#integer
http://purl.org/dc/terms/subject	http://dbpedia.org/resource/Category:Parishes_of_Idanha-a-Nova
http://www.w3.org/2000/01/rdf-schema#comment	"Monfortinho e Salvaterra do Extremo is a civil parish in the municipality of Idanha-a-Nova, Portugal. It was formed in 2013 by the merger of the former parishes Monfortinho and Salvaterra do Extremo. The population in 2011 was 706, in an area of 135.39 km²."@en
http://dbpedia.org/property/cim	http://dbpedia.org/resource/Beira_Baixa_(intermunicipal_community)
http://dbpedia.org/property/longd	"-6.9160000000000003695"^^http://www.w3.org/2001/XMLSchema#decimal
http://xmlns.com/foaf/0.1/primaryTopic	http://en.wikipedia.org/wiki/Monfortinho_e_Salvaterra_do_Extremo
http://www.w3.org/2002/07/owl#sameAs	http://dbpedia.org/resource/Monfortinho_e_Salvaterra_do_Extremo
http://dbpedia.org/ontology/wikiPageID	"43374629"^^http://www.w3.org/2001/XMLSchema#integer
http://dbpedia.org/property/areaTotal	"135.38999999999998636"^^http://www.w3.org/2001/XMLSchema#decimal
http://www.w3.org/ns/prov#wasDerivedFrom	http://en.wikipedia.org/wiki/Monfortinho_e_Salvaterra_do_Extremo?oldid=701646772
http://dbpedia.org/property/district	http://dbpedia.org/resource/Castelo_Branco_District
http://purl.org/linguistics/gold/hypernym	http://dbpedia.org/resource/Parish
http://dbpedia.org/property/latd	"40.003999999999997783"^^http://www.w3.org/2001/XMLSchema#decimal
http://dbpedia.org/property/subregion	http://dbpedia.org/resource/Beira_Interior_Sul
http://dbpedia.org/ontology/abstract	"Monfortinho e Salvaterra do Extremo is a civil parish in the municipality of Idanha-a-Nova, Portugal. It was formed in 2013 by the merger of the former parishes Monfortinho and Salvaterra do Extremo. The population in 2011 was 706, in an area of 135.39 km²."@en
http://www.w3.org/2000/01/rdf-schema#label	"Monfortinho e Salvaterra do Extremo"@en
http://www.w3.org/1999/02/22-rdf-syntax-ns#type	http://dbpedia.org/ontology/Location
http://dbpedia.org/property/region	http://dbpedia.org/resource/Centro_Region,_Portugal
