#---Properties and values from: http://dbpedia.org/resource/Forninhos
Property	Value
http://dbpedia.org/property/officialName	"Forninhos"^^http://www.w3.org/1999/02/22-rdf-syntax-ns#langString
http://dbpedia.org/ontology/wikiPageRevisionID	"701645308"^^http://www.w3.org/2001/XMLSchema#integer
http://xmlns.com/foaf/0.1/isPrimaryTopicOf	http://en.wikipedia.org/wiki/Forninhos
http://dbpedia.org/property/municipality	http://dbpedia.org/resource/Aguiar_da_Beira
http://dbpedia.org/ontology/country	http://dbpedia.org/resource/Portugal
http://dbpedia.org/property/populationTotal	"222"^^http://www.w3.org/2001/XMLSchema#integer
http://dbpedia.org/property/populationAsOf	"2011"^^http://www.w3.org/2001/XMLSchema#integer
http://purl.org/dc/terms/subject	http://dbpedia.org/resource/Category:Parishes_of_Aguiar_da_Beira
http://www.w3.org/2000/01/rdf-schema#comment	"Forninhos is a freguesia in Aguiar da Beira Municipality, Guarda District, Portugal. The population in 2011 was 222, in an area of 9.62 km²."@en
http://dbpedia.org/property/cim	http://dbpedia.org/resource/Viseu_Dão_Lafões
http://dbpedia.org/property/longd	"-7.55400000000000027"^^http://www.w3.org/2001/XMLSchema#decimal
http://xmlns.com/foaf/0.1/primaryTopic	http://en.wikipedia.org/wiki/Forninhos
http://www.w3.org/2002/07/owl#sameAs	http://sws.geonames.org/8012045/
http://dbpedia.org/property/imageLocation	"LocalAgb-Forninhos.PNG"^^http://www.w3.org/1999/02/22-rdf-syntax-ns#langString
http://dbpedia.org/ontology/thumbnail	http://commons.wikimedia.org/wiki/Special:FilePath/LocalAgb-Forninhos.PNG?width=300
http://dbpedia.org/ontology/wikiPageID	"41856197"^^http://www.w3.org/2001/XMLSchema#integer
http://dbpedia.org/property/areaTotal	"9.6199999999999992184"^^http://www.w3.org/2001/XMLSchema#decimal
http://www.w3.org/ns/prov#wasDerivedFrom	http://en.wikipedia.org/wiki/Forninhos?oldid=701645308
http://dbpedia.org/property/district	http://dbpedia.org/resource/Guarda_District
http://xmlns.com/foaf/0.1/depiction	http://commons.wikimedia.org/wiki/Special:FilePath/LocalAgb-Forninhos.PNG
http://purl.org/linguistics/gold/hypernym	http://dbpedia.org/resource/Freguesia
http://dbpedia.org/property/latd	"40.704999999999998295"^^http://www.w3.org/2001/XMLSchema#decimal
http://dbpedia.org/property/subregion	http://dbpedia.org/resource/Dão-Lafões
http://dbpedia.org/ontology/abstract	"Forninhos ist eine Gemeinde (Freguesia) im zentralportugiesischen Kreis Aguiar da Beira. In ihr leben 222 Einwohner (Stand 30. Juni 2011)."@de
http://www.w3.org/2000/01/rdf-schema#label	"Forninhos"@pt
http://www.w3.org/1999/02/22-rdf-syntax-ns#type	http://dbpedia.org/class/yago/Object100002684
http://dbpedia.org/property/region	http://dbpedia.org/resource/Centro_Region,_Portugal
