#---Properties and values from: http://dbpedia.org/resource/Promissão
Property	Value
http://dbpedia.org/property/lats	"13"^^http://www.w3.org/2001/XMLSchema#integer
http://dbpedia.org/ontology/wikiPageExternalLink	http://www.camarapromissao.sp.gov.br
http://dbpedia.org/ontology/wikiPageRevisionID	"720299439"^^http://www.w3.org/2001/XMLSchema#integer
http://dbpedia.org/property/latm	"32"^^http://www.w3.org/2001/XMLSchema#integer
http://dbpedia.org/property/latns	"S"^^http://www.w3.org/1999/02/22-rdf-syntax-ns#langString
http://dbpedia.org/property/imageMap	"SaoPaulo Municip Promissao.svg"^^http://www.w3.org/1999/02/22-rdf-syntax-ns#langString
http://xmlns.com/foaf/0.1/isPrimaryTopicOf	http://en.wikipedia.org/wiki/Promissão
http://dbpedia.org/property/longm	"51"^^http://www.w3.org/2001/XMLSchema#integer
http://dbpedia.org/property/populationTotal	"38764"^^http://www.w3.org/2001/XMLSchema#integer
http://dbpedia.org/property/populationAsOf	"2015"^^http://www.w3.org/2001/XMLSchema#integer
http://dbpedia.org/property/longs	"30"^^http://www.w3.org/2001/XMLSchema#integer
http://purl.org/dc/terms/subject	http://dbpedia.org/resource/Category:Municipalities_in_São_Paulo_(state)
http://dbpedia.org/property/state	"SP"^^http://www.w3.org/1999/02/22-rdf-syntax-ns#langString
http://www.w3.org/2000/01/rdf-schema#comment	"Promissão is a municipality in the state of São Paulo, Brazil. The population is 38,764 (2015 est.) in an area of 780 km². Its elevation is 426 m."@en
http://dbpedia.org/property/longd	"49"^^http://www.w3.org/2001/XMLSchema#integer
http://xmlns.com/foaf/0.1/primaryTopic	http://en.wikipedia.org/wiki/Promissão
http://www.w3.org/2002/07/owl#sameAs	http://pl.dbpedia.org/resource/Promissão
http://dbpedia.org/ontology/wikiPageRedirects	http://dbpedia.org/resource/Promissao
http://dbpedia.org/ontology/thumbnail	http://commons.wikimedia.org/wiki/Special:FilePath/SaoPaulo_Municip_Promissao.svg?width=300
http://dbpedia.org/property/areaTotal	"780"^^http://www.w3.org/2001/XMLSchema#integer
http://dbpedia.org/ontology/wikiPageID	"1136313"^^http://www.w3.org/2001/XMLSchema#integer
http://www.w3.org/ns/prov#wasDerivedFrom	http://en.wikipedia.org/wiki/Promissão?oldid=720299439
http://dbpedia.org/ontology/birthPlace	http://dbpedia.org/resource/Fábio_Chiuffa
http://xmlns.com/foaf/0.1/depiction	http://commons.wikimedia.org/wiki/Special:FilePath/SaoPaulo_Municip_Promissao.svg
http://purl.org/linguistics/gold/hypernym	http://dbpedia.org/resource/Municipality
http://dbpedia.org/property/latd	"21"^^http://www.w3.org/2001/XMLSchema#integer
http://dbpedia.org/ontology/abstract	"Promissão é um município brasileiro do estado de São Paulo. Localiza-se a uma latitude 21º32'12\" sul e a uma longitude 49º51'29\" oeste, estando a uma altitude de 426 metros. Sua população em 2015 era de 38 764 habitantes, de acordo com estimativas do Instituto Brasileiro de Geografia e Estatística (IBGE). Neste município está instalada a Usina Hidrelétrica de Promissão (Mario Lopes Leão), com potência instalada de 264 MW, que é a segunda usina da AES em capacidade, no rio Tietê."@pt
http://www.w3.org/2000/01/rdf-schema#label	"Promissão"@nl
http://www.w3.org/1999/02/22-rdf-syntax-ns#type	http://dbpedia.org/class/yago/Location100027167
