#---Properties and values from: http://dbpedia.org/resource/Augustinópolis
Property	Value
http://dbpedia.org/property/lats	"57"^^http://www.w3.org/2001/XMLSchema#integer
http://dbpedia.org/ontology/wikiPageRevisionID	"725387693"^^http://www.w3.org/2001/XMLSchema#integer
http://dbpedia.org/property/latm	"27"^^http://www.w3.org/2001/XMLSchema#integer
http://dbpedia.org/property/latns	"S"^^http://www.w3.org/1999/02/22-rdf-syntax-ns#langString
http://dbpedia.org/property/imageMap	"Tocantins Municip Augustinopolis.svg"^^http://www.w3.org/1999/02/22-rdf-syntax-ns#langString
http://xmlns.com/foaf/0.1/isPrimaryTopicOf	http://en.wikipedia.org/wiki/Augustinópolis
http://dbpedia.org/property/longm	"53"^^http://www.w3.org/2001/XMLSchema#integer
http://dbpedia.org/property/populationTotal	"17627"^^http://www.w3.org/2001/XMLSchema#integer
http://dbpedia.org/property/longs	"16"^^http://www.w3.org/2001/XMLSchema#integer
http://dbpedia.org/property/populationAsOf	"2015"^^http://www.w3.org/2001/XMLSchema#integer
http://purl.org/dc/terms/subject	http://dbpedia.org/resource/Category:Municipalities_in_Tocantins
http://dbpedia.org/property/state	"TO"^^http://www.w3.org/1999/02/22-rdf-syntax-ns#langString
http://www.w3.org/2000/01/rdf-schema#comment	"Аугустинополис (порт. Augustinópolis) — муниципалитет в Бразилии, входит в штат Токантинс. Составная часть мезорегиона Западный Токантинс. Входит в экономико-статистический микрорегион Бику-ду-Папагаю. Население составляет 14 923 человека на 2006 год. Занимает площадь 414,370 км². Плотность населения — 36,0 чел./км²."@ru
http://dbpedia.org/property/longd	"47"^^http://www.w3.org/2001/XMLSchema#integer
http://xmlns.com/foaf/0.1/primaryTopic	http://en.wikipedia.org/wiki/Augustinópolis
http://dbpedia.org/ontology/wikiPageRedirects	http://dbpedia.org/resource/Augustinopolis
http://www.w3.org/2002/07/owl#sameAs	http://dbpedia.org/resource/Augustinópolis
http://dbpedia.org/ontology/thumbnail	http://commons.wikimedia.org/wiki/Special:FilePath/Tocantins_Municip_Augustinopolis.svg?width=300
http://dbpedia.org/ontology/wikiPageID	"9039140"^^http://www.w3.org/2001/XMLSchema#integer
http://dbpedia.org/property/areaTotal	"395"^^http://www.w3.org/2001/XMLSchema#integer
http://dbpedia.org/ontology/birthPlace	http://dbpedia.org/resource/Marlone
http://www.w3.org/ns/prov#wasDerivedFrom	http://en.wikipedia.org/wiki/Augustinópolis?oldid=725387693
http://xmlns.com/foaf/0.1/depiction	http://commons.wikimedia.org/wiki/Special:FilePath/Tocantins_Municip_Augustinopolis.svg
http://purl.org/linguistics/gold/hypernym	http://dbpedia.org/resource/Municipality
http://dbpedia.org/property/latd	"5"^^http://www.w3.org/2001/XMLSchema#integer
http://dbpedia.org/ontology/abstract	"Augustinópolis is a municipality located in the Brazilian state of Tocantins. Its population was 17,627 (2015) and its area is 395 km²."@en
http://www.w3.org/2000/01/rdf-schema#label	"Augustinópolis"@en
http://www.w3.org/1999/02/22-rdf-syntax-ns#type	http://dbpedia.org/class/yago/Tract108673395
