#---Properties and values from: http://dbpedia.org/resource/Goianésia_do_Pará
Property	Value
http://dbpedia.org/property/lats	"34"^^http://www.w3.org/2001/XMLSchema#integer
http://dbpedia.org/ontology/wikiPageExternalLink	http://www.ibge.gov.br/cidadesat/
http://dbpedia.org/ontology/wikiPageRevisionID	"720980028"^^http://www.w3.org/2001/XMLSchema#integer
http://dbpedia.org/property/latm	"50"^^http://www.w3.org/2001/XMLSchema#integer
http://dbpedia.org/property/latns	"S"^^http://www.w3.org/1999/02/22-rdf-syntax-ns#langString
http://dbpedia.org/property/imageMap	"Para Municip GoianesiadoPara.svg"^^http://www.w3.org/1999/02/22-rdf-syntax-ns#langString
http://xmlns.com/foaf/0.1/isPrimaryTopicOf	http://en.wikipedia.org/wiki/Goianésia_do_Pará
http://dbpedia.org/property/longm	"5"^^http://www.w3.org/2001/XMLSchema#integer
http://dbpedia.org/property/populationTotal	"37975"^^http://www.w3.org/2001/XMLSchema#integer
http://dbpedia.org/property/longs	"49"^^http://www.w3.org/2001/XMLSchema#integer
http://dbpedia.org/property/populationAsOf	"2015"^^http://www.w3.org/2001/XMLSchema#integer
http://purl.org/dc/terms/subject	http://dbpedia.org/resource/Category:Municipalities_in_Pará
http://dbpedia.org/property/elevation	"103"^^http://www.w3.org/2001/XMLSchema#integer
http://dbpedia.org/property/state	"PA"^^http://www.w3.org/1999/02/22-rdf-syntax-ns#langString
http://www.w3.org/2000/01/rdf-schema#comment	"Goianésia do Pará è un comune del Brasile nello Stato del Pará, parte della mesoregione del Sudeste Paraense e della microregione di Paragominas."@it
http://dbpedia.org/property/longd	"49"^^http://www.w3.org/2001/XMLSchema#integer
http://xmlns.com/foaf/0.1/primaryTopic	http://en.wikipedia.org/wiki/Goianésia_do_Pará
http://www.w3.org/2002/07/owl#sameAs	http://it.dbpedia.org/resource/Goianésia_do_Pará
http://dbpedia.org/ontology/wikiPageRedirects	http://dbpedia.org/resource/Goianésia_do_Pará,_Brazil
http://dbpedia.org/ontology/thumbnail	http://commons.wikimedia.org/wiki/Special:FilePath/Para_Municip_GoianesiadoPara.svg?width=300
http://dbpedia.org/ontology/wikiPageID	"11202395"^^http://www.w3.org/2001/XMLSchema#integer
http://dbpedia.org/property/areaTotal	"7024"^^http://www.w3.org/2001/XMLSchema#integer
http://www.w3.org/ns/prov#wasDerivedFrom	http://en.wikipedia.org/wiki/Goianésia_do_Pará?oldid=720980028
http://dbpedia.org/property/name	"Goianésia do Pará"^^http://www.w3.org/1999/02/22-rdf-syntax-ns#langString
http://xmlns.com/foaf/0.1/depiction	http://commons.wikimedia.org/wiki/Special:FilePath/Para_Municip_GoianesiadoPara.svg
http://purl.org/linguistics/gold/hypernym	http://dbpedia.org/resource/Municipality
http://dbpedia.org/property/latd	"3"^^http://www.w3.org/2001/XMLSchema#integer
http://dbpedia.org/ontology/abstract	"Гоянезия-ду-Пара (порт. Goianésia do Pará) — муниципалитет в Бразилии, входит в штат Пара. Составная часть мезорегиона Юго-восток штата Пара. Входит в экономико-статистический микрорегион Парагоминас. Население составляет 30 436 человек на 2010 год. Занимает площадь 7 023,941 км². Плотность населения — 4,33 чел./км²."@ru
http://www.w3.org/2000/01/rdf-schema#label	"Goianésia do Pará"@it
http://www.w3.org/1999/02/22-rdf-syntax-ns#type	http://dbpedia.org/class/yago/YagoPermanentlyLocatedEntity
