#---Properties and values from: http://dbpedia.org/resource/Atholl_Gardens
Property	Value
http://xmlns.com/foaf/0.1/name	"Atholl Gardens"@en
http://dbpedia.org/property/lats	"26"^^http://www.w3.org/2001/XMLSchema#integer
http://dbpedia.org/ontology/wikiPageExternalLink	http://census.adrianfrith.com/place/77424004
http://dbpedia.org/ontology/wikiPageRevisionID	"666795760"^^http://www.w3.org/2001/XMLSchema#integer
http://dbpedia.org/property/areaFootnotes	"ref | |name=census2001"^^http://www.w3.org/1999/02/22-rdf-syntax-ns#langString
http://dbpedia.org/property/latm	"6"^^http://www.w3.org/2001/XMLSchema#integer
http://www.w3.org/2003/01/geo/wgs84_pos#long	"28.072778701782226562"^^http://www.w3.org/2001/XMLSchema#float
http://xmlns.com/foaf/0.1/isPrimaryTopicOf	http://en.wikipedia.org/wiki/Atholl_Gardens
http://dbpedia.org/property/municipality	"City of Johannesburg"^^http://www.w3.org/1999/02/22-rdf-syntax-ns#langString
http://dbpedia.org/property/longm	"4"^^http://www.w3.org/2001/XMLSchema#integer
http://dbpedia.org/ontology/country	http://dbpedia.org/resource/South_Africa
http://dbpedia.org/property/populationTotal	"615"^^http://www.w3.org/2001/XMLSchema#integer
http://dbpedia.org/property/populationAsOf	"2001"^^http://www.w3.org/2001/XMLSchema#integer
http://dbpedia.org/property/longs	"22"^^http://www.w3.org/2001/XMLSchema#integer
http://purl.org/dc/terms/subject	http://dbpedia.org/resource/Category:Johannesburg_Region_E
http://www.w3.org/2000/01/rdf-schema#comment	"Atholl Gardens is a suburb of Johannesburg, South Africa. It is located in Region E."@en
http://dbpedia.org/property/leaderTitle	"Councillor"^^http://www.w3.org/1999/02/22-rdf-syntax-ns#langString
http://dbpedia.org/property/longd	"28"^^http://www.w3.org/2001/XMLSchema#integer
http://xmlns.com/foaf/0.1/primaryTopic	http://en.wikipedia.org/wiki/Atholl_Gardens
http://dbpedia.org/ontology/wikiPageRedirects	http://dbpedia.org/resource/Atholl_Gardens,_Gauteng
http://www.w3.org/2002/07/owl#sameAs	http://www.wikidata.org/entity/Q4815650
http://www.w3.org/2003/01/geo/wgs84_pos#lat	"26.107221603393554688"^^http://www.w3.org/2001/XMLSchema#float
http://www.georss.org/georss/point	"26.107222222222223 28.072777777777777"
http://dbpedia.org/ontology/postalCode	"2196"
http://dbpedia.org/ontology/wikiPageID	"2222556"^^http://www.w3.org/2001/XMLSchema#integer
http://www.w3.org/ns/prov#wasDerivedFrom	http://en.wikipedia.org/wiki/Atholl_Gardens?oldid=666795760
http://dbpedia.org/property/areaTotalKm	"0.30999999999999999778"^^http://www.w3.org/2001/XMLSchema#decimal
http://purl.org/linguistics/gold/hypernym	http://dbpedia.org/resource/Suburb
http://dbpedia.org/property/latd	"26"^^http://www.w3.org/2001/XMLSchema#integer
http://dbpedia.org/ontology/abstract	"Atholl Gardens is a suburb of Johannesburg, South Africa. It is located in Region E."@en
http://www.w3.org/2003/01/geo/wgs84_pos#geometry	"POINT(28.072778701782 26.107221603394)"^^http://www.openlinksw.com/schemas/virtrdf#Geometry
http://www.w3.org/2000/01/rdf-schema#label	"Atholl Gardens"@en
http://dbpedia.org/property/province	"Gauteng"^^http://www.w3.org/1999/02/22-rdf-syntax-ns#langString
http://www.w3.org/1999/02/22-rdf-syntax-ns#type	http://dbpedia.org/ontology/Settlement
