#---Properties and values from: http://dbpedia.org/resource/Guatapará
Property	Value
http://dbpedia.org/property/lats	"48"^^http://www.w3.org/2001/XMLSchema#integer
http://dbpedia.org/ontology/wikiPageRevisionID	"720279119"^^http://www.w3.org/2001/XMLSchema#integer
http://dbpedia.org/property/latm	"29"^^http://www.w3.org/2001/XMLSchema#integer
http://dbpedia.org/property/latns	"S"^^http://www.w3.org/1999/02/22-rdf-syntax-ns#langString
http://dbpedia.org/property/imageMap	"SaoPaulo Municip Guatapara.svg"^^http://www.w3.org/1999/02/22-rdf-syntax-ns#langString
http://xmlns.com/foaf/0.1/isPrimaryTopicOf	http://en.wikipedia.org/wiki/Guatapará
http://dbpedia.org/property/longm	"2"^^http://www.w3.org/2001/XMLSchema#integer
http://dbpedia.org/property/populationTotal	"7446"^^http://www.w3.org/2001/XMLSchema#integer
http://dbpedia.org/property/longs	"16"^^http://www.w3.org/2001/XMLSchema#integer
http://dbpedia.org/property/populationAsOf	"2015"^^http://www.w3.org/2001/XMLSchema#integer
http://purl.org/dc/terms/subject	http://dbpedia.org/resource/Category:Municipalities_in_São_Paulo_(state)
http://dbpedia.org/property/state	"SP"^^http://www.w3.org/1999/02/22-rdf-syntax-ns#langString
http://www.w3.org/2000/01/rdf-schema#comment	"Guatapará is a municipality in the state of São Paulo in Brazil. The population is 7,446 (2015 est.) in an area of 414 km². The elevation is 512 metres (1,680 ft)."@en
http://dbpedia.org/property/longd	"48"^^http://www.w3.org/2001/XMLSchema#integer
http://xmlns.com/foaf/0.1/primaryTopic	http://en.wikipedia.org/wiki/Guatapará
http://dbpedia.org/ontology/wikiPageRedirects	http://dbpedia.org/resource/Guatapara
http://www.w3.org/2002/07/owl#sameAs	http://sws.geonames.org/3461781/
http://dbpedia.org/ontology/thumbnail	http://commons.wikimedia.org/wiki/Special:FilePath/SaoPaulo_Municip_Guatapara.svg?width=300
http://dbpedia.org/ontology/wikiPageID	"1035087"^^http://www.w3.org/2001/XMLSchema#integer
http://dbpedia.org/property/areaTotal	"414"^^http://www.w3.org/2001/XMLSchema#integer
http://www.w3.org/ns/prov#wasDerivedFrom	http://en.wikipedia.org/wiki/Guatapará?oldid=720279119
http://xmlns.com/foaf/0.1/depiction	http://commons.wikimedia.org/wiki/Special:FilePath/SaoPaulo_Municip_Guatapara.svg
http://purl.org/linguistics/gold/hypernym	http://dbpedia.org/resource/Municipality
http://dbpedia.org/property/latd	"21"^^http://www.w3.org/2001/XMLSchema#integer
http://dbpedia.org/ontology/abstract	"Guatapará è un comune del Brasile nello Stato di San Paolo, parte della mesoregione di Ribeirão Preto e della microregione omonima."@it
http://www.w3.org/2000/01/rdf-schema#label	"Guatapará"@pt
http://www.w3.org/1999/02/22-rdf-syntax-ns#type	http://dbpedia.org/class/yago/PhysicalEntity100001930
