#---Properties and values from: http://dbpedia.org/resource/Slijkenburg
Property	Value
http://xmlns.com/foaf/0.1/name	"Slijkenburg"@en
http://dbpedia.org/ontology/wikiPageRevisionID	"735271939"^^http://www.w3.org/2001/XMLSchema#integer
http://dbpedia.org/property/settlementType	"Village"^^http://www.w3.org/1999/02/22-rdf-syntax-ns#langString
http://www.w3.org/2003/01/geo/wgs84_pos#long	"5.8433332443237304688"^^http://www.w3.org/2001/XMLSchema#float
http://dbpedia.org/property/imageMap	"Map NL Weststellingwerf Slikenboarch.png"^^http://www.w3.org/1999/02/22-rdf-syntax-ns#langString
http://xmlns.com/foaf/0.1/isPrimaryTopicOf	http://en.wikipedia.org/wiki/Slijkenburg
http://dbpedia.org/property/subdivisionType	"Country"^^http://www.w3.org/1999/02/22-rdf-syntax-ns#langString
http://dbpedia.org/ontology/country	http://dbpedia.org/resource/Netherlands
http://dbpedia.org/property/populationTotal	"c. 40"^^http://www.w3.org/1999/02/22-rdf-syntax-ns#langString
http://purl.org/dc/terms/subject	http://dbpedia.org/resource/Category:Populated_places_in_Friesland
http://dbpedia.org/ontology/isPartOf	http://dbpedia.org/resource/Friesland
http://www.w3.org/2000/01/rdf-schema#comment	"Slijkenburg (West Frisian: Slikenboarch) is a village in Weststellingwerf in the province of Friesland, the Netherlands. It had a population of around 37 in 2008."@en
http://xmlns.com/foaf/0.1/primaryTopic	http://en.wikipedia.org/wiki/Slijkenburg
http://www.w3.org/2002/07/owl#sameAs	http://nl.dbpedia.org/resource/Slijkenburg
http://www.w3.org/2003/01/geo/wgs84_pos#lat	"52.80694580078125"^^http://www.w3.org/2001/XMLSchema#float
http://www.georss.org/georss/point	"52.80694444444445 5.843333333333334"
http://dbpedia.org/ontology/thumbnail	http://commons.wikimedia.org/wiki/Special:FilePath/Map_NL_Weststellingwerf_Slikenboarch.png?width=300
http://dbpedia.org/ontology/wikiPageID	"21096554"^^http://www.w3.org/2001/XMLSchema#integer
http://www.w3.org/ns/prov#wasDerivedFrom	http://en.wikipedia.org/wiki/Slijkenburg?oldid=735271939
http://xmlns.com/foaf/0.1/depiction	http://commons.wikimedia.org/wiki/Special:FilePath/Map_NL_Weststellingwerf_Slikenboarch.png
http://purl.org/linguistics/gold/hypernym	http://dbpedia.org/resource/Village
http://dbpedia.org/ontology/abstract	"Slijkenburg (West Frisian: Slikenboarch) is a village in Weststellingwerf in the province of Friesland, the Netherlands. It had a population of around 37 in 2008."@en
http://www.w3.org/2003/01/geo/wgs84_pos#geometry	"POINT(5.8433332443237 52.806945800781)"^^http://www.openlinksw.com/schemas/virtrdf#Geometry
http://www.w3.org/2000/01/rdf-schema#label	"Slijkenburg"@fr
http://dbpedia.org/property/mapsize	"280"^^http://www.w3.org/2001/XMLSchema#integer
http://www.w3.org/1999/02/22-rdf-syntax-ns#type	http://www.wikidata.org/entity/Q486972
