#---Properties and values from: http://dbpedia.org/resource/Pontal
Property	Value
http://dbpedia.org/property/lats	"21"^^http://www.w3.org/2001/XMLSchema#integer
http://dbpedia.org/ontology/wikiPageRevisionID	"720255803"^^http://www.w3.org/2001/XMLSchema#integer
http://dbpedia.org/property/latm	"1"^^http://www.w3.org/2001/XMLSchema#integer
http://dbpedia.org/property/latns	"S"^^http://www.w3.org/1999/02/22-rdf-syntax-ns#langString
http://dbpedia.org/property/imageMap	"SaoPaulo Municip Pontal.svg"^^http://www.w3.org/1999/02/22-rdf-syntax-ns#langString
http://xmlns.com/foaf/0.1/isPrimaryTopicOf	http://en.wikipedia.org/wiki/Pontal
http://dbpedia.org/property/longm	"2"^^http://www.w3.org/2001/XMLSchema#integer
http://dbpedia.org/property/populationTotal	"45978"^^http://www.w3.org/2001/XMLSchema#integer
http://dbpedia.org/property/populationAsOf	"2015"^^http://www.w3.org/2001/XMLSchema#integer
http://dbpedia.org/property/longs	"14"^^http://www.w3.org/2001/XMLSchema#integer
http://purl.org/dc/terms/subject	http://dbpedia.org/resource/Category:Municipalities_in_São_Paulo_(state)
http://dbpedia.org/property/state	"SP"^^http://www.w3.org/1999/02/22-rdf-syntax-ns#langString
http://www.w3.org/2000/01/rdf-schema#comment	"Pontal is a municipality in the state of São Paulo in Brazil. The population is 45,978 (2015 est.) in an area of 356 km². The elevation is 515 m."@en
http://dbpedia.org/property/longd	"48"^^http://www.w3.org/2001/XMLSchema#integer
http://xmlns.com/foaf/0.1/primaryTopic	http://en.wikipedia.org/wiki/Pontal
http://www.w3.org/2002/07/owl#sameAs	http://yago-knowledge.org/resource/Pontal
http://dbpedia.org/ontology/thumbnail	http://commons.wikimedia.org/wiki/Special:FilePath/SaoPaulo_Municip_Pontal.svg?width=300
http://dbpedia.org/property/areaTotal	"356"^^http://www.w3.org/2001/XMLSchema#integer
http://dbpedia.org/ontology/wikiPageID	"1130597"^^http://www.w3.org/2001/XMLSchema#integer
http://www.w3.org/ns/prov#wasDerivedFrom	http://en.wikipedia.org/wiki/Pontal?oldid=720255803
http://xmlns.com/foaf/0.1/depiction	http://commons.wikimedia.org/wiki/Special:FilePath/SaoPaulo_Municip_Pontal.svg
http://purl.org/linguistics/gold/hypernym	http://dbpedia.org/resource/Municipality
http://dbpedia.org/property/latd	"21"^^http://www.w3.org/2001/XMLSchema#integer
http://dbpedia.org/ontology/abstract	"Pontal – miasto i gmina w Brazylii, w stanie São Paulo. Znajduje się w mezoregionie Ribeirão Preto i mikroregionie Ribeirão Preto."@pl
http://www.w3.org/2000/01/rdf-schema#label	"Pontal"@nl
http://www.w3.org/1999/02/22-rdf-syntax-ns#type	http://dbpedia.org/ontology/Settlement
