#---Properties and values from: http://dbpedia.org/resource/Cartaxo
Property	Value
http://dbpedia.org/ontology/wikiPageExternalLink	http://www.cm-cartaxo.pt
http://dbpedia.org/property/officialName	"Cartaxo"^^http://www.w3.org/1999/02/22-rdf-syntax-ns#langString
http://dbpedia.org/ontology/wikiPageRevisionID	"689282776"^^http://www.w3.org/2001/XMLSchema#integer
http://dbpedia.org/ontology/deathPlace	http://dbpedia.org/resource/Pedro_Caro,_3rd_Marquis_of_la_Romana
http://dbpedia.org/property/latm	"9"^^http://www.w3.org/2001/XMLSchema#integer
http://dbpedia.org/property/wordnet_type	http://www.w3.org/2006/03/wn/wn20/instances/synset-township-noun-1
http://dbpedia.org/property/areaCode	"243"^^http://www.w3.org/2001/XMLSchema#integer
http://dbpedia.org/property/website	http://www.cm-cartaxo.pt
http://xmlns.com/foaf/0.1/isPrimaryTopicOf	http://en.wikipedia.org/wiki/Cartaxo
http://dbpedia.org/ontology/hometown	http://dbpedia.org/resource/Qwentin
http://dbpedia.org/property/longm	"47"^^http://www.w3.org/2001/XMLSchema#integer
http://dbpedia.org/property/populationTotal	"24462"^^http://www.w3.org/2001/XMLSchema#integer
http://dbpedia.org/property/populationAsOf	"2011"^^http://www.w3.org/2001/XMLSchema#integer
http://purl.org/dc/terms/subject	http://dbpedia.org/resource/Category:Cities_in_Portugal
http://dbpedia.org/property/parishes	"[[#Parishes"^^http://www.w3.org/1999/02/22-rdf-syntax-ns#langString
http://www.w3.org/2000/01/rdf-schema#comment	"Cartaxo es una ciudad portuguesa perteneciente al Distrito de Santarém, en Ribatejo, con cerca de 10 100 habitantes. Desde 2002 que está integrada en la região estatística (NUTS II) de Alentejo y en la subregião estatística (NUTS III) de Lezíria do Tejo; antiguamente era parte de la región de Lisboa y Valle del Tajo provincia de Ribatejo."@es
http://dbpedia.org/property/cim	http://dbpedia.org/resource/Lezíria_do_Tejo
http://dbpedia.org/property/imageShield	"CTX1.png"^^http://www.w3.org/1999/02/22-rdf-syntax-ns#langString
http://dbpedia.org/property/longd	"8"^^http://www.w3.org/2001/XMLSchema#integer
http://xmlns.com/foaf/0.1/primaryTopic	http://en.wikipedia.org/wiki/Cartaxo
http://www.w3.org/2002/07/owl#sameAs	http://pl.dbpedia.org/resource/Cartaxo
http://dbpedia.org/property/imageLocation	"LocalCartaxo.svg"^^http://www.w3.org/1999/02/22-rdf-syntax-ns#langString
http://dbpedia.org/ontology/wikiPageRedirects	http://dbpedia.org/resource/History_of_Cartaxo
http://dbpedia.org/property/leaderParty	http://dbpedia.org/resource/Socialist_Party_(Portugal)
http://dbpedia.org/ontology/thumbnail	http://commons.wikimedia.org/wiki/Special:FilePath/Pt-ctx3.png?width=300
http://dbpedia.org/ontology/wikiPageID	"1810715"^^http://www.w3.org/2001/XMLSchema#integer
http://dbpedia.org/property/areaTotal	"158.16999999999998749"^^http://www.w3.org/2001/XMLSchema#decimal
http://www.w3.org/ns/prov#wasDerivedFrom	http://en.wikipedia.org/wiki/Cartaxo?oldid=689282776
http://dbpedia.org/ontology/birthPlace	http://dbpedia.org/resource/João_Duarte_Pereira
http://dbpedia.org/property/leaderName	"Paulo Jorge Vieira Varanda"^^http://www.w3.org/1999/02/22-rdf-syntax-ns#langString
http://dbpedia.org/property/district	http://dbpedia.org/resource/Santarém_District
http://xmlns.com/foaf/0.1/depiction	http://commons.wikimedia.org/wiki/Special:FilePath/Pt-ctx3.png
http://purl.org/linguistics/gold/hypernym	http://dbpedia.org/resource/Municipality
http://dbpedia.org/property/latd	"39"^^http://www.w3.org/2001/XMLSchema#integer
http://dbpedia.org/property/subregion	http://dbpedia.org/resource/Lezíria_do_Tejo
http://dbpedia.org/ontology/abstract	"Cartaxo ist ein Kreis und eine Stadt in Portugal. Der Ort ist für seinen Wein bekannt. Am 29. September 2013 wurden die Gemeinden Cartaxo und Vale da Pinta zur neuen Gemeinde União das Freguesias do Cartaxo e Vale da Pinta zusammengeschlossen."@de
http://dbpedia.org/property/imageFlag	"Pt-ctx3.png"^^http://www.w3.org/1999/02/22-rdf-syntax-ns#langString
http://www.w3.org/2000/01/rdf-schema#label	"卡爾塔舒"@zh
http://dbpedia.org/ontology/team	http://dbpedia.org/resource/Rosário_(footballer)__1
http://www.w3.org/2000/01/rdf-schema#seeAlso	http://dbpedia.org/resource/Portugal
http://xmlns.com/foaf/0.1/homepage	http://www.cm-cartaxo.pt
http://www.w3.org/1999/02/22-rdf-syntax-ns#type	http://www.w3.org/2002/07/owl#Thing
http://dbpedia.org/property/region	http://dbpedia.org/resource/Ribatejo
