#---Properties and values from: http://dbpedia.org/resource/Gulpilhares_e_Valadares
Property	Value
http://dbpedia.org/property/officialName	"Gulpilhares e Valadares"^^http://www.w3.org/1999/02/22-rdf-syntax-ns#langString
http://dbpedia.org/ontology/wikiPageRevisionID	"701645779"^^http://www.w3.org/2001/XMLSchema#integer
http://xmlns.com/foaf/0.1/isPrimaryTopicOf	http://en.wikipedia.org/wiki/Gulpilhares_e_Valadares
http://dbpedia.org/property/municipality	http://dbpedia.org/resource/Vila_Nova_de_Gaia
http://dbpedia.org/ontology/country	http://dbpedia.org/resource/Portugal
http://dbpedia.org/property/populationTotal	"22019"^^http://www.w3.org/2001/XMLSchema#integer
http://dbpedia.org/property/populationAsOf	"2011"^^http://www.w3.org/2001/XMLSchema#integer
http://dbpedia.org/property/metro	http://dbpedia.org/resource/Metropolitan_Area_of_Porto
http://purl.org/dc/terms/subject	http://dbpedia.org/resource/Category:Parishes_of_Vila_Nova_de_Gaia
http://www.w3.org/2000/01/rdf-schema#comment	"Gulpilhares e Valadares is a civil parish in the municipality of Vila Nova de Gaia, Portugal. It was formed in 2013 by the merger of the former parishes Gulpilhares and Valadares. The population in 2011 was 22,019, in an area of 10.61 km²."@en
http://dbpedia.org/property/longd	"-8.6400000000000005684"^^http://www.w3.org/2001/XMLSchema#decimal
http://xmlns.com/foaf/0.1/primaryTopic	http://en.wikipedia.org/wiki/Gulpilhares_e_Valadares
http://www.w3.org/2002/07/owl#sameAs	http://rdf.freebase.com/ns/m.011l95cq
http://dbpedia.org/property/areaTotal	"10.609999999999999432"^^http://www.w3.org/2001/XMLSchema#decimal
http://dbpedia.org/ontology/wikiPageID	"43472780"^^http://www.w3.org/2001/XMLSchema#integer
http://www.w3.org/ns/prov#wasDerivedFrom	http://en.wikipedia.org/wiki/Gulpilhares_e_Valadares?oldid=701645779
http://dbpedia.org/property/district	http://dbpedia.org/resource/Porto_District
http://purl.org/linguistics/gold/hypernym	http://dbpedia.org/resource/Parish
http://dbpedia.org/property/latd	"41.090000000000003411"^^http://www.w3.org/2001/XMLSchema#decimal
http://dbpedia.org/property/subregion	http://dbpedia.org/resource/Grande_Porto
http://dbpedia.org/ontology/abstract	"Gulpilhares e Valadares is a civil parish in the municipality of Vila Nova de Gaia, Portugal. It was formed in 2013 by the merger of the former parishes Gulpilhares and Valadares. The population in 2011 was 22,019, in an area of 10.61 km²."@en
http://www.w3.org/2000/01/rdf-schema#label	"Gulpilhares e Valadares"@en
http://www.w3.org/1999/02/22-rdf-syntax-ns#type	http://schema.org/Place
http://dbpedia.org/property/region	http://dbpedia.org/resource/Norte_Region,_Portugal
