#---Properties and values from: http://dbpedia.org/resource/Goiás,_Goiás
Property	Value
http://dbpedia.org/property/type	"Cultural"^^http://www.w3.org/1999/02/22-rdf-syntax-ns#langString
http://dbpedia.org/property/year	"2001"^^http://www.w3.org/2001/XMLSchema#integer
http://dbpedia.org/property/lats	"2"^^http://www.w3.org/2001/XMLSchema#integer
http://dbpedia.org/ontology/wikiPageExternalLink	http://www.frigoletto.com.br/GeoEcon/idhgo.htm
http://dbpedia.org/ontology/wikiPageRevisionID	"731997716"^^http://www.w3.org/2001/XMLSchema#integer
http://dbpedia.org/ontology/deathPlace	http://dbpedia.org/resource/Tomás_Balduino
http://dbpedia.org/property/latm	"56"^^http://www.w3.org/2001/XMLSchema#integer
http://dbpedia.org/property/latns	"s"^^http://www.w3.org/1999/02/22-rdf-syntax-ns#langString
http://dbpedia.org/property/website	http://www.prefeituradegoias.go.gov.br/
http://dbpedia.org/property/imageMap	"Goias Municip Goias.svg"^^http://www.w3.org/1999/02/22-rdf-syntax-ns#langString
http://xmlns.com/foaf/0.1/isPrimaryTopicOf	http://en.wikipedia.org/wiki/Goiás,_Goiás
http://dbpedia.org/property/microregion	"Rio Vermelho"^^http://www.w3.org/1999/02/22-rdf-syntax-ns#langString
http://dbpedia.org/property/whs	"Historic Centre of the Town of Goiás"^^http://www.w3.org/1999/02/22-rdf-syntax-ns#langString
http://dbpedia.org/property/longm	"8"^^http://www.w3.org/2001/XMLSchema#integer
http://dbpedia.org/property/stateParty	http://dbpedia.org/resource/Brazil
http://dbpedia.org/property/populationTotal	"24439"^^http://www.w3.org/2001/XMLSchema#integer
http://dbpedia.org/property/longs	"24"^^http://www.w3.org/2001/XMLSchema#integer
http://dbpedia.org/property/populationAsOf	"2015"^^http://www.w3.org/2001/XMLSchema#integer
http://purl.org/dc/terms/subject	http://dbpedia.org/resource/Category:World_Heritage_Sites_in_Brazil
http://dbpedia.org/property/elevation	"496"^^http://www.w3.org/2001/XMLSchema#integer
http://dbpedia.org/property/state	"GO"^^http://www.w3.org/1999/02/22-rdf-syntax-ns#langString
http://dbpedia.org/ontology/wikiPageDisambiguates	http://dbpedia.org/resource/Goiás_(disambiguation)
http://www.w3.org/2000/01/rdf-schema#comment	"ゴイアス（ポルトガル語でGoiás）は、ブラジル・ゴイアス州にある小都市である。2005年現在の推計人口は、26,705人。面積は、3,108平方キロメートル。かつては、ゴイアス州の州都であったが、現在は、ゴイタニアにその地位を譲っている。2002年に、UNESCOの世界遺産に登録された。"@ja
http://dbpedia.org/ontology/id	"993"
http://dbpedia.org/property/longd	"50"^^http://www.w3.org/2001/XMLSchema#integer
http://xmlns.com/foaf/0.1/primaryTopic	http://en.wikipedia.org/wiki/Goiás,_Goiás
http://dbpedia.org/property/criteria	"ii, iv"^^http://www.w3.org/1999/02/22-rdf-syntax-ns#langString
http://www.w3.org/2002/07/owl#sameAs	http://dbpedia.org/resource/Goiás,_Goiás
http://dbpedia.org/ontology/wikiPageRedirects	http://dbpedia.org/resource/Goias_(town)
http://dbpedia.org/property/session	"25"^^http://www.w3.org/2001/XMLSchema#integer
http://dbpedia.org/ontology/thumbnail	http://commons.wikimedia.org/wiki/Special:FilePath/Goias_Municip_Goias.svg?width=300
http://dbpedia.org/ontology/wikiPageID	"822010"^^http://www.w3.org/2001/XMLSchema#integer
http://dbpedia.org/property/areaTotal	"3108"^^http://www.w3.org/2001/XMLSchema#integer
http://dbpedia.org/ontology/birthPlace	http://dbpedia.org/resource/Diego_Pinheiro
http://www.w3.org/ns/prov#wasDerivedFrom	http://en.wikipedia.org/wiki/Goiás,_Goiás?oldid=731997716
http://dbpedia.org/property/name	"Goiás"^^http://www.w3.org/1999/02/22-rdf-syntax-ns#langString
http://dbpedia.org/ontology/city	http://dbpedia.org/resource/Federal_University_of_Goiás
http://xmlns.com/foaf/0.1/depiction	http://commons.wikimedia.org/wiki/Special:FilePath/Goias_Municip_Goias.svg
http://purl.org/linguistics/gold/hypernym	http://dbpedia.org/resource/Municipality
http://dbpedia.org/property/latd	"15"^^http://www.w3.org/2001/XMLSchema#integer
http://dbpedia.org/ontology/abstract	"Goiás (também conhecida como Cidade de Goiás ou Goiás Velho) é um município brasileiro do estado de Goiás. Sua população estimada em 2010 era de 24.727 habitantes de acordo com o IBGE. O município foi reconhecido em 2001 pela UNESCO como sendo Patrimônio Histórico e Cultural Mundial por sua arquitetura barroca peculiar, por suas tradições culturais seculares e pela natureza exuberante que a circunda."@pt
http://www.w3.org/2000/01/rdf-schema#label	"Гояс (Гояс)"@ru
http://dbpedia.org/ontology/region	http://dbpedia.org/resource/List_of_World_Heritage_Sites_in_the_Americas
http://xmlns.com/foaf/0.1/homepage	http://whc.unesco.org/en/list/993
http://www.w3.org/1999/02/22-rdf-syntax-ns#type	http://schema.org/Place
