#---Properties and values from: http://dbpedia.org/resource/Pinhal_Novo
Property	Value
http://dbpedia.org/property/officialName	"Pinhal Novo"^^http://www.w3.org/1999/02/22-rdf-syntax-ns#langString
http://dbpedia.org/ontology/wikiPageRevisionID	"722050902"^^http://www.w3.org/2001/XMLSchema#integer
http://dbpedia.org/property/imageSkyline	"Vista de Pinhal Novo.JPG"^^http://www.w3.org/1999/02/22-rdf-syntax-ns#langString
http://dbpedia.org/property/imageCaption	"Sunset in Pinhal Novo"^^http://www.w3.org/1999/02/22-rdf-syntax-ns#langString
http://xmlns.com/foaf/0.1/isPrimaryTopicOf	http://en.wikipedia.org/wiki/Pinhal_Novo
http://dbpedia.org/property/municipality	http://dbpedia.org/resource/Palmela
http://dbpedia.org/property/location	http://dbpedia.org/resource/2015–16_Taça_de_Portugal
http://dbpedia.org/ontology/country	http://dbpedia.org/resource/Portugal
http://dbpedia.org/property/populationTotal	"25000"^^http://www.w3.org/2001/XMLSchema#integer
http://dbpedia.org/property/metro	http://dbpedia.org/resource/Lisbon_Metropolitan_Area
http://dbpedia.org/property/populationAsOf	"2011"^^http://www.w3.org/2001/XMLSchema#integer
http://dbpedia.org/property/stadium	http://dbpedia.org/resource/2004–05_Taça_de_Portugal
http://purl.org/dc/terms/subject	http://dbpedia.org/resource/Category:Towns_in_Portugal
http://dbpedia.org/ontology/wikiPageDisambiguates	http://dbpedia.org/resource/Pinhal
http://www.w3.org/2000/01/rdf-schema#comment	"Pinhal Novo ist eine portugiesische Freguesia im Kreis (Concelho) Palmela mit 24.975 (Stand 30. Juni 2011) Einwohnern auf 54,4 km², das sind 459 pro km². Der Ort liegt auf der Península de Setúbal auf halbem Weg zwischen Lissabon und Setúbal. Die Stadt wächst stark und wird sich in wenigen Jahren von einem kleinen Dorf zu einer 40.000-Einwohner-Stadt entwickelt haben. Sie profitiert von ihrer neuen Infrastruktur; der Lebensqualität wegen sind Großgebäude nicht erlaubt."@de
http://dbpedia.org/property/longd	"-8.9139999999999997016"^^http://www.w3.org/2001/XMLSchema#decimal
http://xmlns.com/foaf/0.1/primaryTopic	http://en.wikipedia.org/wiki/Pinhal_Novo
http://www.w3.org/2002/07/owl#sameAs	http://yago-knowledge.org/resource/Pinhal_Novo
http://dbpedia.org/ontology/thumbnail	http://commons.wikimedia.org/wiki/Special:FilePath/Vista_de_Pinhal_Novo.JPG?width=300
http://dbpedia.org/ontology/wikiPageID	"1235720"^^http://www.w3.org/2001/XMLSchema#integer
http://dbpedia.org/property/areaTotal	"54.439999999999997726"^^http://www.w3.org/2001/XMLSchema#decimal
http://www.w3.org/ns/prov#wasDerivedFrom	http://en.wikipedia.org/wiki/Pinhal_Novo?oldid=722050902
http://dbpedia.org/ontology/birthPlace	http://dbpedia.org/resource/Sandro_Mendes
http://dbpedia.org/property/district	http://dbpedia.org/resource/Setúbal_District
http://xmlns.com/foaf/0.1/depiction	http://commons.wikimedia.org/wiki/Special:FilePath/Vista_de_Pinhal_Novo.JPG
http://purl.org/linguistics/gold/hypernym	http://dbpedia.org/resource/Town
http://dbpedia.org/property/latd	"38.631000000000000227"^^http://www.w3.org/2001/XMLSchema#decimal
http://dbpedia.org/property/subregion	http://dbpedia.org/resource/Península_de_Setúbal
http://dbpedia.org/ontology/abstract	"Pinhal Novo ist eine portugiesische Freguesia im Kreis (Concelho) Palmela mit 24.975 (Stand 30. Juni 2011) Einwohnern auf 54,4 km², das sind 459 pro km². Der Ort liegt auf der Península de Setúbal auf halbem Weg zwischen Lissabon und Setúbal. Er liegt an zwei Schnellstraßen, die Lissabon mit dem Süden verbinden, und hat eine neue Bahnstation, von der man seit Oktober 2004 in einer halben Stunde das Lissaboner U-Bahn-Netz erreichen kann. Pinhal Novo liegt nahe dem Nationalpark Arrabida und hat eine diversifizierte Infrastruktur mit Shopping-Centern einschließlich des Forum Montijo und des Freihafens Alcochete.Die Stadt verfügt mit dem Bahnhof Pinhal Novo über das wichtigste Eisenbahnkreuz im Süden von Lissabon. Hier treffen die Linha do Sul auf die Linha do Alentejo sowie auf die Vorortverbindung nach Barreiro und den inzwischen stillgelegten Anschluss Ramal do Montijo. Die Stadt wächst stark und wird sich in wenigen Jahren von einem kleinen Dorf zu einer 40.000-Einwohner-Stadt entwickelt haben. Sie profitiert von ihrer neuen Infrastruktur; der Lebensqualität wegen sind Großgebäude nicht erlaubt."@de
http://www.w3.org/2000/01/rdf-schema#label	"Pinhal Novo"@pt
http://dbpedia.org/ontology/ground	http://dbpedia.org/resource/C.D._Pinhalnovense
http://www.w3.org/1999/02/22-rdf-syntax-ns#type	http://dbpedia.org/class/yago/PhysicalEntity100001930
http://dbpedia.org/property/region	http://dbpedia.org/resource/Lisboa_Region
