#---Properties and values from: http://dbpedia.org/resource/Asyut_Governorate
Property	Value
http://dbpedia.org/ontology/wikiPageExternalLink	https://books.google.com/books?id=pP315Mw3S9EC&pg=PA308&dq=asyout&hl=es&sa=X&ved=0ahUKEwig98iMu-LPAhWFoD4KHS1-BpoQ6AEIJzAB#v=onepage&q=asyout&f=false
http://dbpedia.org/property/populationDensityKm	"auto"^^http://www.w3.org/1999/02/22-rdf-syntax-ns#langString
http://dbpedia.org/ontology/wikiPageRevisionID	"744852877"^^http://www.w3.org/2001/XMLSchema#integer
http://dbpedia.org/property/mapCaption	"Asyut Governorate on the map of Egypt"^^http://www.w3.org/1999/02/22-rdf-syntax-ns#langString
http://dbpedia.org/property/settlementType	http://dbpedia.org/resource/Governorate_of_Egypt
http://dbpedia.org/property/coordinatesRegion	"EG"^^http://www.w3.org/1999/02/22-rdf-syntax-ns#langString
http://dbpedia.org/property/imageMap	"Asyut in Egypt .svg"^^http://www.w3.org/1999/02/22-rdf-syntax-ns#langString
http://dbpedia.org/property/timeZone	"true"^^http://www.w3.org/1999/02/22-rdf-syntax-ns#langString
http://xmlns.com/foaf/0.1/isPrimaryTopicOf	http://en.wikipedia.org/wiki/Asyut_Governorate
http://dbpedia.org/property/subdivisionType	"Country"^^http://www.w3.org/1999/02/22-rdf-syntax-ns#langString
http://dbpedia.org/property/location	http://dbpedia.org/resource/Deir_el-Muharraq
http://dbpedia.org/property/populationTotal	"4123441"^^http://www.w3.org/2001/XMLSchema#integer
http://dbpedia.org/property/populationAsOf	"2014"^^http://www.w3.org/2001/XMLSchema#integer
http://purl.org/dc/terms/subject	http://dbpedia.org/resource/Category:Asyut_Governorate
http://dbpedia.org/ontology/isPartOf	http://dbpedia.org/resource/El_Quseyya
http://www.w3.org/2000/01/rdf-schema#comment	"Assioet (Asyut, Arabisch: أسيوط) is een van de 29 gouvernementen van Egypte en ligt rond een stuk van zo'n 120 kilometer van de Nijl in het centrale deel van het land. De hoofdstad van het gouvernement heet eveneens Assioet. Het heeft een oppervlakte van 1553 vierkante kilometer en telde eind 2006 ruim 3,4 miljoen inwoners. De naam Assioet werd afgeleid uit het Oud-Egyptisch en betekent bewaker. In Assioet liggen onder meer de tombes van Meir en het pelgrimstadje Durunka."@nl
http://dbpedia.org/property/leaderTitle	"Governor"^^http://www.w3.org/1999/02/22-rdf-syntax-ns#langString
http://dbpedia.org/property/utcOffsetDst	"true"^^http://www.w3.org/1999/02/22-rdf-syntax-ns#langString
http://dbpedia.org/property/longd	"31.089999999999999858"^^http://www.w3.org/2001/XMLSchema#decimal
http://xmlns.com/foaf/0.1/primaryTopic	http://en.wikipedia.org/wiki/Asyut_Governorate
http://dbpedia.org/property/birthPlace	http://dbpedia.org/resource/Pope_Shenouda_III_of_Alexandria
http://dbpedia.org/ontology/wikiPageRedirects	http://dbpedia.org/resource/Asyūţ_Governorate
http://www.w3.org/2002/07/owl#sameAs	http://fr.dbpedia.org/resource/Gouvernorat_d'Assiout
http://dbpedia.org/ontology/thumbnail	http://commons.wikimedia.org/wiki/Special:FilePath/Governadorat_d'Asyut.png?width=300
http://dbpedia.org/property/flagSize	"120"^^http://www.w3.org/2001/XMLSchema#integer
http://dbpedia.org/ontology/wikiPageID	"468798"^^http://www.w3.org/2001/XMLSchema#integer
http://dbpedia.org/property/capital	http://dbpedia.org/resource/Asyut
http://www.w3.org/ns/prov#wasDerivedFrom	http://en.wikipedia.org/wiki/Asyut_Governorate?oldid=744852877
http://dbpedia.org/ontology/birthPlace	http://dbpedia.org/resource/Hikmat_Abu_Zayd
http://dbpedia.org/property/leaderName	"Ibrahim Hamad"^^http://www.w3.org/1999/02/22-rdf-syntax-ns#langString
http://dbpedia.org/property/coordinatesDisplay	"inline,title"^^http://www.w3.org/1999/02/22-rdf-syntax-ns#langString
http://dbpedia.org/property/name	"Asyut Governorate"^^http://www.w3.org/1999/02/22-rdf-syntax-ns#langString
http://dbpedia.org/property/blankEmblemSize	"100"^^http://www.w3.org/2001/XMLSchema#integer
http://xmlns.com/foaf/0.1/depiction	http://commons.wikimedia.org/wiki/Special:FilePath/Governadorat_d'Asyut.png
http://purl.org/linguistics/gold/hypernym	http://dbpedia.org/resource/Governorates
http://dbpedia.org/property/latd	"27.251999999999998892"^^http://www.w3.org/2001/XMLSchema#decimal
http://dbpedia.org/property/utcOffset	"true"^^http://www.w3.org/1999/02/22-rdf-syntax-ns#langString
http://dbpedia.org/ontology/abstract	"Il Governatorato di Asyut (in arabo:  محافظة أسيوط ‎, Muḥāfazat Asyūṭ) è un governatorato dell'Egitto centrale. Prende il nome dal suo capoluogo, Asyut. Il territorio del governatorato si sviluppa sui due lati del corso centrale del Nilo, tra Dayrut e al-Badari. Nel territorio sono presenti antiche città e luoghi di interesse storico e turistico."@it
http://dbpedia.org/property/imageFlag	"Governadorat d'Asyut.png"^^http://www.w3.org/1999/02/22-rdf-syntax-ns#langString
http://www.w3.org/2000/01/rdf-schema#label	"محافظة أسيوط"@ar
http://dbpedia.org/property/subdivisionName	http://dbpedia.org/resource/Egypt
http://xmlns.com/foaf/0.1/homepage	http://www.asuit.gov.eg/EnglishSite/indexen.htm
http://www.w3.org/1999/02/22-rdf-syntax-ns#type	http://dbpedia.org/class/yago/Subdivision108674251
http://dbpedia.org/property/timeZoneDst	"true"^^http://www.w3.org/1999/02/22-rdf-syntax-ns#langString
