#---Properties and values from: http://dbpedia.org/resource/Itamonte
Property	Value
http://dbpedia.org/ontology/wikiPageExternalLink	http://www.itamonte.net
http://dbpedia.org/ontology/wikiPageRevisionID	"741599586"^^http://www.w3.org/2001/XMLSchema#integer
http://dbpedia.org/property/latm	"17"^^http://www.w3.org/2001/XMLSchema#integer
http://dbpedia.org/property/latns	"s"^^http://www.w3.org/1999/02/22-rdf-syntax-ns#langString
http://dbpedia.org/property/imageSkyline	"Itamonte, centro.JPG"^^http://www.w3.org/1999/02/22-rdf-syntax-ns#langString
http://xmlns.com/foaf/0.1/isPrimaryTopicOf	http://en.wikipedia.org/wiki/Itamonte
http://dbpedia.org/property/longm	"53"^^http://www.w3.org/2001/XMLSchema#integer
http://dbpedia.org/property/populationTotal	"15136"^^http://www.w3.org/2001/XMLSchema#integer
http://dbpedia.org/property/populationAsOf	"2015"^^http://www.w3.org/2001/XMLSchema#integer
http://purl.org/dc/terms/subject	http://dbpedia.org/resource/Category:Municipalities_in_Minas_Gerais
http://dbpedia.org/property/state	"MG"^^http://www.w3.org/1999/02/22-rdf-syntax-ns#langString
http://www.w3.org/2000/01/rdf-schema#comment	"Itamonte est une municipalité de l'État de Minas Gerais au Brésil. Sa population était estimée à 14 276 habitants en 2012, elle s'étend sur 430,597 km2. Elle fait partie de la Microrégion de São Lourenço dans la Mésorégion de Sud et Sud-Ouest du Minas."@fr
http://dbpedia.org/property/longd	"44"^^http://www.w3.org/2001/XMLSchema#integer
http://xmlns.com/foaf/0.1/primaryTopic	http://en.wikipedia.org/wiki/Itamonte
http://www.w3.org/2002/07/owl#sameAs	http://fr.dbpedia.org/resource/Itamonte
http://dbpedia.org/ontology/thumbnail	http://commons.wikimedia.org/wiki/Special:FilePath/Itamonte,_centro.JPG?width=300
http://dbpedia.org/ontology/wikiPageID	"712382"^^http://www.w3.org/2001/XMLSchema#integer
http://dbpedia.org/property/areaTotal	"432"^^http://www.w3.org/2001/XMLSchema#integer
http://www.w3.org/ns/prov#wasDerivedFrom	http://en.wikipedia.org/wiki/Itamonte?oldid=741599586
http://xmlns.com/foaf/0.1/depiction	http://commons.wikimedia.org/wiki/Special:FilePath/Itamonte,_centro.JPG
http://purl.org/linguistics/gold/hypernym	http://dbpedia.org/resource/City
http://dbpedia.org/property/latd	"22"^^http://www.w3.org/2001/XMLSchema#integer
http://dbpedia.org/ontology/abstract	"Itamonte – miasto i gmina w Brazylii, w stanie Minas Gerais. Znajduje się w mezoregionie Sul e Sudoeste de Minas i mikroregionie São Lourenço."@pl
http://www.w3.org/2000/01/rdf-schema#label	"Itamonte"@pt
http://www.w3.org/1999/02/22-rdf-syntax-ns#type	http://dbpedia.org/class/yago/District108552138
