#---Properties and values from: http://dbpedia.org/resource/Chamusca_e_Pinheiro_Grande
Property	Value
http://dbpedia.org/property/officialName	"Chamusca e Pinheiro Grande"^^http://www.w3.org/1999/02/22-rdf-syntax-ns#langString
http://dbpedia.org/ontology/wikiPageRevisionID	"701644041"^^http://www.w3.org/2001/XMLSchema#integer
http://xmlns.com/foaf/0.1/isPrimaryTopicOf	http://en.wikipedia.org/wiki/Chamusca_e_Pinheiro_Grande
http://dbpedia.org/property/municipality	http://dbpedia.org/resource/Chamusca
http://dbpedia.org/ontology/country	http://dbpedia.org/resource/Portugal
http://dbpedia.org/property/populationTotal	"4299"^^http://www.w3.org/2001/XMLSchema#integer
http://dbpedia.org/property/populationAsOf	"2011"^^http://www.w3.org/2001/XMLSchema#integer
http://purl.org/dc/terms/subject	http://dbpedia.org/resource/Category:Parishes_of_Chamusca
http://www.w3.org/2000/01/rdf-schema#comment	"Chamusca e Pinheiro Grande is a civil parish in the municipality of Chamusca, Portugal. It was formed in 2013 by the merger of the former parishes Chamusca and Pinheiro Grande. The population in 2011 was 4,299, in an area of 67.10 km²."@en
http://dbpedia.org/property/cim	http://dbpedia.org/resource/Lezíria_do_Tejo
http://dbpedia.org/property/longd	"-8.4600000000000008527"^^http://www.w3.org/2001/XMLSchema#decimal
http://xmlns.com/foaf/0.1/primaryTopic	http://en.wikipedia.org/wiki/Chamusca_e_Pinheiro_Grande
http://www.w3.org/2002/07/owl#sameAs	http://dbpedia.org/resource/Chamusca_e_Pinheiro_Grande
http://dbpedia.org/ontology/wikiPageID	"43358724"^^http://www.w3.org/2001/XMLSchema#integer
http://dbpedia.org/property/areaTotal	"67.099999999999994316"^^http://www.w3.org/2001/XMLSchema#decimal
http://www.w3.org/ns/prov#wasDerivedFrom	http://en.wikipedia.org/wiki/Chamusca_e_Pinheiro_Grande?oldid=701644041
http://dbpedia.org/property/district	http://dbpedia.org/resource/Santarém_District
http://purl.org/linguistics/gold/hypernym	http://dbpedia.org/resource/Parish
http://dbpedia.org/property/latd	"39.369999999999997442"^^http://www.w3.org/2001/XMLSchema#decimal
http://dbpedia.org/property/subregion	http://dbpedia.org/resource/Lezíria_do_Tejo
http://dbpedia.org/ontology/abstract	"Chamusca e Pinheiro Grande is a civil parish in the municipality of Chamusca, Portugal. It was formed in 2013 by the merger of the former parishes Chamusca and Pinheiro Grande. The population in 2011 was 4,299, in an area of 67.10 km²."@en
http://www.w3.org/2000/01/rdf-schema#label	"Chamusca e Pinheiro Grande"@en
http://www.w3.org/1999/02/22-rdf-syntax-ns#type	http://dbpedia.org/ontology/Location
http://dbpedia.org/property/region	http://dbpedia.org/resource/Ribatejo
