#---Properties and values from: http://dbpedia.org/resource/Arandu,_São_Paulo
Property	Value
http://dbpedia.org/property/lats	"5"^^http://www.w3.org/2001/XMLSchema#integer
http://dbpedia.org/ontology/wikiPageRevisionID	"744715361"^^http://www.w3.org/2001/XMLSchema#integer
http://dbpedia.org/property/latm	"8"^^http://www.w3.org/2001/XMLSchema#integer
http://dbpedia.org/property/latns	"S"^^http://www.w3.org/1999/02/22-rdf-syntax-ns#langString
http://dbpedia.org/property/imageMap	"SaoPaulo Municip Arandu.svg"^^http://www.w3.org/1999/02/22-rdf-syntax-ns#langString
http://xmlns.com/foaf/0.1/isPrimaryTopicOf	http://en.wikipedia.org/wiki/Arandu,_São_Paulo
http://dbpedia.org/property/longm	"3"^^http://www.w3.org/2001/XMLSchema#integer
http://dbpedia.org/property/populationTotal	"6351"^^http://www.w3.org/2001/XMLSchema#integer
http://dbpedia.org/property/populationAsOf	"2015"^^http://www.w3.org/2001/XMLSchema#integer
http://dbpedia.org/property/longs	"15"^^http://www.w3.org/2001/XMLSchema#integer
http://purl.org/dc/terms/subject	http://dbpedia.org/resource/Category:Municipalities_in_São_Paulo_(state)
http://dbpedia.org/property/state	"SP"^^http://www.w3.org/1999/02/22-rdf-syntax-ns#langString
http://dbpedia.org/ontology/wikiPageDisambiguates	http://dbpedia.org/resource/Arandu
http://www.w3.org/2000/01/rdf-schema#comment	"Аранду (порт. Arandu) — муниципалитет в Бразилии, входит в штат Сан-Паулу. Составная часть мезорегиона Бауру. Входит в экономико-статистический микрорегион Аваре. Население составляет 6394 человека на 2006 год. Занимает площадь 286,328 км². Плотность населения — 22,3 чел./км²."@ru
http://dbpedia.org/property/longd	"49"^^http://www.w3.org/2001/XMLSchema#integer
http://xmlns.com/foaf/0.1/primaryTopic	http://en.wikipedia.org/wiki/Arandu,_São_Paulo
http://dbpedia.org/ontology/wikiPageRedirects	http://dbpedia.org/resource/Arandu,_Sao_Paulo
http://www.w3.org/2002/07/owl#sameAs	http://rdf.freebase.com/ns/m.03xswh
http://dbpedia.org/ontology/thumbnail	http://commons.wikimedia.org/wiki/Special:FilePath/SaoPaulo_Municip_Arandu.svg?width=300
http://dbpedia.org/property/areaTotal	"286"^^http://www.w3.org/2001/XMLSchema#integer
http://dbpedia.org/ontology/wikiPageID	"996762"^^http://www.w3.org/2001/XMLSchema#integer
http://www.w3.org/ns/prov#wasDerivedFrom	http://en.wikipedia.org/wiki/Arandu,_São_Paulo?oldid=744715361
http://dbpedia.org/property/name	"Arandu"^^http://www.w3.org/1999/02/22-rdf-syntax-ns#langString
http://xmlns.com/foaf/0.1/depiction	http://commons.wikimedia.org/wiki/Special:FilePath/SaoPaulo_Municip_Arandu.svg
http://purl.org/linguistics/gold/hypernym	http://dbpedia.org/resource/Municipality
http://dbpedia.org/property/latd	"23"^^http://www.w3.org/2001/XMLSchema#integer
http://dbpedia.org/ontology/abstract	"Arandu è un comune del Brasile nello Stato di San Paolo, parte della mesoregione di Bauru e della microregione di Avaré."@it
http://www.w3.org/2000/01/rdf-schema#label	"Arandu"@es
http://www.w3.org/1999/02/22-rdf-syntax-ns#type	http://dbpedia.org/ontology/Settlement
