#---Properties and values from: http://dbpedia.org/resource/Chafé
Property	Value
http://dbpedia.org/property/officialName	"Chafé"^^http://www.w3.org/1999/02/22-rdf-syntax-ns#langString
http://dbpedia.org/ontology/wikiPageRevisionID	"733531401"^^http://www.w3.org/2001/XMLSchema#integer
http://xmlns.com/foaf/0.1/isPrimaryTopicOf	http://en.wikipedia.org/wiki/Chafé
http://dbpedia.org/property/municipality	http://dbpedia.org/resource/Viana_do_Castelo
http://dbpedia.org/ontology/country	http://dbpedia.org/resource/Portugal
http://dbpedia.org/property/populationTotal	"2841"^^http://www.w3.org/2001/XMLSchema#integer
http://dbpedia.org/property/populationAsOf	"2011"^^http://www.w3.org/2001/XMLSchema#integer
http://purl.org/dc/terms/subject	http://dbpedia.org/resource/Category:Parishes_of_Viana_do_Castelo
http://www.w3.org/2000/01/rdf-schema#comment	"Шафе (порт. Chafé) — район (фрегезия) в Португалии, входит в округ Виана-ду-Каштелу. Является составной частью муниципалитета Виана-ду-Каштелу. По старому административному делению входил в провинцию Минью. Входит в экономико-статистический субрегион Минью-Лима, который входит в Северный регион. Население составляет 2507 человек на 2001 год. Занимает площадь 7,50 км². Покровителем района считается Святой Себастьян (порт. S.Sebastião)."@ru
http://dbpedia.org/property/cim	http://dbpedia.org/resource/Alto_Minho
http://dbpedia.org/property/longd	"-8.7840000000000006963"^^http://www.w3.org/2001/XMLSchema#decimal
http://xmlns.com/foaf/0.1/primaryTopic	http://en.wikipedia.org/wiki/Chafé
http://www.w3.org/2002/07/owl#sameAs	http://dbpedia.org/resource/Chafé
http://dbpedia.org/ontology/wikiPageID	"2504234"^^http://www.w3.org/2001/XMLSchema#integer
http://dbpedia.org/property/areaTotal	"7.8499999999999996447"^^http://www.w3.org/2001/XMLSchema#decimal
http://www.w3.org/ns/prov#wasDerivedFrom	http://en.wikipedia.org/wiki/Chafé?oldid=733531401
http://dbpedia.org/property/district	http://dbpedia.org/resource/Viana_do_Castelo_District
http://purl.org/linguistics/gold/hypernym	http://dbpedia.org/resource/Parish
http://dbpedia.org/property/latd	"41.649000000000000909"^^http://www.w3.org/2001/XMLSchema#decimal
http://dbpedia.org/property/subregion	http://dbpedia.org/resource/Minho-Lima
http://dbpedia.org/ontology/abstract	"Шафе (порт. Chafé) — район (фрегезия) в Португалии, входит в округ Виана-ду-Каштелу. Является составной частью муниципалитета Виана-ду-Каштелу. По старому административному делению входил в провинцию Минью. Входит в экономико-статистический субрегион Минью-Лима, который входит в Северный регион. Население составляет 2507 человек на 2001 год. Занимает площадь 7,50 км². Покровителем района считается Святой Себастьян (порт. S.Sebastião)."@ru
http://www.w3.org/2000/01/rdf-schema#label	"Шафе"@ru
http://www.w3.org/1999/02/22-rdf-syntax-ns#type	http://dbpedia.org/class/yago/Tract108673395
http://dbpedia.org/property/region	http://dbpedia.org/resource/Norte_Region,_Portugal
