#---Properties and values from: http://dbpedia.org/resource/Hveragerði
Property	Value
http://dbpedia.org/property/octRecordHighC	"13"^^http://www.w3.org/2001/XMLSchema#integer
http://dbpedia.org/property/febRecordHighC	"9"^^http://www.w3.org/2001/XMLSchema#integer
http://dbpedia.org/ontology/wikiPageExternalLink	http://hveragerdi.is/
http://dbpedia.org/property/augHighC	"13.199999999999999289"^^http://www.w3.org/2001/XMLSchema#decimal
http://dbpedia.org/property/junRecordHighC	"24"^^http://www.w3.org/2001/XMLSchema#integer
http://dbpedia.org/property/maySun	"159"^^http://www.w3.org/2001/XMLSchema#integer
http://dbpedia.org/property/junLowC	"6.7000000000000001776"^^http://www.w3.org/2001/XMLSchema#decimal
http://dbpedia.org/property/aprRecordHighC	"15.099999999999999645"^^http://www.w3.org/2001/XMLSchema#decimal
http://dbpedia.org/ontology/deathPlace	http://dbpedia.org/resource/Indriði_G._Þorsteinsson
http://dbpedia.org/property/sepSun	"112.20000000000000284"^^http://www.w3.org/2001/XMLSchema#decimal
http://dbpedia.org/property/augMeanC	"10.300000000000000711"^^http://www.w3.org/2001/XMLSchema#decimal
http://dbpedia.org/property/octLowC	"2.1000000000000000888"^^http://www.w3.org/2001/XMLSchema#decimal
http://dbpedia.org/property/aprLowC	"-0.10000000000000000555"^^http://www.w3.org/2001/XMLSchema#decimal
http://dbpedia.org/property/location	"Reykir í Ölfusi"^^http://www.w3.org/1999/02/22-rdf-syntax-ns#langString
http://dbpedia.org/property/janRecordLowC	"-14.400000000000000355"^^http://www.w3.org/2001/XMLSchema#decimal
http://dbpedia.org/property/febSun	"46.399999999999998579"^^http://www.w3.org/2001/XMLSchema#decimal
http://dbpedia.org/property/julLowC	"8.5999999999999996447"^^http://www.w3.org/2001/XMLSchema#decimal
http://dbpedia.org/property/octSun	"81.299999999999997158"^^http://www.w3.org/2001/XMLSchema#decimal
http://dbpedia.org/property/number	"8716"^^http://www.w3.org/2001/XMLSchema#integer
http://dbpedia.org/property/marHighC	"2.2000000000000001776"^^http://www.w3.org/2001/XMLSchema#decimal
http://dbpedia.org/property/julRecordLowC	"2.1000000000000000888"^^http://www.w3.org/2001/XMLSchema#decimal
http://dbpedia.org/property/junPrecipitationMm	"112.70000000000000284"^^http://www.w3.org/2001/XMLSchema#decimal
http://dbpedia.org/property/janRecordHighC	"8.1999999999999992895"^^http://www.w3.org/2001/XMLSchema#decimal
http://dbpedia.org/property/janMeanC	"-0.2000000000000000111"^^http://www.w3.org/2001/XMLSchema#decimal
http://dbpedia.org/property/novSun	"40.299999999999997158"^^http://www.w3.org/2001/XMLSchema#decimal
http://xmlns.com/foaf/0.1/homepage	http://hveragerdi.is/English
http://dbpedia.org/property/aprRecordLowC	"-10.099999999999999645"^^http://www.w3.org/2001/XMLSchema#decimal
http://dbpedia.org/property/marPrecipitationMm	"145.59999999999999432"^^http://www.w3.org/2001/XMLSchema#decimal
http://dbpedia.org/property/mayMeanC	"6.2000000000000001776"^^http://www.w3.org/2001/XMLSchema#decimal
http://dbpedia.org/property/aprMeanC	"2.2000000000000001776"^^http://www.w3.org/2001/XMLSchema#decimal
http://dbpedia.org/ontology/wikiPageRevisionID	"739844685"^^http://www.w3.org/2001/XMLSchema#integer
http://dbpedia.org/property/aprPrecipitationMm	"110"^^http://www.w3.org/2001/XMLSchema#integer
http://dbpedia.org/property/novPrecipitationMm	"133.09999999999999432"^^http://www.w3.org/2001/XMLSchema#decimal
http://dbpedia.org/property/janHighC	"2.2000000000000001776"^^http://www.w3.org/2001/XMLSchema#decimal
http://dbpedia.org/property/website	http://hveragerdi.is/English
http://dbpedia.org/property/aprSun	"147.5"^^http://www.w3.org/2001/XMLSchema#decimal
http://dbpedia.org/property/sepPrecipitationMm	"137.80000000000001137"^^http://www.w3.org/2001/XMLSchema#decimal
http://dbpedia.org/property/junHighC	"12.199999999999999289"^^http://www.w3.org/2001/XMLSchema#decimal
http://dbpedia.org/property/decLowC	"-2.1000000000000000888"^^http://www.w3.org/2001/XMLSchema#decimal
http://dbpedia.org/property/marMeanC	"0"^^http://www.w3.org/2001/XMLSchema#integer
http://dbpedia.org/property/julRecordHighC	"23.300000000000000711"^^http://www.w3.org/2001/XMLSchema#decimal
http://dbpedia.org/property/decRecordHighC	"10.5"^^http://www.w3.org/2001/XMLSchema#decimal
http://dbpedia.org/property/janSun	"18.199999999999999289"^^http://www.w3.org/2001/XMLSchema#decimal
http://www.w3.org/2002/07/owl#sameAs	http://fr.dbpedia.org/resource/Hveragerði
http://dbpedia.org/property/junRecordLowC	"-1.3000000000000000444"^^http://www.w3.org/2001/XMLSchema#decimal
http://dbpedia.org/property/mayRecordHighC	"19.199999999999999289"^^http://www.w3.org/2001/XMLSchema#decimal
http://dbpedia.org/property/singleLine	"y"^^http://www.w3.org/1999/02/22-rdf-syntax-ns#langString
http://dbpedia.org/property/decPrecipitationMm	"146.19999999999998863"^^http://www.w3.org/2001/XMLSchema#decimal
http://dbpedia.org/ontology/thumbnail	http://commons.wikimedia.org/wiki/Special:FilePath/Hvergerdi_Wool_Mill_Remains,_Iceland.jpg?width=300
http://dbpedia.org/property/augLowC	"8.3000000000000007105"^^http://www.w3.org/2001/XMLSchema#decimal
http://dbpedia.org/property/febMeanC	"-0.10000000000000000555"^^http://www.w3.org/2001/XMLSchema#decimal
http://dbpedia.org/property/febPrecipitationMm	"139.59999999999999432"^^http://www.w3.org/2001/XMLSchema#decimal
http://dbpedia.org/ontology/abstract	"Hveragerði (z isl. hver oznacza źródło termalne, zaś gerði to czas przeszły, l. poj. od czasownika gera – stawać się; czyli dosłownie: stał się cieplicą) – miasto położone w południowo-zachodniej części Islandii, zamieszkane przez ok. 1800 osób, przy drodze krajowej nr 1. Występują tu pola geotermalne, które zostały wykorzystane i wybudowano szklarnie, w których wytwarza się klimat tropikalny. Dzięki temu miasto jest centrum uprawy owoców, warzyw i kwiatów. Grýta to najbardziej znane gorące źródło na tym terenie. Wybucha co dwie godziny, a słup gorącej wody osiąga wysokość 12 m. Hveragerði dość często nawiedzane jest przez trzęsienia ziemi i wtedy pojawiają się nowe gorące źródła, a dotychczasowe zanikają. W mieście działa szkoła ogrodnicza oraz klinika medycyny i rehabilitacji. Ciekawe miejsca niedaleko miasta: 
*  jezioro Þingvallavatn, 
*  wulkan Hengill, 
*  dolina Gufudalur (Dolina Pary), znajdują się w niej liczne jeziorka, źródła gorącej wody i gejzery, z których wydobywają się gorące pary i gazy. W dolinie znajduje się również pole golfowe."@pl
http://www.w3.org/2000/01/rdf-schema#label	"惠拉蓋爾濟"@zh
http://dbpedia.org/property/marRecordLowC	"-14.900000000000000355"^^http://www.w3.org/2001/XMLSchema#decimal
http://dbpedia.org/property/novRecordHighC	"10.900000000000000355"^^http://www.w3.org/2001/XMLSchema#decimal
http://dbpedia.org/property/julHighC	"14"^^http://www.w3.org/2001/XMLSchema#integer
http://dbpedia.org/property/novHighC	"3.7999999999999998224"^^http://www.w3.org/2001/XMLSchema#decimal
http://dbpedia.org/property/novLowC	"-0.2999999999999999889"^^http://www.w3.org/2001/XMLSchema#decimal
http://dbpedia.org/property/febRecordLowC	"-12.699999999999999289"^^http://www.w3.org/2001/XMLSchema#decimal
http://dbpedia.org/property/julMeanC	"10.800000000000000711"^^http://www.w3.org/2001/XMLSchema#decimal
http://dbpedia.org/property/mayRecordLowC	"-7.2999999999999998224"^^http://www.w3.org/2001/XMLSchema#decimal
http://dbpedia.org/property/decSun	"14.099999999999999645"^^http://www.w3.org/2001/XMLSchema#decimal
http://dbpedia.org/property/manager	"Aldís Hafsteinsdóttir"^^http://www.w3.org/1999/02/22-rdf-syntax-ns#langString
http://dbpedia.org/property/novMeanC	"1.8000000000000000444"^^http://www.w3.org/2001/XMLSchema#decimal
http://dbpedia.org/property/augRecordHighC	"21"^^http://www.w3.org/2001/XMLSchema#integer
http://dbpedia.org/property/source	http://dbpedia.org/resource/Icelandic_Meteorological_Office
http://dbpedia.org/property/sepRecordLowC	"-3.1000000000000000888"^^http://www.w3.org/2001/XMLSchema#decimal
http://dbpedia.org/property/julSun	"142.30000000000001137"^^http://www.w3.org/2001/XMLSchema#decimal
http://dbpedia.org/property/marLowC	"-2.6000000000000000888"^^http://www.w3.org/2001/XMLSchema#decimal
http://purl.org/dc/terms/subject	http://dbpedia.org/resource/Category:Populated_places_in_Southern_Region_(Iceland)
http://dbpedia.org/property/febLowC	"-2.6000000000000000888"^^http://www.w3.org/2001/XMLSchema#decimal
http://dbpedia.org/property/marSun	"100.79999999999999716"^^http://www.w3.org/2001/XMLSchema#decimal
http://dbpedia.org/property/julPrecipitationMm	"141.5"^^http://www.w3.org/2001/XMLSchema#decimal
http://dbpedia.org/property/octPrecipitationMm	"149.30000000000001137"^^http://www.w3.org/2001/XMLSchema#decimal
http://dbpedia.org/property/decRecordLowC	"-13.699999999999999289"^^http://www.w3.org/2001/XMLSchema#decimal
http://dbpedia.org/property/decMeanC	"0.10000000000000000555"^^http://www.w3.org/2001/XMLSchema#decimal
http://dbpedia.org/property/augSun	"125.20000000000000284"^^http://www.w3.org/2001/XMLSchema#decimal
http://dbpedia.org/property/decHighC	"2.3999999999999999112"^^http://www.w3.org/2001/XMLSchema#decimal
http://dbpedia.org/property/sepHighC	"10.300000000000000711"^^http://www.w3.org/2001/XMLSchema#decimal
http://www.w3.org/ns/prov#wasDerivedFrom	http://en.wikipedia.org/wiki/Hveragerði?oldid=739844685
http://dbpedia.org/property/mayPrecipitationMm	"127"^^http://www.w3.org/2001/XMLSchema#integer
http://dbpedia.org/property/name	"Hveragerðisbær"^^http://www.w3.org/1999/02/22-rdf-syntax-ns#langString
http://dbpedia.org/property/octHighC	"6.2999999999999998224"^^http://www.w3.org/2001/XMLSchema#decimal
http://dbpedia.org/property/novRecordLowC	"-11.199999999999999289"^^http://www.w3.org/2001/XMLSchema#decimal
http://dbpedia.org/property/sepMeanC	"7.5999999999999996447"^^http://www.w3.org/2001/XMLSchema#decimal
http://dbpedia.org/property/octMeanC	"4.2999999999999998224"^^http://www.w3.org/2001/XMLSchema#decimal
http://dbpedia.org/property/octRecordLowC	"-7.0999999999999996447"^^http://www.w3.org/2001/XMLSchema#decimal
http://dbpedia.org/property/caption	"remains of a 20th century wool mill in Hveragerði, by the river Varmá"^^http://www.w3.org/1999/02/22-rdf-syntax-ns#langString
http://dbpedia.org/property/postalCodes	"810"^^http://www.w3.org/2001/XMLSchema#integer
http://dbpedia.org/property/augRecordLowC	"0.9000000000000000222"^^http://www.w3.org/2001/XMLSchema#decimal
http://dbpedia.org/property/mayLowC	"3.7999999999999998224"^^http://www.w3.org/2001/XMLSchema#decimal
http://www.w3.org/1999/02/22-rdf-syntax-ns#type	http://dbpedia.org/class/yago/Spring109443453
http://dbpedia.org/property/region	http://dbpedia.org/resource/Southern_Region_(Iceland)
http://dbpedia.org/property/populationDensity	"259.22000000000002728"^^http://www.w3.org/2001/XMLSchema#decimal
http://dbpedia.org/property/febHighC	"2.2000000000000001776"^^http://www.w3.org/2001/XMLSchema#decimal
http://dbpedia.org/property/sepRecordHighC	"18.5"^^http://www.w3.org/2001/XMLSchema#decimal
http://xmlns.com/foaf/0.1/isPrimaryTopicOf	http://en.wikipedia.org/wiki/Hveragerði
http://dbpedia.org/property/junSun	"150.80000000000001137"^^http://www.w3.org/2001/XMLSchema#decimal
http://dbpedia.org/property/populationTotal	"2333"^^http://www.w3.org/2001/XMLSchema#integer
http://dbpedia.org/property/junMeanC	"9"^^http://www.w3.org/2001/XMLSchema#integer
http://dbpedia.org/property/janLowC	"-2.7000000000000001776"^^http://www.w3.org/2001/XMLSchema#decimal
http://dbpedia.org/property/stadium	http://dbpedia.org/resource/2011_Icelandic_Cup
http://www.w3.org/2000/01/rdf-schema#comment	"Hveragerði (isl. Hveragerðisbær) ist eine Stadtgemeinde im Süden von Island etwa 40 km östlich von Reykjavík mit 2333 Einwohnern (Stand: 1. Januar 2014). Die Gemeinde liegt am Fluss Varmá und wird von der Gemeinde Ölfus umschlossen."@de
http://dbpedia.org/property/mayHighC	"9.3000000000000007105"^^http://www.w3.org/2001/XMLSchema#decimal
http://xmlns.com/foaf/0.1/primaryTopic	http://en.wikipedia.org/wiki/Hveragerði
http://dbpedia.org/property/constituency	http://dbpedia.org/resource/South_Constituency
http://dbpedia.org/property/aprHighC	"5"^^http://www.w3.org/2001/XMLSchema#integer
http://dbpedia.org/ontology/wikiPageRedirects	http://dbpedia.org/resource/Hveragerðisbær
http://dbpedia.org/property/augPrecipitationMm	"159.09999999999999432"^^http://www.w3.org/2001/XMLSchema#decimal
http://dbpedia.org/ontology/wikiPageID	"667834"^^http://www.w3.org/2001/XMLSchema#integer
http://dbpedia.org/property/areaTotal	"9"^^http://www.w3.org/2001/XMLSchema#integer
http://dbpedia.org/property/janPrecipitationMm	"138.5"^^http://www.w3.org/2001/XMLSchema#decimal
http://dbpedia.org/ontology/birthPlace	http://dbpedia.org/resource/Bjarni_Harðarson
http://dbpedia.org/property/metricFirst	"y"^^http://www.w3.org/1999/02/22-rdf-syntax-ns#langString
http://dbpedia.org/property/marRecordHighC	"8.5999999999999996447"^^http://www.w3.org/2001/XMLSchema#decimal
http://xmlns.com/foaf/0.1/depiction	http://commons.wikimedia.org/wiki/Special:FilePath/Hvergerdi_Wool_Mill_Remains,_Iceland.jpg
http://purl.org/linguistics/gold/hypernym	http://dbpedia.org/resource/Town
http://dbpedia.org/property/sepLowC	"5.4000000000000003553"^^http://www.w3.org/2001/XMLSchema#decimal
http://dbpedia.org/ontology/ground	http://dbpedia.org/resource/Knattspyrnudeild_Hamars
http://dbpedia.org/property/precipitationColour	"green"^^http://www.w3.org/1999/02/22-rdf-syntax-ns#langString
