#---Properties and values from: http://dbpedia.org/resource/Upper_Hutt
Property	Value
http://xmlns.com/foaf/0.1/name	"Orongomai"@en
http://dbpedia.org/ontology/wikiPageExternalLink	http://uhcl.recollect.co.nz/
http://dbpedia.org/property/timezoneDst	"NZDT"^^http://www.w3.org/1999/02/22-rdf-syntax-ns#langString
http://dbpedia.org/ontology/deathPlace	http://dbpedia.org/resource/Pixie_Williams
http://www.w3.org/2003/01/geo/wgs84_pos#long	"175.0500030517578125"^^http://www.w3.org/2001/XMLSchema#float
http://dbpedia.org/property/subdivisionType	"Region"^^http://www.w3.org/1999/02/22-rdf-syntax-ns#langString
http://dbpedia.org/property/location	http://dbpedia.org/resource/Maidstone_Park
http://dbpedia.org/ontology/isPartOf	http://dbpedia.org/resource/Wellington_Region
http://purl.org/dc/terms/subject	http://dbpedia.org/resource/Category:Main_urban_areas_in_New_Zealand
http://dbpedia.org/ontology/wikiPageDisambiguates	http://dbpedia.org/resource/Hutt
http://dbpedia.org/property/birthPlace	http://dbpedia.org/resource/Jonny_Bentley
http://dbpedia.org/ontology/postalCode	"5018, 5019"
http://dbpedia.org/ontology/leaderName	http://dbpedia.org/resource/Wayne_Guppy
http://www.w3.org/ns/prov#wasDerivedFrom	http://en.wikipedia.org/wiki/Upper_Hutt?oldid=742837617
http://dbpedia.org/ontology/timeZone	http://dbpedia.org/resource/Time_in_New_Zealand
http://dbpedia.org/property/totalType	"Territorial"^^http://www.w3.org/1999/02/22-rdf-syntax-ns#langString
http://dbpedia.org/ontology/areaCode	"04"
http://dbpedia.org/property/destinations	http://dbpedia.org/resource/New_Zealand_State_Highway_2
http://dbpedia.org/ontology/areaLand	"540000000.0"^^http://www.w3.org/2001/XMLSchema#decimal
http://dbpedia.org/ontology/city	http://dbpedia.org/resource/New_Zealand_Defence_College
http://dbpedia.org/property/parts	http://dbpedia.org/resource/Clouston_Park
http://dbpedia.org/ontology/routeStartLocation	http://dbpedia.org/resource/Rimutaka_Tunnel
http://dbpedia.org/ontology/foundationPlace	http://dbpedia.org/resource/Almac_(automobile)
http://dbpedia.org/property/establishedTitle	"Borough status"^^http://www.w3.org/1999/02/22-rdf-syntax-ns#langString
http://dbpedia.org/property/mapsize	"200"^^http://www.w3.org/2001/XMLSchema#integer
http://www.w3.org/2000/01/rdf-schema#seeAlso	http://dbpedia.org/resource/The_Wellington_Region
http://xmlns.com/foaf/0.1/homepage	http://upperhuttcity.com
http://www.w3.org/1999/02/22-rdf-syntax-ns#type	http://schema.org/City
http://dbpedia.org/ontology/wikiPageRevisionID	"742837617"^^http://www.w3.org/2001/XMLSchema#integer
http://dbpedia.org/property/mapCaption	"The location of Upper Hutt City within Wellington Region"^^http://www.w3.org/1999/02/22-rdf-syntax-ns#langString
http://dbpedia.org/property/ruProfessionalclubs	http://dbpedia.org/resource/Jason_Woodward
http://dbpedia.org/property/governmentType	"City Council"^^http://www.w3.org/1999/02/22-rdf-syntax-ns#langString
http://dbpedia.org/property/imageMap	"Upper Hutt City within Wellington Region.png"^^http://www.w3.org/1999/02/22-rdf-syntax-ns#langString
http://dbpedia.org/ontology/hometown	http://dbpedia.org/resource/Teremoana_Rapley
http://xmlns.com/foaf/0.1/isPrimaryTopicOf	http://en.wikipedia.org/wiki/Upper_Hutt
http://dbpedia.org/property/postalCodeType	"Postcode"^^http://www.w3.org/1999/02/22-rdf-syntax-ns#langString
http://dbpedia.org/ontology/headquarter	http://dbpedia.org/resource/New_Zealand_Association_of_Radio_Transmitters
http://dbpedia.org/property/populationTotal	"|R"^^http://www.w3.org/1999/02/22-rdf-syntax-ns#langString
http://www.w3.org/2000/01/rdf-schema#comment	"Upper Hutt is een stad in de regio Wellington op het Noordereiland van Nieuw-Zeeland.Upper Hutt ligt 30 km noordoost van de stad Wellington, en is gebouwd in de noordelijke vallei van de Hutt River. Er loopt een treinverbinding naar Wellington."@nl
http://dbpedia.org/ontology/type	http://dbpedia.org/resource/Territorial_authorities_of_New_Zealand
http://dbpedia.org/property/partsStyle	"coll"^^http://www.w3.org/1999/02/22-rdf-syntax-ns#langString
http://xmlns.com/foaf/0.1/primaryTopic	http://en.wikipedia.org/wiki/Upper_Hutt
http://dbpedia.org/ontology/leaderTitle	"Mayor"@en
http://dbpedia.org/ontology/wikiPageRedirects	http://dbpedia.org/resource/Upper_Hutt_City_Council
http://www.w3.org/2002/07/owl#sameAs	http://de.dbpedia.org/resource/Upper_Hutt
http://www.w3.org/2003/01/geo/wgs84_pos#lat	"-41.133335113525390625"^^http://www.w3.org/2001/XMLSchema#float
http://www.georss.org/georss/point	"-41.13333333333333 175.05"
http://dbpedia.org/ontology/thumbnail	http://en.wikipedia.org/wiki/Special:FilePath/Upper_Hutt_City_within_Wellington_Region.png?width=300
http://dbpedia.org/ontology/locationCity	http://dbpedia.org/resource/Almac_(automobile)
http://dbpedia.org/ontology/wikiPageID	"165109"^^http://www.w3.org/2001/XMLSchema#integer
http://dbpedia.org/property/team	http://dbpedia.org/resource/2010_Chatham_Cup
http://dbpedia.org/ontology/location	http://dbpedia.org/resource/Golder_Cottage
http://dbpedia.org/ontology/utcOffset	"+12"
http://dbpedia.org/ontology/birthPlace	http://dbpedia.org/resource/Jonny_Bentley
http://dbpedia.org/property/partsType	"Suburbs"^^http://www.w3.org/1999/02/22-rdf-syntax-ns#langString
http://xmlns.com/foaf/0.1/depiction	http://en.wikipedia.org/wiki/Special:FilePath/Upper_Hutt_City_within_Wellington_Region.png
http://purl.org/linguistics/gold/hypernym	http://dbpedia.org/resource/City
http://dbpedia.org/property/establishedDate	"1908"^^http://www.w3.org/2001/XMLSchema#integer
http://dbpedia.org/ontology/abstract	"Upper Hutt, offiziell Upper Hutt City genannt, ist eine Stadt und zugleich eigenständige Territorial Authority (Gebietskörperschaft) in der Region Wellington im Süden der Nordinsel von Neuseeland. Der Rat der Stadt wird Upper Hutt City Council genannt."@de
http://www.w3.org/2003/01/geo/wgs84_pos#geometry	"POINT(175.05000305176 -41.133335113525)"^^http://www.openlinksw.com/schemas/virtrdf#Geometry
http://www.w3.org/2000/01/rdf-schema#label	"Upper Hutt"@it
http://dbpedia.org/property/subdivisionName	"Upper Hutt City"^^http://www.w3.org/1999/02/22-rdf-syntax-ns#langString
