#---Properties and values from: http://dbpedia.org/resource/Nyírkarász
Property	Value
http://dbpedia.org/property/lats	"47"^^http://www.w3.org/2001/XMLSchema#integer
http://dbpedia.org/property/populationDensityKm	"auto"^^http://www.w3.org/1999/02/22-rdf-syntax-ns#langString
http://dbpedia.org/ontology/wikiPageRevisionID	"649192935"^^http://www.w3.org/2001/XMLSchema#integer
http://dbpedia.org/property/latm	"5"^^http://www.w3.org/2001/XMLSchema#integer
http://dbpedia.org/property/areaCode	"74"^^http://www.w3.org/2001/XMLSchema#integer
http://dbpedia.org/property/website	"www.nyirkarasz.hu"^^http://www.w3.org/1999/02/22-rdf-syntax-ns#langString
http://dbpedia.org/property/county	"Szabolcs-Szatmár-Bereg"^^http://www.w3.org/1999/02/22-rdf-syntax-ns#langString
http://xmlns.com/foaf/0.1/isPrimaryTopicOf	http://en.wikipedia.org/wiki/Nyírkarász
http://dbpedia.org/property/postalCodeType	http://dbpedia.org/resource/Postal_code
http://dbpedia.org/property/longm	"6"^^http://www.w3.org/2001/XMLSchema#integer
http://dbpedia.org/property/populationTotal	"2297"^^http://www.w3.org/2001/XMLSchema#integer
http://dbpedia.org/property/longs	"2"^^http://www.w3.org/2001/XMLSchema#integer
http://dbpedia.org/property/populationAsOf	"2011"^^http://www.w3.org/2001/XMLSchema#integer
http://purl.org/dc/terms/subject	http://dbpedia.org/resource/Category:Populated_places_in_Szabolcs-Szatmár-Bereg_County
http://www.w3.org/2000/01/rdf-schema#comment	"尼尔考拉斯（匈牙利语：Nyírkarász），是匈牙利索博尔奇-索特马尔-贝拉格州所辖的一个村。总面积41.43平方公里，总人口2333，人口密度56.3人/平方公里（2011年1月1日）。"@zh
http://dbpedia.org/property/longd	"22"^^http://www.w3.org/2001/XMLSchema#integer
http://xmlns.com/foaf/0.1/primaryTopic	http://en.wikipedia.org/wiki/Nyírkarász
http://www.w3.org/2002/07/owl#sameAs	http://fr.dbpedia.org/resource/Nyírkarász
http://dbpedia.org/ontology/wikiPageRedirects	http://dbpedia.org/resource/Nyirkarasz
http://dbpedia.org/ontology/wikiPageID	"43222694"^^http://www.w3.org/2001/XMLSchema#integer
http://www.w3.org/ns/prov#wasDerivedFrom	http://en.wikipedia.org/wiki/Nyírkarász?oldid=649192935
http://dbpedia.org/property/coordinatesDisplay	"inline,title"^^http://www.w3.org/1999/02/22-rdf-syntax-ns#langString
http://dbpedia.org/property/name	"Nyírkarász"^^http://www.w3.org/1999/02/22-rdf-syntax-ns#langString
http://dbpedia.org/property/areaTotalKm	"41.399999999999998579"^^http://www.w3.org/2001/XMLSchema#decimal
http://purl.org/linguistics/gold/hypernym	http://dbpedia.org/resource/Village
http://dbpedia.org/property/latd	"48"^^http://www.w3.org/2001/XMLSchema#integer
http://dbpedia.org/property/postalCode	"4544"^^http://www.w3.org/2001/XMLSchema#integer
http://dbpedia.org/ontology/abstract	"Nyírkarász is een plaats (község) en gemeente in het Hongaarse comitaat Szabolcs-Szatmár-Bereg. Nyírkarász telt 2383 inwoners (2001)."@nl
http://www.w3.org/2000/01/rdf-schema#label	"Nyírkarász"@nl
http://xmlns.com/foaf/0.1/homepage	http://www.nyirkarasz.hu
http://www.w3.org/1999/02/22-rdf-syntax-ns#type	http://dbpedia.org/ontology/Village
