#---Properties and values from: http://dbpedia.org/resource/Sofia_City_Province
Property	Value
http://dbpedia.org/ontology/wikiPageRevisionID	"731318418"^^http://www.w3.org/2001/XMLSchema#integer
http://dbpedia.org/property/titlebar	"#ddd"^^http://www.w3.org/1999/02/22-rdf-syntax-ns#langString
http://dbpedia.org/property/imageMap	"Sofia-Capital in Bulgaria.svg"^^http://www.w3.org/1999/02/22-rdf-syntax-ns#langString
http://xmlns.com/foaf/0.1/isPrimaryTopicOf	http://en.wikipedia.org/wiki/Sofia_City_Province
http://dbpedia.org/property/left	"Ethnic group"^^http://www.w3.org/1999/02/22-rdf-syntax-ns#langString
http://dbpedia.org/property/populationTotal	"1442927"^^http://www.w3.org/2001/XMLSchema#integer
http://dbpedia.org/property/populationAsOf	"April 2016"^^http://www.w3.org/1999/02/22-rdf-syntax-ns#langString
http://dbpedia.org/ontology/isPartOf	http://dbpedia.org/resource/Sofia
http://purl.org/dc/terms/subject	http://dbpedia.org/resource/Category:Sofia_City_Province
http://www.w3.org/2000/01/rdf-schema#comment	"Obwód miejski Sofia (bułg. Област София) – jedna z 28 jednostek administracyjnych Bułgarii. Położona w zachodniej części kraju. Zawiera w sobie stolicę Bułgarii - Sofię."@pl
http://dbpedia.org/property/right	"percent"^^http://www.w3.org/1999/02/22-rdf-syntax-ns#langString
http://dbpedia.org/ontology/locatedInArea	http://dbpedia.org/resource/Vitosha
http://xmlns.com/foaf/0.1/primaryTopic	http://en.wikipedia.org/wiki/Sofia_City_Province
http://www.w3.org/2002/07/owl#sameAs	http://fr.dbpedia.org/resource/Sofia-ville_(oblast)
http://dbpedia.org/ontology/wikiPageRedirects	http://dbpedia.org/resource/Grad_Sofiya
http://dbpedia.org/ontology/thumbnail	http://commons.wikimedia.org/wiki/Special:FilePath/Sofia-Capital_in_Bulgaria.svg?width=300
http://dbpedia.org/ontology/wikiPageID	"44337919"^^http://www.w3.org/2001/XMLSchema#integer
http://dbpedia.org/property/capital	http://dbpedia.org/resource/Sofia
http://www.w3.org/ns/prov#wasDerivedFrom	http://en.wikipedia.org/wiki/Sofia_City_Province?oldid=731318418
http://dbpedia.org/property/areaTotalKm	"1344"^^http://www.w3.org/2001/XMLSchema#integer
http://dbpedia.org/property/float	"right"^^http://www.w3.org/1999/02/22-rdf-syntax-ns#langString
http://xmlns.com/foaf/0.1/depiction	http://commons.wikimedia.org/wiki/Special:FilePath/Sofia-Capital_in_Bulgaria.svg
http://purl.org/linguistics/gold/hypernym	http://dbpedia.org/resource/Province
http://dbpedia.org/property/nativeName	"Област София-град"^^http://www.w3.org/1999/02/22-rdf-syntax-ns#langString
http://dbpedia.org/ontology/abstract	"L'oblast de Sofia-ville (en bulgare: Област София-град) est l'une des 28 oblasts (« province », « région », « district ») de Bulgarie. Son chef-lieu est la ville de Sofia. N'est pas à confondre avec l'oblast de Sofia, qui est situe autour l'oblast de Sofia-ville."@fr
http://dbpedia.org/property/title	"Ethnic groups"^^http://www.w3.org/1999/02/22-rdf-syntax-ns#langString
http://www.w3.org/2000/01/rdf-schema#label	"Sofia City Province"@en
http://www.w3.org/1999/02/22-rdf-syntax-ns#type	http://dbpedia.org/ontology/Settlement
