#---Properties and values from: http://dbpedia.org/resource/Smolyan_Province
Property	Value
http://dbpedia.org/ontology/wikiPageExternalLink	http://region-smolyan.org/
http://www.w3.org/2003/01/geo/wgs84_pos#long	"24.583333969116210938"^^http://www.w3.org/2001/XMLSchema#float
http://dbpedia.org/property/west	http://dbpedia.org/resource/Kardzhali_Province
http://dbpedia.org/ontology/isPartOf	http://dbpedia.org/resource/Arda,_Bulgaria
http://purl.org/dc/terms/subject	http://dbpedia.org/resource/Category:Smolyan_Province
http://dbpedia.org/property/capital	http://dbpedia.org/resource/Smolyan
http://www.w3.org/ns/prov#wasDerivedFrom	http://en.wikipedia.org/wiki/Smolyan_Province?oldid=740811197
http://dbpedia.org/property/areaTotalKm	"3192.8000000000001819"^^http://www.w3.org/2001/XMLSchema#decimal
http://dbpedia.org/property/float	"right"^^http://www.w3.org/1999/02/22-rdf-syntax-ns#langString
http://dbpedia.org/property/southeast	http://dbpedia.org/resource/Pazardzhik_Province
http://dbpedia.org/property/licensePlate	"CM"^^http://www.w3.org/1999/02/22-rdf-syntax-ns#langString
http://xmlns.com/foaf/0.1/homepage	http://region-smolyan.org/
http://www.w3.org/1999/02/22-rdf-syntax-ns#type	http://dbpedia.org/class/yago/YagoPermanentlyLocatedEntity
http://dbpedia.org/ontology/wikiPageRevisionID	"740811197"^^http://www.w3.org/2001/XMLSchema#integer
http://dbpedia.org/property/titlebar	"#ddd"^^http://www.w3.org/1999/02/22-rdf-syntax-ns#langString
http://dbpedia.org/property/north	http://dbpedia.org/resource/Plovdiv_Province
http://dbpedia.org/property/imageMap	"Smolyan in Bulgaria.svg"^^http://www.w3.org/1999/02/22-rdf-syntax-ns#langString
http://dbpedia.org/property/website	http://region-smolyan.org/
http://xmlns.com/foaf/0.1/isPrimaryTopicOf	http://en.wikipedia.org/wiki/Smolyan_Province
http://dbpedia.org/ontology/hometown	http://dbpedia.org/resource/Valya_Balkanska
http://dbpedia.org/property/left	"Ethnic group"^^http://www.w3.org/1999/02/22-rdf-syntax-ns#langString
http://dbpedia.org/property/municipalities	"10"^^http://www.w3.org/2001/XMLSchema#integer
http://dbpedia.org/property/governor	"Stefan Staykov"^^http://www.w3.org/1999/02/22-rdf-syntax-ns#langString
http://dbpedia.org/property/populationTotal	"121572"^^http://www.w3.org/2001/XMLSchema#integer
http://dbpedia.org/property/populationAsOf	"February 2011"^^http://www.w3.org/1999/02/22-rdf-syntax-ns#langString
http://dbpedia.org/property/northwest	http://dbpedia.org/resource/Pazardzhik_Province
http://www.w3.org/2000/01/rdf-schema#comment	"مقاطعة سموليان (بالبلغارية: Област Смолян) وهي أوبلاست (مُقاطعة) تقع جنوب بلغاريا. وهي إحدى المُقاطعات الـ28 في بلغاريا. تقع فيها جبال رودوب، ولها حدود مُشتركة مع اليونان في الجنوب. سُميت المقاطعة على إسم عاصمتها وأهم مُدنها سموليان. تبلُغ مساحة المقاطعة 3,192.8 كم². وقُسمت المقاطعة لـ10 بلديات، بعدد سكان 121,572 نسمة سنة 2011."@ar
http://dbpedia.org/property/right	"Percentage"^^http://www.w3.org/1999/02/22-rdf-syntax-ns#langString
http://dbpedia.org/property/south	http://dbpedia.org/resource/Plovdiv_Province
http://dbpedia.org/ontology/locatedInArea	http://dbpedia.org/resource/Golyam_Perelik
http://xmlns.com/foaf/0.1/primaryTopic	http://en.wikipedia.org/wiki/Smolyan_Province
http://dbpedia.org/property/east	http://dbpedia.org/resource/Kardzhali_Province
http://www.w3.org/2002/07/owl#sameAs	http://wikidata.dbpedia.org/resource/Q2012430
http://dbpedia.org/ontology/wikiPageRedirects	http://dbpedia.org/resource/Smolyan_District
http://www.w3.org/2003/01/geo/wgs84_pos#lat	"41.666667938232421875"^^http://www.w3.org/2001/XMLSchema#float
http://www.georss.org/georss/point	"41.666666666666664 24.583333333333332"
http://dbpedia.org/ontology/thumbnail	http://commons.wikimedia.org/wiki/Special:FilePath/Smolyan_in_Bulgaria.svg?width=300
http://dbpedia.org/ontology/wikiPageID	"588998"^^http://www.w3.org/2001/XMLSchema#integer
http://dbpedia.org/ontology/location	http://dbpedia.org/resource/Yagodinska_cave
http://dbpedia.org/ontology/birthPlace	http://dbpedia.org/resource/Vladimir_Urutchev
http://dbpedia.org/property/centre	"Smolyan Province"^^http://www.w3.org/1999/02/22-rdf-syntax-ns#langString
http://xmlns.com/foaf/0.1/depiction	http://commons.wikimedia.org/wiki/Special:FilePath/Smolyan_in_Bulgaria.svg
http://purl.org/linguistics/gold/hypernym	http://dbpedia.org/resource/Province
http://dbpedia.org/property/nativeName	"Област Смолян"^^http://www.w3.org/1999/02/22-rdf-syntax-ns#langString
http://dbpedia.org/ontology/abstract	"مقاطعة سموليان (بالبلغارية: Област Смолян) وهي أوبلاست (مُقاطعة) تقع جنوب بلغاريا. وهي إحدى المُقاطعات الـ28 في بلغاريا. تقع فيها جبال رودوب، ولها حدود مُشتركة مع اليونان في الجنوب. سُميت المقاطعة على إسم عاصمتها وأهم مُدنها سموليان. تبلُغ مساحة المقاطعة 3,192.8 كم². وقُسمت المقاطعة لـ10 بلديات، بعدد سكان 121,572 نسمة سنة 2011."@ar
http://www.w3.org/2003/01/geo/wgs84_pos#geometry	"POINT(24.583333969116 41.666667938232)"^^http://www.openlinksw.com/schemas/virtrdf#Geometry
http://dbpedia.org/property/title	"Ethnic groups in Smolyan Province"^^http://www.w3.org/1999/02/22-rdf-syntax-ns#langString
http://www.w3.org/2000/01/rdf-schema#label	"斯莫梁州"@zh
