#---Properties and values from: http://dbpedia.org/resource/Cerro_Corá,_Rio_Grande_do_Norte
Property	Value
http://dbpedia.org/property/lats	"45"^^http://www.w3.org/2001/XMLSchema#integer
http://dbpedia.org/ontology/wikiPageRevisionID	"721404575"^^http://www.w3.org/2001/XMLSchema#integer
http://dbpedia.org/property/latm	"2"^^http://www.w3.org/2001/XMLSchema#integer
http://dbpedia.org/property/latns	"S"^^http://www.w3.org/1999/02/22-rdf-syntax-ns#langString
http://dbpedia.org/property/imageMap	"RioGrandedoNorte Municip CerroCora.svg"^^http://www.w3.org/1999/02/22-rdf-syntax-ns#langString
http://xmlns.com/foaf/0.1/isPrimaryTopicOf	http://en.wikipedia.org/wiki/Cerro_Corá,_Rio_Grande_do_Norte
http://dbpedia.org/property/longm	"20"^^http://www.w3.org/2001/XMLSchema#integer
http://dbpedia.org/property/populationTotal	"10935"^^http://www.w3.org/2001/XMLSchema#integer
http://dbpedia.org/property/longs	"45"^^http://www.w3.org/2001/XMLSchema#integer
http://dbpedia.org/property/populationAsOf	"2003"^^http://www.w3.org/2001/XMLSchema#integer
http://purl.org/dc/terms/subject	http://dbpedia.org/resource/Category:Municipalities_in_Rio_Grande_do_Norte
http://dbpedia.org/property/state	"RN"^^http://www.w3.org/1999/02/22-rdf-syntax-ns#langString
http://dbpedia.org/ontology/wikiPageDisambiguates	http://dbpedia.org/resource/Cerro_Corá
http://www.w3.org/2000/01/rdf-schema#comment	"Cerro Corá est une municipalité brésilienne située dans l'État du Rio Grande do Norte."@fr
http://dbpedia.org/property/longd	"36"^^http://www.w3.org/2001/XMLSchema#integer
http://xmlns.com/foaf/0.1/primaryTopic	http://en.wikipedia.org/wiki/Cerro_Corá,_Rio_Grande_do_Norte
http://dbpedia.org/ontology/wikiPageRedirects	http://dbpedia.org/resource/Cerro_Cora,_Rio_Grande_do_Norte
http://www.w3.org/2002/07/owl#sameAs	http://dbpedia.org/resource/Cerro_Corá,_Rio_Grande_do_Norte
http://dbpedia.org/ontology/thumbnail	http://commons.wikimedia.org/wiki/Special:FilePath/RioGrandedoNorte_Municip_CerroCora.svg?width=300
http://dbpedia.org/ontology/wikiPageID	"7095764"^^http://www.w3.org/2001/XMLSchema#integer
http://dbpedia.org/property/areaTotal	"394"^^http://www.w3.org/2001/XMLSchema#integer
http://www.w3.org/ns/prov#wasDerivedFrom	http://en.wikipedia.org/wiki/Cerro_Corá,_Rio_Grande_do_Norte?oldid=721404575
http://dbpedia.org/property/name	"Cerro Corá"^^http://www.w3.org/1999/02/22-rdf-syntax-ns#langString
http://xmlns.com/foaf/0.1/depiction	http://commons.wikimedia.org/wiki/Special:FilePath/RioGrandedoNorte_Municip_CerroCora.svg
http://purl.org/linguistics/gold/hypernym	http://dbpedia.org/resource/Municipality
http://dbpedia.org/property/latd	"6"^^http://www.w3.org/2001/XMLSchema#integer
http://dbpedia.org/ontology/abstract	"Cerro Corá is een gemeente in de Braziliaanse deelstaat Rio Grande do Norte. De gemeente telt 11.207 inwoners (schatting 2009)."@nl
http://www.w3.org/2000/01/rdf-schema#label	"Серру-Кора (Риу-Гранди-ду-Норти)"@ru
http://www.w3.org/1999/02/22-rdf-syntax-ns#type	http://dbpedia.org/class/yago/Object100002684
