#---Properties and values from: http://dbpedia.org/resource/Nyírparasznya
Property	Value
http://dbpedia.org/property/lats	"29"^^http://www.w3.org/2001/XMLSchema#integer
http://dbpedia.org/property/populationDensityKm	"auto"^^http://www.w3.org/1999/02/22-rdf-syntax-ns#langString
http://dbpedia.org/ontology/wikiPageRevisionID	"679815203"^^http://www.w3.org/2001/XMLSchema#integer
http://dbpedia.org/property/latm	"1"^^http://www.w3.org/2001/XMLSchema#integer
http://dbpedia.org/property/areaCode	"44"^^http://www.w3.org/2001/XMLSchema#integer
http://dbpedia.org/property/website	"www.nyirparasznya.hu"^^http://www.w3.org/1999/02/22-rdf-syntax-ns#langString
http://dbpedia.org/property/county	"Szabolcs-Szatmár-Bereg"^^http://www.w3.org/1999/02/22-rdf-syntax-ns#langString
http://xmlns.com/foaf/0.1/isPrimaryTopicOf	http://en.wikipedia.org/wiki/Nyírparasznya
http://dbpedia.org/property/postalCodeType	http://dbpedia.org/resource/Postal_code
http://dbpedia.org/property/longm	"15"^^http://www.w3.org/2001/XMLSchema#integer
http://dbpedia.org/property/populationTotal	"959"^^http://www.w3.org/2001/XMLSchema#integer
http://dbpedia.org/property/populationAsOf	"2011"^^http://www.w3.org/2001/XMLSchema#integer
http://dbpedia.org/property/longs	"49"^^http://www.w3.org/2001/XMLSchema#integer
http://purl.org/dc/terms/subject	http://dbpedia.org/resource/Category:Populated_places_in_Szabolcs-Szatmár-Bereg_County
http://www.w3.org/2000/01/rdf-schema#comment	"Nyírparasznya is a village in Szabolcs-Szatmár-Bereg County, Hungary."@en
http://dbpedia.org/property/longd	"22"^^http://www.w3.org/2001/XMLSchema#integer
http://xmlns.com/foaf/0.1/primaryTopic	http://en.wikipedia.org/wiki/Nyírparasznya
http://dbpedia.org/ontology/wikiPageRedirects	http://dbpedia.org/resource/Nyirparasznya
http://www.w3.org/2002/07/owl#sameAs	http://it.dbpedia.org/resource/Nyírparasznya
http://dbpedia.org/ontology/wikiPageID	"43222989"^^http://www.w3.org/2001/XMLSchema#integer
http://www.w3.org/ns/prov#wasDerivedFrom	http://en.wikipedia.org/wiki/Nyírparasznya?oldid=679815203
http://dbpedia.org/property/coordinatesDisplay	"inline,title"^^http://www.w3.org/1999/02/22-rdf-syntax-ns#langString
http://dbpedia.org/property/name	"Nyírparasznya"^^http://www.w3.org/1999/02/22-rdf-syntax-ns#langString
http://dbpedia.org/property/areaTotalKm	"14.800000000000000711"^^http://www.w3.org/2001/XMLSchema#decimal
http://purl.org/linguistics/gold/hypernym	http://dbpedia.org/resource/Village
http://dbpedia.org/property/latd	"48"^^http://www.w3.org/2001/XMLSchema#integer
http://dbpedia.org/property/postalCode	"4822"^^http://www.w3.org/2001/XMLSchema#integer
http://dbpedia.org/ontology/abstract	"Nyírparasznya è un comune dell'Ungheria di 941 abitanti (dati 2001). È situato nella provincia di Szabolcs-Szatmár-Bereg."@it
http://www.w3.org/2000/01/rdf-schema#label	"Nyírparasznya"@en
http://xmlns.com/foaf/0.1/homepage	http://www.nyirparasznya.hu
http://www.w3.org/1999/02/22-rdf-syntax-ns#type	http://dbpedia.org/ontology/Village
