#---Properties and values from: http://dbpedia.org/resource/Paços_de_Ferreira
Property	Value
http://dbpedia.org/ontology/wikiPageExternalLink	http://www.cm-pacosdeferreira.pt/
http://dbpedia.org/ontology/wikiPageRevisionID	"689746541"^^http://www.w3.org/2001/XMLSchema#integer
http://dbpedia.org/property/latm	"16"^^http://www.w3.org/2001/XMLSchema#integer
http://dbpedia.org/property/imageSkyline	"Jardim Paços.jpg"^^http://www.w3.org/1999/02/22-rdf-syntax-ns#langString
http://dbpedia.org/property/website	http://www.cm-pacosdeferreira.pt/
http://dbpedia.org/property/imageCaption	"The civic gardens of Paços de Ferreira"^^http://www.w3.org/1999/02/22-rdf-syntax-ns#langString
http://xmlns.com/foaf/0.1/isPrimaryTopicOf	http://en.wikipedia.org/wiki/Paços_de_Ferreira
http://dbpedia.org/property/municipality	http://dbpedia.org/resource/Freamunde
http://dbpedia.org/property/location	http://dbpedia.org/resource/2008–09_S.L._Benfica_season
http://dbpedia.org/property/longm	"24"^^http://www.w3.org/2001/XMLSchema#integer
http://dbpedia.org/property/populationTotal	"56340"^^http://www.w3.org/2001/XMLSchema#integer
http://dbpedia.org/property/populationAsOf	"2011"^^http://www.w3.org/2001/XMLSchema#integer
http://dbpedia.org/ontology/wikiPageDisambiguates	http://dbpedia.org/resource/Paços
http://dbpedia.org/property/stadium	http://dbpedia.org/resource/2003–04_Taça_de_Portugal
http://purl.org/dc/terms/subject	http://dbpedia.org/resource/Category:Paços_de_Ferreira
http://dbpedia.org/property/parishes	"[[#Geography"^^http://www.w3.org/1999/02/22-rdf-syntax-ns#langString
http://www.w3.org/2000/01/rdf-schema#comment	"Paços de Ferreira (wym. /ˈpasuʒ ðɨ fɨˈʁɐjɾɐ/ lub /fɨˈʁejɾɐ/) to miejscowość w Portugalii, leżąca w dystrykcie Porto, w regionie Północ w podregionie Tâmega. Miejscowość jest siedzibą gminy o tej samej nazwie. W mieście siedzibę ma klub piłkarski FC Paços Ferreira, uczestniczący w sezonie 2006/2007 w rozgrywkach BWINligi."@pl
http://dbpedia.org/property/cim	http://dbpedia.org/resource/Tâmega_e_Sousa
http://dbpedia.org/property/imageShield	"PFR1.png"^^http://www.w3.org/1999/02/22-rdf-syntax-ns#langString
http://dbpedia.org/property/longd	"8"^^http://www.w3.org/2001/XMLSchema#integer
http://xmlns.com/foaf/0.1/primaryTopic	http://en.wikipedia.org/wiki/Paços_de_Ferreira
http://dbpedia.org/ontology/wikiPageRedirects	http://dbpedia.org/resource/History_of_Paços_de_Ferreira
http://www.w3.org/2002/07/owl#sameAs	http://ko.dbpedia.org/resource/파수스드페헤이라
http://dbpedia.org/property/imageLocation	"LocalPacosDeFerreira.svg"^^http://www.w3.org/1999/02/22-rdf-syntax-ns#langString
http://dbpedia.org/ontology/thumbnail	http://commons.wikimedia.org/wiki/Special:FilePath/Pt-pfr3.png?width=300
http://dbpedia.org/ontology/wikiPageID	"1078361"^^http://www.w3.org/2001/XMLSchema#integer
http://dbpedia.org/property/areaTotal	"70.989999999999994884"^^http://www.w3.org/2001/XMLSchema#decimal
http://dbpedia.org/ontology/location	http://dbpedia.org/resource/Estádio_da_Mata_Real
http://dbpedia.org/ontology/birthPlace	http://dbpedia.org/resource/Pedro_das_Neves_Correia
http://www.w3.org/ns/prov#wasDerivedFrom	http://en.wikipedia.org/wiki/Paços_de_Ferreira?oldid=689746541
http://dbpedia.org/property/district	http://dbpedia.org/resource/Porto_District
http://xmlns.com/foaf/0.1/depiction	http://commons.wikimedia.org/wiki/Special:FilePath/Pt-pfr3.png
http://purl.org/linguistics/gold/hypernym	http://dbpedia.org/resource/Municipality
http://dbpedia.org/property/latd	"41"^^http://www.w3.org/2001/XMLSchema#integer
http://dbpedia.org/property/subregion	http://dbpedia.org/resource/Tâmega_Subregion
http://dbpedia.org/ontology/abstract	"Пасуш-ди-Феррейра (порт. Paços de Ferreira; ['pasuʃ dɨ fɨ'ʁɐiɾɐ ]) — город в Португалии, центр одноимённого муниципалитета в составе округа Порту. По старому административному делению входил в провинцию Дору-Литорал. Входит в экономико-статистический субрегион Тамега, который входит в Северный регион. Численность населения — 6 тыс. жителей (город), 54,8 тыс. жителей (муниципалитет) на 2004 год. Занимает площадь 72,65 км². Покровителем города считается Святая Евлалия (порт. Santa Eulália).Праздник города — 6 ноября."@ru
http://dbpedia.org/property/imageFlag	"Pt-pfr3.png"^^http://www.w3.org/1999/02/22-rdf-syntax-ns#langString
http://www.w3.org/2000/01/rdf-schema#label	"Paços de Ferreira"@de
http://dbpedia.org/ontology/team	http://dbpedia.org/resource/Alexandre_Filipe_Clemente_Leitão
http://xmlns.com/foaf/0.1/homepage	http://www.cm-pacosdeferreira.pt/
http://www.w3.org/1999/02/22-rdf-syntax-ns#type	http://dbpedia.org/class/yago/Region108630985
http://dbpedia.org/property/region	http://dbpedia.org/resource/Norte_Region,_Portugal
