#---Properties and values from: http://dbpedia.org/resource/Kollum
Property	Value
http://xmlns.com/foaf/0.1/name	"Kollum"@en
http://dbpedia.org/ontology/wikiPageRevisionID	"637326246"^^http://www.w3.org/2001/XMLSchema#integer
http://dbpedia.org/ontology/deathPlace	http://dbpedia.org/resource/Foekje_Dillema
http://dbpedia.org/property/imagesize	"280"^^http://www.w3.org/2001/XMLSchema#integer
http://dbpedia.org/property/imageSkyline	"Gemeentehuis Kollumerland.jpg"^^http://www.w3.org/1999/02/22-rdf-syntax-ns#langString
http://dbpedia.org/property/settlementType	"Village"^^http://www.w3.org/1999/02/22-rdf-syntax-ns#langString
http://www.w3.org/2003/01/geo/wgs84_pos#long	"6.1508331298828125"^^http://www.w3.org/2001/XMLSchema#float
http://dbpedia.org/property/imageCaption	"Kollum town hall"^^http://www.w3.org/1999/02/22-rdf-syntax-ns#langString
http://dbpedia.org/property/imageMap	"Map NL Kollumerlân Kollum.png"^^http://www.w3.org/1999/02/22-rdf-syntax-ns#langString
http://xmlns.com/foaf/0.1/isPrimaryTopicOf	http://en.wikipedia.org/wiki/Kollum
http://dbpedia.org/property/subdivisionType	"Province"^^http://www.w3.org/1999/02/22-rdf-syntax-ns#langString
http://dbpedia.org/ontology/country	http://dbpedia.org/resource/Netherlands
http://dbpedia.org/property/populationTotal	"c. 5500"^^http://www.w3.org/1999/02/22-rdf-syntax-ns#langString
http://purl.org/dc/terms/subject	http://dbpedia.org/resource/Category:Populated_places_in_Friesland
http://dbpedia.org/ontology/isPartOf	http://dbpedia.org/resource/Friesland
http://dbpedia.org/ontology/wikiPageDisambiguates	http://dbpedia.org/resource/Kolm
http://www.w3.org/2000/01/rdf-schema#comment	"Kollum (Low Saxon: Kölm) is a village in Kollumerland c.a. in the province Friesland of the Netherlands and has a population of around 5521 (2014). There is a restored windmill, Tochmaland in the village. It was the site of a battle during the Eighty years war in 1581. The village made national headlines after the murder of Marianne Vaatstra and subsequent riots in 1999."@en
http://dbpedia.org/ontology/place	http://dbpedia.org/resource/Battle_of_Kollum
http://xmlns.com/foaf/0.1/primaryTopic	http://en.wikipedia.org/wiki/Kollum
http://www.w3.org/2002/07/owl#sameAs	http://sws.geonames.org/2752524/
http://www.w3.org/2003/01/geo/wgs84_pos#lat	"53.27916717529296875"^^http://www.w3.org/2001/XMLSchema#float
http://www.georss.org/georss/point	"53.27916666666667 6.150833333333333"
http://dbpedia.org/ontology/thumbnail	http://commons.wikimedia.org/wiki/Special:FilePath/Gemeentehuis_Kollumerland.jpg?width=300
http://dbpedia.org/ontology/wikiPageID	"16659078"^^http://www.w3.org/2001/XMLSchema#integer
http://dbpedia.org/ontology/birthPlace	http://dbpedia.org/resource/Johannes_Saeckma
http://www.w3.org/ns/prov#wasDerivedFrom	http://en.wikipedia.org/wiki/Kollum?oldid=637326246
http://xmlns.com/foaf/0.1/depiction	http://commons.wikimedia.org/wiki/Special:FilePath/Gemeentehuis_Kollumerland.jpg
http://purl.org/linguistics/gold/hypernym	http://dbpedia.org/resource/Village
http://dbpedia.org/ontology/abstract	"Kollum (Low Saxon: Kölm) is a village in Kollumerland c.a. in the province Friesland of the Netherlands and has a population of around 5521 (2014). There is a restored windmill, Tochmaland in the village. It was the site of a battle during the Eighty years war in 1581. The village made national headlines after the murder of Marianne Vaatstra and subsequent riots in 1999."@en
http://www.w3.org/2003/01/geo/wgs84_pos#geometry	"POINT(6.1508331298828 53.279167175293)"^^http://www.openlinksw.com/schemas/virtrdf#Geometry
http://www.w3.org/2000/01/rdf-schema#label	"Kollum"@en
http://dbpedia.org/property/mapsize	"280"^^http://www.w3.org/2001/XMLSchema#integer
http://www.w3.org/1999/02/22-rdf-syntax-ns#type	http://schema.org/Place
