#---Properties and values from: http://dbpedia.org/resource/Barroselas_e_Carvoeiro
Property	Value
http://dbpedia.org/property/officialName	"Barroselas e Carvoeiro"^^http://www.w3.org/1999/02/22-rdf-syntax-ns#langString
http://dbpedia.org/ontology/wikiPageRevisionID	"701642423"^^http://www.w3.org/2001/XMLSchema#integer
http://xmlns.com/foaf/0.1/isPrimaryTopicOf	http://en.wikipedia.org/wiki/Barroselas_e_Carvoeiro
http://dbpedia.org/property/municipality	http://dbpedia.org/resource/Viana_do_Castelo
http://dbpedia.org/ontology/country	http://dbpedia.org/resource/Portugal
http://dbpedia.org/property/populationTotal	"5031"^^http://www.w3.org/2001/XMLSchema#integer
http://dbpedia.org/property/populationAsOf	"2011"^^http://www.w3.org/2001/XMLSchema#integer
http://purl.org/dc/terms/subject	http://dbpedia.org/resource/Category:Parishes_of_Viana_do_Castelo
http://www.w3.org/2000/01/rdf-schema#comment	"Barroselas e Carvoeiro (oficialmente: União das freguesias de Barroselas e Carvoeiro) é uma freguesia portuguesa do concelho de Viana do Castelo com 19,39 km² de área e 5 031 habitantes (2011)."@pt
http://dbpedia.org/property/cim	http://dbpedia.org/resource/Alto_Minho
http://dbpedia.org/property/longd	"-8.6799999999999997158"^^http://www.w3.org/2001/XMLSchema#decimal
http://xmlns.com/foaf/0.1/primaryTopic	http://en.wikipedia.org/wiki/Barroselas_e_Carvoeiro
http://www.w3.org/2002/07/owl#sameAs	http://www.wikidata.org/entity/Q17515103
http://dbpedia.org/property/areaTotal	"18.679999999999999716"^^http://www.w3.org/2001/XMLSchema#decimal
http://dbpedia.org/ontology/wikiPageID	"43470045"^^http://www.w3.org/2001/XMLSchema#integer
http://www.w3.org/ns/prov#wasDerivedFrom	http://en.wikipedia.org/wiki/Barroselas_e_Carvoeiro?oldid=701642423
http://dbpedia.org/property/district	http://dbpedia.org/resource/Viana_do_Castelo_District
http://purl.org/linguistics/gold/hypernym	http://dbpedia.org/resource/Parish
http://dbpedia.org/property/latd	"41.649999999999998579"^^http://www.w3.org/2001/XMLSchema#decimal
http://dbpedia.org/property/subregion	http://dbpedia.org/resource/Minho-Lima
http://dbpedia.org/ontology/abstract	"Barroselas e Carvoeiro is a civil parish in the municipality of Viana do Castelo, Portugal. It was formed in 2013 by the merger of the former parishes Barroselas and Carvoeiro. The population in 2011 was 5,031, in an area of 18.68 km²."@en
http://www.w3.org/2000/01/rdf-schema#label	"Barroselas e Carvoeiro"@pt
http://www.w3.org/1999/02/22-rdf-syntax-ns#type	http://dbpedia.org/ontology/PopulatedPlace
http://dbpedia.org/property/region	http://dbpedia.org/resource/Norte_Region,_Portugal
