#---Properties and values from: http://dbpedia.org/resource/Haskerhorne
Property	Value
http://xmlns.com/foaf/0.1/name	"Haskerhoarne"@en
http://dbpedia.org/ontology/wikiPageRevisionID	"735271125"^^http://www.w3.org/2001/XMLSchema#integer
http://dbpedia.org/property/settlementType	"Village"^^http://www.w3.org/1999/02/22-rdf-syntax-ns#langString
http://www.w3.org/2003/01/geo/wgs84_pos#long	"5.8291668891906738281"^^http://www.w3.org/2001/XMLSchema#float
http://dbpedia.org/property/imageMap	"Map NL Skarsterlân Haskerhoarne.png"^^http://www.w3.org/1999/02/22-rdf-syntax-ns#langString
http://xmlns.com/foaf/0.1/isPrimaryTopicOf	http://en.wikipedia.org/wiki/Haskerhorne
http://dbpedia.org/property/subdivisionType	"Province"^^http://www.w3.org/1999/02/22-rdf-syntax-ns#langString
http://dbpedia.org/ontology/country	http://dbpedia.org/resource/Netherlands
http://dbpedia.org/property/populationTotal	"c. 490"^^http://www.w3.org/1999/02/22-rdf-syntax-ns#langString
http://purl.org/dc/terms/subject	http://dbpedia.org/resource/Category:Populated_places_in_Friesland
http://dbpedia.org/ontology/isPartOf	http://dbpedia.org/resource/Friesland
http://www.w3.org/2000/01/rdf-schema#comment	"Haskerhorne est un village de la commune néerlandaise de De Fryske Marren, dans la province de Frise. Son nom en frison est Haskerhoarne."@fr
http://xmlns.com/foaf/0.1/primaryTopic	http://en.wikipedia.org/wiki/Haskerhorne
http://www.w3.org/2002/07/owl#sameAs	http://linkedgeodata.org/triplify/node47663792
http://www.w3.org/2003/01/geo/wgs84_pos#lat	"52.952777862548828125"^^http://www.w3.org/2001/XMLSchema#float
http://www.georss.org/georss/point	"52.952777777777776 5.829166666666667"
http://dbpedia.org/ontology/thumbnail	http://commons.wikimedia.org/wiki/Special:FilePath/Map_NL_Skarsterlân_Haskerhoarne.png?width=300
http://dbpedia.org/ontology/wikiPageID	"20543356"^^http://www.w3.org/2001/XMLSchema#integer
http://www.w3.org/ns/prov#wasDerivedFrom	http://en.wikipedia.org/wiki/Haskerhorne?oldid=735271125
http://xmlns.com/foaf/0.1/depiction	http://commons.wikimedia.org/wiki/Special:FilePath/Map_NL_Skarsterlân_Haskerhoarne.png
http://purl.org/linguistics/gold/hypernym	http://dbpedia.org/resource/Village
http://dbpedia.org/ontology/abstract	"Haskerhorne  (West Frisian: Haskerhoarne) is a small village in De Friese Meren in the province of Friesland, the Netherlands. It had a population of around 490 in 2004."@en
http://www.w3.org/2003/01/geo/wgs84_pos#geometry	"POINT(5.8291668891907 52.952777862549)"^^http://www.openlinksw.com/schemas/virtrdf#Geometry
http://www.w3.org/2000/01/rdf-schema#label	"Haskerhorne"@fr
http://dbpedia.org/property/mapsize	"280"^^http://www.w3.org/2001/XMLSchema#integer
http://www.w3.org/1999/02/22-rdf-syntax-ns#type	http://www.wikidata.org/entity/Q486972
