#---Properties and values from: http://dbpedia.org/resource/Guaçuí
Property	Value
http://dbpedia.org/property/lats	"33"^^http://www.w3.org/2001/XMLSchema#integer
http://dbpedia.org/ontology/wikiPageRevisionID	"725393901"^^http://www.w3.org/2001/XMLSchema#integer
http://dbpedia.org/property/latm	"46"^^http://www.w3.org/2001/XMLSchema#integer
http://dbpedia.org/property/latns	"s"^^http://www.w3.org/1999/02/22-rdf-syntax-ns#langString
http://dbpedia.org/property/imageMap	"EspiritoSanto Municip Guacui.svg"^^http://www.w3.org/1999/02/22-rdf-syntax-ns#langString
http://xmlns.com/foaf/0.1/isPrimaryTopicOf	http://en.wikipedia.org/wiki/Guaçuí
http://dbpedia.org/property/longm	"40"^^http://www.w3.org/2001/XMLSchema#integer
http://dbpedia.org/property/populationTotal	"30685"^^http://www.w3.org/2001/XMLSchema#integer
http://dbpedia.org/property/populationAsOf	"2015"^^http://www.w3.org/2001/XMLSchema#integer
http://dbpedia.org/property/longs	"44"^^http://www.w3.org/2001/XMLSchema#integer
http://purl.org/dc/terms/subject	http://dbpedia.org/resource/Category:Municipalities_in_Espírito_Santo
http://dbpedia.org/property/state	"ES"^^http://www.w3.org/1999/02/22-rdf-syntax-ns#langString
http://www.w3.org/2000/01/rdf-schema#comment	"Гуасуи (порт. Guaçuí) — муниципалитет в Бразилии, входит в штат Эспириту-Санту. Составная часть мезорегиона Юг штата Эспириту-Санту. Входит в экономико-статистический микрорегион Алегри. Население составляет 25 492 человека на 2006 год. Занимает площадь 467,758км². Плотность населения — 60,1 чел./км²."@ru
http://dbpedia.org/property/longd	"41"^^http://www.w3.org/2001/XMLSchema#integer
http://xmlns.com/foaf/0.1/primaryTopic	http://en.wikipedia.org/wiki/Guaçuí
http://dbpedia.org/ontology/wikiPageRedirects	http://dbpedia.org/resource/Guacui,_Espirito_Santo
http://www.w3.org/2002/07/owl#sameAs	http://pl.dbpedia.org/resource/Guaçuí
http://dbpedia.org/ontology/thumbnail	http://commons.wikimedia.org/wiki/Special:FilePath/EspiritoSanto_Municip_Guacui.svg?width=300
http://dbpedia.org/property/areaTotal	"469"^^http://www.w3.org/2001/XMLSchema#integer
http://dbpedia.org/ontology/wikiPageID	"1119948"^^http://www.w3.org/2001/XMLSchema#integer
http://www.w3.org/ns/prov#wasDerivedFrom	http://en.wikipedia.org/wiki/Guaçuí?oldid=725393901
http://dbpedia.org/ontology/birthPlace	http://dbpedia.org/resource/Fernando_Torres_(actor)
http://xmlns.com/foaf/0.1/depiction	http://commons.wikimedia.org/wiki/Special:FilePath/EspiritoSanto_Municip_Guacui.svg
http://purl.org/linguistics/gold/hypernym	http://dbpedia.org/resource/Municipality
http://dbpedia.org/property/latd	"20"^^http://www.w3.org/2001/XMLSchema#integer
http://dbpedia.org/ontology/abstract	"Гуасуи (порт. Guaçuí) — муниципалитет в Бразилии, входит в штат Эспириту-Санту. Составная часть мезорегиона Юг штата Эспириту-Санту. Входит в экономико-статистический микрорегион Алегри. Население составляет 25 492 человека на 2006 год. Занимает площадь 467,758км². Плотность населения — 60,1 чел./км²."@ru
http://www.w3.org/2000/01/rdf-schema#label	"瓜蘇伊"@zh
http://www.w3.org/1999/02/22-rdf-syntax-ns#type	http://dbpedia.org/class/yago/UrbanArea108675967
