#---Properties and values from: http://dbpedia.org/resource/Araguaçu
Property	Value
http://dbpedia.org/property/lats	"51"^^http://www.w3.org/2001/XMLSchema#integer
http://dbpedia.org/ontology/wikiPageRevisionID	"725378993"^^http://www.w3.org/2001/XMLSchema#integer
http://dbpedia.org/property/latm	"55"^^http://www.w3.org/2001/XMLSchema#integer
http://dbpedia.org/property/latns	"S"^^http://www.w3.org/1999/02/22-rdf-syntax-ns#langString
http://dbpedia.org/property/imageMap	"Tocantins Municip Araguacu.svg"^^http://www.w3.org/1999/02/22-rdf-syntax-ns#langString
http://xmlns.com/foaf/0.1/isPrimaryTopicOf	http://en.wikipedia.org/wiki/Araguaçu
http://dbpedia.org/property/longm	"49"^^http://www.w3.org/2001/XMLSchema#integer
http://dbpedia.org/property/location	http://dbpedia.org/resource/1945_São_Paulo_FC_season
http://dbpedia.org/property/populationTotal	"8777"^^http://www.w3.org/2001/XMLSchema#integer
http://dbpedia.org/property/longs	"33"^^http://www.w3.org/2001/XMLSchema#integer
http://dbpedia.org/property/populationAsOf	"2015"^^http://www.w3.org/2001/XMLSchema#integer
http://purl.org/dc/terms/subject	http://dbpedia.org/resource/Category:Municipalities_in_Tocantins
http://dbpedia.org/property/state	"TO"^^http://www.w3.org/1999/02/22-rdf-syntax-ns#langString
http://www.w3.org/2000/01/rdf-schema#comment	"Арагуасу (порт. Araguaçu) — муниципалитет в Бразилии, входит в штат Токантинс. Составная часть мезорегиона Западный Токантинс. Входит в экономико-статистический микрорегион Риу-Формозу. Население составляет 10 951 человек на 2006 год. Занимает площадь 5167,886 км². Плотность населения — 1,7 чел./км²."@ru
http://dbpedia.org/property/longd	"49"^^http://www.w3.org/2001/XMLSchema#integer
http://xmlns.com/foaf/0.1/primaryTopic	http://en.wikipedia.org/wiki/Araguaçu
http://www.w3.org/2002/07/owl#sameAs	http://sws.geonames.org/6319514/
http://dbpedia.org/ontology/wikiPageRedirects	http://dbpedia.org/resource/Araguacu
http://dbpedia.org/ontology/thumbnail	http://commons.wikimedia.org/wiki/Special:FilePath/Tocantins_Municip_Araguacu.svg?width=300
http://dbpedia.org/ontology/wikiPageID	"9038579"^^http://www.w3.org/2001/XMLSchema#integer
http://dbpedia.org/property/areaTotal	"5168"^^http://www.w3.org/2001/XMLSchema#integer
http://www.w3.org/ns/prov#wasDerivedFrom	http://en.wikipedia.org/wiki/Araguaçu?oldid=725378993
http://xmlns.com/foaf/0.1/depiction	http://commons.wikimedia.org/wiki/Special:FilePath/Tocantins_Municip_Araguacu.svg
http://purl.org/linguistics/gold/hypernym	http://dbpedia.org/resource/Municipality
http://dbpedia.org/property/latd	"12"^^http://www.w3.org/2001/XMLSchema#integer
http://dbpedia.org/ontology/abstract	"Araguaçu é um município brasileiro do estado do Tocantins. Localiza-se a uma latitude 12º55'50\" sul e a uma longitude 49º49'35\" oeste, estando a uma altitude de 278 metros. Sua população em 2010 era de 8 786 habitantes.Possui uma área de 5 167,9 km². Araguaçu localiza-se na fronteira com Goiás, sendo intenso o trânsito veicular e humano entre os dois estados, além de se situar entre dois importantes rios: Araguaia e Formoso. Araguaçu é conhecida como \"A Capital do Gado Branco\", sendo notável o grande rebanho bovino nelore de cerca de 350 000 cabeças. É uma cidade pacata, próxima ao rio Araguaia, mas agrada a quem passa por lá. Está em construção um lago onde se situa a ponte do córrego Matinha, o município está em desenvolvimento com projetos estruturais que prometem a prosperidade. O município possui um estádio chamado Estádio Alexandre Cândido Gomes."@pt
http://www.w3.org/2000/01/rdf-schema#label	"Araguaçu"@es
http://www.w3.org/1999/02/22-rdf-syntax-ns#type	http://dbpedia.org/class/yago/YagoGeoEntity
