#---Properties and values from: http://dbpedia.org/resource/Brito_(Guimarães)
Property	Value
http://dbpedia.org/ontology/wikiPageExternalLink	http://freg-brito.com
http://dbpedia.org/property/officialName	"Brito"^^http://www.w3.org/1999/02/22-rdf-syntax-ns#langString
http://dbpedia.org/ontology/wikiPageRevisionID	"689448179"^^http://www.w3.org/2001/XMLSchema#integer
http://xmlns.com/foaf/0.1/isPrimaryTopicOf	http://en.wikipedia.org/wiki/Brito_(Guimarães)
http://dbpedia.org/property/municipality	http://dbpedia.org/resource/Guimarães
http://dbpedia.org/ontology/country	http://dbpedia.org/resource/Portugal
http://dbpedia.org/property/populationTotal	"4939"^^http://www.w3.org/2001/XMLSchema#integer
http://dbpedia.org/property/populationAsOf	"2011"^^http://www.w3.org/2001/XMLSchema#integer
http://dbpedia.org/ontology/wikiPageDisambiguates	http://dbpedia.org/resource/Brito
http://purl.org/dc/terms/subject	http://dbpedia.org/resource/Category:Parishes_of_Guimarães
http://www.w3.org/2000/01/rdf-schema#comment	"Brito é uma freguesia portuguesa do concelho de Guimarães, com 5,9 km² de área e 4 939 habitantes (2011). A sua densidade populacional é de 837,1 hab/km². Arquidiocese de Braga. Orago S. João. Está situada a cerca de 7 km da sede do concelho e é delimitada a sul e a leste pelo rio Ave. Foi elevada a vila em 12 de Julho de 2001."@pt
http://dbpedia.org/property/cim	http://dbpedia.org/resource/Ave_(intermunicipal_community)
http://dbpedia.org/property/imageShield	"GMR-brito.PNG"^^http://www.w3.org/1999/02/22-rdf-syntax-ns#langString
http://dbpedia.org/property/longd	"-8.3659999999999996589"^^http://www.w3.org/2001/XMLSchema#decimal
http://xmlns.com/foaf/0.1/primaryTopic	http://en.wikipedia.org/wiki/Brito_(Guimarães)
http://dbpedia.org/ontology/wikiPageRedirects	http://dbpedia.org/resource/Brito_(Guimaraes)
http://www.w3.org/2002/07/owl#sameAs	http://de.dbpedia.org/resource/Brito_(Guimarães)
http://dbpedia.org/property/imageLocation	"GMR-brito_mapa.PNG"^^http://www.w3.org/1999/02/22-rdf-syntax-ns#langString
http://dbpedia.org/ontology/thumbnail	http://commons.wikimedia.org/wiki/Special:FilePath/Pt-gmrbt1.PNG?width=300
http://dbpedia.org/property/areaTotal	"5.9000000000000003553"^^http://www.w3.org/2001/XMLSchema#decimal
http://dbpedia.org/ontology/wikiPageID	"25243734"^^http://www.w3.org/2001/XMLSchema#integer
http://www.w3.org/ns/prov#wasDerivedFrom	http://en.wikipedia.org/wiki/Brito_(Guimarães)?oldid=689448179
http://dbpedia.org/property/district	http://dbpedia.org/resource/Braga_District
http://xmlns.com/foaf/0.1/depiction	http://commons.wikimedia.org/wiki/Special:FilePath/Pt-gmrbt1.PNG
http://purl.org/linguistics/gold/hypernym	http://dbpedia.org/resource/Parish
http://dbpedia.org/property/latd	"41.453000000000002956"^^http://www.w3.org/2001/XMLSchema#decimal
http://dbpedia.org/property/subregion	http://dbpedia.org/resource/Ave_Subregion
http://dbpedia.org/ontology/abstract	"Brito is a civil parish in the municipality of Guimarães, Minho, in the Braga District of Portugal. The population in 2011 was 4,939, in an area of 5.90 km²."@en
http://dbpedia.org/property/imageFlag	"Pt-gmrbt1.PNG"^^http://www.w3.org/1999/02/22-rdf-syntax-ns#langString
http://www.w3.org/2000/01/rdf-schema#label	"Brito"@es
http://xmlns.com/foaf/0.1/homepage	http://freg-brito.com
http://www.w3.org/1999/02/22-rdf-syntax-ns#type	http://dbpedia.org/class/yago/Region108630985
http://dbpedia.org/property/region	http://dbpedia.org/resource/Norte_Region,_Portugal
