#---Properties and values from: http://dbpedia.org/resource/Lavrinhas
Property	Value
http://dbpedia.org/property/longew	"W"^^http://www.w3.org/1999/02/22-rdf-syntax-ns#langString
http://dbpedia.org/property/lats	"15"^^http://www.w3.org/2001/XMLSchema#integer
http://dbpedia.org/ontology/wikiPageExternalLink	http://www.lavrinhas.sp.gov.br
http://dbpedia.org/ontology/wikiPageRevisionID	"742227028"^^http://www.w3.org/2001/XMLSchema#integer
http://dbpedia.org/property/latm	"34"^^http://www.w3.org/2001/XMLSchema#integer
http://dbpedia.org/property/latns	"S"^^http://www.w3.org/1999/02/22-rdf-syntax-ns#langString
http://dbpedia.org/property/areaCode	"+55-19"^^http://www.w3.org/1999/02/22-rdf-syntax-ns#langString
http://dbpedia.org/property/imageMap	"SaoPaulo Municip Lavrinhas.svg"^^http://www.w3.org/1999/02/22-rdf-syntax-ns#langString
http://dbpedia.org/property/north	"Passa-Quatro, MG"^^http://www.w3.org/1999/02/22-rdf-syntax-ns#langString
http://xmlns.com/foaf/0.1/isPrimaryTopicOf	http://en.wikipedia.org/wiki/Lavrinhas
http://dbpedia.org/property/longm	"54"^^http://www.w3.org/2001/XMLSchema#integer
http://dbpedia.org/property/populationTotal	"7052"^^http://www.w3.org/2001/XMLSchema#integer
http://dbpedia.org/property/west	http://dbpedia.org/resource/Queluz,_São_Paulo
http://dbpedia.org/property/metro	http://dbpedia.org/resource/Metropolitan_Region_of_Vale_do_Paraíba_e_Litoral_Norte
http://dbpedia.org/property/longs	"8"^^http://www.w3.org/2001/XMLSchema#integer
http://dbpedia.org/property/populationAsOf	"2015"^^http://www.w3.org/2001/XMLSchema#integer
http://purl.org/dc/terms/subject	http://dbpedia.org/resource/Category:Municipalities_in_São_Paulo_(state)
http://dbpedia.org/property/state	"SP"^^http://www.w3.org/1999/02/22-rdf-syntax-ns#langString
http://www.w3.org/2000/01/rdf-schema#comment	"Lavrinhas is een gemeente in de Braziliaanse deelstaat São Paulo. De gemeente telt 7.002 inwoners (schatting 2009)."@nl
http://dbpedia.org/property/south	http://dbpedia.org/resource/Silveiras
http://dbpedia.org/ontology/locatedInArea	http://dbpedia.org/resource/Pedra_da_Mina
http://dbpedia.org/property/imageShield	"Lavrinhas brasao.png"^^http://www.w3.org/1999/02/22-rdf-syntax-ns#langString
http://dbpedia.org/property/longd	"44"^^http://www.w3.org/2001/XMLSchema#integer
http://xmlns.com/foaf/0.1/primaryTopic	http://en.wikipedia.org/wiki/Lavrinhas
http://dbpedia.org/property/east	http://dbpedia.org/resource/Queluz,_São_Paulo
http://www.w3.org/2002/07/owl#sameAs	http://rdf.freebase.com/ns/m.041nyx
http://dbpedia.org/ontology/wikiPageRedirects	http://dbpedia.org/resource/Lavrinhas,_São_Paulo,_Brazil
http://dbpedia.org/ontology/thumbnail	http://commons.wikimedia.org/wiki/Special:FilePath/Lavrinhas_bandeira.png?width=300
http://dbpedia.org/ontology/wikiPageID	"1050669"^^http://www.w3.org/2001/XMLSchema#integer
http://dbpedia.org/property/elevationM	"508"^^http://www.w3.org/2001/XMLSchema#integer
http://www.w3.org/ns/prov#wasDerivedFrom	http://en.wikipedia.org/wiki/Lavrinhas?oldid=742227028
http://dbpedia.org/ontology/birthPlace	http://dbpedia.org/resource/Rosinei
http://dbpedia.org/property/centre	"Lavrinhas"^^http://www.w3.org/1999/02/22-rdf-syntax-ns#langString
http://dbpedia.org/property/areaTotalKm	"167.06999999999999318"^^http://www.w3.org/2001/XMLSchema#decimal
http://xmlns.com/foaf/0.1/depiction	http://commons.wikimedia.org/wiki/Special:FilePath/Lavrinhas_bandeira.png
http://purl.org/linguistics/gold/hypernym	http://dbpedia.org/resource/Municipality
http://dbpedia.org/property/latd	"22"^^http://www.w3.org/2001/XMLSchema#integer
http://dbpedia.org/property/postalCode	"12790"^^http://www.w3.org/2001/XMLSchema#integer
http://dbpedia.org/ontology/abstract	"Лавриньяс (порт. Lavrinhas) — муниципалитет в Бразилии, входит в штат Сан-Паулу. Составная часть мезорегиона Вали-ду-Параиба-Паулиста. Входит в экономико-статистический микрорегион Гуаратингета. Население составляет 8018 человек на 2007 год. Занимает площадь 166,860 км². Плотность населения - 41,9 чел./км²."@ru
http://dbpedia.org/property/imageFlag	"Lavrinhas bandeira.png"^^http://www.w3.org/1999/02/22-rdf-syntax-ns#langString
http://www.w3.org/2000/01/rdf-schema#label	"Lavrinhas"@en
http://www.w3.org/1999/02/22-rdf-syntax-ns#type	http://dbpedia.org/class/yago/Region108630985
