#---Properties and values from: http://dbpedia.org/resource/Rijs
Property	Value
http://xmlns.com/foaf/0.1/name	"Rijs"@en
http://dbpedia.org/ontology/wikiPageExternalLink	http://www.hotel-gaasterland.nl/rijs.htm
http://dbpedia.org/ontology/wikiPageRevisionID	"729759291"^^http://www.w3.org/2001/XMLSchema#integer
http://dbpedia.org/property/settlementType	"Village"^^http://www.w3.org/1999/02/22-rdf-syntax-ns#langString
http://www.w3.org/2003/01/geo/wgs84_pos#long	"5.5"^^http://www.w3.org/2001/XMLSchema#float
http://dbpedia.org/property/imageMap	"Map NL Gaasterlân Sleat Riis.png"^^http://www.w3.org/1999/02/22-rdf-syntax-ns#langString
http://xmlns.com/foaf/0.1/isPrimaryTopicOf	http://en.wikipedia.org/wiki/Rijs
http://dbpedia.org/property/subdivisionType	"Province"^^http://www.w3.org/1999/02/22-rdf-syntax-ns#langString
http://dbpedia.org/ontology/country	http://dbpedia.org/resource/Netherlands
http://dbpedia.org/property/populationTotal	"c. 200 PAPIS"^^http://www.w3.org/1999/02/22-rdf-syntax-ns#langString
http://purl.org/dc/terms/subject	http://dbpedia.org/resource/Category:Populated_places_in_Friesland
http://dbpedia.org/ontology/isPartOf	http://dbpedia.org/resource/Friesland
http://www.w3.org/2000/01/rdf-schema#comment	"Rijs (Fries: Riis) is een dorp in de gemeente De Friese Meren, in de Nederlandse provincie Friesland. Het ligt aan de noordoostkant van het Rijsterbos aan de weg Oudemirdum - Hemelum en telt 173 inwoners (2012). Tot 1 januari 2014 behoorde Rijs tot de gemeente Gaasterland-Sloten."@nl
http://xmlns.com/foaf/0.1/primaryTopic	http://en.wikipedia.org/wiki/Rijs
http://www.w3.org/2002/07/owl#sameAs	http://fr.dbpedia.org/resource/Rijs
http://www.w3.org/2003/01/geo/wgs84_pos#lat	"52.866664886474609375"^^http://www.w3.org/2001/XMLSchema#float
http://www.georss.org/georss/point	"52.86666666666667 5.5"
http://dbpedia.org/ontology/thumbnail	http://commons.wikimedia.org/wiki/Special:FilePath/Map_NL_Gaasterlân_Sleat_Riis.png?width=300
http://dbpedia.org/ontology/wikiPageID	"4813183"^^http://www.w3.org/2001/XMLSchema#integer
http://www.w3.org/ns/prov#wasDerivedFrom	http://en.wikipedia.org/wiki/Rijs?oldid=729759291
http://xmlns.com/foaf/0.1/depiction	http://commons.wikimedia.org/wiki/Special:FilePath/Map_NL_Gaasterlân_Sleat_Riis.png
http://purl.org/linguistics/gold/hypernym	http://dbpedia.org/resource/Town
http://dbpedia.org/ontology/abstract	"Rijs (Fries: Riis) is een dorp in de gemeente De Friese Meren, in de Nederlandse provincie Friesland. Het ligt aan de noordoostkant van het Rijsterbos aan de weg Oudemirdum - Hemelum en telt 173 inwoners (2012). Tot 1 januari 2014 behoorde Rijs tot de gemeente Gaasterland-Sloten."@nl
http://www.w3.org/2003/01/geo/wgs84_pos#geometry	"POINT(5.5 52.866664886475)"^^http://www.openlinksw.com/schemas/virtrdf#Geometry
http://www.w3.org/2000/01/rdf-schema#label	"Rijs"@en
http://dbpedia.org/property/mapsize	"280"^^http://www.w3.org/2001/XMLSchema#integer
http://www.w3.org/1999/02/22-rdf-syntax-ns#type	http://www.wikidata.org/entity/Q486972
