#---Properties and values from: http://dbpedia.org/resource/Lorvão
Property	Value
http://dbpedia.org/ontology/wikiPageExternalLink	http://www.freguesia-lorvao.eu/
http://dbpedia.org/property/officialName	"Lorvão"^^http://www.w3.org/1999/02/22-rdf-syntax-ns#langString
http://dbpedia.org/ontology/wikiPageRevisionID	"689147803"^^http://www.w3.org/2001/XMLSchema#integer
http://dbpedia.org/ontology/deathPlace	http://dbpedia.org/resource/Dulce_of_León
http://xmlns.com/foaf/0.1/isPrimaryTopicOf	http://en.wikipedia.org/wiki/Lorvão
http://dbpedia.org/property/municipality	http://dbpedia.org/resource/Penacova
http://dbpedia.org/ontology/country	http://dbpedia.org/resource/Portugal
http://dbpedia.org/property/populationTotal	"3898"^^http://www.w3.org/2001/XMLSchema#integer
http://dbpedia.org/property/populationAsOf	"2011"^^http://www.w3.org/2001/XMLSchema#integer
http://purl.org/dc/terms/subject	http://dbpedia.org/resource/Category:Parishes_of_Penacova
http://www.w3.org/2000/01/rdf-schema#comment	"Лорван (порт. Lorvão) — район (фрегезия) в Португалии, входит в округ Коимбра. Является составной частью муниципалитета Пенакова. Находится в составе крупной городской агломерации Большая Коимбра. По старому административному делению входил в провинцию Бейра-Литорал. Входит в экономико-статистический субрегион Байшу-Мондегу, который входит в Центральный регион. Население составляет 4220 человек на 2001 год. Занимает площадь 25,77 км²."@ru
http://dbpedia.org/property/cim	http://dbpedia.org/resource/Região_de_Coimbra
http://dbpedia.org/property/longd	"-8.3179999999999996163"^^http://www.w3.org/2001/XMLSchema#decimal
http://xmlns.com/foaf/0.1/primaryTopic	http://en.wikipedia.org/wiki/Lorvão
http://www.w3.org/2002/07/owl#sameAs	http://sws.geonames.org/8011879/
http://dbpedia.org/ontology/wikiPageRedirects	http://dbpedia.org/resource/Lorvao
http://dbpedia.org/ontology/wikiPageID	"33440598"^^http://www.w3.org/2001/XMLSchema#integer
http://dbpedia.org/property/areaTotal	"26.949999999999999289"^^http://www.w3.org/2001/XMLSchema#decimal
http://www.w3.org/ns/prov#wasDerivedFrom	http://en.wikipedia.org/wiki/Lorvão?oldid=689147803
http://dbpedia.org/property/district	http://dbpedia.org/resource/Coimbra_District
http://purl.org/linguistics/gold/hypernym	http://dbpedia.org/resource/Parish
http://dbpedia.org/property/latd	"40.25999999999999801"^^http://www.w3.org/2001/XMLSchema#decimal
http://dbpedia.org/property/subregion	http://dbpedia.org/resource/Baixo_Mondego
http://dbpedia.org/ontology/abstract	"Lorvão is a parish in Penacova Municipality, Portugal. The population in 2011 was 3,898, in an area of 26.95 km². Within the Parish of Lorvão are the following places and towns: Foz do Caneiro, São Mamede, Aveleira, Roxo, Paradela do Lorvão, Chelo, Rebordosa."@en
http://www.w3.org/2000/01/rdf-schema#label	"Lorvão"@es
http://xmlns.com/foaf/0.1/homepage	http://www.jf-figueiradelorvao.pt/
http://www.w3.org/1999/02/22-rdf-syntax-ns#type	http://schema.org/Place
http://dbpedia.org/property/region	http://dbpedia.org/resource/Centro_Region,_Portugal
