#---Properties and values from: http://dbpedia.org/resource/Barrô_e_Aguada_de_Baixo
Property	Value
http://dbpedia.org/ontology/wikiPageRevisionID	"701642433"^^http://www.w3.org/2001/XMLSchema#integer
http://xmlns.com/foaf/0.1/isPrimaryTopicOf	http://en.wikipedia.org/wiki/Barrô_e_Aguada_de_Baixo
http://dbpedia.org/property/municipality	http://dbpedia.org/resource/Águeda
http://dbpedia.org/ontology/country	http://dbpedia.org/resource/Portugal
http://dbpedia.org/property/populationTotal	"3209"^^http://www.w3.org/2001/XMLSchema#integer
http://dbpedia.org/property/populationAsOf	"2011"^^http://www.w3.org/2001/XMLSchema#integer
http://purl.org/dc/terms/subject	http://dbpedia.org/resource/Category:Populated_places_established_in_2013
http://www.w3.org/2000/01/rdf-schema#comment	"Barrô e Aguada de Baixo is a freguesia in Águeda Municipality, Aveiro District, Portugal. The population in 2011 was 3,209, in an area of 10.19 km²."@en
http://dbpedia.org/property/cim	http://dbpedia.org/resource/Região_de_Aveiro
http://dbpedia.org/property/longd	"-8.4519999999999999574"^^http://www.w3.org/2001/XMLSchema#decimal
http://xmlns.com/foaf/0.1/primaryTopic	http://en.wikipedia.org/wiki/Barrô_e_Aguada_de_Baixo
http://www.w3.org/2002/07/owl#sameAs	http://www.wikidata.org/entity/Q15697145
http://dbpedia.org/ontology/wikiPageRedirects	http://dbpedia.org/resource/Barro_e_Aguada_de_Baixo
http://dbpedia.org/ontology/wikiPageID	"41802882"^^http://www.w3.org/2001/XMLSchema#integer
http://www.w3.org/ns/prov#wasDerivedFrom	http://en.wikipedia.org/wiki/Barrô_e_Aguada_de_Baixo?oldid=701642433
http://dbpedia.org/property/name	"Barrô e Aguada de Baixo"^^http://www.w3.org/1999/02/22-rdf-syntax-ns#langString
http://dbpedia.org/property/areaTotalKm	"10.189999999999999503"^^http://www.w3.org/2001/XMLSchema#decimal
http://dbpedia.org/property/district	http://dbpedia.org/resource/Aveiro_District
http://purl.org/linguistics/gold/hypernym	http://dbpedia.org/resource/Freguesia
http://dbpedia.org/property/latd	"40.509000000000000341"^^http://www.w3.org/2001/XMLSchema#decimal
http://dbpedia.org/property/establishedDate	"2013"^^http://www.w3.org/2001/XMLSchema#integer
http://dbpedia.org/property/subregion	http://dbpedia.org/resource/Baixo_Vouga
http://dbpedia.org/ontology/abstract	"União das Freguesias de Barrô e Aguada de Baixo, kurz Barrô e Aguada de Baixo, ist eine Gemeinde (Freguesia) der portugiesischen Stadt Águeda. Die Gemeinde entstand am 29. September 2013 im Zuge der administrativen Neuordnung in Portugal aus dem Zusammenschluss der Gemeinden Barrô und Aguada de Baixo. Sitz wurde Barrô. Auf einer Fläche von 10,19 km² leben 3.209 Einwohner (Stand: 30. Juni 2011)."@de
http://www.w3.org/2000/01/rdf-schema#label	"União das Freguesias de Barrô e Aguada de Baixo"@de
http://www.w3.org/1999/02/22-rdf-syntax-ns#type	http://dbpedia.org/class/yago/AdministrativeDistrict108491826
http://dbpedia.org/property/region	http://dbpedia.org/resource/Centro_Region,_Portugal
