#---Properties and values from: http://dbpedia.org/resource/Aborim
Property	Value
http://www.w3.org/2002/07/owl#sameAs	http://yago-knowledge.org/resource/Aborim
http://dbpedia.org/ontology/wikiPageExternalLink	http://www.aborim.com
http://dbpedia.org/property/officialName	"Aborim"^^http://www.w3.org/1999/02/22-rdf-syntax-ns#langString
http://dbpedia.org/ontology/wikiPageRevisionID	"689448252"^^http://www.w3.org/2001/XMLSchema#integer
http://dbpedia.org/property/areaTotal	"6.1799999999999997158"^^http://www.w3.org/2001/XMLSchema#decimal
http://dbpedia.org/ontology/wikiPageID	"5803774"^^http://www.w3.org/2001/XMLSchema#integer
http://dbpedia.org/property/wordnet_type	http://www.w3.org/2006/03/wn/wn20/instances/synset-municipality-noun-2
http://www.w3.org/ns/prov#wasDerivedFrom	http://en.wikipedia.org/wiki/Aborim?oldid=689448252
http://xmlns.com/foaf/0.1/isPrimaryTopicOf	http://en.wikipedia.org/wiki/Aborim
http://dbpedia.org/property/municipality	http://dbpedia.org/resource/Barcelos,_Portugal
http://purl.org/linguistics/gold/hypernym	http://dbpedia.org/resource/Parish
http://dbpedia.org/property/latd	"41.607999999999996987"^^http://www.w3.org/2001/XMLSchema#decimal
http://dbpedia.org/ontology/country	http://dbpedia.org/resource/Portugal
http://dbpedia.org/property/populationTotal	"891"^^http://www.w3.org/2001/XMLSchema#integer
http://dbpedia.org/property/populationAsOf	"2011"^^http://www.w3.org/2001/XMLSchema#integer
http://purl.org/dc/terms/subject	http://dbpedia.org/resource/Category:Parishes_of_Barcelos,_Portugal
http://dbpedia.org/ontology/abstract	"Aborim is a Portuguese parish, located in the municipality of Barcelos. The population in 2011 was 891, in an area of 6.18 km²."@en
http://www.w3.org/2000/01/rdf-schema#comment	"Aborim es una freguesia portuguesa del concelho de Barcelos, con 3,90 km² de superficie y 971 habitantes (2001). Densidad de población: 249,0 hab/km²."@es
http://www.w3.org/2000/01/rdf-schema#label	"Aborim"@es
http://dbpedia.org/property/longd	"-8.6340000000000003411"^^http://www.w3.org/2001/XMLSchema#decimal
http://xmlns.com/foaf/0.1/primaryTopic	http://en.wikipedia.org/wiki/Aborim
http://xmlns.com/foaf/0.1/homepage	http://www.aborim.com
http://www.w3.org/1999/02/22-rdf-syntax-ns#type	http://dbpedia.org/class/yago/WikicatParishesOfBarcelosMunicipality,Portugal
