#---Properties and values from: http://dbpedia.org/resource/Fornos_de_Algodres
Property	Value
http://dbpedia.org/property/longew	"W"^^http://www.w3.org/1999/02/22-rdf-syntax-ns#langString
http://dbpedia.org/ontology/wikiPageExternalLink	http://www.cm-fornosdealgodres.pt
http://dbpedia.org/property/officialName	"Fornos de Algodres"^^http://www.w3.org/1999/02/22-rdf-syntax-ns#langString
http://dbpedia.org/ontology/wikiPageRevisionID	"701645327"^^http://www.w3.org/2001/XMLSchema#integer
http://dbpedia.org/property/blank1NameSec	"Municipal holiday"^^http://www.w3.org/1999/02/22-rdf-syntax-ns#langString
http://dbpedia.org/property/latm	"37"^^http://www.w3.org/2001/XMLSchema#integer
http://dbpedia.org/property/latns	"N"^^http://www.w3.org/1999/02/22-rdf-syntax-ns#langString
http://dbpedia.org/property/wordnet_type	http://www.w3.org/2006/03/wn/wn20/instances/synset-township-noun-1
http://dbpedia.org/property/website	http://www.cm-fornosdealgodres.pt
http://dbpedia.org/property/imageMap	"LocalFornosDeAlgodres.svg"^^http://www.w3.org/1999/02/22-rdf-syntax-ns#langString
http://xmlns.com/foaf/0.1/isPrimaryTopicOf	http://en.wikipedia.org/wiki/Fornos_de_Algodres
http://dbpedia.org/property/municipality	http://dbpedia.org/resource/Sobral_Pichorro_e_Fuinhas
http://dbpedia.org/property/longm	"32"^^http://www.w3.org/2001/XMLSchema#integer
http://dbpedia.org/property/populationTotal	"4989"^^http://www.w3.org/2001/XMLSchema#integer
http://dbpedia.org/property/populationAsOf	"2011"^^http://www.w3.org/2001/XMLSchema#integer
http://purl.org/dc/terms/subject	http://dbpedia.org/resource/Category:Fornos_de_Algodres
http://dbpedia.org/property/parishes	"[[#Parishes"^^http://www.w3.org/1999/02/22-rdf-syntax-ns#langString
http://dbpedia.org/property/stadium	http://dbpedia.org/resource/2016_UEFA_Women's_Under-19_Championship_qualification
http://dbpedia.org/ontology/wikiPageDisambiguates	http://dbpedia.org/resource/Fornos
http://www.w3.org/2000/01/rdf-schema#comment	"Fornos de Algodres é uma vila portuguesa pertencente ao Distrito da Guarda, região Centro e sub-região da Serra da Estrela, com cerca de 1 600 habitantes. É sede de um município com 131,45 km² de área e 4 989 habitantes (2011), subdividido em 12 freguesias. O município é limitado a nordeste pelo município de Trancoso, a leste por Celorico da Beira, a sul por Gouveia, a oeste por Mangualde e Penalva do Castelo e a noroeste por Aguiar da Beira."@pt
http://dbpedia.org/property/cim	http://dbpedia.org/resource/Beiras_e_Serra_da_Estrela
http://dbpedia.org/property/imageShield	"FAG.png"^^http://www.w3.org/1999/02/22-rdf-syntax-ns#langString
http://dbpedia.org/property/longd	"7"^^http://www.w3.org/2001/XMLSchema#integer
http://xmlns.com/foaf/0.1/primaryTopic	http://en.wikipedia.org/wiki/Fornos_de_Algodres
http://www.w3.org/2002/07/owl#sameAs	http://nl.dbpedia.org/resource/Fornos_de_Algodres
http://dbpedia.org/ontology/wikiPageRedirects	http://dbpedia.org/resource/Fornos_de_algodres
http://dbpedia.org/property/leaderParty	http://dbpedia.org/resource/Socialist_Party_(Portugal)
http://dbpedia.org/property/blank1InfoSec	http://dbpedia.org/resource/Michael_(archangel)
http://dbpedia.org/ontology/thumbnail	http://commons.wikimedia.org/wiki/Special:FilePath/Pt-fag1.png?width=300
http://dbpedia.org/ontology/wikiPageID	"4357874"^^http://www.w3.org/2001/XMLSchema#integer
http://dbpedia.org/ontology/birthPlace	http://dbpedia.org/resource/Luís_Miguel_Pinheiro_Andrade
http://www.w3.org/ns/prov#wasDerivedFrom	http://en.wikipedia.org/wiki/Fornos_de_Algodres?oldid=701645327
http://dbpedia.org/property/leaderName	http://dbpedia.org/resource/António_Manuel_Pina_Fonseca
http://dbpedia.org/property/areaTotalKm	"131.44999999999998863"^^http://www.w3.org/2001/XMLSchema#decimal
http://dbpedia.org/property/district	http://dbpedia.org/resource/Guarda_District
http://xmlns.com/foaf/0.1/depiction	http://commons.wikimedia.org/wiki/Special:FilePath/Pt-fag1.png
http://purl.org/linguistics/gold/hypernym	http://dbpedia.org/resource/Municipality
http://dbpedia.org/property/latd	"40"^^http://www.w3.org/2001/XMLSchema#integer
http://dbpedia.org/property/subregion	http://dbpedia.org/resource/Serra_da_Estrela_Subregion
http://dbpedia.org/ontology/abstract	"Fornos de Algodres es una vila portuguesa perteneciente al Distrito da Guarda, região Centro y subregión de Serra da Estrela, con cerca de 1700 habitantes."@es
http://dbpedia.org/property/imageFlag	"Pt-fag1.png"^^http://www.w3.org/1999/02/22-rdf-syntax-ns#langString
http://www.w3.org/2000/01/rdf-schema#label	"Форнуш-ди-Алгодриш"@ru
http://dbpedia.org/ontology/team	http://dbpedia.org/resource/Luís_Miguel_Pinheiro_Andrade__4
http://xmlns.com/foaf/0.1/homepage	http://www.cm-fornosdealgodres.pt
http://www.w3.org/1999/02/22-rdf-syntax-ns#type	http://dbpedia.org/class/yago/District108552138
http://dbpedia.org/property/region	http://dbpedia.org/resource/Centro_Region,_Portugal
