#---Properties and values from: http://dbpedia.org/resource/Pirassununga
Property	Value
http://dbpedia.org/property/lats	"46"^^http://www.w3.org/2001/XMLSchema#integer
http://dbpedia.org/ontology/wikiPageExternalLink	http://www.cachoeiradeemas.com.br/
http://dbpedia.org/ontology/wikiPageRevisionID	"728064371"^^http://www.w3.org/2001/XMLSchema#integer
http://dbpedia.org/property/latm	"59"^^http://www.w3.org/2001/XMLSchema#integer
http://dbpedia.org/property/latns	"S"^^http://www.w3.org/1999/02/22-rdf-syntax-ns#langString
http://dbpedia.org/property/areaCode	"19"^^http://www.w3.org/2001/XMLSchema#integer
http://dbpedia.org/property/imageMap	"SaoPaulo Municip Pirassununga.svg"^^http://www.w3.org/1999/02/22-rdf-syntax-ns#langString
http://xmlns.com/foaf/0.1/isPrimaryTopicOf	http://en.wikipedia.org/wiki/Pirassununga
http://dbpedia.org/property/longm	"25"^^http://www.w3.org/2001/XMLSchema#integer
http://dbpedia.org/property/location	http://dbpedia.org/resource/1938_São_Paulo_FC_season
http://dbpedia.org/property/populationTotal	"74587"^^http://www.w3.org/2001/XMLSchema#integer
http://dbpedia.org/property/longs	"33"^^http://www.w3.org/2001/XMLSchema#integer
http://dbpedia.org/property/populationAsOf	"2015"^^http://www.w3.org/2001/XMLSchema#integer
http://purl.org/dc/terms/subject	http://dbpedia.org/resource/Category:Pirassununga
http://dbpedia.org/property/elevation	"627"^^http://www.w3.org/2001/XMLSchema#integer
http://dbpedia.org/property/state	"SP"^^http://www.w3.org/1999/02/22-rdf-syntax-ns#langString
http://www.w3.org/2000/01/rdf-schema#comment	"Pirasununga (portugués: Pirassununga) es un municipio del estado brasileño de São Paulo. Ubicado en el estado centro-oriental en la latitud 21º 59'46\" sur y longitud 47º25'33\" oeste, a una altitud de 627 metros. Su población es de 70.138 habitantes, según el censo de 2010 del Instituto Brasileño de Geografía y Estadística. Tiene una superficie de 727 km².En la ciudad se encuentran los siguientes organismos e instituciones: la Academia de la Fuerza Aérea, donde los oficiales se capacitan los cuadros de infantería, intendente y la aviación carrera y todos los futuros oficiales de la Fuerza Aérea de Brasil, la Universidad de São Paulo, con Facultad de Ciencia Animal y de Ingeniería de Alimentos, Fort Anhanguera, que alberga el 13 Regimiento de Caballería mecanizada del Ejército de Brasil, el "@es
http://dbpedia.org/property/imageShield	"Pirassununga Brasao.gif"^^http://www.w3.org/1999/02/22-rdf-syntax-ns#langString
http://dbpedia.org/property/longd	"47"^^http://www.w3.org/2001/XMLSchema#integer
http://xmlns.com/foaf/0.1/primaryTopic	http://en.wikipedia.org/wiki/Pirassununga
http://www.w3.org/2002/07/owl#sameAs	http://yago-knowledge.org/resource/Pirassununga
http://dbpedia.org/property/leaderParty	http://dbpedia.org/resource/Democratic_Labour_Party_(Brazil)
http://dbpedia.org/ontology/thumbnail	http://commons.wikimedia.org/wiki/Special:FilePath/Pirassununga_Bandeira.gif?width=300
http://dbpedia.org/ontology/wikiPageID	"1124905"^^http://www.w3.org/2001/XMLSchema#integer
http://dbpedia.org/property/areaTotal	"727"^^http://www.w3.org/2001/XMLSchema#integer
http://dbpedia.org/ontology/location	http://dbpedia.org/resource/Rodovia_Anhangüera
http://dbpedia.org/property/hqLocationCity	http://dbpedia.org/resource/Cachaça_Schermann
http://dbpedia.org/ontology/birthPlace	http://dbpedia.org/resource/Cleyde_Yáconis
http://www.w3.org/ns/prov#wasDerivedFrom	http://en.wikipedia.org/wiki/Pirassununga?oldid=728064371
http://dbpedia.org/property/leaderName	"Cristina Aparecida Batista"^^http://www.w3.org/1999/02/22-rdf-syntax-ns#langString
http://dbpedia.org/ontology/city	http://dbpedia.org/resource/Brazilian_Air_Force_Academy
http://xmlns.com/foaf/0.1/depiction	http://commons.wikimedia.org/wiki/Special:FilePath/Pirassununga_Bandeira.gif
http://purl.org/linguistics/gold/hypernym	http://dbpedia.org/resource/Municipality
http://dbpedia.org/property/latd	"21"^^http://www.w3.org/2001/XMLSchema#integer
http://dbpedia.org/property/postalCode	"13630"^^http://www.w3.org/2001/XMLSchema#integer
http://dbpedia.org/ontology/abstract	"皮拉苏农加（葡萄牙语：Pirassununga）是巴西圣保罗州的一个市镇。总面积726.942平方公里，总人口71470人，人口密度98.3人/平方公里。"@zh
http://dbpedia.org/property/imageFlag	"Pirassununga Bandeira.gif"^^http://www.w3.org/1999/02/22-rdf-syntax-ns#langString
http://www.w3.org/2000/01/rdf-schema#label	"Pirassununga"@it
http://dbpedia.org/ontology/ground	http://dbpedia.org/resource/Clube_Atlético_Pirassununguense
http://www.w3.org/1999/02/22-rdf-syntax-ns#type	http://dbpedia.org/class/yago/Object100002684
