#---Properties and values from: http://dbpedia.org/resource/Lavos_(Figueira_da_Foz)
Property	Value
http://dbpedia.org/property/officialName	"Lavos"^^http://www.w3.org/1999/02/22-rdf-syntax-ns#langString
http://dbpedia.org/ontology/wikiPageRevisionID	"701646109"^^http://www.w3.org/2001/XMLSchema#integer
http://xmlns.com/foaf/0.1/isPrimaryTopicOf	http://en.wikipedia.org/wiki/Lavos_(Figueira_da_Foz)
http://dbpedia.org/property/municipality	http://dbpedia.org/resource/Figueira_da_Foz
http://dbpedia.org/ontology/country	http://dbpedia.org/resource/Portugal
http://dbpedia.org/property/populationTotal	"3999"^^http://www.w3.org/2001/XMLSchema#integer
http://dbpedia.org/property/populationAsOf	"2011"^^http://www.w3.org/2001/XMLSchema#integer
http://dbpedia.org/ontology/wikiPageDisambiguates	http://dbpedia.org/resource/Lavos
http://purl.org/dc/terms/subject	http://dbpedia.org/resource/Category:Parishes_of_Figueira_da_Foz
http://www.w3.org/2000/01/rdf-schema#comment	"Lavos is een plaats (freguesia) in de Portugese gemeente Figueira da Foz en telt 4171 inwoners (2001)."@nl
http://dbpedia.org/property/cim	http://dbpedia.org/resource/Região_de_Coimbra
http://dbpedia.org/property/longd	"-8.8290000000000006253"^^http://www.w3.org/2001/XMLSchema#decimal
http://xmlns.com/foaf/0.1/primaryTopic	http://en.wikipedia.org/wiki/Lavos_(Figueira_da_Foz)
http://dbpedia.org/ontology/wikiPageRedirects	http://dbpedia.org/resource/Lavos_Parish
http://www.w3.org/2002/07/owl#sameAs	http://es.dbpedia.org/resource/Lavos
http://dbpedia.org/ontology/wikiPageID	"29382297"^^http://www.w3.org/2001/XMLSchema#integer
http://dbpedia.org/property/areaTotal	"42.020000000000003126"^^http://www.w3.org/2001/XMLSchema#decimal
http://www.w3.org/ns/prov#wasDerivedFrom	http://en.wikipedia.org/wiki/Lavos_(Figueira_da_Foz)?oldid=701646109
http://dbpedia.org/property/district	http://dbpedia.org/resource/Coimbra_District
http://purl.org/linguistics/gold/hypernym	http://dbpedia.org/resource/Parish
http://dbpedia.org/property/latd	"40.094000000000001194"^^http://www.w3.org/2001/XMLSchema#decimal
http://dbpedia.org/property/subregion	http://dbpedia.org/resource/Baixo_Mondego
http://dbpedia.org/ontology/abstract	"Lavos é uma vila e freguesia portuguesa do concelho da Figueira da Foz, com 42,02 km² de área e 3 999 habitantes (2011). A sua densidade populacional é de 95,2 hab/km². Foi vila e sede de concelho com foral de 1217. Antes do liberalismo foi um couto. Era constituído, à data da extinção, em 1853, pelas freguesias da sede e Paião. Foi novamente elevada a vila em 12 de Junho de 2009."@pt
http://www.w3.org/2000/01/rdf-schema#label	"Лавуш"@ru
http://www.w3.org/1999/02/22-rdf-syntax-ns#type	http://dbpedia.org/class/yago/WikicatPopulatedPlacesInPortugal
http://dbpedia.org/property/region	http://dbpedia.org/resource/Centro_Region,_Portugal
