#---Properties and values from: http://dbpedia.org/resource/Almancil
Property	Value
http://dbpedia.org/property/officialName	"Almancil"^^http://www.w3.org/1999/02/22-rdf-syntax-ns#langString
http://dbpedia.org/ontology/wikiPageRevisionID	"743562669"^^http://www.w3.org/2001/XMLSchema#integer
http://dbpedia.org/ontology/deathPlace	http://dbpedia.org/resource/Vasco_Gonçalves
http://dbpedia.org/property/wordnet_type	http://www.w3.org/2006/03/wn/wn20/instances/synset-municipality-noun-2
http://xmlns.com/foaf/0.1/isPrimaryTopicOf	http://en.wikipedia.org/wiki/Almancil
http://dbpedia.org/property/municipality	http://dbpedia.org/resource/Loulé
http://dbpedia.org/property/location	http://dbpedia.org/resource/2016–17_Taça_de_Portugal
http://dbpedia.org/ontology/country	http://dbpedia.org/resource/Portugal
http://dbpedia.org/property/populationTotal	"10677"^^http://www.w3.org/2001/XMLSchema#integer
http://dbpedia.org/property/populationAsOf	"2011"^^http://www.w3.org/2001/XMLSchema#integer
http://purl.org/dc/terms/subject	http://dbpedia.org/resource/Category:Parishes_of_Loulé
http://www.w3.org/2000/01/rdf-schema#comment	"Алмансил (порт. Almancil) — город и район (фрегезия) в Португалии, входит в округ Фару. Является составной частью муниципалитета Лоле. По старому административному делению входил в провинцию Алгарве (регион). Входит в экономико-статистический субрегион Алгарве, который входит в Алгарве. Население составляет 8795 человек на 2001 год. Занимает площадь 62,69 км²."@ru
http://dbpedia.org/property/cim	http://dbpedia.org/resource/Algarve
http://dbpedia.org/property/imageShield	"LLE-almancil.png"^^http://www.w3.org/1999/02/22-rdf-syntax-ns#langString
http://dbpedia.org/property/longd	"-8.0320000000000000284"^^http://www.w3.org/2001/XMLSchema#decimal
http://xmlns.com/foaf/0.1/primaryTopic	http://en.wikipedia.org/wiki/Almancil
http://www.w3.org/2002/07/owl#sameAs	http://fr.dbpedia.org/resource/Almancil
http://dbpedia.org/ontology/thumbnail	http://commons.wikimedia.org/wiki/Special:FilePath/LLE-almancil.png?width=300
http://dbpedia.org/ontology/wikiPageID	"7106784"^^http://www.w3.org/2001/XMLSchema#integer
http://dbpedia.org/property/areaTotal	"62.299999999999997158"^^http://www.w3.org/2001/XMLSchema#decimal
http://dbpedia.org/ontology/location	http://dbpedia.org/resource/Church_of_São_Lourenço_(Almancil)
http://www.w3.org/ns/prov#wasDerivedFrom	http://en.wikipedia.org/wiki/Almancil?oldid=743562669
http://dbpedia.org/property/district	http://dbpedia.org/resource/Faro_District
http://xmlns.com/foaf/0.1/depiction	http://commons.wikimedia.org/wiki/Special:FilePath/LLE-almancil.png
http://purl.org/linguistics/gold/hypernym	http://dbpedia.org/resource/Town
http://dbpedia.org/property/latd	"37.085999999999998522"^^http://www.w3.org/2001/XMLSchema#decimal
http://dbpedia.org/property/subregion	http://dbpedia.org/resource/Algarve
http://dbpedia.org/ontology/abstract	"Almancil (ou Almansil) é uma freguesia portuguesa do concelho de Loulé, com 62,30 km² de área e 11 136 habitantes (2011). A sua densidade populacional é de 171,4 hab/km²."@pt
http://www.w3.org/2000/01/rdf-schema#label	"Almancil"@de
http://www.w3.org/1999/02/22-rdf-syntax-ns#type	http://dbpedia.org/class/yago/YagoGeoEntity
http://dbpedia.org/property/region	http://dbpedia.org/resource/Algarve
