#---Properties and values from: http://dbpedia.org/resource/Madalena,_Vila_Nova_de_Gaia
Property	Value
http://dbpedia.org/property/officialName	"Madalena"^^http://www.w3.org/1999/02/22-rdf-syntax-ns#langString
http://dbpedia.org/ontology/wikiPageRevisionID	"689447458"^^http://www.w3.org/2001/XMLSchema#integer
http://xmlns.com/foaf/0.1/isPrimaryTopicOf	http://en.wikipedia.org/wiki/Madalena,_Vila_Nova_de_Gaia
http://dbpedia.org/property/municipality	http://dbpedia.org/resource/Vila_Nova_de_Gaia
http://dbpedia.org/ontology/country	http://dbpedia.org/resource/Portugal
http://dbpedia.org/property/populationTotal	"10040"^^http://www.w3.org/2001/XMLSchema#integer
http://dbpedia.org/property/metro	http://dbpedia.org/resource/Metropolitan_Area_of_Porto
http://dbpedia.org/property/populationAsOf	"2011"^^http://www.w3.org/2001/XMLSchema#integer
http://dbpedia.org/ontology/wikiPageDisambiguates	http://dbpedia.org/resource/Madalena
http://purl.org/dc/terms/subject	http://dbpedia.org/resource/Category:Parishes_of_Vila_Nova_de_Gaia
http://www.w3.org/2000/01/rdf-schema#comment	"Madalena ist eine Gemeinde im Nordwesten Portugals. Madalena gehört zum Kreis Vila Nova de Gaia im Distrikt Porto, besitzt eine Fläche von 4,7 km² und hat 10.046 Einwohner (Stand 30. Juni 2011). Madalena liegt an der Linha do Norte."@de
http://dbpedia.org/property/longd	"-8.650999999999999801"^^http://www.w3.org/2001/XMLSchema#decimal
http://xmlns.com/foaf/0.1/primaryTopic	http://en.wikipedia.org/wiki/Madalena,_Vila_Nova_de_Gaia
http://www.w3.org/2002/07/owl#sameAs	http://yago-knowledge.org/resource/Madalena,_Vila_Nova_de_Gaia
http://dbpedia.org/ontology/wikiPageRedirects	http://dbpedia.org/resource/Madalena_(Vila_Nova_de_Gaia)
http://dbpedia.org/ontology/wikiPageID	"13898195"^^http://www.w3.org/2001/XMLSchema#integer
http://dbpedia.org/property/areaTotal	"4.6900000000000003908"^^http://www.w3.org/2001/XMLSchema#decimal
http://www.w3.org/ns/prov#wasDerivedFrom	http://en.wikipedia.org/wiki/Madalena,_Vila_Nova_de_Gaia?oldid=689447458
http://dbpedia.org/property/district	http://dbpedia.org/resource/Porto_District
http://purl.org/linguistics/gold/hypernym	http://dbpedia.org/resource/Parish
http://dbpedia.org/property/latd	"41.115999999999999659"^^http://www.w3.org/2001/XMLSchema#decimal
http://dbpedia.org/property/subregion	http://dbpedia.org/resource/Grande_Porto
http://dbpedia.org/ontology/abstract	"Мадалена (порт. Madalena) — населённый пункт и район в Португалии, входит в округ Порту. Является составной частью муниципалитета Вила-Нова-де-Гайа. Находится в составе крупной городской агломерации Большой Порту. По старому административному делению входил в провинцию Дору-Литорал. Входит в экономико-статистический субрегион Большой Порту, который входит в Северный регион. Население составляет 9356 человек на 2001 год. Занимает площадь 6,02 км²."@ru
http://www.w3.org/2000/01/rdf-schema#label	"Madalena (Vila Nova de Gaia)"@de
http://www.w3.org/1999/02/22-rdf-syntax-ns#type	http://dbpedia.org/class/yago/WikicatPopulatedPlacesInPortugal
http://dbpedia.org/property/region	http://dbpedia.org/resource/Norte_Region,_Portugal
