#---Properties and values from: http://dbpedia.org/resource/Albergaria-a-Velha
Property	Value
http://dbpedia.org/property/lats	"36"^^http://www.w3.org/2001/XMLSchema#integer
http://dbpedia.org/ontology/wikiPageExternalLink	http://www.cm-albergaria.pt
http://dbpedia.org/property/officialName	"Albergaria-a-Velha"^^http://www.w3.org/1999/02/22-rdf-syntax-ns#langString
http://dbpedia.org/ontology/wikiPageRevisionID	"627810418"^^http://www.w3.org/2001/XMLSchema#integer
http://dbpedia.org/property/latm	"41"^^http://www.w3.org/2001/XMLSchema#integer
http://dbpedia.org/property/wordnet_type	http://www.w3.org/2006/03/wn/wn20/instances/synset-township-noun-1
http://dbpedia.org/property/areaCode	"292"^^http://www.w3.org/2001/XMLSchema#integer
http://dbpedia.org/property/website	http://www.cm-albergaria.pt
http://xmlns.com/foaf/0.1/isPrimaryTopicOf	http://en.wikipedia.org/wiki/Albergaria-a-Velha
http://dbpedia.org/property/municipality	http://dbpedia.org/resource/Alquerubim
http://dbpedia.org/property/longm	"28"^^http://www.w3.org/2001/XMLSchema#integer
http://dbpedia.org/property/populationTotal	"25252"^^http://www.w3.org/2001/XMLSchema#integer
http://dbpedia.org/property/longs	"52"^^http://www.w3.org/2001/XMLSchema#integer
http://dbpedia.org/property/populationAsOf	"2011"^^http://www.w3.org/2001/XMLSchema#integer
http://purl.org/dc/terms/subject	http://dbpedia.org/resource/Category:Albergaria-a-Velha
http://dbpedia.org/property/elevation	"124"^^http://www.w3.org/2001/XMLSchema#integer
http://dbpedia.org/property/parishes	"[[#Geography"^^http://www.w3.org/1999/02/22-rdf-syntax-ns#langString
http://www.w3.org/2000/01/rdf-schema#comment	"旧阿尔贝加里亚（葡萄牙语：Albergaria-a-Velha）是葡萄牙阿威罗区的一个堂区。总面积26.77平方公里，总人口7421人，人口密度277.2人/平方公里。"@zh
http://dbpedia.org/property/cim	http://dbpedia.org/resource/Região_de_Aveiro
http://dbpedia.org/property/imageShield	"ABV.png"^^http://www.w3.org/1999/02/22-rdf-syntax-ns#langString
http://dbpedia.org/property/longd	"8"^^http://www.w3.org/2001/XMLSchema#integer
http://xmlns.com/foaf/0.1/primaryTopic	http://en.wikipedia.org/wiki/Albergaria-a-Velha
http://www.w3.org/2002/07/owl#sameAs	http://es.dbpedia.org/resource/Albergaria-a-Velha_(freguesia)
http://dbpedia.org/property/imageLocation	"LocalAlbergariaAVelha.svg"^^http://www.w3.org/1999/02/22-rdf-syntax-ns#langString
http://dbpedia.org/property/leaderParty	http://dbpedia.org/resource/Social_Democratic_Party_(Portugal)
http://dbpedia.org/ontology/thumbnail	http://commons.wikimedia.org/wiki/Special:FilePath/Pt-abv1.png?width=300
http://dbpedia.org/ontology/wikiPageID	"1794699"^^http://www.w3.org/2001/XMLSchema#integer
http://dbpedia.org/property/areaTotal	"158.83000000000001251"^^http://www.w3.org/2001/XMLSchema#decimal
http://dbpedia.org/ontology/birthPlace	http://dbpedia.org/resource/Manuel_Guimarães
http://www.w3.org/ns/prov#wasDerivedFrom	http://en.wikipedia.org/wiki/Albergaria-a-Velha?oldid=627810418
http://dbpedia.org/property/leaderName	"João Agostinho Pinto Pereira"^^http://www.w3.org/1999/02/22-rdf-syntax-ns#langString
http://dbpedia.org/property/district	http://dbpedia.org/resource/Aveiro_District
http://xmlns.com/foaf/0.1/depiction	http://commons.wikimedia.org/wiki/Special:FilePath/Pt-abv1.png
http://dbpedia.org/property/patron	"Santa Cruz"^^http://www.w3.org/1999/02/22-rdf-syntax-ns#langString
http://purl.org/linguistics/gold/hypernym	http://dbpedia.org/resource/Town
http://dbpedia.org/property/latd	"40"^^http://www.w3.org/2001/XMLSchema#integer
http://dbpedia.org/property/subregion	http://dbpedia.org/resource/Baixo_Vouga
http://dbpedia.org/property/postalCode	"3850"^^http://www.w3.org/2001/XMLSchema#integer
http://dbpedia.org/ontology/abstract	"Албергари́я-а-Ве́лья (порт. Albergaria-a-Velha) — район (фрегезия) в Португалии, входит в округ Авейру. Является составной частью муниципалитета Албергария-а-Велья. Находится в составе крупной городской агломерации Большое Авейру. По старому административному делению входил в провинцию Бейра-Литорал. Входит в экономико-статистический субрегион Байшу-Воуга, который входит в Центральный регион. Население составляет 7421 человек. Занимает площадь 26,77 км²."@ru
http://dbpedia.org/property/imageFlag	"Pt-abv1.png"^^http://www.w3.org/1999/02/22-rdf-syntax-ns#langString
http://www.w3.org/2000/01/rdf-schema#label	"旧阿尔贝加里亚"@zh
http://dbpedia.org/ontology/ground	http://dbpedia.org/resource/Clube_de_Albergaria
http://xmlns.com/foaf/0.1/homepage	http://www.cm-albergaria.pt
http://www.w3.org/1999/02/22-rdf-syntax-ns#type	http://dbpedia.org/ontology/Settlement
http://dbpedia.org/property/region	http://dbpedia.org/resource/Centro_Region,_Portugal
