#---Properties and values from: http://dbpedia.org/resource/Piracanjuba
Property	Value
http://dbpedia.org/ontology/wikiPageExternalLink	http://www.frigoletto.com.br/GeoEcon/idhgo.htm
http://dbpedia.org/ontology/wikiPageRevisionID	"721552757"^^http://www.w3.org/2001/XMLSchema#integer
http://dbpedia.org/property/latm	"8"^^http://www.w3.org/2001/XMLSchema#integer
http://dbpedia.org/property/latns	"S"^^http://www.w3.org/1999/02/22-rdf-syntax-ns#langString
http://dbpedia.org/property/imageMap	"Goias Municip Piracanjuba.svg"^^http://www.w3.org/1999/02/22-rdf-syntax-ns#langString
http://xmlns.com/foaf/0.1/isPrimaryTopicOf	http://en.wikipedia.org/wiki/Piracanjuba
http://dbpedia.org/property/microregion	http://dbpedia.org/resource/Meia_Ponte_Microregion
http://dbpedia.org/property/longm	"1"^^http://www.w3.org/2001/XMLSchema#integer
http://dbpedia.org/property/populationTotal	"23310"^^http://www.w3.org/2001/XMLSchema#integer
http://dbpedia.org/property/populationAsOf	"2007"^^http://www.w3.org/2001/XMLSchema#integer
http://purl.org/dc/terms/subject	http://dbpedia.org/resource/Category:Municipalities_in_Goiás
http://dbpedia.org/property/elevation	"753"^^http://www.w3.org/2001/XMLSchema#integer
http://dbpedia.org/property/state	"GO"^^http://www.w3.org/1999/02/22-rdf-syntax-ns#langString
http://www.w3.org/2000/01/rdf-schema#comment	"皮拉坎茹巴（葡萄牙语：Piracanjuba）是巴西戈亚斯州的一个市镇。总面积2405.114平方公里，总人口24377人，人口密度10.1人/平方公里。"@zh
http://dbpedia.org/property/longd	"49"^^http://www.w3.org/2001/XMLSchema#integer
http://xmlns.com/foaf/0.1/primaryTopic	http://en.wikipedia.org/wiki/Piracanjuba
http://www.w3.org/2002/07/owl#sameAs	http://it.dbpedia.org/resource/Piracanjuba
http://dbpedia.org/ontology/thumbnail	http://commons.wikimedia.org/wiki/Special:FilePath/Goias_Municip_Piracanjuba.svg?width=300
http://dbpedia.org/ontology/wikiPageID	"4225169"^^http://www.w3.org/2001/XMLSchema#integer
http://dbpedia.org/property/areaTotal	"2405.0999999999999091"^^http://www.w3.org/2001/XMLSchema#decimal
http://www.w3.org/ns/prov#wasDerivedFrom	http://en.wikipedia.org/wiki/Piracanjuba?oldid=721552757
http://dbpedia.org/ontology/birthPlace	http://dbpedia.org/resource/Thelma_Reston
http://dbpedia.org/property/name	"Piracanjuba"^^http://www.w3.org/1999/02/22-rdf-syntax-ns#langString
http://xmlns.com/foaf/0.1/depiction	http://commons.wikimedia.org/wiki/Special:FilePath/Goias_Municip_Piracanjuba.svg
http://purl.org/linguistics/gold/hypernym	http://dbpedia.org/resource/Municipality
http://dbpedia.org/property/latd	"17"^^http://www.w3.org/2001/XMLSchema#integer
http://dbpedia.org/property/postalCode	"75640"^^http://www.w3.org/2001/XMLSchema#integer
http://dbpedia.org/ontology/abstract	"Piracanjuba is een gemeente in de Braziliaanse deelstaat Goiás. De gemeente telt 24.033 inwoners (schatting 2009). De gemeente grenst aan Bela Vista de Goiás, Cristianópolis, Professor Jamil, Morrinhos en Caldas Novas."@nl
http://www.w3.org/2000/01/rdf-schema#label	"Piracanjuba"@es
http://www.w3.org/1999/02/22-rdf-syntax-ns#type	http://dbpedia.org/class/yago/YagoGeoEntity
