#---Properties and values from: http://dbpedia.org/resource/Marília
Property	Value
http://dbpedia.org/property/longew	"W"^^http://www.w3.org/1999/02/22-rdf-syntax-ns#langString
http://dbpedia.org/property/lats	"50"^^http://www.w3.org/2001/XMLSchema#integer
http://dbpedia.org/ontology/wikiPageExternalLink	http://www.camar.sp.gov.br/
http://dbpedia.org/property/club	http://dbpedia.org/resource/Brazil_national_baseball_team
http://dbpedia.org/ontology/wikiPageRevisionID	"729542660"^^http://www.w3.org/2001/XMLSchema#integer
http://dbpedia.org/ontology/deathPlace	http://dbpedia.org/resource/Tetsuo_Okamoto
http://dbpedia.org/property/latm	"12"^^http://www.w3.org/2001/XMLSchema#integer
http://dbpedia.org/property/latns	"S"^^http://www.w3.org/1999/02/22-rdf-syntax-ns#langString
http://dbpedia.org/property/imageMap	"SaoPaulo Municip Marilia.svg"^^http://www.w3.org/1999/02/22-rdf-syntax-ns#langString
http://xmlns.com/foaf/0.1/isPrimaryTopicOf	http://en.wikipedia.org/wiki/Marília
http://dbpedia.org/property/location	http://dbpedia.org/resource/2015_Santos_FC_season
http://dbpedia.org/property/longm	"56"^^http://www.w3.org/2001/XMLSchema#integer
http://dbpedia.org/property/populationTotal	"232006"^^http://www.w3.org/2001/XMLSchema#integer
http://dbpedia.org/property/longs	"45"^^http://www.w3.org/2001/XMLSchema#integer
http://dbpedia.org/property/populationAsOf	"2015"^^http://www.w3.org/2001/XMLSchema#integer
http://purl.org/dc/terms/subject	http://dbpedia.org/resource/Category:Marília
http://dbpedia.org/property/elevation	"660"^^http://www.w3.org/2001/XMLSchema#integer
http://dbpedia.org/property/state	"SP"^^http://www.w3.org/1999/02/22-rdf-syntax-ns#langString
http://dbpedia.org/property/stadium	http://dbpedia.org/resource/2008_Sociedade_Esportiva_Palmeiras_season
http://www.w3.org/2000/01/rdf-schema#comment	"Marília (Portuguese pronunciation: [mɐˈɾiʎɐ]) is a Brazilian municipality in the midwestern region of the state of São Paulo. Its distance from the state capital São Paulo is 443 km (275 mi) by highway, 529 km (329 mi) by railway and 376 km (234 mi) in a straight line. It is located at an altitude of 675 meters. The population is 232,006 (2015 est.) in an area of 1170 km²."@en
http://dbpedia.org/property/imageShield	"Brasão de Marília.jpg"^^http://www.w3.org/1999/02/22-rdf-syntax-ns#langString
http://dbpedia.org/property/longd	"49"^^http://www.w3.org/2001/XMLSchema#integer
http://xmlns.com/foaf/0.1/primaryTopic	http://en.wikipedia.org/wiki/Marília
http://dbpedia.org/property/birthPlace	http://dbpedia.org/resource/Felipe_Burin
http://www.w3.org/2002/07/owl#sameAs	http://pt.dbpedia.org/resource/Marília
http://dbpedia.org/ontology/wikiPageRedirects	http://dbpedia.org/resource/Marilia
http://dbpedia.org/property/leaderParty	http://dbpedia.org/resource/Brazilian_Socialist_Party
http://dbpedia.org/ontology/thumbnail	http://commons.wikimedia.org/wiki/Special:FilePath/Bandeira_de_Marília.jpg?width=300
http://dbpedia.org/ontology/wikiPageID	"901279"^^http://www.w3.org/2001/XMLSchema#integer
http://dbpedia.org/property/areaTotal	"1170"^^http://www.w3.org/2001/XMLSchema#integer
http://dbpedia.org/ontology/birthPlace	http://dbpedia.org/resource/Ronaldo_Vanin
http://www.w3.org/ns/prov#wasDerivedFrom	http://en.wikipedia.org/wiki/Marília?oldid=729542660
http://dbpedia.org/property/leaderName	"Vinícius de Almeida Camarinha"^^http://www.w3.org/1999/02/22-rdf-syntax-ns#langString
http://dbpedia.org/property/place	http://dbpedia.org/resource/2014–15_Flamengo_Basketball_season
http://dbpedia.org/ontology/city	http://dbpedia.org/resource/Marília_Airport
http://xmlns.com/foaf/0.1/depiction	http://commons.wikimedia.org/wiki/Special:FilePath/Bandeira_de_Marília.jpg
http://dbpedia.org/ontology/owner	http://dbpedia.org/resource/Estádio_Bento_de_Abreu
http://purl.org/linguistics/gold/hypernym	http://dbpedia.org/resource/Municipality
http://dbpedia.org/property/latd	"22"^^http://www.w3.org/2001/XMLSchema#integer
http://dbpedia.org/ontology/abstract	"馬里利亞（Marília）是巴西南部聖保羅州境內的一座城市，面積1,173平方公里，海拔高度660米，受熱帶氣候影響，主要經濟活動是食品業，2009年人口225,938。"@zh
http://dbpedia.org/property/imageFlag	"Bandeira de Marília.jpg"^^http://www.w3.org/1999/02/22-rdf-syntax-ns#langString
http://www.w3.org/2000/01/rdf-schema#label	"Марилия"@ru
http://dbpedia.org/ontology/team	http://dbpedia.org/resource/Gian_Francesco_Gonçalves_Mariano__2
http://dbpedia.org/ontology/ground	http://dbpedia.org/resource/Marília_Atlético_Clube
http://www.w3.org/1999/02/22-rdf-syntax-ns#type	http://dbpedia.org/class/yago/YagoGeoEntity
