#---Properties and values from: http://dbpedia.org/resource/Horvátzsidány
Property	Value
http://dbpedia.org/property/lats	"37"^^http://www.w3.org/2001/XMLSchema#integer
http://dbpedia.org/ontology/wikiPageRevisionID	"594207438"^^http://www.w3.org/2001/XMLSchema#integer
http://dbpedia.org/property/latm	"24"^^http://www.w3.org/2001/XMLSchema#integer
http://dbpedia.org/property/képméret	"250"^^http://www.w3.org/2001/XMLSchema#integer
http://dbpedia.org/property/areaCode	"94"^^http://www.w3.org/2001/XMLSchema#integer
http://www.w3.org/2003/01/geo/wgs84_pos#long	"16.616666793823242188"^^http://www.w3.org/2001/XMLSchema#float
http://dbpedia.org/property/website	"www.horvatzsidany.tvn.hu"^^http://www.w3.org/1999/02/22-rdf-syntax-ns#langString
http://dbpedia.org/property/county	"Vas"^^http://www.w3.org/1999/02/22-rdf-syntax-ns#langString
http://xmlns.com/foaf/0.1/isPrimaryTopicOf	http://en.wikipedia.org/wiki/Horvátzsidány
http://dbpedia.org/property/longm	"37"^^http://www.w3.org/2001/XMLSchema#integer
http://dbpedia.org/property/populationTotal	"787"^^http://www.w3.org/2001/XMLSchema#integer
http://dbpedia.org/property/populationAsOf	"2008-01-01"^^http://www.w3.org/2001/XMLSchema#date
http://dbpedia.org/property/kshCode	"16887"^^http://www.w3.org/2001/XMLSchema#integer
http://dbpedia.org/property/longs	"34"^^http://www.w3.org/2001/XMLSchema#integer
http://purl.org/dc/terms/subject	http://dbpedia.org/resource/Category:Populated_places_in_Vas_County
http://www.w3.org/2000/01/rdf-schema#comment	"Horvátzsidány is a small village in Vas county, Hungary. Writer Jakab Szabár was born here."@en
http://dbpedia.org/property/longd	"16"^^http://www.w3.org/2001/XMLSchema#integer
http://xmlns.com/foaf/0.1/primaryTopic	http://en.wikipedia.org/wiki/Horvátzsidány
http://www.w3.org/2002/07/owl#sameAs	http://nl.dbpedia.org/resource/Horvátzsidány
http://dbpedia.org/ontology/wikiPageRedirects	http://dbpedia.org/resource/Horvatzsidany
http://www.w3.org/2003/01/geo/wgs84_pos#lat	"47.416667938232421875"^^http://www.w3.org/2001/XMLSchema#float
http://www.georss.org/georss/point	"47.416666666666664 16.616666666666667"
http://dbpedia.org/ontology/thumbnail	http://commons.wikimedia.org/wiki/Special:FilePath/Zsidány_011.jpg?width=300
http://dbpedia.org/ontology/wikiPageID	"16806975"^^http://www.w3.org/2001/XMLSchema#integer
http://dbpedia.org/ontology/birthPlace	http://dbpedia.org/resource/Jakab_Szabár
http://www.w3.org/ns/prov#wasDerivedFrom	http://en.wikipedia.org/wiki/Horvátzsidány?oldid=594207438
http://dbpedia.org/property/name	"Horvátzsidány"^^http://www.w3.org/1999/02/22-rdf-syntax-ns#langString
http://dbpedia.org/property/areaTotalKm	"12.169999999999999929"^^http://www.w3.org/2001/XMLSchema#decimal
http://dbpedia.org/property/caption	"A római katolikus templom"^^http://www.w3.org/1999/02/22-rdf-syntax-ns#langString
http://xmlns.com/foaf/0.1/depiction	http://commons.wikimedia.org/wiki/Special:FilePath/Zsidány_011.jpg
http://purl.org/linguistics/gold/hypernym	http://dbpedia.org/resource/Village
http://dbpedia.org/property/latd	"47"^^http://www.w3.org/2001/XMLSchema#integer
http://dbpedia.org/property/subregion	"Kőszegi"^^http://www.w3.org/1999/02/22-rdf-syntax-ns#langString
http://dbpedia.org/property/postalCode	"9733"^^http://www.w3.org/2001/XMLSchema#integer
http://dbpedia.org/ontology/abstract	"Horvátzsidány (kroatisch Hrvatski Židan, deutsch Siegersdorf) ist eine Gemeinde im Komitat Vas im Westen Ungarns."@de
http://www.w3.org/2003/01/geo/wgs84_pos#geometry	"POINT(16.616666793823 47.416667938232)"^^http://www.openlinksw.com/schemas/virtrdf#Geometry
http://www.w3.org/2000/01/rdf-schema#label	"Horvátzsidány"@en
http://xmlns.com/foaf/0.1/homepage	http://www.horvatzsidany.tvn.hu
http://www.w3.org/1999/02/22-rdf-syntax-ns#type	http://dbpedia.org/class/yago/PhysicalEntity100001930
http://dbpedia.org/property/region	"Nyugat-Dunántúl"^^http://www.w3.org/1999/02/22-rdf-syntax-ns#langString
