#---Properties and values from: http://dbpedia.org/resource/Aswan_Governorate
Property	Value
http://dbpedia.org/ontology/wikiPageExternalLink	http://www.aswan.gov.eg/default.aspx
http://dbpedia.org/property/populationDensityKm	"auto"^^http://www.w3.org/1999/02/22-rdf-syntax-ns#langString
http://dbpedia.org/ontology/wikiPageRevisionID	"744875109"^^http://www.w3.org/2001/XMLSchema#integer
http://dbpedia.org/property/mapCaption	"Aswan Governorate on the map of Egypt"^^http://www.w3.org/1999/02/22-rdf-syntax-ns#langString
http://dbpedia.org/property/settlementType	http://dbpedia.org/resource/Governorate_of_Egypt
http://dbpedia.org/property/coordinatesRegion	"EG"^^http://www.w3.org/1999/02/22-rdf-syntax-ns#langString
http://dbpedia.org/property/imageMap	"Aswan in Egypt .svg"^^http://www.w3.org/1999/02/22-rdf-syntax-ns#langString
http://dbpedia.org/property/website	http://www.aswan.gov.eg/default.aspx
http://dbpedia.org/property/timeZone	"true"^^http://www.w3.org/1999/02/22-rdf-syntax-ns#langString
http://xmlns.com/foaf/0.1/isPrimaryTopicOf	http://en.wikipedia.org/wiki/Aswan_Governorate
http://dbpedia.org/property/subdivisionType	"Country"^^http://www.w3.org/1999/02/22-rdf-syntax-ns#langString
http://dbpedia.org/property/callingCode	http://dbpedia.org/resource/+2097
http://dbpedia.org/property/location	http://dbpedia.org/resource/Philae
http://dbpedia.org/property/populationTotal	"1394687"^^http://www.w3.org/2001/XMLSchema#integer
http://dbpedia.org/property/populationAsOf	"2014"^^http://www.w3.org/2001/XMLSchema#integer
http://dbpedia.org/ontology/isPartOf	http://dbpedia.org/resource/Edfu
http://purl.org/dc/terms/subject	http://dbpedia.org/resource/Category:Governorates_of_Egypt
http://www.w3.org/2000/01/rdf-schema#comment	"A província de Assuão (português europeu) ou Assuã (português brasileiro) (محافظة أسوان‎ Muhāfazat Aswān, em árabe) é uma província do Egito cuja capital é a cidade de Assuão. Localizada no Alto Egipto, no sul do país, a província estende-se ao longo do rio Nilo, desde Qina até a fronteira com o Sudão. Sua área é de 679 km² e sua população, de 1 184 432 habitantes. O sítio arqueológico de Abu Simbel encontra-se na província de Assuão."@pt
http://dbpedia.org/property/leaderTitle	"Governor"^^http://www.w3.org/1999/02/22-rdf-syntax-ns#langString
http://dbpedia.org/property/longd	"32.820000000000000284"^^http://www.w3.org/2001/XMLSchema#decimal
http://dbpedia.org/property/utcOffsetDst	"true"^^http://www.w3.org/1999/02/22-rdf-syntax-ns#langString
http://xmlns.com/foaf/0.1/primaryTopic	http://en.wikipedia.org/wiki/Aswan_Governorate
http://www.w3.org/2002/07/owl#sameAs	http://rdf.freebase.com/ns/m.0b5j5s
http://dbpedia.org/ontology/wikiPageRedirects	http://dbpedia.org/resource/Aswān_Governorate
http://dbpedia.org/ontology/thumbnail	http://commons.wikimedia.org/wiki/Special:FilePath/Governadorat_d'Aswan.png?width=300
http://dbpedia.org/property/flagSize	"120"^^http://www.w3.org/2001/XMLSchema#integer
http://dbpedia.org/ontology/wikiPageID	"3893865"^^http://www.w3.org/2001/XMLSchema#integer
http://dbpedia.org/property/capital	http://dbpedia.org/resource/Aswan
http://www.w3.org/ns/prov#wasDerivedFrom	http://en.wikipedia.org/wiki/Aswan_Governorate?oldid=744875109
http://dbpedia.org/ontology/birthPlace	http://dbpedia.org/resource/Mohamed_Mounir
http://dbpedia.org/property/leaderName	http://dbpedia.org/resource/Magdy_Fouad_Hegazy
http://dbpedia.org/property/coordinatesDisplay	"inline,title"^^http://www.w3.org/1999/02/22-rdf-syntax-ns#langString
http://dbpedia.org/property/area	"62726"^^http://www.w3.org/2001/XMLSchema#integer
http://dbpedia.org/property/name	"Aswan Governorate"^^http://www.w3.org/1999/02/22-rdf-syntax-ns#langString
http://xmlns.com/foaf/0.1/depiction	http://commons.wikimedia.org/wiki/Special:FilePath/Governadorat_d'Aswan.png
http://purl.org/linguistics/gold/hypernym	http://dbpedia.org/resource/Governorates
http://dbpedia.org/property/latd	"23.589999999999999858"^^http://www.w3.org/2001/XMLSchema#decimal
http://dbpedia.org/property/utcOffset	"true"^^http://www.w3.org/1999/02/22-rdf-syntax-ns#langString
http://dbpedia.org/ontology/abstract	"アスワン県（アスワンけん、アラビア語: محافظة أسوان‎）は、エジプトのムハーファザの一つ。北はルクソール県、東は紅海県、西はワーディー・ゲディード県、南にスーダンが接する。県庁所在地はアスワン。"@ja
http://dbpedia.org/property/imageFlag	"Governadorat d'Aswan.png"^^http://www.w3.org/1999/02/22-rdf-syntax-ns#langString
http://www.w3.org/2000/01/rdf-schema#label	"Asuan (muhafaza)"@pl
http://dbpedia.org/property/subdivisionName	http://dbpedia.org/resource/Egypt
http://xmlns.com/foaf/0.1/homepage	http://www.aswan.gov.eg/default.aspx
http://www.w3.org/1999/02/22-rdf-syntax-ns#type	http://dbpedia.org/class/yago/Region108630985
http://dbpedia.org/property/timeZoneDst	"true"^^http://www.w3.org/1999/02/22-rdf-syntax-ns#langString
