#---Properties and values from: http://dbpedia.org/resource/Cambeses_(Barcelos)
Property	Value
http://dbpedia.org/property/officialName	"Cambeses"^^http://www.w3.org/1999/02/22-rdf-syntax-ns#langString
http://dbpedia.org/ontology/wikiPageRevisionID	"689448283"^^http://www.w3.org/2001/XMLSchema#integer
http://dbpedia.org/property/wordnet_type	http://www.w3.org/2006/03/wn/wn20/instances/synset-municipality-noun-2
http://xmlns.com/foaf/0.1/isPrimaryTopicOf	http://en.wikipedia.org/wiki/Cambeses_(Barcelos)
http://dbpedia.org/property/municipality	http://dbpedia.org/resource/Barcelos,_Portugal
http://dbpedia.org/ontology/country	http://dbpedia.org/resource/Portugal
http://dbpedia.org/property/populationTotal	"1300"^^http://www.w3.org/2001/XMLSchema#integer
http://dbpedia.org/property/populationAsOf	"2011"^^http://www.w3.org/2001/XMLSchema#integer
http://dbpedia.org/ontology/wikiPageDisambiguates	http://dbpedia.org/resource/Cambeses
http://purl.org/dc/terms/subject	http://dbpedia.org/resource/Category:Parishes_of_Barcelos,_Portugal
http://www.w3.org/2000/01/rdf-schema#comment	"Камбезеш (порт. Cambeses) — район (фрегезия) в Португалии, входит в округ Брага. Является составной частью муниципалитета Барселуш. Находится в составе крупной городской агломерации Большое Минью. По старому административному делению входил в провинцию Минью. Входит в экономико-статистический субрегион Каваду, который входит в Северный регион. Население составляет 1346 человек на 2001 год. Занимает площадь 3,41 км². Покровителем района считается Иаков Зеведеев (порт. São Tiago)."@ru
http://dbpedia.org/property/longd	"-8.5320000000000000284"^^http://www.w3.org/2001/XMLSchema#decimal
http://xmlns.com/foaf/0.1/primaryTopic	http://en.wikipedia.org/wiki/Cambeses_(Barcelos)
http://www.w3.org/2002/07/owl#sameAs	http://rdf.freebase.com/ns/m.0f6b06
http://dbpedia.org/ontology/thumbnail	http://commons.wikimedia.org/wiki/Special:FilePath/Cambeses.jpg?width=300
http://dbpedia.org/property/areaTotal	"3.3100000000000000533"^^http://www.w3.org/2001/XMLSchema#decimal
http://dbpedia.org/ontology/wikiPageID	"5809793"^^http://www.w3.org/2001/XMLSchema#integer
http://www.w3.org/ns/prov#wasDerivedFrom	http://en.wikipedia.org/wiki/Cambeses_(Barcelos)?oldid=689448283
http://xmlns.com/foaf/0.1/depiction	http://commons.wikimedia.org/wiki/Special:FilePath/Cambeses.jpg
http://purl.org/linguistics/gold/hypernym	http://dbpedia.org/resource/Parish
http://dbpedia.org/property/latd	"41.482999999999996987"^^http://www.w3.org/2001/XMLSchema#decimal
http://dbpedia.org/ontology/abstract	"Cambeses is a Portuguese parish, located in the municipality of Barcelos. The population in 2011 was 1,300, in an area of 3.31 km²."@en
http://www.w3.org/2000/01/rdf-schema#label	"Cambeses (Barcelos)"@es
http://www.w3.org/1999/02/22-rdf-syntax-ns#type	http://dbpedia.org/class/yago/YagoPermanentlyLocatedEntity
