#---Properties and values from: http://dbpedia.org/resource/Sete_Barras
Property	Value
http://dbpedia.org/property/lats	"16"^^http://www.w3.org/2001/XMLSchema#integer
http://dbpedia.org/ontology/wikiPageRevisionID	"720307617"^^http://www.w3.org/2001/XMLSchema#integer
http://dbpedia.org/property/latm	"23"^^http://www.w3.org/2001/XMLSchema#integer
http://dbpedia.org/property/latns	"S"^^http://www.w3.org/1999/02/22-rdf-syntax-ns#langString
http://dbpedia.org/property/imageMap	"SaoPaulo Municip SeteBarras.svg"^^http://www.w3.org/1999/02/22-rdf-syntax-ns#langString
http://xmlns.com/foaf/0.1/isPrimaryTopicOf	http://en.wikipedia.org/wiki/Sete_Barras
http://dbpedia.org/property/longm	"55"^^http://www.w3.org/2001/XMLSchema#integer
http://dbpedia.org/property/populationTotal	"13144"^^http://www.w3.org/2001/XMLSchema#integer
http://dbpedia.org/property/longs	"32"^^http://www.w3.org/2001/XMLSchema#integer
http://dbpedia.org/property/populationAsOf	"2015"^^http://www.w3.org/2001/XMLSchema#integer
http://purl.org/dc/terms/subject	http://dbpedia.org/resource/Category:Municipalities_in_São_Paulo_(state)
http://dbpedia.org/property/state	"SP"^^http://www.w3.org/1999/02/22-rdf-syntax-ns#langString
http://dbpedia.org/ontology/wikiPageDisambiguates	http://dbpedia.org/resource/Barras
http://www.w3.org/2000/01/rdf-schema#comment	"Sete Barras – miasto i gmina w Brazylii, w stanie São Paulo. Znajduje się w mezoregionie Litoral Sul Paulista i mikroregionie Registro."@pl
http://dbpedia.org/property/longd	"47"^^http://www.w3.org/2001/XMLSchema#integer
http://xmlns.com/foaf/0.1/primaryTopic	http://en.wikipedia.org/wiki/Sete_Barras
http://www.w3.org/2002/07/owl#sameAs	http://it.dbpedia.org/resource/Sete_Barras
http://dbpedia.org/ontology/thumbnail	http://commons.wikimedia.org/wiki/Special:FilePath/SaoPaulo_Municip_SeteBarras.svg?width=300
http://dbpedia.org/ontology/wikiPageID	"6513932"^^http://www.w3.org/2001/XMLSchema#integer
http://dbpedia.org/property/areaTotal	"1063"^^http://www.w3.org/2001/XMLSchema#integer
http://www.w3.org/ns/prov#wasDerivedFrom	http://en.wikipedia.org/wiki/Sete_Barras?oldid=720307617
http://xmlns.com/foaf/0.1/depiction	http://commons.wikimedia.org/wiki/Special:FilePath/SaoPaulo_Municip_SeteBarras.svg
http://purl.org/linguistics/gold/hypernym	http://dbpedia.org/resource/Municipality
http://dbpedia.org/property/latd	"24"^^http://www.w3.org/2001/XMLSchema#integer
http://dbpedia.org/ontology/abstract	"Sete Barras – miasto i gmina w Brazylii, w stanie São Paulo. Znajduje się w mezoregionie Litoral Sul Paulista i mikroregionie Registro."@pl
http://www.w3.org/2000/01/rdf-schema#label	"Sete Barras"@fr
http://www.w3.org/1999/02/22-rdf-syntax-ns#type	http://dbpedia.org/ontology/Settlement
