#---Properties and values from: http://dbpedia.org/resource/Gondomar_(São_Cosme),_Valbom_e_Jovim
Property	Value
http://dbpedia.org/property/officialName	"Gondomar , Valbom e Jovim"^^http://www.w3.org/1999/02/22-rdf-syntax-ns#langString
http://dbpedia.org/ontology/wikiPageRevisionID	"701645624"^^http://www.w3.org/2001/XMLSchema#integer
http://xmlns.com/foaf/0.1/isPrimaryTopicOf	http://en.wikipedia.org/wiki/Gondomar_(São_Cosme),_Valbom_e_Jovim
http://dbpedia.org/property/municipality	http://dbpedia.org/resource/Gondomar,_Portugal
http://dbpedia.org/ontology/country	http://dbpedia.org/resource/Portugal
http://dbpedia.org/property/populationTotal	"48600"^^http://www.w3.org/2001/XMLSchema#integer
http://dbpedia.org/property/metro	http://dbpedia.org/resource/Metropolitan_Area_of_Porto
http://dbpedia.org/property/populationAsOf	"2011"^^http://www.w3.org/2001/XMLSchema#integer
http://purl.org/dc/terms/subject	http://dbpedia.org/resource/Category:Parishes_of_Gondomar,_Portugal
http://www.w3.org/2000/01/rdf-schema#comment	"Gondomar (São Cosme), Valbom e Jovim is a civil parish in the municipality of Gondomar, Portugal. It was formed in 2013 by the merger of the former parishes Gondomar (São Cosme), Valbom and Jovim. The population in 2011 was 48,600, in an area of 23.32 km²."@en
http://dbpedia.org/property/longd	"-8.5320000000000000284"^^http://www.w3.org/2001/XMLSchema#decimal
http://xmlns.com/foaf/0.1/primaryTopic	http://en.wikipedia.org/wiki/Gondomar_(São_Cosme),_Valbom_e_Jovim
http://www.w3.org/2002/07/owl#sameAs	http://dbpedia.org/resource/Gondomar_(São_Cosme),_Valbom_e_Jovim
http://dbpedia.org/ontology/wikiPageRedirects	http://dbpedia.org/resource/Gondomar_(Sao_Cosme),_Valbom_e_Jovim
http://dbpedia.org/ontology/wikiPageID	"43374299"^^http://www.w3.org/2001/XMLSchema#integer
http://dbpedia.org/property/areaTotal	"23.320000000000000284"^^http://www.w3.org/2001/XMLSchema#decimal
http://www.w3.org/ns/prov#wasDerivedFrom	http://en.wikipedia.org/wiki/Gondomar_(São_Cosme),_Valbom_e_Jovim?oldid=701645624
http://dbpedia.org/property/district	http://dbpedia.org/resource/Porto_District
http://purl.org/linguistics/gold/hypernym	http://dbpedia.org/resource/Parish
http://dbpedia.org/property/latd	"41.139000000000002899"^^http://www.w3.org/2001/XMLSchema#decimal
http://dbpedia.org/property/subregion	http://dbpedia.org/resource/Grande_Porto
http://dbpedia.org/ontology/abstract	"Gondomar (São Cosme), Valbom e Jovim (oficialmente: União das Freguesias de Gondomar (São Cosme), Valbom e Jovim) é uma freguesia portuguesa do concelho de Gondomar com 23,32 km² de área e 48 600 habitantes (2011). A sua densidade populacional é 2 084 hab./km²."@pt
http://www.w3.org/2000/01/rdf-schema#label	"Gondomar (São Cosme), Valbom e Jovim"@en
http://www.w3.org/1999/02/22-rdf-syntax-ns#type	http://schema.org/Place
http://dbpedia.org/property/region	http://dbpedia.org/resource/Norte_Region,_Portugal
