#---Properties and values from: http://dbpedia.org/resource/Zito,_Tibet
Property	Value
http://dbpedia.org/property/longew	"E"^^http://www.w3.org/1999/02/22-rdf-syntax-ns#langString
http://xmlns.com/foaf/0.1/name	"Zito"@en
http://dbpedia.org/ontology/wikiPageRevisionID	"704292106"^^http://www.w3.org/2001/XMLSchema#integer
http://dbpedia.org/property/latm	"47"^^http://www.w3.org/2001/XMLSchema#integer
http://dbpedia.org/property/latns	"N"^^http://www.w3.org/1999/02/22-rdf-syntax-ns#langString
http://www.w3.org/2003/01/geo/wgs84_pos#long	"95.883331298828125"^^http://www.w3.org/2001/XMLSchema#float
http://dbpedia.org/property/coordinatesRegion	"CN"^^http://www.w3.org/1999/02/22-rdf-syntax-ns#langString
http://xmlns.com/foaf/0.1/isPrimaryTopicOf	http://en.wikipedia.org/wiki/Zito,_Tibet
http://dbpedia.org/property/subdivisionType	http://dbpedia.org/resource/Administrative_divisions_of_the_People's_Republic_of_China
http://dbpedia.org/property/longm	"53"^^http://www.w3.org/2001/XMLSchema#integer
http://dbpedia.org/ontology/country	http://dbpedia.org/resource/China
http://dbpedia.org/property/populationTotal	"*"^^http://www.w3.org/1999/02/22-rdf-syntax-ns#langString
http://purl.org/dc/terms/subject	http://dbpedia.org/resource/Category:Populated_places_in_Tibet
http://dbpedia.org/ontology/isPartOf	http://dbpedia.org/resource/Tibet_Autonomous_Region
http://dbpedia.org/ontology/wikiPageDisambiguates	http://dbpedia.org/resource/Zito
http://www.w3.org/2000/01/rdf-schema#comment	"زيتو (تيبت) (بالإنجليزية: Zito, Tibet) هي منطقة سكنية تقع في الصين في أزمة التبت والصين. يقدر عدد سكانها بـ 
*  نسمة ."@ar
http://dbpedia.org/property/longd	"95"^^http://www.w3.org/2001/XMLSchema#integer
http://xmlns.com/foaf/0.1/primaryTopic	http://en.wikipedia.org/wiki/Zito,_Tibet
http://dbpedia.org/property/timezone	"+8"^^http://www.w3.org/1999/02/22-rdf-syntax-ns#langString
http://www.w3.org/2002/07/owl#sameAs	http://sws.geonames.org/1279435/
http://dbpedia.org/property/populationBlank	http://dbpedia.org/resource/Tibetan_people
http://www.w3.org/2003/01/geo/wgs84_pos#lat	"30.78333282470703125"^^http://www.w3.org/2001/XMLSchema#float
http://www.georss.org/georss/point	"30.783333333333335 95.88333333333334"
http://dbpedia.org/ontology/wikiPageID	"13293452"^^http://www.w3.org/2001/XMLSchema#integer
http://www.w3.org/ns/prov#wasDerivedFrom	http://en.wikipedia.org/wiki/Zito,_Tibet?oldid=704292106
http://dbpedia.org/property/pushpinMap	"China"^^http://www.w3.org/1999/02/22-rdf-syntax-ns#langString
http://dbpedia.org/property/populationBlank2Title	http://dbpedia.org/resource/Chinese_Language
http://dbpedia.org/property/populationBlank1Title	http://dbpedia.org/resource/Nationalities_of_China
http://purl.org/linguistics/gold/hypernym	http://dbpedia.org/resource/Village
http://dbpedia.org/property/latd	"30"^^http://www.w3.org/2001/XMLSchema#integer
http://dbpedia.org/ontology/abstract	"Zito is a village in the Tibet Autonomous Region of China."@en
http://dbpedia.org/property/pushpinMapCaption	"Location within Tibet"^^http://www.w3.org/1999/02/22-rdf-syntax-ns#langString
http://www.w3.org/2003/01/geo/wgs84_pos#geometry	"POINT(95.883331298828 30.783332824707)"^^http://www.openlinksw.com/schemas/virtrdf#Geometry
http://www.w3.org/2000/01/rdf-schema#label	"زيتو (تيبت)"@ar
http://www.w3.org/1999/02/22-rdf-syntax-ns#type	http://www.w3.org/2003/01/geo/wgs84_pos#SpatialThing
