#---Properties and values from: http://dbpedia.org/resource/Aguiar_de_Sousa
Property	Value
http://dbpedia.org/property/officialName	"Aguiar de Sousa"^^http://www.w3.org/1999/02/22-rdf-syntax-ns#langString
http://dbpedia.org/ontology/wikiPageRevisionID	"689447844"^^http://www.w3.org/2001/XMLSchema#integer
http://dbpedia.org/property/wordnet_type	http://www.w3.org/2006/03/wn/wn20/instances/synset-municipality-noun-2
http://xmlns.com/foaf/0.1/isPrimaryTopicOf	http://en.wikipedia.org/wiki/Aguiar_de_Sousa
http://dbpedia.org/property/municipality	http://dbpedia.org/resource/Paredes,_Portugal
http://dbpedia.org/ontology/country	http://dbpedia.org/resource/Portugal
http://dbpedia.org/property/populationTotal	"1631"^^http://www.w3.org/2001/XMLSchema#integer
http://dbpedia.org/property/metro	http://dbpedia.org/resource/Metropolitan_Area_of_Porto
http://dbpedia.org/property/populationAsOf	"2011"^^http://www.w3.org/2001/XMLSchema#integer
http://purl.org/dc/terms/subject	http://dbpedia.org/resource/Category:Parishes_of_Paredes,_Portugal
http://dbpedia.org/ontology/wikiPageDisambiguates	http://dbpedia.org/resource/Sousa
http://www.w3.org/2000/01/rdf-schema#comment	"阿吉亚尔-迪索萨（葡萄牙语：Aguiar de Sousa）是葡萄牙波尔图区的一个堂区。总面积22.32平方公里，总人口1600人，人口密度71.7人/平方公里。"@zh
http://dbpedia.org/property/longd	"-8.4489999999999998437"^^http://www.w3.org/2001/XMLSchema#decimal
http://xmlns.com/foaf/0.1/primaryTopic	http://en.wikipedia.org/wiki/Aguiar_de_Sousa
http://dbpedia.org/ontology/wikiPageRedirects	http://dbpedia.org/resource/Aguiar_de_sousa
http://www.w3.org/2002/07/owl#sameAs	http://gadm.geovocab.org/id/3_90954
http://dbpedia.org/ontology/wikiPageID	"5359935"^^http://www.w3.org/2001/XMLSchema#integer
http://dbpedia.org/property/areaTotal	"22.379999999999999005"^^http://www.w3.org/2001/XMLSchema#decimal
http://www.w3.org/ns/prov#wasDerivedFrom	http://en.wikipedia.org/wiki/Aguiar_de_Sousa?oldid=689447844
http://dbpedia.org/property/district	http://dbpedia.org/resource/Porto_District
http://purl.org/linguistics/gold/hypernym	http://dbpedia.org/resource/Parish
http://dbpedia.org/property/latd	"41.128999999999997783"^^http://www.w3.org/2001/XMLSchema#decimal
http://dbpedia.org/property/subregion	http://dbpedia.org/resource/Tâmega_Subregion
http://dbpedia.org/ontology/abstract	"Aguiar de Sousa ist eine Gemeinde im Kreis Paredes des Distrikts Porto in Portugal. Die Stadt hat 1655 Einwohner (Stand 30. Juni 2011)."@de
http://www.w3.org/2000/01/rdf-schema#label	"阿吉亚尔-迪索萨"@zh
http://www.w3.org/1999/02/22-rdf-syntax-ns#type	http://dbpedia.org/class/yago/PhysicalEntity100001930
http://dbpedia.org/property/region	http://dbpedia.org/resource/Norte_Region,_Portugal
