#---Properties and values from: http://dbpedia.org/resource/Vukpalaj
Property	Value
http://dbpedia.org/property/longew	"E"^^http://www.w3.org/1999/02/22-rdf-syntax-ns#langString
http://dbpedia.org/property/type	"v"^^http://www.w3.org/1999/02/22-rdf-syntax-ns#langString
http://dbpedia.org/property/lats	"59"^^http://www.w3.org/2001/XMLSchema#integer
http://dbpedia.org/property/officialName	"Vukpalaj"^^http://www.w3.org/1999/02/22-rdf-syntax-ns#langString
http://dbpedia.org/ontology/wikiPageRevisionID	"692474525"^^http://www.w3.org/2001/XMLSchema#integer
http://dbpedia.org/property/latm	"18"^^http://www.w3.org/2001/XMLSchema#integer
http://dbpedia.org/property/latns	"N"^^http://www.w3.org/1999/02/22-rdf-syntax-ns#langString
http://dbpedia.org/property/county	http://dbpedia.org/resource/Shkodër_County
http://xmlns.com/foaf/0.1/isPrimaryTopicOf	http://en.wikipedia.org/wiki/Vukpalaj
http://dbpedia.org/property/municipality	http://dbpedia.org/resource/Malësi_e_Madhe
http://dbpedia.org/property/longm	"27"^^http://www.w3.org/2001/XMLSchema#integer
http://dbpedia.org/property/populationTotal	"768"^^http://www.w3.org/2001/XMLSchema#integer
http://dbpedia.org/property/longs	"8"^^http://www.w3.org/2001/XMLSchema#integer
http://purl.org/dc/terms/subject	http://dbpedia.org/resource/Category:Kastrat
http://www.w3.org/2000/01/rdf-schema#comment	"Vukpalaj (also known as Vukpalaj-Bajzë) is a settlement in the former Kastrat Municipality, Shkodër County, northern Albania. At the 2015 local government reform it became part of the municipality Malësi e Madhe. It has a population of 768."@en
http://dbpedia.org/property/longd	"19"^^http://www.w3.org/2001/XMLSchema#integer
http://xmlns.com/foaf/0.1/primaryTopic	http://en.wikipedia.org/wiki/Vukpalaj
http://www.w3.org/2002/07/owl#sameAs	http://rdf.freebase.com/ns/m.0czf2vy
http://dbpedia.org/ontology/wikiPageID	"28563448"^^http://www.w3.org/2001/XMLSchema#integer
http://www.w3.org/ns/prov#wasDerivedFrom	http://en.wikipedia.org/wiki/Vukpalaj?oldid=692474525
http://dbpedia.org/property/municunit	http://dbpedia.org/resource/Kastrat
http://purl.org/linguistics/gold/hypernym	http://dbpedia.org/resource/Settlement
http://dbpedia.org/property/latd	"42"^^http://www.w3.org/2001/XMLSchema#integer
http://dbpedia.org/ontology/abstract	"Vukpalaj (also known as Vukpalaj-Bajzë) is a settlement in the former Kastrat Municipality, Shkodër County, northern Albania. At the 2015 local government reform it became part of the municipality Malësi e Madhe. It has a population of 768."@en
http://www.w3.org/2000/01/rdf-schema#label	"Vukpalaj"@en
http://www.w3.org/1999/02/22-rdf-syntax-ns#type	http://dbpedia.org/class/yago/GeographicalArea108574314
