#---Properties and values from: http://dbpedia.org/resource/Pontes_Gestal
Property	Value
http://dbpedia.org/property/lats	"0"^^http://www.w3.org/2001/XMLSchema#integer
http://dbpedia.org/ontology/wikiPageRevisionID	"720299088"^^http://www.w3.org/2001/XMLSchema#integer
http://dbpedia.org/property/latm	"10"^^http://www.w3.org/2001/XMLSchema#integer
http://dbpedia.org/property/latns	"S"^^http://www.w3.org/1999/02/22-rdf-syntax-ns#langString
http://dbpedia.org/property/imageMap	"SaoPaulo Municip PontesGestal.svg"^^http://www.w3.org/1999/02/22-rdf-syntax-ns#langString
http://xmlns.com/foaf/0.1/isPrimaryTopicOf	http://en.wikipedia.org/wiki/Pontes_Gestal
http://dbpedia.org/property/longm	"42"^^http://www.w3.org/2001/XMLSchema#integer
http://dbpedia.org/property/populationTotal	"2593"^^http://www.w3.org/2001/XMLSchema#integer
http://dbpedia.org/property/longs	"12"^^http://www.w3.org/2001/XMLSchema#integer
http://dbpedia.org/property/populationAsOf	"2015"^^http://www.w3.org/2001/XMLSchema#integer
http://purl.org/dc/terms/subject	http://dbpedia.org/resource/Category:Municipalities_in_São_Paulo_(state)
http://dbpedia.org/property/state	"SP"^^http://www.w3.org/1999/02/22-rdf-syntax-ns#langString
http://www.w3.org/2000/01/rdf-schema#comment	"Pontes Gestal è un comune del Brasile nello Stato di San Paolo, parte della mesoregione di São José do Rio Preto e della microregione di Votuporanga."@it
http://dbpedia.org/property/longd	"49"^^http://www.w3.org/2001/XMLSchema#integer
http://xmlns.com/foaf/0.1/primaryTopic	http://en.wikipedia.org/wiki/Pontes_Gestal
http://www.w3.org/2002/07/owl#sameAs	http://pl.dbpedia.org/resource/Pontes_Gestal
http://dbpedia.org/ontology/thumbnail	http://commons.wikimedia.org/wiki/Special:FilePath/SaoPaulo_Municip_PontesGestal.svg?width=300
http://dbpedia.org/ontology/wikiPageID	"1133138"^^http://www.w3.org/2001/XMLSchema#integer
http://dbpedia.org/property/areaTotal	"218"^^http://www.w3.org/2001/XMLSchema#integer
http://www.w3.org/ns/prov#wasDerivedFrom	http://en.wikipedia.org/wiki/Pontes_Gestal?oldid=720299088
http://dbpedia.org/ontology/birthPlace	http://dbpedia.org/resource/Thiago_Ribeiro
http://xmlns.com/foaf/0.1/depiction	http://commons.wikimedia.org/wiki/Special:FilePath/SaoPaulo_Municip_PontesGestal.svg
http://purl.org/linguistics/gold/hypernym	http://dbpedia.org/resource/Municipality
http://dbpedia.org/property/latd	"20"^^http://www.w3.org/2001/XMLSchema#integer
http://dbpedia.org/ontology/abstract	"Pontes Gestal é um município brasileiro do estado de São Paulo. Localiza-se a uma latitude 20º10'00\" sul e a uma longitude 49º42'12\" oeste, estando a uma altitude de 449 metros. A cidade tem uma população de 2.518 habitantes (IBGE/2010) e área de 217,4 km². Pontes Gestal pertence à Microrregião de Votuporanga. É cercada por represas e próxima dos rios Preto e Turvo. Como não têm empresas voltadas ao turismo, a prefeitura mantém um camping gratuito."@pt
http://www.w3.org/2000/01/rdf-schema#label	"Понтис-Жестал"@ru
http://www.w3.org/1999/02/22-rdf-syntax-ns#type	http://dbpedia.org/class/yago/YagoGeoEntity
