#---Properties and values from: http://dbpedia.org/resource/Hauho
Property	Value
http://dbpedia.org/property/lats	"20"^^http://www.w3.org/2001/XMLSchema#integer
http://dbpedia.org/ontology/wikiPageRevisionID	"657364578"^^http://www.w3.org/2001/XMLSchema#integer
http://dbpedia.org/property/mapCaption	"Location of Hauho in Finland"^^http://www.w3.org/1999/02/22-rdf-syntax-ns#langString
http://dbpedia.org/property/latm	"10"^^http://www.w3.org/2001/XMLSchema#integer
http://dbpedia.org/property/settlementType	"Former municipality"^^http://www.w3.org/1999/02/22-rdf-syntax-ns#langString
http://dbpedia.org/property/imageMap	"Hauho.sijainti.suomi.2008.svg"^^http://www.w3.org/1999/02/22-rdf-syntax-ns#langString
http://xmlns.com/foaf/0.1/isPrimaryTopicOf	http://en.wikipedia.org/wiki/Hauho
http://dbpedia.org/property/extinctDate	"2009"^^http://www.w3.org/2001/XMLSchema#integer
http://dbpedia.org/property/longm	"33"^^http://www.w3.org/2001/XMLSchema#integer
http://dbpedia.org/property/populationTotal	"3934"^^http://www.w3.org/2001/XMLSchema#integer
http://dbpedia.org/property/longs	"45"^^http://www.w3.org/2001/XMLSchema#integer
http://dbpedia.org/property/populationAsOf	"2008-12-31"^^http://www.w3.org/2001/XMLSchema#date
http://purl.org/dc/terms/subject	http://dbpedia.org/resource/Category:Former_municipalities_of_Finland
http://www.w3.org/2000/01/rdf-schema#comment	"Hauho [ˈhɑu̯hɔ] ist eine ehemalige Gemeinde in der südfinnischen Landschaft Kanta-Häme. Zum Jahresbeginn 2009 wurde sie zusammen mit den Gemeinden Kalvola, Lammi, Renko und Tuulos in die Stadt Hämeenlinna eingemeindet."@de
http://dbpedia.org/property/imageShield	"Hauho.vaakuna.svg"^^http://www.w3.org/1999/02/22-rdf-syntax-ns#langString
http://dbpedia.org/property/longd	"24"^^http://www.w3.org/2001/XMLSchema#integer
http://xmlns.com/foaf/0.1/primaryTopic	http://en.wikipedia.org/wiki/Hauho
http://www.w3.org/2002/07/owl#sameAs	http://fr.dbpedia.org/resource/Hauho
http://dbpedia.org/ontology/thumbnail	http://commons.wikimedia.org/wiki/Special:FilePath/Hauho.vaakuna.svg?width=300
http://dbpedia.org/ontology/wikiPageID	"774361"^^http://www.w3.org/2001/XMLSchema#integer
http://dbpedia.org/property/areaWaterKm	"88.840000000000003411"^^http://www.w3.org/2001/XMLSchema#decimal
http://www.w3.org/ns/prov#wasDerivedFrom	http://en.wikipedia.org/wiki/Hauho?oldid=657364578
http://dbpedia.org/ontology/birthPlace	http://dbpedia.org/resource/Wäinö_Wuolijoki
http://dbpedia.org/property/name	"Hauho"^^http://www.w3.org/1999/02/22-rdf-syntax-ns#langString
http://dbpedia.org/property/areaTotalKm	"443.37000000000000455"^^http://www.w3.org/2001/XMLSchema#decimal
http://xmlns.com/foaf/0.1/depiction	http://commons.wikimedia.org/wiki/Special:FilePath/Hauho.vaakuna.svg
http://purl.org/linguistics/gold/hypernym	http://dbpedia.org/resource/Municipality
http://dbpedia.org/property/areaLandKm	"354.52999999999997272"^^http://www.w3.org/2001/XMLSchema#decimal
http://dbpedia.org/property/latd	"61"^^http://www.w3.org/2001/XMLSchema#integer
http://dbpedia.org/property/establishedDate	"1868"^^http://www.w3.org/2001/XMLSchema#integer
http://dbpedia.org/property/subregion	"Hämeenlinna sub-region"^^http://www.w3.org/1999/02/22-rdf-syntax-ns#langString
http://dbpedia.org/ontology/abstract	"Hauho [ˈhɑu̯hɔ] ist eine ehemalige Gemeinde in der südfinnischen Landschaft Kanta-Häme. Zum Jahresbeginn 2009 wurde sie zusammen mit den Gemeinden Kalvola, Lammi, Renko und Tuulos in die Stadt Hämeenlinna eingemeindet."@de
http://dbpedia.org/property/establishedTitle	"Charter"^^http://www.w3.org/1999/02/22-rdf-syntax-ns#langString
http://www.w3.org/2000/01/rdf-schema#label	"Hauho"@it
http://dbpedia.org/property/extinctTitle	"Consolidated"^^http://www.w3.org/1999/02/22-rdf-syntax-ns#langString
http://dbpedia.org/property/province	http://dbpedia.org/resource/Southern_Finland
http://dbpedia.org/property/finnishOfficial	"1"^^http://www.w3.org/2001/XMLSchema#integer
http://www.w3.org/1999/02/22-rdf-syntax-ns#type	http://dbpedia.org/ontology/Settlement
http://dbpedia.org/property/region	http://dbpedia.org/resource/Tavastia_Proper
