#---Properties and values from: http://dbpedia.org/resource/Luso_(Mealhada)
Property	Value
http://dbpedia.org/property/officialName	"Luso"^^http://www.w3.org/1999/02/22-rdf-syntax-ns#langString
http://dbpedia.org/ontology/wikiPageRevisionID	"701646348"^^http://www.w3.org/2001/XMLSchema#integer
http://xmlns.com/foaf/0.1/isPrimaryTopicOf	http://en.wikipedia.org/wiki/Luso_(Mealhada)
http://dbpedia.org/property/municipality	http://dbpedia.org/resource/Mealhada
http://dbpedia.org/property/location	http://dbpedia.org/resource/2016–17_Associação_Académica_de_Coimbra_–_O.A.F._season
http://dbpedia.org/ontology/country	http://dbpedia.org/resource/Portugal
http://dbpedia.org/property/populationTotal	"2593"^^http://www.w3.org/2001/XMLSchema#integer
http://dbpedia.org/property/populationAsOf	"2011"^^http://www.w3.org/2001/XMLSchema#integer
http://dbpedia.org/property/stadium	http://dbpedia.org/resource/2016_UEFA_European_Under-17_Championship_qualification
http://purl.org/dc/terms/subject	http://dbpedia.org/resource/Category:Parishes_of_Mealhada
http://dbpedia.org/ontology/wikiPageDisambiguates	http://dbpedia.org/resource/Luso
http://www.w3.org/2000/01/rdf-schema#comment	"Luso is a civil parish of the municipality of Mealhada, Aveiro district, Portugal. The population in 2011 was 2,593, in an area of 16.87 km². It is renowned by its mineral waters. Águas do Luso, one of the largest Portuguese companies providing mineral water is based there."@en
http://dbpedia.org/property/cim	http://dbpedia.org/resource/Região_de_Coimbra
http://dbpedia.org/ontology/place	http://dbpedia.org/resource/Battle_of_Bussaco
http://dbpedia.org/property/longd	"-8.3770000000000006679"^^http://www.w3.org/2001/XMLSchema#decimal
http://xmlns.com/foaf/0.1/primaryTopic	http://en.wikipedia.org/wiki/Luso_(Mealhada)
http://www.w3.org/2002/07/owl#sameAs	http://www.wikidata.org/entity/Q1024828
http://dbpedia.org/ontology/wikiPageRedirects	http://dbpedia.org/resource/Luso,_Portugal
http://dbpedia.org/ontology/wikiPageID	"27410714"^^http://www.w3.org/2001/XMLSchema#integer
http://dbpedia.org/property/areaTotal	"16.870000000000000995"^^http://www.w3.org/2001/XMLSchema#decimal
http://www.w3.org/ns/prov#wasDerivedFrom	http://en.wikipedia.org/wiki/Luso_(Mealhada)?oldid=701646348
http://dbpedia.org/property/district	http://dbpedia.org/resource/Aveiro_District
http://dbpedia.org/ontology/city	http://dbpedia.org/resource/Buçaco_Forest
http://purl.org/linguistics/gold/hypernym	http://dbpedia.org/resource/Parish
http://dbpedia.org/property/latd	"40.384000000000000341"^^http://www.w3.org/2001/XMLSchema#decimal
http://dbpedia.org/property/subregion	http://dbpedia.org/resource/Baixo_Vouga
http://dbpedia.org/ontology/abstract	"Luso es una freguesia portuguesa del concelho (municipio) de Mealhada, con 18,87 km² de superficie y 2.750 habitantes (2001). Su densidad de población es de 145,7 hab/km²."@es
http://dbpedia.org/property/venues	http://dbpedia.org/resource/2015_CERH_European_Roller_Hockey_U-17_Championship
http://www.w3.org/2000/01/rdf-schema#label	"Luso (Mealhada)"@en
http://www.w3.org/1999/02/22-rdf-syntax-ns#type	http://dbpedia.org/ontology/PopulatedPlace
http://dbpedia.org/property/region	http://dbpedia.org/resource/Centro_Region,_Portugal
