#---Properties and values from: http://dbpedia.org/resource/Ribeira_de_Pena_(Salvador)_e_Santo_Aleixo_de_Além-Tâmega
Property	Value
http://dbpedia.org/property/officialName	"Santo Aleixo de Além-Tâmega"^^http://www.w3.org/1999/02/22-rdf-syntax-ns#langString
http://dbpedia.org/ontology/wikiPageRevisionID	"730687139"^^http://www.w3.org/2001/XMLSchema#integer
http://xmlns.com/foaf/0.1/isPrimaryTopicOf	http://en.wikipedia.org/wiki/Ribeira_de_Pena_(Salvador)_e_Santo_Aleixo_de_Além-Tâmega
http://dbpedia.org/property/municipality	http://dbpedia.org/resource/Ribeira_de_Pena
http://dbpedia.org/ontology/country	http://dbpedia.org/resource/Portugal
http://dbpedia.org/property/populationTotal	"2785"^^http://www.w3.org/2001/XMLSchema#integer
http://dbpedia.org/property/populationAsOf	"2011"^^http://www.w3.org/2001/XMLSchema#integer
http://dbpedia.org/ontology/wikiPageDisambiguates	http://dbpedia.org/resource/Ribeira
http://purl.org/dc/terms/subject	http://dbpedia.org/resource/Category:Parishes_of_Ribeira_de_Pena
http://www.w3.org/2000/01/rdf-schema#comment	"Салвадор (порт. Salvador) — район (фрегезия) в Португалии, входит в округ Вила-Реал. Является составной частью муниципалитета Рибейра-де-Пена. По старому административному делению входил в провинцию Траз-уж-Монтиш и Алту-Дору. Входит в экономико-статистический субрегион Тамега, который входит в Северный регион. Население составляет 2573 человека на 2001 год. Занимает площадь 38,14 км²."@ru
http://dbpedia.org/property/cim	http://dbpedia.org/resource/Alto_Tâmega
http://dbpedia.org/property/longd	"-7.7930000000000001492"^^http://www.w3.org/2001/XMLSchema#decimal
http://xmlns.com/foaf/0.1/primaryTopic	http://en.wikipedia.org/wiki/Ribeira_de_Pena_(Salvador)_e_Santo_Aleixo_de_Além-Tâmega
http://www.w3.org/2002/07/owl#sameAs	http://wikidata.dbpedia.org/resource/Q799381
http://dbpedia.org/ontology/wikiPageRedirects	http://dbpedia.org/resource/Ribeira_de_Pena_(Salvador)_e_Santo_Aleixo_de_Alem-Tamega
http://dbpedia.org/ontology/wikiPageID	"29339108"^^http://www.w3.org/2001/XMLSchema#integer
http://dbpedia.org/property/areaTotal	"52.850000000000001421"^^http://www.w3.org/2001/XMLSchema#decimal
http://www.w3.org/ns/prov#wasDerivedFrom	http://en.wikipedia.org/wiki/Ribeira_de_Pena_(Salvador)_e_Santo_Aleixo_de_Além-Tâmega?oldid=730687139
http://dbpedia.org/property/district	http://dbpedia.org/resource/Vila_Real_District
http://purl.org/linguistics/gold/hypernym	http://dbpedia.org/resource/Parish
http://dbpedia.org/property/latd	"41.520000000000003126"^^http://www.w3.org/2001/XMLSchema#decimal
http://dbpedia.org/property/subregion	http://dbpedia.org/resource/Tâmega_Subregion
http://dbpedia.org/ontology/abstract	"Ribeira de Pena (Salvador) é uma antiga freguesia portuguesa do concelho de Ribeira de Pena, com 38,14 km² de área e 2 417 habitantes (2011). A sua densidade populacional era 63,4 hab/km². Tem o nome alternativo de Salvador. Foi a freguesia sede do concelho.Pela última Reorganização administrativa do território das freguesias, de acordo com a Lei nº 11-A/2013 de 28 de Janeiro, esta freguesia juntamente com a freguesia de Santo Aleixo de Além-Tâmega passou a constituir a União de freguesias de Ribeira de Pena (Salvador) e Santo Aleixo de Além-Tâmega com sede em Ribeira de Pena (Salvador)."@pt
http://www.w3.org/2000/01/rdf-schema#label	"Salvador (Ribeira de Pena)"@pt
http://www.w3.org/1999/02/22-rdf-syntax-ns#type	http://www.wikidata.org/entity/Q486972
http://dbpedia.org/property/region	http://dbpedia.org/resource/Norte_Region,_Portugal
