#---Properties and values from: http://dbpedia.org/resource/Comendador_Gomes
Property	Value
http://dbpedia.org/ontology/wikiPageRevisionID	"718194921"^^http://www.w3.org/2001/XMLSchema#integer
http://dbpedia.org/property/latm	"41"^^http://www.w3.org/2001/XMLSchema#integer
http://dbpedia.org/property/latns	"S"^^http://www.w3.org/1999/02/22-rdf-syntax-ns#langString
http://dbpedia.org/property/imageMap	"MinasGerais Municip ComendadorGomes.svg"^^http://www.w3.org/1999/02/22-rdf-syntax-ns#langString
http://xmlns.com/foaf/0.1/isPrimaryTopicOf	http://en.wikipedia.org/wiki/Comendador_Gomes
http://dbpedia.org/property/longm	"4"^^http://www.w3.org/2001/XMLSchema#integer
http://dbpedia.org/property/populationTotal	"3116"^^http://www.w3.org/2001/XMLSchema#integer
http://dbpedia.org/property/populationAsOf	"2015"^^http://www.w3.org/2001/XMLSchema#integer
http://purl.org/dc/terms/subject	http://dbpedia.org/resource/Category:Municipalities_in_Minas_Gerais
http://dbpedia.org/property/state	"MG"^^http://www.w3.org/1999/02/22-rdf-syntax-ns#langString
http://dbpedia.org/ontology/wikiPageDisambiguates	http://dbpedia.org/resource/Comendador
http://www.w3.org/2000/01/rdf-schema#comment	"Comendador Gomes é um município brasileiro do interior do estado de Minas Gerais, Região Sudeste do país. Sua população estimada em 2014 era de 3 105 habitantes. 
*  Fundação: 1948 
*  CEP: 38250-000"@pt
http://dbpedia.org/property/longd	"49"^^http://www.w3.org/2001/XMLSchema#integer
http://xmlns.com/foaf/0.1/primaryTopic	http://en.wikipedia.org/wiki/Comendador_Gomes
http://dbpedia.org/ontology/wikiPageRedirects	http://dbpedia.org/resource/Comendador_Gomes,_Minas_Gerais,_Brazil
http://www.w3.org/2002/07/owl#sameAs	http://yago-knowledge.org/resource/Comendador_Gomes
http://dbpedia.org/ontology/thumbnail	http://commons.wikimedia.org/wiki/Special:FilePath/MinasGerais_Municip_ComendadorGomes.svg?width=300
http://dbpedia.org/property/areaTotal	"1041.0499999999999545"^^http://www.w3.org/2001/XMLSchema#decimal
http://dbpedia.org/ontology/wikiPageID	"3087197"^^http://www.w3.org/2001/XMLSchema#integer
http://www.w3.org/ns/prov#wasDerivedFrom	http://en.wikipedia.org/wiki/Comendador_Gomes?oldid=718194921
http://xmlns.com/foaf/0.1/depiction	http://commons.wikimedia.org/wiki/Special:FilePath/MinasGerais_Municip_ComendadorGomes.svg
http://purl.org/linguistics/gold/hypernym	http://dbpedia.org/resource/Municipality
http://dbpedia.org/property/latd	"19"^^http://www.w3.org/2001/XMLSchema#integer
http://dbpedia.org/ontology/abstract	"Comendador Gomes è un comune del Brasile nello Stato del Minas Gerais, parte della mesoregione del Triângulo Mineiro e Alto Paranaíba e della microregione di Frutal."@it
http://www.w3.org/2000/01/rdf-schema#label	"Comendador Gomes"@pl
http://www.w3.org/1999/02/22-rdf-syntax-ns#type	http://dbpedia.org/class/yago/PhysicalEntity100001930
