#---Properties and values from: http://dbpedia.org/resource/Feijó_(Almada)
Property	Value
http://dbpedia.org/property/officialName	"Feijó"^^http://www.w3.org/1999/02/22-rdf-syntax-ns#langString
http://dbpedia.org/ontology/wikiPageRevisionID	"701645082"^^http://www.w3.org/2001/XMLSchema#integer
http://xmlns.com/foaf/0.1/isPrimaryTopicOf	http://en.wikipedia.org/wiki/Feijó_(Almada)
http://dbpedia.org/property/municipality	http://dbpedia.org/resource/Almada_Municipality
http://dbpedia.org/ontology/country	http://dbpedia.org/resource/Portugal
http://dbpedia.org/property/populationTotal	"18884"^^http://www.w3.org/2001/XMLSchema#integer
http://dbpedia.org/property/populationAsOf	"2011"^^http://www.w3.org/2001/XMLSchema#integer
http://purl.org/dc/terms/subject	http://dbpedia.org/resource/Category:Parishes_of_Almada
http://www.w3.org/2000/01/rdf-schema#comment	"Feijó era una freguesia portuguesa del concelho de Almada, en el distrito de Distrito de Setúbal, con 3,94 km² de área y 18 884 habitantes (2011). Densidad de población: 4 780,8 hab/km². Parte integrante del casco urbano de la ciudad de Almada y consagrada económicamente a la industria ligera y el sector terciario (comercio y servicios), Feijó fue elevada a la condición de freguesia autónoma en 1993, por segregación de la de Cova da Piedade,pero la nueva freguesia quedó extinguida en el marco de la reforma administrativa de 2013, fusionándose con la de Laranjeiro para formar una nueva, denominada Unión de las Freguesias de Laranjeiro e Feijó, con sede en la primera."@es
http://dbpedia.org/property/imageShield	"ALM-feijo.png"^^http://www.w3.org/1999/02/22-rdf-syntax-ns#langString
http://dbpedia.org/property/longd	"-9.1649999999999991473"^^http://www.w3.org/2001/XMLSchema#decimal
http://xmlns.com/foaf/0.1/primaryTopic	http://en.wikipedia.org/wiki/Feijó_(Almada)
http://dbpedia.org/property/dissolved	"2013"^^http://www.w3.org/2001/XMLSchema#integer
http://www.w3.org/2002/07/owl#sameAs	http://dbpedia.org/resource/Feijó_(Almada)
http://dbpedia.org/ontology/wikiPageRedirects	http://dbpedia.org/resource/Feijo_(Almada)
http://dbpedia.org/ontology/thumbnail	http://commons.wikimedia.org/wiki/Special:FilePath/ALM-feijo.png?width=300
http://dbpedia.org/ontology/wikiPageID	"5905535"^^http://www.w3.org/2001/XMLSchema#integer
http://dbpedia.org/property/areaTotal	"3.9399999999999999467"^^http://www.w3.org/2001/XMLSchema#decimal
http://www.w3.org/ns/prov#wasDerivedFrom	http://en.wikipedia.org/wiki/Feijó_(Almada)?oldid=701645082
http://dbpedia.org/property/place	http://dbpedia.org/resource/FIBA_EuroBasket_2013_qualification
http://xmlns.com/foaf/0.1/depiction	http://commons.wikimedia.org/wiki/Special:FilePath/ALM-feijo.png
http://purl.org/linguistics/gold/hypernym	http://dbpedia.org/resource/Parish
http://dbpedia.org/property/latd	"38.652999999999998693"^^http://www.w3.org/2001/XMLSchema#decimal
http://dbpedia.org/ontology/abstract	"Feijó era una freguesia portuguesa del concelho de Almada, en el distrito de Distrito de Setúbal, con 3,94 km² de área y 18 884 habitantes (2011). Densidad de población: 4 780,8 hab/km². Parte integrante del casco urbano de la ciudad de Almada y consagrada económicamente a la industria ligera y el sector terciario (comercio y servicios), Feijó fue elevada a la condición de freguesia autónoma en 1993, por segregación de la de Cova da Piedade,pero la nueva freguesia quedó extinguida en el marco de la reforma administrativa de 2013, fusionándose con la de Laranjeiro para formar una nueva, denominada Unión de las Freguesias de Laranjeiro e Feijó, con sede en la primera. En el territorio de esta freguesia, concretamente en la localidad de Vale de Mourelos, se ubica el Almada Fórum, uno de los mayores centros comerciales de Portugal."@es
http://www.w3.org/2000/01/rdf-schema#label	"Feijó (Almada)"@en
http://www.w3.org/1999/02/22-rdf-syntax-ns#type	http://dbpedia.org/class/yago/Tract108673395
