#---Properties and values from: http://dbpedia.org/resource/Blessum
Property	Value
http://xmlns.com/foaf/0.1/name	"Blessum"@en
http://dbpedia.org/ontology/wikiPageRevisionID	"649593183"^^http://www.w3.org/2001/XMLSchema#integer
http://dbpedia.org/property/settlementType	"Village"^^http://www.w3.org/1999/02/22-rdf-syntax-ns#langString
http://www.w3.org/2003/01/geo/wgs84_pos#long	"5.710277557373046875"^^http://www.w3.org/2001/XMLSchema#float
http://dbpedia.org/property/imageMap	"Map NL Menameradiel Blessum.png"^^http://www.w3.org/1999/02/22-rdf-syntax-ns#langString
http://xmlns.com/foaf/0.1/isPrimaryTopicOf	http://en.wikipedia.org/wiki/Blessum
http://dbpedia.org/property/subdivisionType	"Country"^^http://www.w3.org/1999/02/22-rdf-syntax-ns#langString
http://dbpedia.org/ontology/country	http://dbpedia.org/resource/Netherlands
http://dbpedia.org/property/populationTotal	"c. 100"^^http://www.w3.org/1999/02/22-rdf-syntax-ns#langString
http://purl.org/dc/terms/subject	http://dbpedia.org/resource/Category:Populated_places_in_Friesland
http://dbpedia.org/ontology/isPartOf	http://dbpedia.org/resource/Friesland
http://www.w3.org/2000/01/rdf-schema#comment	"Blessum is een klein dorp in de gemeente Menaldumadeel, provincie Friesland (Nederland). Het ligt vlak bij Deinum en Boksum en heeft 97 inwoners (2005)."@nl
http://xmlns.com/foaf/0.1/primaryTopic	http://en.wikipedia.org/wiki/Blessum
http://www.w3.org/2002/07/owl#sameAs	http://wikidata.dbpedia.org/resource/Q1927000
http://www.w3.org/2003/01/geo/wgs84_pos#lat	"53.181110382080078125"^^http://www.w3.org/2001/XMLSchema#float
http://www.georss.org/georss/point	"53.181111111111115 5.710277777777778"
http://dbpedia.org/ontology/thumbnail	http://commons.wikimedia.org/wiki/Special:FilePath/Map_NL_Menameradiel_Blessum.png?width=300
http://dbpedia.org/ontology/wikiPageID	"20113049"^^http://www.w3.org/2001/XMLSchema#integer
http://www.w3.org/ns/prov#wasDerivedFrom	http://en.wikipedia.org/wiki/Blessum?oldid=649593183
http://xmlns.com/foaf/0.1/depiction	http://commons.wikimedia.org/wiki/Special:FilePath/Map_NL_Menameradiel_Blessum.png
http://purl.org/linguistics/gold/hypernym	http://dbpedia.org/resource/Village
http://dbpedia.org/ontology/abstract	"Blessum is een klein dorp in de gemeente Menaldumadeel, provincie Friesland (Nederland). Het ligt vlak bij Deinum en Boksum en heeft 97 inwoners (2005)."@nl
http://www.w3.org/2003/01/geo/wgs84_pos#geometry	"POINT(5.710277557373 53.18111038208)"^^http://www.openlinksw.com/schemas/virtrdf#Geometry
http://www.w3.org/2000/01/rdf-schema#label	"Blessum"@nl
http://dbpedia.org/property/mapsize	"280"^^http://www.w3.org/2001/XMLSchema#integer
http://www.w3.org/1999/02/22-rdf-syntax-ns#type	http://www.wikidata.org/entity/Q486972
