#---Properties and values from: http://dbpedia.org/resource/Ismailia_Governorate
Property	Value
http://dbpedia.org/ontology/wikiPageExternalLink	http://www.ismailia.gov.eg/
http://dbpedia.org/property/populationDensityKm	"auto"^^http://www.w3.org/1999/02/22-rdf-syntax-ns#langString
http://dbpedia.org/ontology/wikiPageRevisionID	"745012210"^^http://www.w3.org/2001/XMLSchema#integer
http://dbpedia.org/property/mapCaption	"Ismailia Governorate on the map of Egypt"^^http://www.w3.org/1999/02/22-rdf-syntax-ns#langString
http://dbpedia.org/property/settlementType	http://dbpedia.org/resource/Governorate_of_Egypt
http://www.w3.org/2003/01/geo/wgs84_pos#long	"32.28333282470703125"^^http://www.w3.org/2001/XMLSchema#float
http://dbpedia.org/property/website	http://www.ismailia.gov.eg/Default.aspx
http://dbpedia.org/property/coordinatesRegion	"EG"^^http://www.w3.org/1999/02/22-rdf-syntax-ns#langString
http://dbpedia.org/property/imageMap	"Ismailia in Egypt .svg"^^http://www.w3.org/1999/02/22-rdf-syntax-ns#langString
http://xmlns.com/foaf/0.1/isPrimaryTopicOf	http://en.wikipedia.org/wiki/Ismailia_Governorate
http://dbpedia.org/property/subdivisionType	"Country"^^http://www.w3.org/1999/02/22-rdf-syntax-ns#langString
http://dbpedia.org/property/populationTotal	"1178641"^^http://www.w3.org/2001/XMLSchema#integer
http://dbpedia.org/property/populationAsOf	"2015"^^http://www.w3.org/2001/XMLSchema#integer
http://dbpedia.org/ontology/isPartOf	http://dbpedia.org/resource/Tell_El_Kebir
http://purl.org/dc/terms/subject	http://dbpedia.org/resource/Category:Governorates_of_Egypt
http://www.w3.org/2000/01/rdf-schema#comment	"Исмаили́я (Эль-Исмаили́я) (араб. الإسماعيلية‎) — мухафаза в Арабской Республике Египет. Административный центр — город Исмаилия. Расположена на северо-востоке страны, в восточной части дельты Нила, к востоку от мухафазы Шаркия, к западу от мухафазы Северный Синай и к северу от мухафазы Суэц."@ru
http://dbpedia.org/property/leaderTitle	"Governor"^^http://www.w3.org/1999/02/22-rdf-syntax-ns#langString
http://dbpedia.org/property/utcOffsetDst	"true"^^http://www.w3.org/1999/02/22-rdf-syntax-ns#langString
http://xmlns.com/foaf/0.1/primaryTopic	http://en.wikipedia.org/wiki/Ismailia_Governorate
http://dbpedia.org/property/imageSeal	"Coat of arms of Ismailia Govenorate.png"^^http://www.w3.org/1999/02/22-rdf-syntax-ns#langString
http://www.w3.org/2002/07/owl#sameAs	http://yago-knowledge.org/resource/Ismailia_Governorate
http://dbpedia.org/ontology/wikiPageRedirects	http://dbpedia.org/resource/Al_Isma'iliyah_Governorate
http://www.w3.org/2003/01/geo/wgs84_pos#lat	"30.600000381469726562"^^http://www.w3.org/2001/XMLSchema#float
http://www.georss.org/georss/point	"30.6 32.28333333333333"
http://dbpedia.org/ontology/thumbnail	http://commons.wikimedia.org/wiki/Special:FilePath/Governadorat_d'Ismailiya.png?width=300
http://dbpedia.org/property/flagSize	"120"^^http://www.w3.org/2001/XMLSchema#integer
http://dbpedia.org/ontology/wikiPageID	"468782"^^http://www.w3.org/2001/XMLSchema#integer
http://dbpedia.org/property/capital	http://dbpedia.org/resource/Ismailia
http://www.w3.org/ns/prov#wasDerivedFrom	http://en.wikipedia.org/wiki/Ismailia_Governorate?oldid=745012210
http://dbpedia.org/ontology/birthPlace	http://dbpedia.org/resource/Sara_Ahmed_(weightlifter)
http://dbpedia.org/property/leaderName	"Ahmed Bahaa El-Din Al-Qassas"^^http://www.w3.org/1999/02/22-rdf-syntax-ns#langString
http://dbpedia.org/property/area	"1442"^^http://www.w3.org/2001/XMLSchema#integer
http://dbpedia.org/property/coordinatesDisplay	"inline,title"^^http://www.w3.org/1999/02/22-rdf-syntax-ns#langString
http://dbpedia.org/property/name	"Ismailia Governorate"^^http://www.w3.org/1999/02/22-rdf-syntax-ns#langString
http://xmlns.com/foaf/0.1/depiction	http://commons.wikimedia.org/wiki/Special:FilePath/Governadorat_d'Ismailiya.png
http://purl.org/linguistics/gold/hypernym	http://dbpedia.org/resource/Governorates
http://dbpedia.org/property/utcOffset	"true"^^http://www.w3.org/1999/02/22-rdf-syntax-ns#langString
http://dbpedia.org/ontology/abstract	"Ismailia (en idioma árabe: الإسماعيلية, Al-Isma'iliyah) es una de las veintisiete gobernaciones de la República Árabe de Egipto. Se encuentra situada en la zona norte del delta del Nilo. La capital es la ciudad de Ismailia. El nombre de la gobernación y de la costa en el noreste del país, proviene del nombre de Ismail Pachá (1830-1895). La gobernación fue creada en 1963, por la segregación de la gobernación de Puerto Said, que se encuentra al norte de Ismailia."@es
http://www.w3.org/2003/01/geo/wgs84_pos#geometry	"POINT(32.283332824707 30.60000038147)"^^http://www.openlinksw.com/schemas/virtrdf#Geometry
http://dbpedia.org/property/imageFlag	"Governadorat d'Ismailiya.png"^^http://www.w3.org/1999/02/22-rdf-syntax-ns#langString
http://www.w3.org/2000/01/rdf-schema#label	"Gouvernorat d'Ismaïlia"@fr
http://dbpedia.org/property/subdivisionName	http://dbpedia.org/resource/Egypt
http://xmlns.com/foaf/0.1/homepage	http://www.ismailia.gov.eg/Default.aspx
http://www.w3.org/1999/02/22-rdf-syntax-ns#type	http://dbpedia.org/class/yago/YagoPermanentlyLocatedEntity
