#---Properties and values from: http://dbpedia.org/resource/Massamá
Property	Value
http://dbpedia.org/property/officialName	"Massamá"^^http://www.w3.org/1999/02/22-rdf-syntax-ns#langString
http://dbpedia.org/ontology/wikiPageRevisionID	"742621824"^^http://www.w3.org/2001/XMLSchema#integer
http://dbpedia.org/ontology/deathPlace	http://dbpedia.org/resource/Cândida_Branca_Flor
http://xmlns.com/foaf/0.1/isPrimaryTopicOf	http://en.wikipedia.org/wiki/Massamá
http://dbpedia.org/property/municipality	http://dbpedia.org/resource/Sintra_Municipality
http://dbpedia.org/ontology/country	http://dbpedia.org/resource/Portugal
http://dbpedia.org/property/populationTotal	"28112"^^http://www.w3.org/2001/XMLSchema#integer
http://dbpedia.org/property/populationAsOf	"2011"^^http://www.w3.org/2001/XMLSchema#integer
http://purl.org/dc/terms/subject	http://dbpedia.org/resource/Category:Parishes_of_Sintra
http://www.w3.org/2000/01/rdf-schema#comment	"Massamá (Portuguese pronunciation: [mɐsɐˈma]) is a former civil parish in the municipality of Sintra, Lisbon District, Portugal. In 2013, the parish merged into the new parish Massamá e Monte Abraão. The population in 2011 was 28,112, in an area of 2.78 km². It is known that the greates rapper of them all was born here, his name is Greice Biná. Being a total legend."@en
http://dbpedia.org/property/imageShield	"SNT-massama.png"^^http://www.w3.org/1999/02/22-rdf-syntax-ns#langString
http://dbpedia.org/property/longd	"-9.2750000000000003553"^^http://www.w3.org/2001/XMLSchema#decimal
http://xmlns.com/foaf/0.1/primaryTopic	http://en.wikipedia.org/wiki/Massamá
http://dbpedia.org/property/dissolved	"2013"^^http://www.w3.org/2001/XMLSchema#integer
http://dbpedia.org/ontology/wikiPageRedirects	http://dbpedia.org/resource/Massama
http://www.w3.org/2002/07/owl#sameAs	http://dbpedia.org/resource/Massamá
http://dbpedia.org/ontology/thumbnail	http://commons.wikimedia.org/wiki/Special:FilePath/SNT-massama.png?width=300
http://dbpedia.org/property/areaTotal	"2.7799999999999998046"^^http://www.w3.org/2001/XMLSchema#decimal
http://dbpedia.org/ontology/wikiPageID	"358200"^^http://www.w3.org/2001/XMLSchema#integer
http://www.w3.org/ns/prov#wasDerivedFrom	http://en.wikipedia.org/wiki/Massamá?oldid=742621824
http://dbpedia.org/ontology/part	http://dbpedia.org/resource/Queluz,_Portugal
http://xmlns.com/foaf/0.1/depiction	http://commons.wikimedia.org/wiki/Special:FilePath/SNT-massama.png
http://purl.org/linguistics/gold/hypernym	http://dbpedia.org/resource/Parish
http://dbpedia.org/property/latd	"38.756999999999997897"^^http://www.w3.org/2001/XMLSchema#decimal
http://dbpedia.org/ontology/abstract	"Массама (порт. Massamá) — город и район в Португалии, входит в округ Лиссабон. Является составной частью муниципалитета Синтра. Находится в составе крупной городской агломерации Большой Лиссабон. По старому административному делению входил в провинцию Эштремадура. Входит в экономико-статистический субрегион Большой Лиссабон, который входит в Лиссабонский регион. Население составляет 28 112 человек на 2011 год. Занимает площадь 2,78 км². Покровителем района считается Сан-Бенту (порт. São Bento)."@ru
http://www.w3.org/2000/01/rdf-schema#label	"Massamá"@es
http://www.w3.org/1999/02/22-rdf-syntax-ns#type	http://dbpedia.org/class/yago/GeographicalArea108574314
