#---Properties and values from: http://dbpedia.org/resource/Camacha
Property	Value
http://dbpedia.org/property/populationDensity	"auto"^^http://www.w3.org/1999/02/22-rdf-syntax-ns#langString
http://dbpedia.org/property/officialName	"Camacha"^^http://www.w3.org/1999/02/22-rdf-syntax-ns#langString
http://dbpedia.org/ontology/wikiPageRevisionID	"609527054"^^http://www.w3.org/2001/XMLSchema#integer
http://xmlns.com/foaf/0.1/isPrimaryTopicOf	http://en.wikipedia.org/wiki/Camacha
http://dbpedia.org/property/municipality	http://dbpedia.org/resource/Santa_Cruz,_Madeira
http://dbpedia.org/property/location	http://dbpedia.org/resource/2016–17_Taça_de_Portugal
http://dbpedia.org/ontology/country	http://dbpedia.org/resource/Portugal
http://dbpedia.org/property/populationTotal	"7449"^^http://www.w3.org/2001/XMLSchema#integer
http://dbpedia.org/property/populationAsOf	"2011"^^http://www.w3.org/2001/XMLSchema#integer
http://purl.org/dc/terms/subject	http://dbpedia.org/resource/Category:Parishes_of_Santa_Cruz,_Madeira
http://www.w3.org/2000/01/rdf-schema#comment	"Camacha é uma freguesia portuguesa do concelho de Santa Cruz, com 19,58 km² de área e 7 449 habitantes (2011). A sua densidade populacional é 380,4 hab/km². Localiza-se a uma latitude 32.7 (32°42') Norte e a uma longitude 16,84 (16°49'20\") Oeste, estando a uma altitude de aproximadamente 700 metros. Camacha tem uma estrada que liga Funchal e Santo António da Serra. A actividade principal é a agricultura. Situada no interior da Ilha da Madeira, possui uma área montanhosa a norte."@pt
http://dbpedia.org/property/longd	"-16.844999999999998863"^^http://www.w3.org/2001/XMLSchema#decimal
http://xmlns.com/foaf/0.1/primaryTopic	http://en.wikipedia.org/wiki/Camacha
http://www.w3.org/2002/07/owl#sameAs	http://cs.dbpedia.org/resource/Camacha
http://dbpedia.org/ontology/thumbnail	http://commons.wikimedia.org/wiki/Special:FilePath/Fotbal-1875.JPG?width=300
http://dbpedia.org/property/areaTotal	"19.769999999999999574"^^http://www.w3.org/2001/XMLSchema#decimal
http://dbpedia.org/ontology/wikiPageID	"1802619"^^http://www.w3.org/2001/XMLSchema#integer
http://dbpedia.org/ontology/birthPlace	http://dbpedia.org/resource/João_Góis
http://www.w3.org/ns/prov#wasDerivedFrom	http://en.wikipedia.org/wiki/Camacha?oldid=609527054
http://dbpedia.org/ontology/part	http://dbpedia.org/resource/Santa_Cruz,_Madeira
http://xmlns.com/foaf/0.1/depiction	http://commons.wikimedia.org/wiki/Special:FilePath/Fotbal-1875.JPG
http://purl.org/linguistics/gold/hypernym	http://dbpedia.org/resource/Parish
http://dbpedia.org/property/latd	"32.679000000000002046"^^http://www.w3.org/2001/XMLSchema#decimal
http://dbpedia.org/ontology/abstract	"Camacha es una freguesia portuguesa perteneciente al concelho del municipio de Santa Cruz, con 19.58 kilómetros ² y 7991 habitantes (2001). Densidad: 408,1 habitantes / km ².Se encuentra a una latitud de 32.7 (32 ° 42 ') de longitud norte y 16,84 (16 ° 49'20 \") Oeste, con una altitud de unos 700 metros. Camacha tiene una carretera que une Funchal y Santo António da Serra. La principal actividad es la agricultura. Limita por océano Atlántico en el sur. Tiene una zona montañosa al norte.Fue elevada a ciudad en 1994."@es
http://www.w3.org/2000/01/rdf-schema#label	"Камаша (Мадейра)"@ru
http://www.w3.org/1999/02/22-rdf-syntax-ns#type	http://schema.org/Place
http://dbpedia.org/property/region	http://dbpedia.org/resource/Madeira
