#---Properties and values from: http://dbpedia.org/resource/Itapevi
Property	Value
http://dbpedia.org/property/julHighC	"23.100000000000001421"^^http://www.w3.org/2001/XMLSchema#decimal
http://dbpedia.org/property/lats	"56"^^http://www.w3.org/2001/XMLSchema#integer
http://dbpedia.org/property/augHighC	"24.899999999999998579"^^http://www.w3.org/2001/XMLSchema#decimal
http://dbpedia.org/property/novHighC	"27.399999999999998579"^^http://www.w3.org/2001/XMLSchema#decimal
http://dbpedia.org/ontology/wikiPageExternalLink	http://www.estacoesferroviarias.com.br/i/itapevi.htm
http://dbpedia.org/property/novLowC	"15.300000000000000711"^^http://www.w3.org/2001/XMLSchema#decimal
http://dbpedia.org/property/junLowC	"9.9000000000000003553"^^http://www.w3.org/2001/XMLSchema#decimal
http://dbpedia.org/property/latm	"32"^^http://www.w3.org/2001/XMLSchema#integer
http://dbpedia.org/property/latns	"S"^^http://www.w3.org/1999/02/22-rdf-syntax-ns#langString
http://dbpedia.org/property/imageSkyline	"Centro de Itapevi.jpg"^^http://www.w3.org/1999/02/22-rdf-syntax-ns#langString
http://dbpedia.org/property/aprLowC	"14.199999999999999289"^^http://www.w3.org/2001/XMLSchema#decimal
http://dbpedia.org/property/octLowC	"14.199999999999999289"^^http://www.w3.org/2001/XMLSchema#decimal
http://dbpedia.org/property/source	"CPA UNICAMP"^^http://www.w3.org/1999/02/22-rdf-syntax-ns#langString
http://dbpedia.org/property/marLowC	"16.899999999999998579"^^http://www.w3.org/2001/XMLSchema#decimal
http://dbpedia.org/property/location	"Itapevi"^^http://www.w3.org/1999/02/22-rdf-syntax-ns#langString
http://dbpedia.org/property/west	http://dbpedia.org/resource/Jandira
http://purl.org/dc/terms/subject	http://dbpedia.org/resource/Category:Municipalities_in_São_Paulo_(state)
http://dbpedia.org/property/state	"SP"^^http://www.w3.org/1999/02/22-rdf-syntax-ns#langString
http://dbpedia.org/property/febLowC	"17.800000000000000711"^^http://www.w3.org/2001/XMLSchema#decimal
http://dbpedia.org/property/julLowC	"9.3000000000000007105"^^http://www.w3.org/2001/XMLSchema#decimal
http://dbpedia.org/property/julPrecipitationMm	"42"^^http://www.w3.org/2001/XMLSchema#integer
http://dbpedia.org/property/octPrecipitationMm	"114"^^http://www.w3.org/2001/XMLSchema#integer
http://dbpedia.org/property/leaderParty	http://dbpedia.org/resource/Green_Party_(Brazil)
http://dbpedia.org/property/decHighC	"27.600000000000001421"^^http://www.w3.org/2001/XMLSchema#decimal
http://dbpedia.org/property/marHighC	"28.199999999999999289"^^http://www.w3.org/2001/XMLSchema#decimal
http://dbpedia.org/property/sepHighC	"25.899999999999998579"^^http://www.w3.org/2001/XMLSchema#decimal
http://www.w3.org/ns/prov#wasDerivedFrom	http://en.wikipedia.org/wiki/Itapevi?oldid=720251216
http://dbpedia.org/property/mayPrecipitationMm	"69"^^http://www.w3.org/2001/XMLSchema#integer
http://dbpedia.org/property/octHighC	"26.600000000000001421"^^http://www.w3.org/2001/XMLSchema#decimal
http://dbpedia.org/property/junPrecipitationMm	"56"^^http://www.w3.org/2001/XMLSchema#integer
http://dbpedia.org/property/latd	"23"^^http://www.w3.org/2001/XMLSchema#integer
http://dbpedia.org/property/mayLowC	"11.5"^^http://www.w3.org/2001/XMLSchema#decimal
http://dbpedia.org/property/yearPrecipitationMm	"1324"^^http://www.w3.org/2001/XMLSchema#integer
http://dbpedia.org/property/yearHighC	"26.199999999999999289"^^http://www.w3.org/2001/XMLSchema#decimal
http://www.w3.org/1999/02/22-rdf-syntax-ns#type	http://dbpedia.org/class/yago/Region108630985
http://dbpedia.org/property/marPrecipitationMm	"157"^^http://www.w3.org/2001/XMLSchema#integer
http://dbpedia.org/property/aprPrecipitationMm	"68"^^http://www.w3.org/2001/XMLSchema#integer
http://dbpedia.org/property/novPrecipitationMm	"134"^^http://www.w3.org/2001/XMLSchema#integer
http://dbpedia.org/ontology/wikiPageRevisionID	"720251216"^^http://www.w3.org/2001/XMLSchema#integer
http://dbpedia.org/property/janHighC	"28.600000000000001421"^^http://www.w3.org/2001/XMLSchema#decimal
http://dbpedia.org/property/febHighC	"28.600000000000001421"^^http://www.w3.org/2001/XMLSchema#decimal
http://dbpedia.org/property/wordnet_type	http://www.w3.org/2006/03/wn/wn20/instances/synset-city-noun-3
http://dbpedia.org/property/north	http://dbpedia.org/resource/Barueri
http://dbpedia.org/property/imageMap	"SaoPaulo Municip Itapevi.svg"^^http://www.w3.org/1999/02/22-rdf-syntax-ns#langString
http://xmlns.com/foaf/0.1/isPrimaryTopicOf	http://en.wikipedia.org/wiki/Itapevi
http://dbpedia.org/property/sepPrecipitationMm	"83"^^http://www.w3.org/2001/XMLSchema#integer
http://dbpedia.org/property/longm	"56"^^http://www.w3.org/2001/XMLSchema#integer
http://dbpedia.org/property/populationTotal	"223404"^^http://www.w3.org/2001/XMLSchema#integer
http://dbpedia.org/property/janLowC	"17.5"^^http://www.w3.org/2001/XMLSchema#decimal
http://dbpedia.org/property/populationAsOf	"2015"^^http://www.w3.org/2001/XMLSchema#integer
http://dbpedia.org/property/longs	"3"^^http://www.w3.org/2001/XMLSchema#integer
http://dbpedia.org/property/elevation	"741"^^http://www.w3.org/2001/XMLSchema#integer
http://www.w3.org/2000/01/rdf-schema#comment	"Itapevi est une ville brésilienne de l'État de São Paulo. Sa population était estimée à 202 683 habitants en 2006. La municipalité s'étend sur 91 km2."@fr
http://dbpedia.org/property/decLowC	"16.699999999999999289"^^http://www.w3.org/2001/XMLSchema#decimal
http://dbpedia.org/property/junHighC	"23"^^http://www.w3.org/2001/XMLSchema#integer
http://dbpedia.org/property/south	http://dbpedia.org/resource/Cotia
http://dbpedia.org/property/imageShield	"Brasão_Itapevi.png"^^http://www.w3.org/1999/02/22-rdf-syntax-ns#langString
http://dbpedia.org/property/mayHighC	"24.199999999999999289"^^http://www.w3.org/2001/XMLSchema#decimal
http://dbpedia.org/property/longd	"46"^^http://www.w3.org/2001/XMLSchema#integer
http://xmlns.com/foaf/0.1/primaryTopic	http://en.wikipedia.org/wiki/Itapevi
http://dbpedia.org/property/aprHighC	"26.199999999999999289"^^http://www.w3.org/2001/XMLSchema#decimal
http://dbpedia.org/property/east	http://dbpedia.org/resource/São_Paulo
http://www.w3.org/2002/07/owl#sameAs	http://linkedgeodata.org/triplify/node34034972
http://dbpedia.org/property/augPrecipitationMm	"37"^^http://www.w3.org/2001/XMLSchema#integer
http://dbpedia.org/property/decPrecipitationMm	"161"^^http://www.w3.org/2001/XMLSchema#integer
http://dbpedia.org/property/singleLine	"Yes"^^http://www.w3.org/1999/02/22-rdf-syntax-ns#langString
http://dbpedia.org/ontology/thumbnail	http://commons.wikimedia.org/wiki/Special:FilePath/Bandeira_Itapevi.gif?width=300
http://dbpedia.org/property/janPrecipitationMm	"218"^^http://www.w3.org/2001/XMLSchema#integer
http://dbpedia.org/property/areaTotal	"82.700000000000002842"^^http://www.w3.org/2001/XMLSchema#decimal
http://dbpedia.org/ontology/wikiPageID	"1044537"^^http://www.w3.org/2001/XMLSchema#integer
http://dbpedia.org/property/yearLowC	"13.900000000000000355"^^http://www.w3.org/2001/XMLSchema#decimal
http://dbpedia.org/property/augLowC	"10.5"^^http://www.w3.org/2001/XMLSchema#decimal
http://dbpedia.org/ontology/location	http://dbpedia.org/resource/Rodovia_Castelo_Branco
http://dbpedia.org/property/leaderName	"Jaci Tadeu da Silva"^^http://www.w3.org/1999/02/22-rdf-syntax-ns#langString
http://dbpedia.org/property/dataDeAcesso	"julho 2010"^^http://www.w3.org/1999/02/22-rdf-syntax-ns#langString
http://dbpedia.org/property/metricFirst	"Yes"^^http://www.w3.org/1999/02/22-rdf-syntax-ns#langString
http://dbpedia.org/property/centre	"Itapevi"^^http://www.w3.org/1999/02/22-rdf-syntax-ns#langString
http://xmlns.com/foaf/0.1/depiction	http://commons.wikimedia.org/wiki/Special:FilePath/Bandeira_Itapevi.gif
http://purl.org/linguistics/gold/hypernym	http://dbpedia.org/resource/Municipality
http://dbpedia.org/property/febPrecipitationMm	"185"^^http://www.w3.org/2001/XMLSchema#integer
http://dbpedia.org/property/sepLowC	"12.5"^^http://www.w3.org/2001/XMLSchema#decimal
http://dbpedia.org/ontology/abstract	"Itapevi est une ville brésilienne de l'État de São Paulo. Sa population était estimée à 202 683 habitants en 2006. La municipalité s'étend sur 91 km2."@fr
http://dbpedia.org/property/imageFlag	"Bandeira Itapevi.gif"^^http://www.w3.org/1999/02/22-rdf-syntax-ns#langString
http://www.w3.org/2000/01/rdf-schema#label	"Itapevi"@nl
