#---Properties and values from: http://dbpedia.org/resource/Ribeira,_São_Paulo
Property	Value
http://dbpedia.org/property/lats	"25"^^http://www.w3.org/2001/XMLSchema#integer
http://dbpedia.org/ontology/wikiPageRevisionID	"720300287"^^http://www.w3.org/2001/XMLSchema#integer
http://dbpedia.org/property/latm	"39"^^http://www.w3.org/2001/XMLSchema#integer
http://dbpedia.org/property/latns	"S"^^http://www.w3.org/1999/02/22-rdf-syntax-ns#langString
http://dbpedia.org/property/imageMap	"SaoPaulo Municip Ribeira.svg"^^http://www.w3.org/1999/02/22-rdf-syntax-ns#langString
http://xmlns.com/foaf/0.1/isPrimaryTopicOf	http://en.wikipedia.org/wiki/Ribeira,_São_Paulo
http://dbpedia.org/property/longm	"0"^^http://www.w3.org/2001/XMLSchema#integer
http://dbpedia.org/property/populationTotal	"3408"^^http://www.w3.org/2001/XMLSchema#integer
http://dbpedia.org/property/populationAsOf	"2015"^^http://www.w3.org/2001/XMLSchema#integer
http://dbpedia.org/property/longs	"32"^^http://www.w3.org/2001/XMLSchema#integer
http://purl.org/dc/terms/subject	http://dbpedia.org/resource/Category:Municipalities_in_São_Paulo_(state)
http://dbpedia.org/property/state	"SP"^^http://www.w3.org/1999/02/22-rdf-syntax-ns#langString
http://dbpedia.org/ontology/wikiPageDisambiguates	http://dbpedia.org/resource/Ribeira
http://www.w3.org/2000/01/rdf-schema#comment	"Ribeira é um município brasileiro do estado de São Paulo. Localiza-se a uma latitude 24º39'25\" sul e a uma longitude 49º00'32\" oeste, estando a uma altitude de 167 metros. Sua população estimada em 2004 era de 3 216 habitantes.Possui uma área de 335,77 km²."@pt
http://dbpedia.org/property/longd	"49"^^http://www.w3.org/2001/XMLSchema#integer
http://xmlns.com/foaf/0.1/primaryTopic	http://en.wikipedia.org/wiki/Ribeira,_São_Paulo
http://www.w3.org/2002/07/owl#sameAs	http://sws.geonames.org/6322507/
http://dbpedia.org/ontology/wikiPageRedirects	http://dbpedia.org/resource/Ribeira,_Sao_Paulo
http://dbpedia.org/ontology/thumbnail	http://commons.wikimedia.org/wiki/Special:FilePath/SaoPaulo_Municip_Ribeira.svg?width=300
http://dbpedia.org/property/areaTotal	"336"^^http://www.w3.org/2001/XMLSchema#integer
http://dbpedia.org/ontology/wikiPageID	"5820799"^^http://www.w3.org/2001/XMLSchema#integer
http://dbpedia.org/ontology/birthPlace	http://dbpedia.org/resource/Leandro_Samarone
http://www.w3.org/ns/prov#wasDerivedFrom	http://en.wikipedia.org/wiki/Ribeira,_São_Paulo?oldid=720300287
http://dbpedia.org/property/name	"Ribeira"^^http://www.w3.org/1999/02/22-rdf-syntax-ns#langString
http://xmlns.com/foaf/0.1/depiction	http://commons.wikimedia.org/wiki/Special:FilePath/SaoPaulo_Municip_Ribeira.svg
http://purl.org/linguistics/gold/hypernym	http://dbpedia.org/resource/Municipality
http://dbpedia.org/property/latd	"24"^^http://www.w3.org/2001/XMLSchema#integer
http://dbpedia.org/ontology/abstract	"Ribeira is een gemeente in de Braziliaanse deelstaat São Paulo. De gemeente telt 3.545 inwoners (schatting 2009). De gemeente grenst aan Itapirapuã Paulista, Adrianópolis, Barra do Chapéu, Apiaí en Itaoca."@nl
http://www.w3.org/2000/01/rdf-schema#label	"Рибейра (Сан-Паулу)"@ru
http://www.w3.org/1999/02/22-rdf-syntax-ns#type	http://dbpedia.org/class/yago/Tract108673395
