#---Properties and values from: http://dbpedia.org/resource/Arcos_de_Valdevez
Property	Value
http://dbpedia.org/property/lats	"50"^^http://www.w3.org/2001/XMLSchema#integer
http://dbpedia.org/ontology/wikiPageExternalLink	http://www.anmp.pt/files/dpeas/2010/pactoautarcas/p02/seapArcosdeValdevez.pdf
http://dbpedia.org/property/latm	"50"^^http://www.w3.org/2001/XMLSchema#integer
http://dbpedia.org/property/areaCode	"258"^^http://www.w3.org/2001/XMLSchema#integer
http://dbpedia.org/property/imageSkyline	"RioVezArcosdeValdevez.jpg"^^http://www.w3.org/1999/02/22-rdf-syntax-ns#langString
http://dbpedia.org/property/location	http://dbpedia.org/resource/2015–16_Taça_de_Portugal
http://purl.org/dc/terms/subject	http://dbpedia.org/resource/Category:Municipalities_of_Viana_do_Castelo_District
http://dbpedia.org/property/parishes	"[[#Human geography"^^http://www.w3.org/1999/02/22-rdf-syntax-ns#langString
http://dbpedia.org/property/cim	http://dbpedia.org/resource/Alto_Minho
http://dbpedia.org/property/imageLocation	"LocalArcosDeValdevez.svg"^^http://www.w3.org/1999/02/22-rdf-syntax-ns#langString
http://dbpedia.org/property/leaderParty	http://dbpedia.org/resource/Social_Democratic_Party_(Portugal)
http://www.w3.org/ns/prov#wasDerivedFrom	http://en.wikipedia.org/wiki/Arcos_de_Valdevez?oldid=744770930
http://dbpedia.org/ontology/municipality	http://dbpedia.org/resource/Pillory_of_Arcos_de_Valdevez
http://dbpedia.org/property/district	http://dbpedia.org/resource/Viana_do_Castelo_District
http://dbpedia.org/property/latd	"41"^^http://www.w3.org/2001/XMLSchema#integer
http://dbpedia.org/property/subregion	http://dbpedia.org/resource/Minho-Lima
http://dbpedia.org/property/ground	http://dbpedia.org/resource/Clube_de_Rugby_de_Arcos_de_Valdevez
http://www.w3.org/1999/02/22-rdf-syntax-ns#type	http://dbpedia.org/class/yago/WikicatMunicipalitiesOfVianaDoCasteloDistrict
http://dbpedia.org/property/region	http://dbpedia.org/resource/Norte_Region,_Portugal
http://dbpedia.org/ontology/wikiPageRevisionID	"744770930"^^http://www.w3.org/2001/XMLSchema#integer
http://dbpedia.org/property/wordnet_type	http://www.w3.org/2006/03/wn/wn20/instances/synset-township-noun-1
http://dbpedia.org/property/imageCaption	"The Roman bridge over the Vez River"^^http://www.w3.org/1999/02/22-rdf-syntax-ns#langString
http://xmlns.com/foaf/0.1/isPrimaryTopicOf	http://en.wikipedia.org/wiki/Arcos_de_Valdevez
http://dbpedia.org/property/municipality	http://dbpedia.org/resource/Távora_(Santa_Maria_e_São_Vicente)
http://dbpedia.org/property/longm	"25"^^http://www.w3.org/2001/XMLSchema#integer
http://dbpedia.org/property/populationTotal	"22847"^^http://www.w3.org/2001/XMLSchema#integer
http://dbpedia.org/property/longs	"7"^^http://www.w3.org/2001/XMLSchema#integer
http://dbpedia.org/property/populationAsOf	"2011"^^http://www.w3.org/2001/XMLSchema#integer
http://dbpedia.org/property/stadium	http://dbpedia.org/resource/1982–83_Taça_de_Portugal
http://dbpedia.org/property/elevation	"47"^^http://www.w3.org/2001/XMLSchema#integer
http://www.w3.org/2000/01/rdf-schema#comment	"Arcos de Valdevez es una villa portuguesa del Distrito de Viana do Castelo, región Norte y subregión del Minho-Lima, con cerca de 2.200 habitantes. Es sede de un municipio con 445,89 km² de área y 24.761 habitantes (2001), subdividido en 51 freguesías. El municipio limita al norte con el municipio de Monção, al noreste con Melgaço, al este con España, al sur con Ponte da Barca, al suroeste y al oeste con Ponte de Lima y al oeste con Paredes de Coura."@es
http://dbpedia.org/property/elevationMax	"1416"^^http://www.w3.org/2001/XMLSchema#integer
http://dbpedia.org/property/imageShield	"AVV - Arcos de Valdevez.png"^^http://www.w3.org/1999/02/22-rdf-syntax-ns#langString
http://dbpedia.org/ontology/place	http://dbpedia.org/resource/Battle_of_Valdevez
http://dbpedia.org/property/longd	"8"^^http://www.w3.org/2001/XMLSchema#integer
http://xmlns.com/foaf/0.1/primaryTopic	http://en.wikipedia.org/wiki/Arcos_de_Valdevez
http://dbpedia.org/ontology/wikiPageRedirects	http://dbpedia.org/resource/Arcos_de_valdevez
http://www.w3.org/2002/07/owl#sameAs	http://yago-knowledge.org/resource/Arcos_de_Valdevez_Municipality
http://dbpedia.org/ontology/thumbnail	http://commons.wikimedia.org/wiki/Special:FilePath/Pt-avv1.png?width=300
http://dbpedia.org/ontology/wikiPageID	"4285702"^^http://www.w3.org/2001/XMLSchema#integer
http://dbpedia.org/property/areaTotal	"447.60000000000002274"^^http://www.w3.org/2001/XMLSchema#decimal
http://dbpedia.org/ontology/birthPlace	http://dbpedia.org/resource/Pedro_Tiba
http://dbpedia.org/property/leaderName	"Francisco Rodrigues de Araújo"^^http://www.w3.org/1999/02/22-rdf-syntax-ns#langString
http://xmlns.com/foaf/0.1/depiction	http://commons.wikimedia.org/wiki/Special:FilePath/Pt-avv1.png
http://dbpedia.org/property/patron	http://dbpedia.org/resource/Pelagius_of_Cordova
http://purl.org/linguistics/gold/hypernym	http://dbpedia.org/resource/Municipality
http://dbpedia.org/property/postalCode	"4970"^^http://www.w3.org/2001/XMLSchema#integer
http://dbpedia.org/ontology/abstract	"Arcos de Valdevez is een plaats en gemeente in het Portugese district Viana do Castelo.De gemeente heeft een totale oppervlakte van 447 km2 en telde 24.761 inwoners in 2001."@nl
http://dbpedia.org/property/imageFlag	"Pt-avv1.png"^^http://www.w3.org/1999/02/22-rdf-syntax-ns#langString
http://www.w3.org/2000/01/rdf-schema#label	"阿爾庫什迪瓦爾德維什"@zh
http://dbpedia.org/ontology/ground	http://dbpedia.org/resource/C.A._Valdevez
