#---Properties and values from: http://dbpedia.org/resource/Unirea,_Călărași
Property	Value
http://dbpedia.org/property/longew	"E"^^http://www.w3.org/1999/02/22-rdf-syntax-ns#langString
http://xmlns.com/foaf/0.1/name	"Unirea"@en
http://dbpedia.org/ontology/wikiPageRevisionID	"645008855"^^http://www.w3.org/2001/XMLSchema#integer
http://dbpedia.org/property/mapCaption	"Location of Unirea, Călăraşi"^^http://www.w3.org/1999/02/22-rdf-syntax-ns#langString
http://dbpedia.org/property/latns	"N"^^http://www.w3.org/1999/02/22-rdf-syntax-ns#langString
http://www.w3.org/2003/01/geo/wgs84_pos#long	"27.629999160766601562"^^http://www.w3.org/2001/XMLSchema#float
http://dbpedia.org/property/coordinatesRegion	"RO"^^http://www.w3.org/1999/02/22-rdf-syntax-ns#langString
http://dbpedia.org/property/imageMap	"Unirea jud Calarasi.png"^^http://www.w3.org/1999/02/22-rdf-syntax-ns#langString
http://xmlns.com/foaf/0.1/isPrimaryTopicOf	http://en.wikipedia.org/wiki/Unirea,_Călărași
http://dbpedia.org/ontology/leaderParty	http://dbpedia.org/resource/Social_Democratic_Party_(Romania)
http://dbpedia.org/property/subdivisionType	http://dbpedia.org/resource/Countries_of_the_world
http://dbpedia.org/ontology/country	http://dbpedia.org/resource/Romania
http://dbpedia.org/property/populationTotal	"approx. 2900"^^http://www.w3.org/1999/02/22-rdf-syntax-ns#langString
http://purl.org/dc/terms/subject	http://dbpedia.org/resource/Category:Communes_in_Călărași_County
http://dbpedia.org/ontology/isPartOf	http://dbpedia.org/resource/Călăraşi_County
http://dbpedia.org/ontology/wikiPageDisambiguates	http://dbpedia.org/resource/Unirea
http://www.w3.org/2000/01/rdf-schema#comment	"Unirea é uma comuna romena localizada no distrito de Călăraşi, na região de Muntênia. A comuna possui uma área de km² e sua população era de 2779 habitantes segundo o censo de 2007."@pt
http://dbpedia.org/property/longd	"27.629999999999999005"^^http://www.w3.org/2001/XMLSchema#decimal
http://xmlns.com/foaf/0.1/primaryTopic	http://en.wikipedia.org/wiki/Unirea,_Călărași
http://dbpedia.org/ontology/leaderTitle	"Mayor"@en
http://dbpedia.org/ontology/wikiPageRedirects	http://dbpedia.org/resource/Unirea,_Calarasi
http://www.w3.org/2002/07/owl#sameAs	http://sws.geonames.org/664197/
http://www.w3.org/2003/01/geo/wgs84_pos#lat	"44.270000457763671875"^^http://www.w3.org/2001/XMLSchema#float
http://www.georss.org/georss/point	"44.27 27.63"
http://dbpedia.org/ontology/thumbnail	http://commons.wikimedia.org/wiki/Special:FilePath/Unirea_jud_Calarasi.png?width=300
http://dbpedia.org/ontology/wikiPageID	"9070646"^^http://www.w3.org/2001/XMLSchema#integer
http://dbpedia.org/ontology/utcOffset	"+3"
http://www.w3.org/ns/prov#wasDerivedFrom	http://en.wikipedia.org/wiki/Unirea,_Călărași?oldid=645008855
http://dbpedia.org/ontology/timeZone	http://dbpedia.org/resource/Eastern_European_Summer_Time
http://dbpedia.org/property/leaderName	"ing. Olteanu Anghel"^^http://www.w3.org/1999/02/22-rdf-syntax-ns#langString
http://dbpedia.org/property/coordinatesDisplay	"inline,title"^^http://www.w3.org/1999/02/22-rdf-syntax-ns#langString
http://xmlns.com/foaf/0.1/depiction	http://commons.wikimedia.org/wiki/Special:FilePath/Unirea_jud_Calarasi.png
http://purl.org/linguistics/gold/hypernym	http://dbpedia.org/resource/Commune
http://dbpedia.org/property/latd	"44.270000000000003126"^^http://www.w3.org/2001/XMLSchema#decimal
http://dbpedia.org/ontology/abstract	"Unirea is een Roemeense gemeente in het district Călărași.Unirea telt 2779 inwoners."@nl
http://www.w3.org/2003/01/geo/wgs84_pos#geometry	"POINT(27.629999160767 44.270000457764)"^^http://www.openlinksw.com/schemas/virtrdf#Geometry
http://www.w3.org/2000/01/rdf-schema#label	"Unirea (Călărași)"@it
http://www.w3.org/1999/02/22-rdf-syntax-ns#type	http://schema.org/Place
