#---Properties and values from: http://dbpedia.org/resource/Wiuwert
Property	Value
http://xmlns.com/foaf/0.1/name	"Wiuwert"@en
http://dbpedia.org/ontology/wikiPageRevisionID	"650307957"^^http://www.w3.org/2001/XMLSchema#integer
http://dbpedia.org/ontology/deathPlace	http://dbpedia.org/resource/Anna_Maria_van_Schurman
http://dbpedia.org/property/settlementType	"Village"^^http://www.w3.org/1999/02/22-rdf-syntax-ns#langString
http://www.w3.org/2003/01/geo/wgs84_pos#long	"5.6900000572204589844"^^http://www.w3.org/2001/XMLSchema#float
http://dbpedia.org/property/imageMap	"Map NL Littenseradiel Wiuwert.png"^^http://www.w3.org/1999/02/22-rdf-syntax-ns#langString
http://xmlns.com/foaf/0.1/isPrimaryTopicOf	http://en.wikipedia.org/wiki/Wiuwert
http://dbpedia.org/property/subdivisionType	"Country"^^http://www.w3.org/1999/02/22-rdf-syntax-ns#langString
http://dbpedia.org/ontology/country	http://dbpedia.org/resource/Netherlands
http://dbpedia.org/property/populationTotal	"c. 260"^^http://www.w3.org/1999/02/22-rdf-syntax-ns#langString
http://purl.org/dc/terms/subject	http://dbpedia.org/resource/Category:Populated_places_in_Friesland
http://dbpedia.org/ontology/isPartOf	http://dbpedia.org/resource/Friesland
http://www.w3.org/2000/01/rdf-schema#comment	"Wiuwert est un village situé dans la commune néerlandaise de Littenseradiel, dans la province de la Frise. Son nom en néerlandais est Wieuwerd. Le 1er janvier 2009, le village comptait 244 habitants. 
* Portail des Pays-Bas Portail des Pays-Bas"@fr
http://dbpedia.org/property/imageShield	"Wiuwert_wapen.svg"^^http://www.w3.org/1999/02/22-rdf-syntax-ns#langString
http://xmlns.com/foaf/0.1/primaryTopic	http://en.wikipedia.org/wiki/Wiuwert
http://dbpedia.org/ontology/wikiPageRedirects	http://dbpedia.org/resource/Wieuwerd
http://www.w3.org/2002/07/owl#sameAs	http://sws.geonames.org/2744518/
http://www.w3.org/2003/01/geo/wgs84_pos#lat	"53.108890533447265625"^^http://www.w3.org/2001/XMLSchema#float
http://www.georss.org/georss/point	"53.10888888888889 5.6899999999999995"
http://dbpedia.org/ontology/thumbnail	http://commons.wikimedia.org/wiki/Special:FilePath/Map_NL_Littenseradiel_Wiuwert.png?width=300
http://dbpedia.org/ontology/wikiPageID	"20125472"^^http://www.w3.org/2001/XMLSchema#integer
http://www.w3.org/ns/prov#wasDerivedFrom	http://en.wikipedia.org/wiki/Wiuwert?oldid=650307957
http://xmlns.com/foaf/0.1/depiction	http://commons.wikimedia.org/wiki/Special:FilePath/Map_NL_Littenseradiel_Wiuwert.png
http://purl.org/linguistics/gold/hypernym	http://dbpedia.org/resource/Village
http://dbpedia.org/ontology/abstract	"Wiuwert (Dutch: Wieuwerd ) is a village in Littenseradiel in the province of Friesland, the Netherlands. It had a population of around 620 in 2004."@en
http://dbpedia.org/property/shieldSize	"120"^^http://www.w3.org/2001/XMLSchema#integer
http://www.w3.org/2003/01/geo/wgs84_pos#geometry	"POINT(5.6900000572205 53.108890533447)"^^http://www.openlinksw.com/schemas/virtrdf#Geometry
http://www.w3.org/2000/01/rdf-schema#label	"Wiuwert"@fr
http://dbpedia.org/property/mapsize	"280"^^http://www.w3.org/2001/XMLSchema#integer
http://www.w3.org/1999/02/22-rdf-syntax-ns#type	http://www.wikidata.org/entity/Q532
