#---Properties and values from: http://dbpedia.org/resource/Ozwathini
Property	Value
http://xmlns.com/foaf/0.1/name	"Ozwathini"@en
http://dbpedia.org/property/demographics2Info	"100.0"^^http://dbpedia.org/datatype/perCent
http://dbpedia.org/ontology/wikiPageExternalLink	http://census.adrianfrith.com/place/54504004
http://dbpedia.org/ontology/wikiPageRevisionID	"685600280"^^http://www.w3.org/2001/XMLSchema#integer
http://dbpedia.org/property/areaFootnotes	"ref | |name=census2001"^^http://www.w3.org/1999/02/22-rdf-syntax-ns#langString
http://www.w3.org/2003/01/geo/wgs84_pos#long	"30.9459991455078125"^^http://www.w3.org/2001/XMLSchema#float
http://dbpedia.org/property/demographics2Title	http://dbpedia.org/resource/Zulu_language
http://xmlns.com/foaf/0.1/isPrimaryTopicOf	http://en.wikipedia.org/wiki/Ozwathini
http://dbpedia.org/property/municipality	"Ndwedwe"^^http://www.w3.org/1999/02/22-rdf-syntax-ns#langString
http://dbpedia.org/ontology/country	http://dbpedia.org/resource/South_Africa
http://dbpedia.org/property/populationTotal	"1979"^^http://www.w3.org/2001/XMLSchema#integer
http://dbpedia.org/property/populationAsOf	"2001"^^http://www.w3.org/2001/XMLSchema#integer
http://purl.org/dc/terms/subject	http://dbpedia.org/resource/Category:Populated_places_in_the_Ndwedwe_Local_Municipality
http://www.w3.org/2000/01/rdf-schema#comment	"Ozwathini is a town in Ilembe District Municipality in the KwaZulu-Natal province of South Africa. Appelsbosch hospital is located in this town."@en
http://dbpedia.org/property/leaderTitle	"Councillor"^^http://www.w3.org/1999/02/22-rdf-syntax-ns#langString
http://dbpedia.org/property/longd	"30.946000000000001506"^^http://www.w3.org/2001/XMLSchema#decimal
http://xmlns.com/foaf/0.1/primaryTopic	http://en.wikipedia.org/wiki/Ozwathini
http://www.w3.org/2002/07/owl#sameAs	http://rdf.freebase.com/ns/m.0wxpl2_
http://www.w3.org/2003/01/geo/wgs84_pos#lat	"29.392999649047851562"^^http://www.w3.org/2001/XMLSchema#float
http://www.georss.org/georss/point	"29.393 30.946"
http://dbpedia.org/ontology/wikiPageID	"40272263"^^http://www.w3.org/2001/XMLSchema#integer
http://www.w3.org/ns/prov#wasDerivedFrom	http://en.wikipedia.org/wiki/Ozwathini?oldid=685600280
http://dbpedia.org/property/percentBlack	"100.0"^^http://dbpedia.org/datatype/perCent
http://dbpedia.org/property/areaTotalKm	"9.1500000000000003553"^^http://www.w3.org/2001/XMLSchema#decimal
http://dbpedia.org/property/district	"Ilembe"^^http://www.w3.org/1999/02/22-rdf-syntax-ns#langString
http://purl.org/linguistics/gold/hypernym	http://dbpedia.org/resource/Town
http://dbpedia.org/property/latd	"29.393000000000000682"^^http://www.w3.org/2001/XMLSchema#decimal
http://dbpedia.org/ontology/abstract	"Ozwathini is a town in Ilembe District Municipality in the KwaZulu-Natal province of South Africa. Appelsbosch hospital is located in this town."@en
http://www.w3.org/2003/01/geo/wgs84_pos#geometry	"POINT(30.945999145508 29.392999649048)"^^http://www.openlinksw.com/schemas/virtrdf#Geometry
http://www.w3.org/2000/01/rdf-schema#label	"Ozwathini"@en
http://dbpedia.org/property/province	"KwaZulu-Natal"^^http://www.w3.org/1999/02/22-rdf-syntax-ns#langString
http://www.w3.org/1999/02/22-rdf-syntax-ns#type	http://dbpedia.org/class/yago/Location100027167
