#---Properties and values from: http://dbpedia.org/resource/Alto_Paraíso_de_Goiás
Property	Value
http://dbpedia.org/ontology/wikiPageExternalLink	http://www.portaldesaojorge.com.br/modules.php?name=Content&pa=showpage&pid=14
http://dbpedia.org/ontology/wikiPageRevisionID	"721426522"^^http://www.w3.org/2001/XMLSchema#integer
http://dbpedia.org/property/latm	"8"^^http://www.w3.org/2001/XMLSchema#integer
http://dbpedia.org/property/latns	"S"^^http://www.w3.org/1999/02/22-rdf-syntax-ns#langString
http://dbpedia.org/property/imageMap	"Goias Municip AltoParaisodeGoias.svg"^^http://www.w3.org/1999/02/22-rdf-syntax-ns#langString
http://xmlns.com/foaf/0.1/isPrimaryTopicOf	http://en.wikipedia.org/wiki/Alto_Paraíso_de_Goiás
http://dbpedia.org/property/microregion	http://dbpedia.org/resource/Chapada_dos_Veadeiros_Microregion
http://dbpedia.org/property/longm	"31"^^http://www.w3.org/2001/XMLSchema#integer
http://dbpedia.org/property/populationTotal	"6638"^^http://www.w3.org/2001/XMLSchema#integer
http://dbpedia.org/property/populationAsOf	"2007"^^http://www.w3.org/2001/XMLSchema#integer
http://purl.org/dc/terms/subject	http://dbpedia.org/resource/Category:Municipalities_in_Goiás
http://dbpedia.org/property/elevation	"1272"^^http://www.w3.org/2001/XMLSchema#integer
http://dbpedia.org/property/state	"GO"^^http://www.w3.org/1999/02/22-rdf-syntax-ns#langString
http://www.w3.org/2000/01/rdf-schema#comment	"Alto Paraíso de Goiás (usually referred to as Alto Paraíso) is a municipality in northeastern Goiás state, Brazil. It has become known for its ecological and New Age tourism."@en
http://dbpedia.org/property/longd	"47"^^http://www.w3.org/2001/XMLSchema#integer
http://xmlns.com/foaf/0.1/primaryTopic	http://en.wikipedia.org/wiki/Alto_Paraíso_de_Goiás
http://dbpedia.org/ontology/wikiPageRedirects	http://dbpedia.org/resource/Alto_Paraiso_de_Goias
http://www.w3.org/2002/07/owl#sameAs	http://sws.geonames.org/3472441/
http://dbpedia.org/ontology/thumbnail	http://commons.wikimedia.org/wiki/Special:FilePath/Goias_Municip_AltoParaisodeGoias.svg?width=300
http://dbpedia.org/property/areaTotal	"2593.8000000000001819"^^http://www.w3.org/2001/XMLSchema#decimal
http://dbpedia.org/ontology/wikiPageID	"3708222"^^http://www.w3.org/2001/XMLSchema#integer
http://www.w3.org/2002/07/owl#differentFrom	http://dbpedia.org/resource/Alto_Paraíso
http://www.w3.org/ns/prov#wasDerivedFrom	http://en.wikipedia.org/wiki/Alto_Paraíso_de_Goiás?oldid=721426522
http://dbpedia.org/ontology/birthPlace	http://dbpedia.org/resource/Fernando_(Brazilian_footballer,_born_1987)
http://dbpedia.org/property/name	"Alto Paraíso de Goiás"^^http://www.w3.org/1999/02/22-rdf-syntax-ns#langString
http://xmlns.com/foaf/0.1/depiction	http://commons.wikimedia.org/wiki/Special:FilePath/Goias_Municip_AltoParaisodeGoias.svg
http://purl.org/linguistics/gold/hypernym	http://dbpedia.org/resource/Municipality
http://dbpedia.org/property/latd	"14"^^http://www.w3.org/2001/XMLSchema#integer
http://dbpedia.org/property/postalCode	"73770"^^http://www.w3.org/2001/XMLSchema#integer
http://dbpedia.org/ontology/abstract	"Alto Paraíso de Goiás is een gemeente in de Braziliaanse deelstaat Goiás. De gemeente telt 6.982 inwoners (schatting 2009). De gemeente grenst aan Teresina de Goiás, Cavalcante, Colinas do Sul, Niquelândia, São João d'Aliança en Nova Roma."@nl
http://www.w3.org/2000/01/rdf-schema#label	"Alto Paraíso de Goiás"@de
http://www.w3.org/1999/02/22-rdf-syntax-ns#type	http://dbpedia.org/ontology/Settlement
