#---Properties and values from: http://dbpedia.org/resource/Aberdeen,_Eastern_Cape
Property	Value
http://xmlns.com/foaf/0.1/name	"Aberdeen"@en
http://dbpedia.org/ontology/wikiPageExternalLink	https://web.archive.org/web/20070427133730/http:/www.ectourism.co.za:80/districts_eastern_cape.asp
http://dbpedia.org/property/latm	"29"^^http://www.w3.org/2001/XMLSchema#integer
http://dbpedia.org/property/areaCode	"49"^^http://www.w3.org/2001/XMLSchema#integer
http://dbpedia.org/property/imageSkyline	"Straattoneel Aberdeen.jpg"^^http://www.w3.org/1999/02/22-rdf-syntax-ns#langString
http://www.w3.org/2003/01/geo/wgs84_pos#long	"24.066667556762695312"^^http://www.w3.org/2001/XMLSchema#float
http://dbpedia.org/ontology/wikiPageDisambiguates	http://dbpedia.org/resource/Aberdeen_(disambiguation)
http://purl.org/dc/terms/subject	http://dbpedia.org/resource/Category:Populated_places_established_in_1856
http://dbpedia.org/property/percentWhite	"6.7"^^http://dbpedia.org/datatype/perCent
http://www.w3.org/ns/prov#wasDerivedFrom	http://en.wikipedia.org/wiki/Aberdeen,_Eastern_Cape?oldid=742253055
http://dbpedia.org/property/areaTotalKm	"15.400000000000000355"^^http://www.w3.org/2001/XMLSchema#decimal
http://dbpedia.org/property/district	"Sarah Baartman"^^http://www.w3.org/1999/02/22-rdf-syntax-ns#langString
http://dbpedia.org/ontology/city	http://dbpedia.org/resource/R61_road
http://dbpedia.org/property/latd	"32"^^http://www.w3.org/2001/XMLSchema#integer
http://dbpedia.org/property/province	"Eastern Cape"^^http://www.w3.org/1999/02/22-rdf-syntax-ns#langString
http://www.w3.org/1999/02/22-rdf-syntax-ns#type	http://dbpedia.org/class/yago/Township108672199
http://dbpedia.org/property/demographics2Info	"80.7"^^http://dbpedia.org/datatype/perCent
http://dbpedia.org/ontology/wikiPageRevisionID	"742253055"^^http://www.w3.org/2001/XMLSchema#integer
http://dbpedia.org/property/imageCaption	"Street in Aberdeen"^^http://www.w3.org/1999/02/22-rdf-syntax-ns#langString
http://dbpedia.org/property/demographics2Title	http://dbpedia.org/resource/English_language
http://xmlns.com/foaf/0.1/isPrimaryTopicOf	http://en.wikipedia.org/wiki/Aberdeen,_Eastern_Cape
http://dbpedia.org/property/municipality	"Dr Beyers Naudé"^^http://www.w3.org/1999/02/22-rdf-syntax-ns#langString
http://dbpedia.org/ontology/country	http://dbpedia.org/resource/South_Africa
http://dbpedia.org/property/longm	"4"^^http://www.w3.org/2001/XMLSchema#integer
http://dbpedia.org/property/populationTotal	"7162"^^http://www.w3.org/2001/XMLSchema#integer
http://dbpedia.org/property/populationAsOf	"2011"^^http://www.w3.org/2001/XMLSchema#integer
http://www.w3.org/2000/01/rdf-schema#comment	"Aberdeen is a small town in the Sarah Baartman District Municipality of the Eastern Cape province of South Africa. With its numerous examples of Victorian architecture, it is one of the architectural conservation areas of the Karoo. Town some 55 km south-west of Graaff-Reinet, 155 km east-south-east of Beaufort West, 32 km south of the Camdeboo Mountains. Laid out on the farm Brakkefontein as a settlement of the Dutch Reformed Church in 1856, it became a municipality in 1858. It is named after Aberdeen in Scotland, birthplace of the Reverend Andrew Murray of Graaff-Reinet, relieving minister."@en
http://dbpedia.org/property/percentOther	"0.4"^^http://dbpedia.org/datatype/perCent
http://dbpedia.org/property/leaderTitle	"Councillor"^^http://www.w3.org/1999/02/22-rdf-syntax-ns#langString
http://dbpedia.org/property/percentAsian	"0.4"^^http://dbpedia.org/datatype/perCent
http://dbpedia.org/property/longd	"24"^^http://www.w3.org/2001/XMLSchema#integer
http://xmlns.com/foaf/0.1/primaryTopic	http://en.wikipedia.org/wiki/Aberdeen,_Eastern_Cape
http://dbpedia.org/property/east	http://dbpedia.org/resource/Beaufort_West
http://dbpedia.org/ontology/routeJunction	http://dbpedia.org/resource/R61_road
http://dbpedia.org/ontology/wikiPageRedirects	http://dbpedia.org/resource/Thembalesizwe
http://www.w3.org/2002/07/owl#sameAs	http://yago-knowledge.org/resource/Aberdeen,_Eastern_Cape
http://www.w3.org/2003/01/geo/wgs84_pos#lat	"32.483333587646484375"^^http://www.w3.org/2001/XMLSchema#float
http://www.georss.org/georss/point	"32.483333333333334 24.066666666666666"
http://dbpedia.org/ontology/thumbnail	http://commons.wikimedia.org/wiki/Special:FilePath/Straattoneel_Aberdeen.jpg?width=300
http://dbpedia.org/ontology/wikiPageID	"3285235"^^http://www.w3.org/2001/XMLSchema#integer
http://dbpedia.org/ontology/location	http://dbpedia.org/resource/Aberdeen_Provincial_Hospital_(Eastern_Cape)
http://dbpedia.org/ontology/birthPlace	http://dbpedia.org/resource/Oswald_Pirow
http://dbpedia.org/property/percentBlack	"19.4"^^http://dbpedia.org/datatype/perCent
http://xmlns.com/foaf/0.1/depiction	http://commons.wikimedia.org/wiki/Special:FilePath/Straattoneel_Aberdeen.jpg
http://purl.org/linguistics/gold/hypernym	http://dbpedia.org/resource/Town
http://dbpedia.org/property/establishedDate	"1856"^^http://www.w3.org/2001/XMLSchema#integer
http://dbpedia.org/property/percentColoured	"73.0"^^http://dbpedia.org/datatype/perCent
http://dbpedia.org/ontology/abstract	"Die Stadt Aberdeen liegt in der Gemeinde Dr Beyers Naudé, Distrikt Sarah Baartman, Provinz Ostkap in Südafrika. 2011 hatte die Stadt 5.133 Einwohner. Die Stadt liegt am Rand der Camdeboo Mountains. Aberdeen ist einer der Orte, die durch die Nederlandse Hervormde Kerk gegründet wurden, damit die Landwirte aus der Umgebung keine großen Reisen unternehmen mussten, um die Kommunion empfangen zu können. Die Ortschaft wurde auf der Farm Brakkefontein 1855 gegründet und benannt nach Aberdeen in Schottland."@de
http://www.w3.org/2003/01/geo/wgs84_pos#geometry	"POINT(24.066667556763 32.483333587646)"^^http://www.openlinksw.com/schemas/virtrdf#Geometry
http://www.w3.org/2000/01/rdf-schema#label	"Aberdeen (Zuid-Afrika)"@nl
