#---Properties and values from: http://dbpedia.org/resource/Paderne_(Albufeira)
Property	Value
http://dbpedia.org/ontology/wikiPageExternalLink	http://www.afalgarve.pt
http://dbpedia.org/property/officialName	"Paderne"^^http://www.w3.org/1999/02/22-rdf-syntax-ns#langString
http://dbpedia.org/ontology/wikiPageRevisionID	"723723386"^^http://www.w3.org/2001/XMLSchema#integer
http://dbpedia.org/ontology/sourceMountain	http://dbpedia.org/resource/Quarteira_River
http://dbpedia.org/property/areaCode	"289"^^http://www.w3.org/2001/XMLSchema#integer
http://dbpedia.org/property/imageSkyline	"--05-20"^^http://www.w3.org/2001/XMLSchema#gMonthDay
http://dbpedia.org/ontology/sourcePlace	http://dbpedia.org/resource/Quarteira_River
http://xmlns.com/foaf/0.1/isPrimaryTopicOf	http://en.wikipedia.org/wiki/Paderne_(Albufeira)
http://dbpedia.org/property/municipality	http://dbpedia.org/resource/Albufeira
http://dbpedia.org/ontology/country	http://dbpedia.org/resource/Portugal
http://dbpedia.org/property/populationTotal	"3304"^^http://www.w3.org/2001/XMLSchema#integer
http://dbpedia.org/property/populationAsOf	"2011"^^http://www.w3.org/2001/XMLSchema#integer
http://purl.org/dc/terms/subject	http://dbpedia.org/resource/Category:Towns_in_Portugal
http://dbpedia.org/property/etymology	http://dbpedia.org/resource/Castle_of_Paderne
http://www.w3.org/2000/01/rdf-schema#comment	"Paderne is a civil parish in the municipality (concelho) of Albufeira, in the Portuguese subregion of the Algarve. The population in 2011 was 3,304, in an area of 52.56 km²."@en
http://dbpedia.org/property/cim	http://dbpedia.org/resource/Algarve
http://dbpedia.org/property/imageShield	"Image-ABF-paderne.png"^^http://www.w3.org/1999/02/22-rdf-syntax-ns#langString
http://dbpedia.org/property/longd	"-8.2010000000000005116"^^http://www.w3.org/2001/XMLSchema#decimal
http://xmlns.com/foaf/0.1/primaryTopic	http://en.wikipedia.org/wiki/Paderne_(Albufeira)
http://dbpedia.org/ontology/wikiPageRedirects	http://dbpedia.org/resource/Paderne,_Albufeira
http://www.w3.org/2002/07/owl#sameAs	http://pt.dbpedia.org/resource/Paderne_(Albufeira)
http://dbpedia.org/ontology/postalCode	"8200"
http://dbpedia.org/ontology/thumbnail	http://commons.wikimedia.org/wiki/Special:FilePath/Village_of_Paderne_20_May_2015.jpg?width=300
http://dbpedia.org/property/areaTotal	"52.560000000000002274"^^http://www.w3.org/2001/XMLSchema#decimal
http://dbpedia.org/ontology/wikiPageID	"7256845"^^http://www.w3.org/2001/XMLSchema#integer
http://dbpedia.org/ontology/location	http://dbpedia.org/resource/Castle_of_Paderne
http://www.w3.org/ns/prov#wasDerivedFrom	http://en.wikipedia.org/wiki/Paderne_(Albufeira)?oldid=723723386
http://dbpedia.org/property/district	http://dbpedia.org/resource/Faro_District
http://xmlns.com/foaf/0.1/depiction	http://commons.wikimedia.org/wiki/Special:FilePath/Village_of_Paderne_20_May_2015.jpg
http://dbpedia.org/property/patron	http://dbpedia.org/resource/Blessed_Virgin_Mary
http://purl.org/linguistics/gold/hypernym	http://dbpedia.org/resource/Parish
http://dbpedia.org/property/latd	"37.176000000000001933"^^http://www.w3.org/2001/XMLSchema#decimal
http://dbpedia.org/property/subregion	http://dbpedia.org/resource/Algarve
http://dbpedia.org/ontology/abstract	"Paderne es una freguesía portuguesa del concejo de Albufeira, tiene 55,64 km² de área y 3.504 habitantes (2001). Densidad: 63,0 hab/km²."@es
http://www.w3.org/2000/01/rdf-schema#label	"Падерни"@ru
http://xmlns.com/foaf/0.1/homepage	http://www.freguesiapaderne-abf.com/juntafreguesia.php
http://www.w3.org/1999/02/22-rdf-syntax-ns#type	http://dbpedia.org/ontology/PopulatedPlace
http://dbpedia.org/property/region	http://dbpedia.org/resource/Algarve
