#---Properties and values from: http://dbpedia.org/resource/União_Paulista
Property	Value
http://dbpedia.org/property/lats	"14"^^http://www.w3.org/2001/XMLSchema#integer
http://dbpedia.org/ontology/wikiPageRevisionID	"720308774"^^http://www.w3.org/2001/XMLSchema#integer
http://dbpedia.org/property/latm	"53"^^http://www.w3.org/2001/XMLSchema#integer
http://dbpedia.org/property/latns	"S"^^http://www.w3.org/1999/02/22-rdf-syntax-ns#langString
http://dbpedia.org/property/imageMap	"SaoPaulo Municip UniaoPaulista.svg"^^http://www.w3.org/1999/02/22-rdf-syntax-ns#langString
http://xmlns.com/foaf/0.1/isPrimaryTopicOf	http://en.wikipedia.org/wiki/União_Paulista
http://dbpedia.org/property/longm	"53"^^http://www.w3.org/2001/XMLSchema#integer
http://dbpedia.org/property/populationTotal	"1754"^^http://www.w3.org/2001/XMLSchema#integer
http://dbpedia.org/property/populationAsOf	"2015"^^http://www.w3.org/2001/XMLSchema#integer
http://dbpedia.org/property/longs	"50"^^http://www.w3.org/2001/XMLSchema#integer
http://purl.org/dc/terms/subject	http://dbpedia.org/resource/Category:Municipalities_in_São_Paulo_(state)
http://dbpedia.org/property/state	"SP"^^http://www.w3.org/1999/02/22-rdf-syntax-ns#langString
http://www.w3.org/2000/01/rdf-schema#comment	"União Paulista è un comune del Brasile nello Stato di San Paolo, parte della mesoregione di São José do Rio Preto e della microregione di Nhandeara."@it
http://dbpedia.org/property/longd	"49"^^http://www.w3.org/2001/XMLSchema#integer
http://xmlns.com/foaf/0.1/primaryTopic	http://en.wikipedia.org/wiki/União_Paulista
http://www.w3.org/2002/07/owl#sameAs	http://sws.geonames.org/6318834/
http://dbpedia.org/ontology/wikiPageRedirects	http://dbpedia.org/resource/Uniao_Paulista
http://dbpedia.org/ontology/thumbnail	http://commons.wikimedia.org/wiki/Special:FilePath/SaoPaulo_Municip_UniaoPaulista.svg?width=300
http://dbpedia.org/property/areaTotal	"78.900000000000005684"^^http://www.w3.org/2001/XMLSchema#decimal
http://dbpedia.org/ontology/wikiPageID	"6515546"^^http://www.w3.org/2001/XMLSchema#integer
http://www.w3.org/ns/prov#wasDerivedFrom	http://en.wikipedia.org/wiki/União_Paulista?oldid=720308774
http://xmlns.com/foaf/0.1/depiction	http://commons.wikimedia.org/wiki/Special:FilePath/SaoPaulo_Municip_UniaoPaulista.svg
http://purl.org/linguistics/gold/hypernym	http://dbpedia.org/resource/Municipality
http://dbpedia.org/property/latd	"20"^^http://www.w3.org/2001/XMLSchema#integer
http://dbpedia.org/ontology/abstract	"Униан-Паулиста (порт. União Paulista) — муниципалитет в Бразилии, входит в штат Сан-Паулу. Составная часть мезорегиона Сан-Жозе-ду-Риу-Прету. Входит в экономико-статистический микрорегион Ньяндеара. Население составляет 1379 человек на 2006 год. Занимает площадь 79,148 км². Плотность населения - 17,4 чел./км²."@ru
http://www.w3.org/2000/01/rdf-schema#label	"乌尼昂保利斯塔"@zh
http://www.w3.org/1999/02/22-rdf-syntax-ns#type	http://dbpedia.org/ontology/Settlement
