#---Properties and values from: http://dbpedia.org/resource/Zulia
Property	Value
http://dbpedia.org/ontology/wikiPageExternalLink	http://web.archive.org/web/20080612071201/http:/www.gobernaciondelzulia.gov.ve:80/
http://dbpedia.org/ontology/deathPlace	http://dbpedia.org/resource/Arquímedes_Herrera
http://dbpedia.org/property/state/province	http://dbpedia.org/resource/Guasare_coalfield
http://dbpedia.org/property/location	http://dbpedia.org/resource/Luis_Aparicio_Award
http://dbpedia.org/property/shipNamesake	http://dbpedia.org/resource/ARV_Zulia_(D-21)
http://purl.org/dc/terms/subject	http://dbpedia.org/resource/Category:States_of_Venezuela
http://dbpedia.org/property/binomialName	"Cocos nucifera"^^http://www.w3.org/1999/02/22-rdf-syntax-ns#langString
http://dbpedia.org/ontology/wikiPageDisambiguates	http://dbpedia.org/resource/Zulia_(disambiguation)
http://dbpedia.org/ontology/isPartOf	http://dbpedia.org/resource/Costa_Oriental_del_Lago_de_Maracaibo
http://dbpedia.org/property/anthem	"Sobre Palmas"^^http://www.w3.org/1999/02/22-rdf-syntax-ns#langString
http://dbpedia.org/property/represented	http://dbpedia.org/resource/Miss_Venezuela_1994
http://dbpedia.org/property/capital	http://dbpedia.org/resource/Maracaibo
http://www.w3.org/ns/prov#wasDerivedFrom	http://en.wikipedia.org/wiki/Zulia?oldid=745232443
http://dbpedia.org/property/area	"50230"^^http://www.w3.org/2001/XMLSchema#integer
http://dbpedia.org/ontology/city	http://dbpedia.org/resource/1989_Bolivarian_Games
http://dbpedia.org/property/areaPercentage	"6.9199999999999999289"^^http://www.w3.org/2001/XMLSchema#decimal
http://dbpedia.org/property/latd	"9.8399999999999998579"^^http://www.w3.org/2001/XMLSchema#decimal
http://dbpedia.org/property/mandateStart	"2012"^^http://www.w3.org/2001/XMLSchema#integer
http://xmlns.com/foaf/0.1/homepage	http://web.archive.org/web/20080612071201/http:/www.gobernaciondelzulia.gov.ve:80/
http://www.w3.org/1999/02/22-rdf-syntax-ns#type	http://dbpedia.org/class/yago/WikicatSubdivisionsOfVenezuela
http://dbpedia.org/property/populationDensityKm	"auto"^^http://www.w3.org/1999/02/22-rdf-syntax-ns#langString
http://dbpedia.org/property/emblematicTree	"Coconut"^^http://www.w3.org/1999/02/22-rdf-syntax-ns#langString
http://dbpedia.org/property/officialName	"Zulia"^^http://www.w3.org/1999/02/22-rdf-syntax-ns#langString
http://dbpedia.org/ontology/wikiPageRevisionID	"745232443"^^http://www.w3.org/2001/XMLSchema#integer
http://dbpedia.org/property/venue	http://dbpedia.org/resource/Miss_Venezuela_2010
http://dbpedia.org/property/countryAdminDivisions	http://dbpedia.org/resource/Toas_island
http://dbpedia.org/property/website	http://web.archive.org/web/20080612071201/http:/www.gobernaciondelzulia.gov.ve:80/
http://dbpedia.org/property/imageMap	"Zulia in Venezuela.svg"^^http://www.w3.org/1999/02/22-rdf-syntax-ns#langString
http://dbpedia.org/property/isoCode	http://dbpedia.org/resource/ISO_3166-2:VE
http://xmlns.com/foaf/0.1/isPrimaryTopicOf	http://en.wikipedia.org/wiki/Zulia
http://dbpedia.org/property/areaRank	"5"^^http://www.w3.org/2001/XMLSchema#integer
http://dbpedia.org/ontology/hometown	http://dbpedia.org/resource/Ulises_Hadjis
http://dbpedia.org/property/governor	http://dbpedia.org/resource/Francisco_Arias_Cárdenas
http://dbpedia.org/property/populationTotal	"3704404"^^http://www.w3.org/2001/XMLSchema#integer
http://dbpedia.org/property/populationAsOf	"2011"^^http://www.w3.org/2001/XMLSchema#integer
http://www.w3.org/2000/01/rdf-schema#comment	"El estado Zulia es una de 24 las entidades federales de Venezuela ubicada en la Región Zuliana al extremo noroccidental del país. Su territorio rodea el lago de Maracaibo, el cual es la masa de agua más extensa de América Latina. La cuenca lacustre abarca una de las más grandes reservas de petróleo y gas del continente americano[cita requerida]. Su capital es la ciudad de Maracaibo. Tiene una extensión geográfica de 63.100 km² lo que representa el 6,89% del territorio nacional. Posee una población estimada para el año 2015 según el Instituto Nacional de Estadística de 3.704.404 de habitantes, lo que lo convierte en el estado más poblado de Venezuela."@es
http://dbpedia.org/property/longd	"-72.25"^^http://www.w3.org/2001/XMLSchema#decimal
http://xmlns.com/foaf/0.1/primaryTopic	http://en.wikipedia.org/wiki/Zulia
http://www.w3.org/2002/07/owl#sameAs	http://pt.dbpedia.org/resource/Zulia
http://dbpedia.org/ontology/wikiPageRedirects	http://dbpedia.org/resource/Republic_of_Zulia
http://dbpedia.org/ontology/broadcastArea	http://dbpedia.org/resource/TELE_N
http://dbpedia.org/ontology/thumbnail	http://commons.wikimedia.org/wiki/Special:FilePath/Flag_of_Zulia_State.svg?width=300
http://dbpedia.org/ontology/wikiPageID	"232152"^^http://www.w3.org/2001/XMLSchema#integer
http://dbpedia.org/ontology/location	http://dbpedia.org/resource/Legislative_Council_of_Zulia
http://dbpedia.org/ontology/birthPlace	http://dbpedia.org/resource/Gerardo_Parra
http://dbpedia.org/property/mandateEnd	"present"^^http://www.w3.org/1999/02/22-rdf-syntax-ns#langString
http://dbpedia.org/property/populationPercentage	"13.25"^^http://www.w3.org/2001/XMLSchema#decimal
http://dbpedia.org/ontology/state	http://dbpedia.org/resource/Catatumbo_River
http://xmlns.com/foaf/0.1/depiction	http://commons.wikimedia.org/wiki/Special:FilePath/Flag_of_Zulia_State.svg
http://dbpedia.org/property/populationRank	"1.0"^^http://dbpedia.org/datatype/stone
http://purl.org/linguistics/gold/hypernym	http://dbpedia.org/resource/States
http://dbpedia.org/ontology/abstract	"苏利亚州（西班牙语：Estado Zulia，英语：Zulia Estate），是委内瑞拉的一个州。2007年，苏利亚州的估计人口是362.02万，是委内瑞拉的最大的人口州。马拉开波是苏利亚州的首都。该州位于委内瑞拉的西北部。"@zh
http://dbpedia.org/property/homeState	http://dbpedia.org/resource/Venezuelan_general_election,_1993
http://dbpedia.org/property/imageFlag	"Flag of Zulia State.svg"^^http://www.w3.org/1999/02/22-rdf-syntax-ns#langString
http://dbpedia.org/property/title	http://dbpedia.org/resource/Denyse_Floreano
http://www.w3.org/2000/01/rdf-schema#label	"Zulia"@en
http://dbpedia.org/property/dateCreation	"1864"^^http://www.w3.org/2001/XMLSchema#integer
http://dbpedia.org/ontology/region	http://dbpedia.org/resource/Mandoca
