#---Properties and values from: http://dbpedia.org/resource/Távora_(Santa_Maria_e_São_Vicente)
Property	Value
http://dbpedia.org/property/officialName	"Távora"^^http://www.w3.org/1999/02/22-rdf-syntax-ns#langString
http://dbpedia.org/ontology/wikiPageRevisionID	"701650318"^^http://www.w3.org/2001/XMLSchema#integer
http://xmlns.com/foaf/0.1/isPrimaryTopicOf	http://en.wikipedia.org/wiki/Távora_(Santa_Maria_e_São_Vicente)
http://dbpedia.org/property/municipality	http://dbpedia.org/resource/Arcos_de_Valdevez
http://dbpedia.org/ontology/country	http://dbpedia.org/resource/Portugal
http://dbpedia.org/property/populationTotal	"955"^^http://www.w3.org/2001/XMLSchema#integer
http://dbpedia.org/property/populationAsOf	"2011"^^http://www.w3.org/2001/XMLSchema#integer
http://purl.org/dc/terms/subject	http://dbpedia.org/resource/Category:Parishes_of_Arcos_de_Valdevez
http://www.w3.org/2000/01/rdf-schema#comment	"Távora (Santa Maria e São Vicente) is a civil parish in the municipality of Arcos de Valdevez, Portugal. It was formed in 2013 by the merger of the former parishes Santa Maria de Távora and São Vicente de Távora. The population in 2011 was 955, in an area of 6.74 km²."@en
http://dbpedia.org/property/cim	http://dbpedia.org/resource/Alto_Minho
http://dbpedia.org/property/longd	"-8.4600000000000008527"^^http://www.w3.org/2001/XMLSchema#decimal
http://xmlns.com/foaf/0.1/primaryTopic	http://en.wikipedia.org/wiki/Távora_(Santa_Maria_e_São_Vicente)
http://www.w3.org/2002/07/owl#sameAs	http://sws.geonames.org/8013200/
http://dbpedia.org/ontology/wikiPageRedirects	http://dbpedia.org/resource/Santa_Maria_de_Távora
http://dbpedia.org/ontology/wikiPageID	"3417971"^^http://www.w3.org/2001/XMLSchema#integer
http://dbpedia.org/property/areaTotal	"6.7400000000000002132"^^http://www.w3.org/2001/XMLSchema#decimal
http://www.w3.org/ns/prov#wasDerivedFrom	http://en.wikipedia.org/wiki/Távora_(Santa_Maria_e_São_Vicente)?oldid=701650318
http://dbpedia.org/property/district	http://dbpedia.org/resource/Viana_do_Castelo_District
http://purl.org/linguistics/gold/hypernym	http://dbpedia.org/resource/Parish
http://dbpedia.org/property/latd	"41.813000000000002387"^^http://www.w3.org/2001/XMLSchema#decimal
http://dbpedia.org/property/subregion	http://dbpedia.org/resource/Minho-Lima
http://dbpedia.org/ontology/abstract	"Santa Maria de Távora ist ein Ort und eine ehemalige Gemeinde (Freguesia) im nordportugiesischen Kreis Arcos de Valdevez. In der Gemeinde lebten 688 Einwohner (Stand 30. Juni 2011). Am 29. September 2013 wurden die Gemeinden Távora (Santa Maria) und Távora (São Vicente) zur neuen Gemeinde União das Freguesias de Távora (Santa Maria e São Vicente) zusammengefasst. Távora (Santa Maria) ist Sitz dieser neu gebildeten Gemeinde."@de
http://www.w3.org/2000/01/rdf-schema#label	"Santa Maria de Távora"@de
http://www.w3.org/1999/02/22-rdf-syntax-ns#type	http://dbpedia.org/class/yago/Region108630985
http://dbpedia.org/property/region	http://dbpedia.org/resource/Norte_Region,_Portugal
