#---Properties and values from: http://dbpedia.org/resource/Alcafache
Property	Value
http://dbpedia.org/property/officialName	"Alcafache"^^http://www.w3.org/1999/02/22-rdf-syntax-ns#langString
http://dbpedia.org/ontology/wikiPageRevisionID	"689446313"^^http://www.w3.org/2001/XMLSchema#integer
http://xmlns.com/foaf/0.1/isPrimaryTopicOf	http://en.wikipedia.org/wiki/Alcafache
http://dbpedia.org/property/municipality	http://dbpedia.org/resource/Mangualde
http://dbpedia.org/ontology/country	http://dbpedia.org/resource/Portugal
http://dbpedia.org/property/populationTotal	"921"^^http://www.w3.org/2001/XMLSchema#integer
http://dbpedia.org/property/populationAsOf	"2011"^^http://www.w3.org/2001/XMLSchema#integer
http://purl.org/dc/terms/subject	http://dbpedia.org/resource/Category:Parishes_of_Mangualde
http://www.w3.org/2000/01/rdf-schema#comment	"Alcafache es una freguesia portuguesa del concelho de Mangualde, con 12,94 km² de superficie y 1.029 habitantes (2001). Su densidad de población es de 79,5 hab/km²."@es
http://dbpedia.org/property/cim	http://dbpedia.org/resource/Viseu_Dão_Lafões
http://dbpedia.org/property/imageShield	"MGL-alcafache.png"^^http://www.w3.org/1999/02/22-rdf-syntax-ns#langString
http://dbpedia.org/property/longd	"-7.8600000000000003197"^^http://www.w3.org/2001/XMLSchema#decimal
http://xmlns.com/foaf/0.1/primaryTopic	http://en.wikipedia.org/wiki/Alcafache
http://www.w3.org/2002/07/owl#sameAs	http://nl.dbpedia.org/resource/Alcafache
http://dbpedia.org/ontology/postalCode	"3530"
http://dbpedia.org/ontology/thumbnail	http://commons.wikimedia.org/wiki/Special:FilePath/MGL-alcafache.png?width=300
http://dbpedia.org/property/areaTotal	"12.880000000000000782"^^http://www.w3.org/2001/XMLSchema#decimal
http://dbpedia.org/ontology/wikiPageID	"32987777"^^http://www.w3.org/2001/XMLSchema#integer
http://www.w3.org/ns/prov#wasDerivedFrom	http://en.wikipedia.org/wiki/Alcafache?oldid=689446313
http://dbpedia.org/property/district	http://dbpedia.org/resource/Viseu_District
http://xmlns.com/foaf/0.1/depiction	http://commons.wikimedia.org/wiki/Special:FilePath/MGL-alcafache.png
http://dbpedia.org/property/patron	http://dbpedia.org/resource/Vincent_of_Saragossa
http://purl.org/linguistics/gold/hypernym	http://dbpedia.org/resource/Freguesia
http://dbpedia.org/property/latd	"40.600000000000001421"^^http://www.w3.org/2001/XMLSchema#decimal
http://dbpedia.org/property/subregion	http://dbpedia.org/resource/Dão-Lafões
http://dbpedia.org/ontology/abstract	"Alcafache es una freguesia portuguesa del concelho de Mangualde, con 12,94 km² de superficie y 1.029 habitantes (2001). Su densidad de población es de 79,5 hab/km²."@es
http://www.w3.org/2000/01/rdf-schema#label	"Alcafache"@pt
http://www.w3.org/1999/02/22-rdf-syntax-ns#type	http://www.w3.org/2002/07/owl#Thing
http://dbpedia.org/property/region	http://dbpedia.org/resource/Centro_Region,_Portugal
