#---Properties and values from: http://dbpedia.org/resource/Abbegea
Property	Value
http://xmlns.com/foaf/0.1/name	"Abbegea"@en
http://dbpedia.org/ontology/wikiPageRevisionID	"701614401"^^http://www.w3.org/2001/XMLSchema#integer
http://dbpedia.org/property/settlementType	"Village"^^http://www.w3.org/1999/02/22-rdf-syntax-ns#langString
http://www.w3.org/2003/01/geo/wgs84_pos#long	"5.5708332061767578125"^^http://www.w3.org/2001/XMLSchema#float
http://dbpedia.org/property/imageMap	"Map NL Wymbritseradiel Abbegea.png"^^http://www.w3.org/1999/02/22-rdf-syntax-ns#langString
http://xmlns.com/foaf/0.1/isPrimaryTopicOf	http://en.wikipedia.org/wiki/Abbegea
http://dbpedia.org/property/subdivisionType	"Province"^^http://www.w3.org/1999/02/22-rdf-syntax-ns#langString
http://dbpedia.org/ontology/country	http://dbpedia.org/resource/Netherlands
http://dbpedia.org/property/populationTotal	"c. 270"^^http://www.w3.org/1999/02/22-rdf-syntax-ns#langString
http://purl.org/dc/terms/subject	http://dbpedia.org/resource/Category:Populated_places_in_Friesland
http://dbpedia.org/ontology/isPartOf	http://dbpedia.org/resource/Friesland
http://www.w3.org/2000/01/rdf-schema#comment	"Abbegea (Dutch: Abbega) is a village in the Dutch province of Friesland. It is located in the municipality of Súdwest-Fryslân, about 6 km west of the city of Sneek. Abbegea has about 270 inhabitants."@en
http://xmlns.com/foaf/0.1/primaryTopic	http://en.wikipedia.org/wiki/Abbegea
http://dbpedia.org/ontology/wikiPageRedirects	http://dbpedia.org/resource/Abbega
http://www.w3.org/2002/07/owl#sameAs	http://nl.dbpedia.org/resource/Abbega
http://www.w3.org/2003/01/geo/wgs84_pos#lat	"53.01833343505859375"^^http://www.w3.org/2001/XMLSchema#float
http://www.georss.org/georss/point	"53.01833333333333 5.570833333333333"
http://dbpedia.org/ontology/thumbnail	http://commons.wikimedia.org/wiki/Special:FilePath/Map_NL_Wymbritseradiel_Abbegea.png?width=300
http://dbpedia.org/ontology/wikiPageID	"13844417"^^http://www.w3.org/2001/XMLSchema#integer
http://www.w3.org/ns/prov#wasDerivedFrom	http://en.wikipedia.org/wiki/Abbegea?oldid=701614401
http://xmlns.com/foaf/0.1/depiction	http://commons.wikimedia.org/wiki/Special:FilePath/Map_NL_Wymbritseradiel_Abbegea.png
http://purl.org/linguistics/gold/hypernym	http://dbpedia.org/resource/Village
http://dbpedia.org/ontology/abstract	"Abbega (Fries: Abbegea) is een dorp in de gemeente Súdwest-Fryslân, in de Nederlandse provincie Friesland."@nl
http://www.w3.org/2003/01/geo/wgs84_pos#geometry	"POINT(5.5708332061768 53.018333435059)"^^http://www.openlinksw.com/schemas/virtrdf#Geometry
http://www.w3.org/2000/01/rdf-schema#label	"Abbega"@fr
http://dbpedia.org/property/mapsize	"280"^^http://www.w3.org/2001/XMLSchema#integer
http://www.w3.org/1999/02/22-rdf-syntax-ns#type	http://dbpedia.org/class/yago/YagoGeoEntity
