#---Properties and values from: http://dbpedia.org/resource/Loulé
Property	Value
http://dbpedia.org/property/longew	"W"^^http://www.w3.org/1999/02/22-rdf-syntax-ns#langString
http://dbpedia.org/ontology/wikiPageExternalLink	http://www.flickr.com/photos/vitor107/sets/72157606725776604/
http://dbpedia.org/property/blank1NameSec	"Municipal holiday"^^http://www.w3.org/1999/02/22-rdf-syntax-ns#langString
http://dbpedia.org/property/latm	"9"^^http://www.w3.org/2001/XMLSchema#integer
http://dbpedia.org/property/latns	"N"^^http://www.w3.org/1999/02/22-rdf-syntax-ns#langString
http://dbpedia.org/property/imageSkyline	"MuralhaLoule.JPG"^^http://www.w3.org/1999/02/22-rdf-syntax-ns#langString
http://dbpedia.org/property/location	http://dbpedia.org/resource/2015–16_Sporting_Clube_de_Portugal_season
http://purl.org/dc/terms/subject	http://dbpedia.org/resource/Category:Municipalities_of_the_Algarve
http://dbpedia.org/property/parishes	"[[#Parishes"^^http://www.w3.org/1999/02/22-rdf-syntax-ns#langString
http://dbpedia.org/property/cim	http://dbpedia.org/resource/Algarve
http://dbpedia.org/property/leaderParty	http://dbpedia.org/resource/Socialist_Party_(Portugal)
http://dbpedia.org/property/blank1InfoSec	"date varies"^^http://www.w3.org/1999/02/22-rdf-syntax-ns#langString
http://www.w3.org/ns/prov#wasDerivedFrom	http://en.wikipedia.org/wiki/Loulé?oldid=741321630
http://dbpedia.org/ontology/municipality	http://dbpedia.org/resource/Alte_River
http://dbpedia.org/property/areaTotalKm	"763.66999999999995907"^^http://www.w3.org/2001/XMLSchema#decimal
http://dbpedia.org/property/district	http://dbpedia.org/resource/Faro_District
http://dbpedia.org/ontology/city	http://dbpedia.org/resource/2015_Supertaça_Cândido_de_Oliveira
http://dbpedia.org/property/latd	"37"^^http://www.w3.org/2001/XMLSchema#integer
http://dbpedia.org/property/subregion	http://dbpedia.org/resource/Algarve
http://xmlns.com/foaf/0.1/homepage	http://www.cm-loule.pt
http://www.w3.org/1999/02/22-rdf-syntax-ns#type	http://dbpedia.org/class/yago/WikicatMunicipalitiesOfPortugal
http://dbpedia.org/property/region	http://dbpedia.org/resource/Algarve
http://dbpedia.org/property/officialName	"Loulé"^^http://www.w3.org/1999/02/22-rdf-syntax-ns#langString
http://dbpedia.org/ontology/wikiPageRevisionID	"741321630"^^http://www.w3.org/2001/XMLSchema#integer
http://dbpedia.org/property/website	http://www.cm-loule.pt
http://dbpedia.org/property/imageMap	"LocalLoule.svg"^^http://www.w3.org/1999/02/22-rdf-syntax-ns#langString
http://xmlns.com/foaf/0.1/isPrimaryTopicOf	http://en.wikipedia.org/wiki/Loulé
http://dbpedia.org/property/municipality	http://dbpedia.org/resource/Querença,_Tôr_e_Benafim
http://dbpedia.org/property/longm	"0"^^http://www.w3.org/2001/XMLSchema#integer
http://dbpedia.org/property/populationTotal	"70622"^^http://www.w3.org/2001/XMLSchema#integer
http://dbpedia.org/property/populationAsOf	"2011"^^http://www.w3.org/2001/XMLSchema#integer
http://dbpedia.org/property/stadium	http://dbpedia.org/resource/2003_Algarve_Cup
http://www.w3.org/2000/01/rdf-schema#comment	"25بك هذه المقالة تحتاج للمزيد من الوصلات للمقالات الأخرى للمساعدة في ترابط مقالات الموسوعة. فضلًا ساعد في تحسين هذه المقالة بإضافة وصلات إلى المقالات المتعلقة بها الموجودة في النص الحالي. (يونيو 2016) لولي هي مدينة من مدن البرتغال تقع في أقصى الجنوب. يبلغ عدد سكانها 70,622 نسمة وذلك حسب إحصائيات سنة 2011. تبلغ مساحتها 763.67 كم²."@ar
http://dbpedia.org/property/imageShield	"LLE1.png"^^http://www.w3.org/1999/02/22-rdf-syntax-ns#langString
http://dbpedia.org/property/longd	"8"^^http://www.w3.org/2001/XMLSchema#integer
http://xmlns.com/foaf/0.1/primaryTopic	http://en.wikipedia.org/wiki/Loulé
http://www.w3.org/2002/07/owl#sameAs	http://pt.dbpedia.org/resource/Loulé
http://dbpedia.org/ontology/wikiPageRedirects	http://dbpedia.org/resource/Loule_Municipality
http://dbpedia.org/ontology/thumbnail	http://commons.wikimedia.org/wiki/Special:FilePath/Pt-lle3.png?width=300
http://dbpedia.org/ontology/twinTown	http://dbpedia.org/resource/Cartaya
http://dbpedia.org/ontology/wikiPageID	"1990377"^^http://www.w3.org/2001/XMLSchema#integer
http://dbpedia.org/property/team	http://dbpedia.org/resource/Porto–Lisboa
http://dbpedia.org/ontology/birthPlace	http://dbpedia.org/resource/Fausto_(footballer)
http://dbpedia.org/property/leaderName	http://dbpedia.org/resource/Vítor_Aleixo
http://xmlns.com/foaf/0.1/depiction	http://commons.wikimedia.org/wiki/Special:FilePath/Pt-lle3.png
http://purl.org/linguistics/gold/hypernym	http://dbpedia.org/resource/City
http://dbpedia.org/ontology/abstract	"ローレ (ポルトガル語: Loulé, ポルトガル語発音: [loˈlɛ]) は、ポルトガルの市及び自治体であり、面積764.2 km²、人口70,622人である。適切な市の人口は24,791人。 この自治体は11の小教区から構成されており、ファーロ県に位置する。 現在の市長はSebastião Seruca Emídioであり、社会民主党より選ばれた。 市の休日に昇天の日がある。"@ja
http://dbpedia.org/property/imageFlag	"Pt-lle3.png"^^http://www.w3.org/1999/02/22-rdf-syntax-ns#langString
http://www.w3.org/2000/01/rdf-schema#label	"Loulé"@fr
