#---Properties and values from: http://dbpedia.org/resource/Pedrinhas
Property	Value
http://www.w3.org/2002/07/owl#sameAs	http://nl.dbpedia.org/resource/Pedrinhas
http://dbpedia.org/property/lats	"31"^^http://www.w3.org/2001/XMLSchema#integer
http://dbpedia.org/ontology/wikiPageRevisionID	"720000016"^^http://www.w3.org/2001/XMLSchema#integer
http://dbpedia.org/ontology/wikiPageID	"1083966"^^http://www.w3.org/2001/XMLSchema#integer
http://dbpedia.org/property/areaTotal	"33.899999999999998579"^^http://www.w3.org/2001/XMLSchema#decimal
http://dbpedia.org/property/latm	"11"^^http://www.w3.org/2001/XMLSchema#integer
http://dbpedia.org/property/latns	"S"^^http://www.w3.org/1999/02/22-rdf-syntax-ns#langString
http://www.w3.org/ns/prov#wasDerivedFrom	http://en.wikipedia.org/wiki/Pedrinhas?oldid=720000016
http://xmlns.com/foaf/0.1/isPrimaryTopicOf	http://en.wikipedia.org/wiki/Pedrinhas
http://purl.org/linguistics/gold/hypernym	http://dbpedia.org/resource/Municipality
http://dbpedia.org/property/latd	"11"^^http://www.w3.org/2001/XMLSchema#integer
http://dbpedia.org/property/longm	"40"^^http://www.w3.org/2001/XMLSchema#integer
http://dbpedia.org/property/populationTotal	"8833"^^http://www.w3.org/2001/XMLSchema#integer
http://dbpedia.org/property/longs	"26"^^http://www.w3.org/2001/XMLSchema#integer
http://dbpedia.org/property/populationAsOf	"2010"^^http://www.w3.org/2001/XMLSchema#integer
http://purl.org/dc/terms/subject	http://dbpedia.org/resource/Category:Municipalities_in_Sergipe
http://dbpedia.org/property/state	"SE"^^http://www.w3.org/1999/02/22-rdf-syntax-ns#langString
http://dbpedia.org/ontology/abstract	"Pedrinhas is een gemeente in de Braziliaanse deelstaat Sergipe. De gemeente telt 8.709 inwoners (schatting 2009). De gemeente grenst aan Araua, Boquim, Itabaianinha en Riachão do Dantas."@nl
http://www.w3.org/2000/01/rdf-schema#comment	"Педриньяс (порт. Pedrinhas) — муниципалитет в Бразилии, входит в штат Сержипи. Составная часть мезорегиона Восток штата Сержипи. Входит в экономико-статистический микрорегион Бокин."@ru
http://www.w3.org/2000/01/rdf-schema#label	"Pedrinhas"@pt
http://dbpedia.org/property/longd	"37"^^http://www.w3.org/2001/XMLSchema#integer
http://xmlns.com/foaf/0.1/primaryTopic	http://en.wikipedia.org/wiki/Pedrinhas
http://www.w3.org/1999/02/22-rdf-syntax-ns#type	http://dbpedia.org/class/yago/Location100027167
