#---Properties and values from: http://dbpedia.org/resource/Atwima_Mponua_District
Property	Value
http://dbpedia.org/property/longew	"W"^^http://www.w3.org/1999/02/22-rdf-syntax-ns#langString
http://xmlns.com/foaf/0.1/name	"Atwima Mponua District"@en
http://dbpedia.org/ontology/wikiPageExternalLink	http://www.ghanadistricts.com/index.asp
http://dbpedia.org/property/latm	"36"^^http://www.w3.org/2001/XMLSchema#integer
http://dbpedia.org/property/latns	"N"^^http://www.w3.org/1999/02/22-rdf-syntax-ns#langString
http://www.w3.org/2003/01/geo/wgs84_pos#long	"-2.1166665554046630859"^^http://www.w3.org/2001/XMLSchema#float
http://dbpedia.org/property/date	"July 2016"^^http://www.w3.org/1999/02/22-rdf-syntax-ns#langString
http://dbpedia.org/property/id	"ygh"^^http://www.w3.org/1999/02/22-rdf-syntax-ns#langString
http://dbpedia.org/property/subdivisionType	"Sovereign state"^^http://www.w3.org/1999/02/22-rdf-syntax-ns#langString
http://purl.org/dc/terms/subject	http://dbpedia.org/resource/Category:Districts_of_Ashanti_Region
http://dbpedia.org/ontology/isPartOf	http://dbpedia.org/resource/Nyinahin
http://dbpedia.org/property/bot	"InternetArchiveBot"^^http://www.w3.org/1999/02/22-rdf-syntax-ns#langString
http://dbpedia.org/ontology/areaTotal	"2411000000.0"^^http://www.w3.org/2001/XMLSchema#decimal
http://www.w3.org/ns/prov#wasDerivedFrom	http://en.wikipedia.org/wiki/Atwima_Mponua_District?oldid=730850495
http://dbpedia.org/ontology/timeZone	http://dbpedia.org/resource/GMT
http://dbpedia.org/property/district	http://dbpedia.org/resource/Atwima-Mponua_(Ghana_parliament_constituency)
http://dbpedia.org/property/latd	"6"^^http://www.w3.org/2001/XMLSchema#integer
http://www.w3.org/1999/02/22-rdf-syntax-ns#type	http://schema.org/Place
http://dbpedia.org/ontology/wikiPageRevisionID	"730850495"^^http://www.w3.org/2001/XMLSchema#integer
http://dbpedia.org/property/mapCaption	"Districts of Ashanti"^^http://www.w3.org/1999/02/22-rdf-syntax-ns#langString
http://dbpedia.org/property/settlementType	"District"^^http://www.w3.org/1999/02/22-rdf-syntax-ns#langString
http://dbpedia.org/property/coordinatesRegion	"GH"^^http://www.w3.org/1999/02/22-rdf-syntax-ns#langString
http://dbpedia.org/property/imageMap	"Ashanti districts.png"^^http://www.w3.org/1999/02/22-rdf-syntax-ns#langString
http://xmlns.com/foaf/0.1/isPrimaryTopicOf	http://en.wikipedia.org/wiki/Atwima_Mponua_District
http://dbpedia.org/ontology/country	http://dbpedia.org/resource/Ghana
http://dbpedia.org/property/longm	"7"^^http://www.w3.org/2001/XMLSchema#integer
http://dbpedia.org/property/populationTotal	"—"^^http://www.w3.org/1999/02/22-rdf-syntax-ns#langString
http://dbpedia.org/property/populationAsOf	"2012"^^http://www.w3.org/2001/XMLSchema#integer
http://www.w3.org/2000/01/rdf-schema#comment	"The Atwima Mponua District is one of the twenty-seven (27) districts in the Ashanti Region of Ghana, and is the westernmost district in the Ashanti Region. Its capital is Nyinahin. The district was created out of the former Atwima District by a decree of president John Agyekum Kufuor on November 12, 2003."@en
http://dbpedia.org/property/longd	"2"^^http://www.w3.org/2001/XMLSchema#integer
http://xmlns.com/foaf/0.1/primaryTopic	http://en.wikipedia.org/wiki/Atwima_Mponua_District
http://dbpedia.org/ontology/leaderTitle	"District Executive"@en
http://www.w3.org/2002/07/owl#sameAs	http://www.wikidata.org/entity/Q758282
http://www.w3.org/2003/01/geo/wgs84_pos#lat	"6.5999999046325683594"^^http://www.w3.org/2001/XMLSchema#float
http://www.georss.org/georss/point	"6.6 -2.1166666666666667"
http://dbpedia.org/ontology/thumbnail	http://commons.wikimedia.org/wiki/Special:FilePath/Ashanti_districts.png?width=300
http://dbpedia.org/ontology/wikiPageID	"4150219"^^http://www.w3.org/2001/XMLSchema#integer
http://dbpedia.org/ontology/utcOffset	"+0"
http://dbpedia.org/ontology/PopulatedPlace/areaTotal	"2411.0"^^http://dbpedia.org/datatype/squareKilometre
http://dbpedia.org/property/leaderName	"Wilberforce O. Ansah"^^http://www.w3.org/1999/02/22-rdf-syntax-ns#langString
http://dbpedia.org/property/pushpinMap	"Ghana"^^http://www.w3.org/1999/02/22-rdf-syntax-ns#langString
http://xmlns.com/foaf/0.1/depiction	http://commons.wikimedia.org/wiki/Special:FilePath/Ashanti_districts.png
http://purl.org/linguistics/gold/hypernym	http://dbpedia.org/resource/Districts
http://dbpedia.org/property/fixAttempted	"yes"^^http://www.w3.org/1999/02/22-rdf-syntax-ns#langString
http://dbpedia.org/ontology/abstract	"Le district d’Atwima Mponua est l’un des 21 districts de la Région d'Ashanti né de la scission qui donna naissance au district d’Atwima"@fr
http://dbpedia.org/property/pushpinMapCaption	"Location of Atwima Mponua within Ashanti"^^http://www.w3.org/1999/02/22-rdf-syntax-ns#langString
http://www.w3.org/2003/01/geo/wgs84_pos#geometry	"POINT(-2.1166665554047 6.5999999046326)"^^http://www.openlinksw.com/schemas/virtrdf#Geometry
http://dbpedia.org/property/title	"Districts of Ghana"^^http://www.w3.org/1999/02/22-rdf-syntax-ns#langString
http://www.w3.org/2000/01/rdf-schema#label	"Atwima Mponua District"@en
