#---Properties and values from: http://dbpedia.org/resource/Worcester,_Western_Cape
Property	Value
http://xmlns.com/foaf/0.1/name	"Worcester"@en
http://dbpedia.org/property/lats	"42"^^http://www.w3.org/2001/XMLSchema#integer
http://dbpedia.org/ontology/wikiPageExternalLink	http://www.breedevallei.gov.za/
http://dbpedia.org/ontology/deathPlace	http://dbpedia.org/resource/George_Lohmann
http://dbpedia.org/property/latm	"38"^^http://www.w3.org/2001/XMLSchema#integer
http://dbpedia.org/property/areaCode	"23"^^http://www.w3.org/2001/XMLSchema#integer
http://dbpedia.org/property/imageSkyline	"WorcesterWC-HighStreet.jpg"^^http://www.w3.org/1999/02/22-rdf-syntax-ns#langString
http://www.w3.org/2003/01/geo/wgs84_pos#long	"19.44361114501953125"^^http://www.w3.org/2001/XMLSchema#float
http://dbpedia.org/ontology/wikiPageDisambiguates	http://dbpedia.org/resource/Worcester_(disambiguation)
http://purl.org/dc/terms/subject	http://dbpedia.org/resource/Category:Populated_places_in_the_Breede_Valley_Local_Municipality
http://dbpedia.org/property/birthPlace	http://dbpedia.org/resource/Fairy_Heatlie
http://dbpedia.org/property/percentWhite	"14.0"^^http://dbpedia.org/datatype/perCent
http://dbpedia.org/ontology/postalCode	"6850"
http://www.w3.org/ns/prov#wasDerivedFrom	http://en.wikipedia.org/wiki/Worcester,_Western_Cape?oldid=744163700
http://dbpedia.org/property/areaTotalKm	"73.200000000000002842"^^http://www.w3.org/2001/XMLSchema#decimal
http://dbpedia.org/property/district	"Cape Winelands"^^http://www.w3.org/1999/02/22-rdf-syntax-ns#langString
http://dbpedia.org/ontology/city	http://dbpedia.org/resource/R43_road
http://dbpedia.org/property/latd	"33"^^http://www.w3.org/2001/XMLSchema#integer
http://dbpedia.org/property/province	"Western Cape"^^http://www.w3.org/1999/02/22-rdf-syntax-ns#langString
http://xmlns.com/foaf/0.1/homepage	http://www.breedevallei.gov.za/
http://www.w3.org/1999/02/22-rdf-syntax-ns#type	http://dbpedia.org/class/yago/WikicatTownshipsInTheWesternCape
http://dbpedia.org/property/demographics2Info	"1.7"^^http://dbpedia.org/datatype/perCent
http://dbpedia.org/ontology/wikiPageRevisionID	"744163700"^^http://www.w3.org/2001/XMLSchema#integer
http://dbpedia.org/ontology/routeStart	http://dbpedia.org/resource/R60_road
http://dbpedia.org/property/imageCaption	"High Street in the Worcester CBD"^^http://www.w3.org/1999/02/22-rdf-syntax-ns#langString
http://dbpedia.org/property/seat	http://dbpedia.org/resource/Cape_Winelands_District_Municipality
http://dbpedia.org/property/demographics2Title	http://dbpedia.org/resource/English_language
http://xmlns.com/foaf/0.1/isPrimaryTopicOf	http://en.wikipedia.org/wiki/Worcester,_Western_Cape
http://dbpedia.org/property/municipality	"Breede Valley"^^http://www.w3.org/1999/02/22-rdf-syntax-ns#langString
http://dbpedia.org/ontology/country	http://dbpedia.org/resource/South_Africa
http://dbpedia.org/property/longm	"26"^^http://www.w3.org/2001/XMLSchema#integer
http://dbpedia.org/property/populationTotal	"97078"^^http://www.w3.org/2001/XMLSchema#integer
http://dbpedia.org/property/longs	"37"^^http://www.w3.org/2001/XMLSchema#integer
http://dbpedia.org/property/populationAsOf	"2011"^^http://www.w3.org/2001/XMLSchema#integer
http://dbpedia.org/property/stadium	http://dbpedia.org/resource/1990_Santam_Bank_Trophy
http://www.w3.org/2000/01/rdf-schema#comment	"Worcester ist eine Stadt in der Gemeinde Breede Valley, Distrikt Cape Winelands, Provinz Westkap in Südafrika. Sie ist Versorgungszentrum der umliegenden Wein- und Obstbaugebiete im Breede-River-Tal und Sitz der Gemeindeverwaltung. Die Stadt liegt in 223 Meter über dem Meeresspiegel an der Autobahn N1, die Kapstadt (121 Kilometer entfernt) und Johannesburg verbindet. 2011 hatte sie 97.098 Einwohner."@de
http://dbpedia.org/property/percentOther	"1.1"^^http://dbpedia.org/datatype/perCent
http://dbpedia.org/property/leaderTitle	"Councillor"^^http://www.w3.org/1999/02/22-rdf-syntax-ns#langString
http://dbpedia.org/property/percentAsian	"0.8"^^http://dbpedia.org/datatype/perCent
http://dbpedia.org/property/longd	"19"^^http://www.w3.org/2001/XMLSchema#integer
http://xmlns.com/foaf/0.1/primaryTopic	http://en.wikipedia.org/wiki/Worcester,_Western_Cape
http://dbpedia.org/ontology/routeJunction	http://dbpedia.org/resource/R43_road
http://dbpedia.org/ontology/wikiPageRedirects	http://dbpedia.org/resource/Worcester,_South_Africa
http://www.w3.org/2002/07/owl#sameAs	http://de.dbpedia.org/resource/Worcester_(Südafrika)
http://www.w3.org/2003/01/geo/wgs84_pos#lat	"33.645000457763671875"^^http://www.w3.org/2001/XMLSchema#float
http://www.georss.org/georss/point	"33.645 19.44361111111111"
http://dbpedia.org/ontology/thumbnail	http://commons.wikimedia.org/wiki/Special:FilePath/WorcesterWC-HighStreet.jpg?width=300
http://dbpedia.org/ontology/wikiPageID	"2013108"^^http://www.w3.org/2001/XMLSchema#integer
http://dbpedia.org/ontology/location	http://dbpedia.org/resource/Brandvlei_Correctional_Centre
http://dbpedia.org/ontology/birthPlace	http://dbpedia.org/resource/David_Kramer_(singer)
http://dbpedia.org/property/percentBlack	"25.4"^^http://dbpedia.org/datatype/perCent
http://xmlns.com/foaf/0.1/depiction	http://commons.wikimedia.org/wiki/Special:FilePath/WorcesterWC-HighStreet.jpg
http://purl.org/linguistics/gold/hypernym	http://dbpedia.org/resource/Town
http://dbpedia.org/property/establishedDate	"1819"^^http://www.w3.org/2001/XMLSchema#integer
http://dbpedia.org/property/percentColoured	"58.7"^^http://dbpedia.org/datatype/perCent
http://dbpedia.org/ontology/abstract	"ウースターまたはウスター（Worcester）は南アフリカ共和国西ケープ州、ケープワインランド郡にある都市である。人口は97,078人。ブリード・ヴァレー自治体に所属している。"@ja
http://www.w3.org/2003/01/geo/wgs84_pos#geometry	"POINT(19.44361114502 33.645000457764)"^^http://www.openlinksw.com/schemas/virtrdf#Geometry
http://www.w3.org/2000/01/rdf-schema#label	"Worcester (Afrique du Sud)"@fr
