#---Properties and values from: http://dbpedia.org/resource/Serra_Azul
Property	Value
http://dbpedia.org/property/lats	"39"^^http://www.w3.org/2001/XMLSchema#integer
http://dbpedia.org/ontology/wikiPageRevisionID	"720255464"^^http://www.w3.org/2001/XMLSchema#integer
http://dbpedia.org/property/latm	"18"^^http://www.w3.org/2001/XMLSchema#integer
http://dbpedia.org/property/latns	"S"^^http://www.w3.org/1999/02/22-rdf-syntax-ns#langString
http://dbpedia.org/property/imageMap	"SaoPaulo Municip SerraAzul.svg"^^http://www.w3.org/1999/02/22-rdf-syntax-ns#langString
http://xmlns.com/foaf/0.1/isPrimaryTopicOf	http://en.wikipedia.org/wiki/Serra_Azul
http://dbpedia.org/property/longm	"33"^^http://www.w3.org/2001/XMLSchema#integer
http://dbpedia.org/property/populationTotal	"13216"^^http://www.w3.org/2001/XMLSchema#integer
http://dbpedia.org/property/populationAsOf	"2015"^^http://www.w3.org/2001/XMLSchema#integer
http://dbpedia.org/property/longs	"56"^^http://www.w3.org/2001/XMLSchema#integer
http://purl.org/dc/terms/subject	http://dbpedia.org/resource/Category:Municipalities_in_São_Paulo_(state)
http://dbpedia.org/property/state	"SP"^^http://www.w3.org/1999/02/22-rdf-syntax-ns#langString
http://dbpedia.org/ontology/wikiPageDisambiguates	http://dbpedia.org/resource/Serra
http://www.w3.org/2000/01/rdf-schema#comment	"Серра-Азул (порт. Serra Azul) — муниципалитет в Бразилии, входит в штат Сан-Паулу. Составная часть мезорегиона Рибейран-Прету. Входит в экономико-статистический микрорегион Рибейран-Прету. Население составляет 8388 человек на 2006 год. Занимает площадь 282,846 км². Плотность населения - 29,7 чел./км². Праздник города — 14 ноября."@ru
http://dbpedia.org/property/longd	"47"^^http://www.w3.org/2001/XMLSchema#integer
http://xmlns.com/foaf/0.1/primaryTopic	http://en.wikipedia.org/wiki/Serra_Azul
http://www.w3.org/2002/07/owl#sameAs	http://www.wikidata.org/entity/Q1760125
http://dbpedia.org/ontology/thumbnail	http://commons.wikimedia.org/wiki/Special:FilePath/SaoPaulo_Municip_SerraAzul.svg?width=300
http://dbpedia.org/property/areaTotal	"283"^^http://www.w3.org/2001/XMLSchema#integer
http://dbpedia.org/ontology/wikiPageID	"6498863"^^http://www.w3.org/2001/XMLSchema#integer
http://www.w3.org/ns/prov#wasDerivedFrom	http://en.wikipedia.org/wiki/Serra_Azul?oldid=720255464
http://dbpedia.org/ontology/birthPlace	http://dbpedia.org/resource/Arlindo_Chinaglia
http://xmlns.com/foaf/0.1/depiction	http://commons.wikimedia.org/wiki/Special:FilePath/SaoPaulo_Municip_SerraAzul.svg
http://purl.org/linguistics/gold/hypernym	http://dbpedia.org/resource/Municipality
http://dbpedia.org/property/latd	"21"^^http://www.w3.org/2001/XMLSchema#integer
http://dbpedia.org/ontology/abstract	"塞拉阿苏尔（葡萄牙语：Serra Azul）是巴西圣保罗州的一个市镇。总面积282.846平方公里，总人口8388人，人口密度29.7人/平方公里。"@zh
http://www.w3.org/2000/01/rdf-schema#label	"Serra Azul"@pl
http://www.w3.org/1999/02/22-rdf-syntax-ns#type	http://dbpedia.org/class/yago/Region108630985
