#---Properties and values from: http://dbpedia.org/resource/Zweins
Property	Value
http://xmlns.com/foaf/0.1/name	"Zweins"@en
http://dbpedia.org/ontology/wikiPageRevisionID	"696478494"^^http://www.w3.org/2001/XMLSchema#integer
http://dbpedia.org/property/settlementType	"Village"^^http://www.w3.org/1999/02/22-rdf-syntax-ns#langString
http://www.w3.org/2003/01/geo/wgs84_pos#long	"5.6061110496520996094"^^http://www.w3.org/2001/XMLSchema#float
http://dbpedia.org/property/imageMap	"Map NL Frjentsjerteradiel Sweins.png"^^http://www.w3.org/1999/02/22-rdf-syntax-ns#langString
http://xmlns.com/foaf/0.1/isPrimaryTopicOf	http://en.wikipedia.org/wiki/Zweins
http://dbpedia.org/property/subdivisionType	"Province"^^http://www.w3.org/1999/02/22-rdf-syntax-ns#langString
http://dbpedia.org/ontology/country	http://dbpedia.org/resource/Netherlands
http://dbpedia.org/property/populationTotal	"c. 110"^^http://www.w3.org/1999/02/22-rdf-syntax-ns#langString
http://purl.org/dc/terms/subject	http://dbpedia.org/resource/Category:Populated_places_in_Friesland
http://dbpedia.org/ontology/isPartOf	http://dbpedia.org/resource/Friesland
http://www.w3.org/2000/01/rdf-schema#comment	"Zweins est un village situé dans la commune néerlandaise de Franekeradeel, dans la province de la Frise. Son nom en frison est Sweins. Le 31 décembre 2005, le village comptait 112 habitants. 
* Portail des Pays-Bas Portail des Pays-Bas"@fr
http://xmlns.com/foaf/0.1/primaryTopic	http://en.wikipedia.org/wiki/Zweins
http://dbpedia.org/ontology/wikiPageRedirects	http://dbpedia.org/resource/Sweins
http://www.w3.org/2002/07/owl#sameAs	http://yago-knowledge.org/resource/Zweins
http://www.w3.org/2003/01/geo/wgs84_pos#lat	"53.189998626708984375"^^http://www.w3.org/2001/XMLSchema#float
http://www.georss.org/georss/point	"53.19 5.606111111111111"
http://dbpedia.org/ontology/thumbnail	http://commons.wikimedia.org/wiki/Special:FilePath/Map_NL_Frjentsjerteradiel_Sweins.png?width=300
http://dbpedia.org/ontology/wikiPageID	"16510710"^^http://www.w3.org/2001/XMLSchema#integer
http://www.w3.org/ns/prov#wasDerivedFrom	http://en.wikipedia.org/wiki/Zweins?oldid=696478494
http://xmlns.com/foaf/0.1/depiction	http://commons.wikimedia.org/wiki/Special:FilePath/Map_NL_Frjentsjerteradiel_Sweins.png
http://purl.org/linguistics/gold/hypernym	http://dbpedia.org/resource/Village
http://dbpedia.org/ontology/abstract	"Zweins est un village situé dans la commune néerlandaise de Franekeradeel, dans la province de la Frise. Son nom en frison est Sweins. Le 31 décembre 2005, le village comptait 112 habitants. 
* Portail des Pays-Bas Portail des Pays-Bas"@fr
http://www.w3.org/2003/01/geo/wgs84_pos#geometry	"POINT(5.6061110496521 53.189998626709)"^^http://www.openlinksw.com/schemas/virtrdf#Geometry
http://www.w3.org/2000/01/rdf-schema#label	"Zweins"@en
http://dbpedia.org/property/mapsize	"280"^^http://www.w3.org/2001/XMLSchema#integer
http://www.w3.org/1999/02/22-rdf-syntax-ns#type	http://dbpedia.org/class/yago/Region108630985
