#---Properties and values from: http://dbpedia.org/resource/Hastings,_New_Zealand
Property	Value
http://xmlns.com/foaf/0.1/name	"( Heretaunga (Māori)"@en
http://dbpedia.org/property/octRecordHighC	"29"^^http://www.w3.org/2001/XMLSchema#integer
http://dbpedia.org/property/febRecordHighC	"37.100000000000001421"^^http://www.w3.org/2001/XMLSchema#decimal
http://dbpedia.org/ontology/wikiPageExternalLink	http://www.hawkesbaynz.com/
http://dbpedia.org/property/augHighC	"14.900000000000000355"^^http://www.w3.org/2001/XMLSchema#decimal
http://dbpedia.org/property/junRecordHighC	"23.399999999999998579"^^http://www.w3.org/2001/XMLSchema#decimal
http://dbpedia.org/property/junLowC	"3.8999999999999999112"^^http://www.w3.org/2001/XMLSchema#decimal
http://dbpedia.org/ontology/deathPlace	http://dbpedia.org/resource/Sylvia_Potts
http://dbpedia.org/property/aprRecordHighC	"28.899999999999998579"^^http://www.w3.org/2001/XMLSchema#decimal
http://dbpedia.org/property/yearRecordHighC	"37.100000000000001421"^^http://www.w3.org/2001/XMLSchema#decimal
http://dbpedia.org/property/latns	"S"^^http://www.w3.org/1999/02/22-rdf-syntax-ns#langString
http://dbpedia.org/property/octLowC	"8"^^http://www.w3.org/2001/XMLSchema#integer
http://dbpedia.org/property/aprLowC	"9.0999999999999996447"^^http://www.w3.org/2001/XMLSchema#decimal
http://dbpedia.org/property/pushpinMapsize	"180"^^http://www.w3.org/2001/XMLSchema#integer
http://dbpedia.org/property/location	http://dbpedia.org/resource/Nelson_Cricket_Ground
http://dbpedia.org/property/janRecordLowC	"5.4000000000000003553"^^http://www.w3.org/2001/XMLSchema#decimal
http://dbpedia.org/ontology/isPartOf	http://dbpedia.org/resource/Hawke's_Bay_Region
http://dbpedia.org/ontology/wikiPageDisambiguates	http://dbpedia.org/resource/Hastings_(disambiguation)
http://dbpedia.org/property/julLowC	"3.6000000000000000888"^^http://www.w3.org/2001/XMLSchema#decimal
http://dbpedia.org/ontology/postalCode	"4120, 4122"
http://dbpedia.org/ontology/elevation	"11.0"^^http://www.w3.org/2001/XMLSchema#decimal
http://dbpedia.org/property/marHighC	"23.600000000000001421"^^http://www.w3.org/2001/XMLSchema#decimal
http://dbpedia.org/property/julRecordLowC	"-5"^^http://www.w3.org/2001/XMLSchema#integer
http://dbpedia.org/ontology/motto	"Great things grow here"
http://dbpedia.org/property/junPrecipitationMm	"79"^^http://www.w3.org/2001/XMLSchema#integer
http://dbpedia.org/property/janRecordHighC	"35.799999999999997158"^^http://www.w3.org/2001/XMLSchema#decimal
http://xmlns.com/foaf/0.1/nick	"Fruit Bowl of New Zealand"@en
http://dbpedia.org/property/yearHighC	"20"^^http://www.w3.org/2001/XMLSchema#integer
http://xmlns.com/foaf/0.1/homepage	http://www.hastingsdc.govt.nz/
http://dbpedia.org/property/aprRecordLowC	"0.5999999999999999778"^^http://www.w3.org/2001/XMLSchema#decimal
http://dbpedia.org/property/marPrecipitationMm	"61"^^http://www.w3.org/2001/XMLSchema#integer
http://dbpedia.org/property/populationDensityKm	"auto"^^http://www.w3.org/1999/02/22-rdf-syntax-ns#langString
http://dbpedia.org/ontology/wikiPageRevisionID	"741668810"^^http://www.w3.org/2001/XMLSchema#integer
http://dbpedia.org/property/aprPrecipitationMm	"48"^^http://www.w3.org/2001/XMLSchema#integer
http://dbpedia.org/property/novPrecipitationMm	"41"^^http://www.w3.org/2001/XMLSchema#integer
http://dbpedia.org/property/janHighC	"25.5"^^http://www.w3.org/2001/XMLSchema#decimal
http://dbpedia.org/property/imagesize	"300"^^http://www.w3.org/2001/XMLSchema#integer
http://dbpedia.org/property/coordinatesRegion	"NZ"^^http://www.w3.org/1999/02/22-rdf-syntax-ns#langString
http://dbpedia.org/property/north	http://dbpedia.org/resource/Napier,_New_Zealand
http://dbpedia.org/ontology/education	http://dbpedia.org/resource/Ross_McEwan
http://dbpedia.org/property/sepPrecipitationMm	"46"^^http://www.w3.org/2001/XMLSchema#integer
http://dbpedia.org/ontology/country	http://dbpedia.org/resource/New_Zealand
http://dbpedia.org/property/longm	"50"^^http://www.w3.org/2001/XMLSchema#integer
http://dbpedia.org/property/longs	"0"^^http://www.w3.org/2001/XMLSchema#integer
http://dbpedia.org/property/junHighC	"14.400000000000000355"^^http://www.w3.org/2001/XMLSchema#decimal
http://dbpedia.org/property/decLowC	"12.599999999999999645"^^http://www.w3.org/2001/XMLSchema#decimal
http://dbpedia.org/property/south	http://dbpedia.org/resource/Waipukurau
http://dbpedia.org/property/julRecordHighC	"22.5"^^http://www.w3.org/2001/XMLSchema#decimal
http://dbpedia.org/property/decRecordHighC	"36.5"^^http://www.w3.org/2001/XMLSchema#decimal
http://dbpedia.org/property/longd	"176"^^http://www.w3.org/2001/XMLSchema#integer
http://dbpedia.org/property/east	http://dbpedia.org/resource/Cape_Kidnappers
http://www.w3.org/2002/07/owl#sameAs	http://www.wikidata.org/entity/Q1015690
http://dbpedia.org/property/junRecordLowC	"-4.2000000000000001776"^^http://www.w3.org/2001/XMLSchema#decimal
http://dbpedia.org/property/mayRecordHighC	"27.100000000000001421"^^http://www.w3.org/2001/XMLSchema#decimal
http://dbpedia.org/property/singleLine	"yes"^^http://www.w3.org/1999/02/22-rdf-syntax-ns#langString
http://dbpedia.org/property/decPrecipitationMm	"53"^^http://www.w3.org/2001/XMLSchema#integer
http://dbpedia.org/ontology/thumbnail	http://commons.wikimedia.org/wiki/Special:FilePath/Hastings_Infobox_Pic_Montage.jpg?width=300
http://dbpedia.org/ontology/locationCity	http://dbpedia.org/resource/Wattie's
http://dbpedia.org/property/yearLowC	"8.8000000000000007105"^^http://www.w3.org/2001/XMLSchema#decimal
http://dbpedia.org/property/augLowC	"4.7999999999999998224"^^http://www.w3.org/2001/XMLSchema#decimal
http://dbpedia.org/property/febPrecipitationMm	"53"^^http://www.w3.org/2001/XMLSchema#integer
http://dbpedia.org/ontology/abstract	"Hastings ist eine Stadt auf der neuseeländischen Nordinsel und mit 61.700 Einwohnern größter Ort und Verwaltungssitz des Hastings-Distrikts. Im landesweiten Vergleich liegt Hastings auf Rang 13 und bildet zusammen mit Napier den fünftgrößten Ballungsraum Neuseelands mit ca. 120.000 Einwohnern."@de
http://www.w3.org/2000/01/rdf-schema#label	"Hastings (Nuova Zelanda)"@it
http://dbpedia.org/property/home	http://dbpedia.org/resource/2015–16_USC_Trojans_women's_basketball_team
http://dbpedia.org/property/marRecordLowC	"2.7000000000000001776"^^http://www.w3.org/2001/XMLSchema#decimal
http://dbpedia.org/property/novRecordHighC	"31.800000000000000711"^^http://www.w3.org/2001/XMLSchema#decimal
http://dbpedia.org/property/longew	"E"^^http://www.w3.org/1999/02/22-rdf-syntax-ns#langString
http://dbpedia.org/property/julHighC	"13.900000000000000355"^^http://www.w3.org/2001/XMLSchema#decimal
http://dbpedia.org/property/lats	"0"^^http://www.w3.org/2001/XMLSchema#integer
http://dbpedia.org/property/novHighC	"22.300000000000000711"^^http://www.w3.org/2001/XMLSchema#decimal
http://dbpedia.org/property/novLowC	"10.400000000000000355"^^http://www.w3.org/2001/XMLSchema#decimal
http://dbpedia.org/property/febRecordLowC	"5"^^http://www.w3.org/2001/XMLSchema#integer
http://dbpedia.org/property/latm	"39"^^http://www.w3.org/2001/XMLSchema#integer
http://dbpedia.org/property/mayRecordLowC	"-3"^^http://www.w3.org/2001/XMLSchema#integer
http://dbpedia.org/property/imageSkyline	"File:Hastings Infobox Pic Montage.jpg"^^http://www.w3.org/1999/02/22-rdf-syntax-ns#langString
http://www.w3.org/2003/01/geo/wgs84_pos#long	"176.8333282470703125"^^http://www.w3.org/2001/XMLSchema#float
http://dbpedia.org/property/date	"August 2010"^^http://www.w3.org/1999/02/22-rdf-syntax-ns#langString
http://dbpedia.org/property/augRecordHighC	"22.699999999999999289"^^http://www.w3.org/2001/XMLSchema#decimal
http://dbpedia.org/property/source	"NIWA Climate Data"^^http://www.w3.org/1999/02/22-rdf-syntax-ns#langString
http://dbpedia.org/property/subdivisionType	http://dbpedia.org/resource/Territorial_authority
http://dbpedia.org/property/sepRecordLowC	"-2.7999999999999998224"^^http://www.w3.org/2001/XMLSchema#decimal
http://dbpedia.org/property/marLowC	"12.199999999999999289"^^http://www.w3.org/2001/XMLSchema#decimal
http://dbpedia.org/property/west	"Taihape and Tongariro National Park"^^http://www.w3.org/1999/02/22-rdf-syntax-ns#langString
http://purl.org/dc/terms/subject	http://dbpedia.org/resource/Category:Populated_places_in_the_Hawke's_Bay_Region
http://dbpedia.org/property/febLowC	"14"^^http://www.w3.org/2001/XMLSchema#integer
http://dbpedia.org/property/julPrecipitationMm	"64"^^http://www.w3.org/2001/XMLSchema#integer
http://dbpedia.org/property/birthPlace	http://dbpedia.org/resource/Hika_Elliot
http://dbpedia.org/property/octPrecipitationMm	"46"^^http://www.w3.org/2001/XMLSchema#integer
http://dbpedia.org/property/decRecordLowC	"3.2000000000000001776"^^http://www.w3.org/2001/XMLSchema#decimal
http://dbpedia.org/ontology/areaTotal	"5229000000.0"^^http://www.w3.org/2001/XMLSchema#decimal
http://dbpedia.org/property/decHighC	"24.100000000000001421"^^http://www.w3.org/2001/XMLSchema#decimal
http://dbpedia.org/property/sepHighC	"17.5"^^http://www.w3.org/2001/XMLSchema#decimal
http://www.w3.org/ns/prov#wasDerivedFrom	http://en.wikipedia.org/wiki/Hastings,_New_Zealand?oldid=741668810
http://dbpedia.org/property/mayPrecipitationMm	"81"^^http://www.w3.org/2001/XMLSchema#integer
http://dbpedia.org/property/octHighC	"20"^^http://www.w3.org/2001/XMLSchema#integer
http://dbpedia.org/property/novRecordLowC	"1.6999999999999999556"^^http://www.w3.org/2001/XMLSchema#decimal
http://dbpedia.org/property/destinations	http://dbpedia.org/resource/New_Zealand_State_Highway_2
http://dbpedia.org/ontology/city	http://dbpedia.org/resource/Hawke's_Bay_Expressway
http://dbpedia.org/property/octRecordLowC	"-2"^^http://www.w3.org/2001/XMLSchema#integer
http://dbpedia.org/property/latd	"39"^^http://www.w3.org/2001/XMLSchema#integer
http://dbpedia.org/property/augRecordLowC	"-3.2999999999999998224"^^http://www.w3.org/2001/XMLSchema#decimal
http://dbpedia.org/property/mayLowC	"6.7000000000000001776"^^http://www.w3.org/2001/XMLSchema#decimal
http://dbpedia.org/property/yearPrecipitationMm	"724"^^http://www.w3.org/2001/XMLSchema#integer
http://dbpedia.org/property/southeast	"Ocean Beach and Waimarama"^^http://www.w3.org/1999/02/22-rdf-syntax-ns#langString
http://www.w3.org/1999/02/22-rdf-syntax-ns#type	http://www.w3.org/2002/07/owl#Thing
http://dbpedia.org/property/venue	http://dbpedia.org/resource/World_Series_Cricket_tour_of_New_Zealand
http://dbpedia.org/property/deathPlace	http://dbpedia.org/resource/John_Pattison_(RNZAF_officer)
http://dbpedia.org/property/febHighC	"25.399999999999998579"^^http://www.w3.org/2001/XMLSchema#decimal
http://dbpedia.org/property/sepRecordHighC	"26.399999999999998579"^^http://www.w3.org/2001/XMLSchema#decimal
http://dbpedia.org/property/imageCaption	"From top clockwise: Hastings CBD at night, Hawke's Bay Opera House, Tukituki Valley from Te Mata Peak, Sky Castle at Splash Planet, Saint Matthews Church."^^http://www.w3.org/1999/02/22-rdf-syntax-ns#langString
http://dbpedia.org/property/pushpinLabelPosition	"right"^^http://www.w3.org/1999/02/22-rdf-syntax-ns#langString
http://dbpedia.org/ontology/hometown	http://dbpedia.org/resource/Phil_Judd
http://xmlns.com/foaf/0.1/isPrimaryTopicOf	http://en.wikipedia.org/wiki/Hastings,_New_Zealand
http://dbpedia.org/property/postalCodeType	"Postcode"^^http://www.w3.org/1999/02/22-rdf-syntax-ns#langString
http://dbpedia.org/ontology/headquarter	http://dbpedia.org/resource/Hawke's_Bay_Today
http://dbpedia.org/property/populationTotal	"|R"^^http://www.w3.org/1999/02/22-rdf-syntax-ns#langString
http://dbpedia.org/property/janLowC	"13.699999999999999289"^^http://www.w3.org/2001/XMLSchema#decimal
http://dbpedia.org/property/stadium	http://dbpedia.org/resource/Ranfurly_Shield_1920–29
http://www.w3.org/2000/01/rdf-schema#comment	"Hastings is een stad in de regio Hawke's Bay in Nieuw-Zeeland. Het is tevens de hoofdstad van de regio. Minder dan 20 kilometer ten noorden van Hastings ligt Napier, daarom worden deze steden samen ook wel \"The Twin Cities\" of \"The Bay Cities\" genoemd. Gezamenlijk hebben de twee steden ongeveer 120.000 inwoners."@nl
http://dbpedia.org/ontology/type	http://dbpedia.org/resource/Urban_areas_of_New_Zealand
http://dbpedia.org/property/mayHighC	"17.100000000000001421"^^http://www.w3.org/2001/XMLSchema#decimal
http://xmlns.com/foaf/0.1/primaryTopic	http://en.wikipedia.org/wiki/Hastings,_New_Zealand
http://dbpedia.org/ontology/leaderTitle	"Deputy Mayor"@en
http://dbpedia.org/property/aprHighC	"20.699999999999999289"^^http://www.w3.org/2001/XMLSchema#decimal
http://dbpedia.org/ontology/wikiPageRedirects	http://dbpedia.org/resource/Paki_Paki,_Hastings
http://dbpedia.org/property/yearRecordLowC	"-5"^^http://www.w3.org/2001/XMLSchema#integer
http://dbpedia.org/property/augPrecipitationMm	"86"^^http://www.w3.org/2001/XMLSchema#integer
http://www.w3.org/2003/01/geo/wgs84_pos#lat	"-39.65000152587890625"^^http://www.w3.org/2001/XMLSchema#float
http://www.georss.org/georss/point	"-39.65 176.83333333333334"
http://dbpedia.org/ontology/wikiPageID	"172052"^^http://www.w3.org/2001/XMLSchema#integer
http://dbpedia.org/property/janPrecipitationMm	"66"^^http://www.w3.org/2001/XMLSchema#integer
http://dbpedia.org/ontology/location	http://dbpedia.org/resource/Hastings_Aerodrome
http://dbpedia.org/ontology/birthPlace	http://dbpedia.org/resource/Chris_Nilsson
http://dbpedia.org/ontology/PopulatedPlace/areaTotal	"5229.0"^^http://dbpedia.org/datatype/squareKilometre
http://dbpedia.org/property/leaderName	"Lawrence Yule"^^http://www.w3.org/1999/02/22-rdf-syntax-ns#langString
http://dbpedia.org/property/centre	"Hastings"^^http://www.w3.org/1999/02/22-rdf-syntax-ns#langString
http://dbpedia.org/property/metricFirst	"yes"^^http://www.w3.org/1999/02/22-rdf-syntax-ns#langString
http://dbpedia.org/property/pushpinMap	"New Zealand transparent"^^http://www.w3.org/1999/02/22-rdf-syntax-ns#langString
http://dbpedia.org/property/marRecordHighC	"33.399999999999998579"^^http://www.w3.org/2001/XMLSchema#decimal
http://xmlns.com/foaf/0.1/depiction	http://commons.wikimedia.org/wiki/Special:FilePath/Hastings_Infobox_Pic_Montage.jpg
http://purl.org/linguistics/gold/hypernym	http://dbpedia.org/resource/City
http://dbpedia.org/property/sepLowC	"6.0999999999999996447"^^http://www.w3.org/2001/XMLSchema#decimal
http://dbpedia.org/property/pushpinMapCaption	"Hastings"^^http://www.w3.org/1999/02/22-rdf-syntax-ns#langString
http://www.w3.org/2003/01/geo/wgs84_pos#geometry	"POINT(176.83332824707 -39.650001525879)"^^http://www.openlinksw.com/schemas/virtrdf#Geometry
http://dbpedia.org/property/title	"Neighbouring cities, towns and places."^^http://www.w3.org/1999/02/22-rdf-syntax-ns#langString
