#---Properties and values from: http://dbpedia.org/resource/Haulerwijk
Property	Value
http://xmlns.com/foaf/0.1/name	"Haulerwijk"@en
http://dbpedia.org/ontology/wikiPageExternalLink	http://www.haulerwijk.com/
http://dbpedia.org/ontology/wikiPageRevisionID	"649903230"^^http://www.w3.org/2001/XMLSchema#integer
http://www.w3.org/2003/01/geo/wgs84_pos#long	"6.3313889503479003906"^^http://www.w3.org/2001/XMLSchema#float
http://dbpedia.org/property/imageMap	"Map NL Eaststellingwerf Haulerwyk.png"^^http://www.w3.org/1999/02/22-rdf-syntax-ns#langString
http://xmlns.com/foaf/0.1/isPrimaryTopicOf	http://en.wikipedia.org/wiki/Haulerwijk
http://dbpedia.org/property/subdivisionType	"Province"^^http://www.w3.org/1999/02/22-rdf-syntax-ns#langString
http://dbpedia.org/ontology/country	http://dbpedia.org/resource/Netherlands
http://dbpedia.org/property/populationTotal	"c. 3309"^^http://www.w3.org/1999/02/22-rdf-syntax-ns#langString
http://dbpedia.org/property/populationAsOf	"2006"^^http://www.w3.org/2001/XMLSchema#integer
http://purl.org/dc/terms/subject	http://dbpedia.org/resource/Category:Populated_places_in_Friesland
http://dbpedia.org/ontology/isPartOf	http://dbpedia.org/resource/Friesland
http://www.w3.org/2000/01/rdf-schema#comment	"Haulerwijk (West Frisian: Haulerwyk ) is a village in the municipality of Ooststellingwerf in the east of Friesland, the Netherlands. It has a population of around 3300."@en
http://dbpedia.org/ontology/type	http://dbpedia.org/resource/Village
http://xmlns.com/foaf/0.1/primaryTopic	http://en.wikipedia.org/wiki/Haulerwijk
http://www.w3.org/2002/07/owl#sameAs	http://yago-knowledge.org/resource/Haulerwijk
http://www.w3.org/2003/01/geo/wgs84_pos#lat	"53.065277099609375"^^http://www.w3.org/2001/XMLSchema#float
http://www.georss.org/georss/point	"53.06527777777778 6.331388888888889"
http://dbpedia.org/ontology/thumbnail	http://commons.wikimedia.org/wiki/Special:FilePath/Map_NL_Eaststellingwerf_Haulerwyk.png?width=300
http://dbpedia.org/ontology/wikiPageID	"19715701"^^http://www.w3.org/2001/XMLSchema#integer
http://dbpedia.org/ontology/birthPlace	http://dbpedia.org/resource/Wiebo_Ludwig
http://www.w3.org/ns/prov#wasDerivedFrom	http://en.wikipedia.org/wiki/Haulerwijk?oldid=649903230
http://xmlns.com/foaf/0.1/depiction	http://commons.wikimedia.org/wiki/Special:FilePath/Map_NL_Eaststellingwerf_Haulerwyk.png
http://purl.org/linguistics/gold/hypernym	http://dbpedia.org/resource/Village
http://dbpedia.org/ontology/abstract	"Haulerwijk est un village situé dans la commune néerlandaise d'Ooststellingwerf, dans la province de la Frise. Le 1er janvier 2008, le village comptait 3 279 habitants. 
* Portail des Pays-Bas Portail des Pays-Bas"@fr
http://www.w3.org/2003/01/geo/wgs84_pos#geometry	"POINT(6.3313889503479 53.065277099609)"^^http://www.openlinksw.com/schemas/virtrdf#Geometry
http://www.w3.org/2000/01/rdf-schema#label	"Haulerwijk"@fr
http://dbpedia.org/property/mapsize	"280"^^http://www.w3.org/2001/XMLSchema#integer
http://www.w3.org/1999/02/22-rdf-syntax-ns#type	http://dbpedia.org/class/yago/YagoLegalActorGeo
