#---Properties and values from: http://dbpedia.org/resource/Barreiro_e_Lavradio
Property	Value
http://dbpedia.org/property/officialName	"Barreiro e Lavradio"^^http://www.w3.org/1999/02/22-rdf-syntax-ns#langString
http://dbpedia.org/ontology/wikiPageRevisionID	"701642402"^^http://www.w3.org/2001/XMLSchema#integer
http://xmlns.com/foaf/0.1/isPrimaryTopicOf	http://en.wikipedia.org/wiki/Barreiro_e_Lavradio
http://dbpedia.org/property/municipality	http://dbpedia.org/resource/Barreiro,_Portugal
http://dbpedia.org/ontology/country	http://dbpedia.org/resource/Portugal
http://dbpedia.org/property/populationTotal	"21877"^^http://www.w3.org/2001/XMLSchema#integer
http://dbpedia.org/property/populationAsOf	"2011"^^http://www.w3.org/2001/XMLSchema#integer
http://dbpedia.org/property/metro	http://dbpedia.org/resource/Lisbon_Metropolitan_Area
http://purl.org/dc/terms/subject	http://dbpedia.org/resource/Category:Parishes_of_Barreiro,_Portugal
http://www.w3.org/2000/01/rdf-schema#comment	"Barreiro e Lavradio is a civil parish in the municipality of Barreiro, Portugal. It was formed in 2013 by the merger of the former parishes Barreiro and Lavradio. The population in 2011 was 21,877, in an area of 7.74 km²."@en
http://dbpedia.org/property/longd	"-9.0690000000000008384"^^http://www.w3.org/2001/XMLSchema#decimal
http://xmlns.com/foaf/0.1/primaryTopic	http://en.wikipedia.org/wiki/Barreiro_e_Lavradio
http://www.w3.org/2002/07/owl#sameAs	http://dbpedia.org/resource/Barreiro_e_Lavradio
http://dbpedia.org/ontology/wikiPageRedirects	http://dbpedia.org/resource/Lavradio
http://dbpedia.org/property/areaTotal	"7.7400000000000002132"^^http://www.w3.org/2001/XMLSchema#decimal
http://dbpedia.org/ontology/wikiPageID	"29327536"^^http://www.w3.org/2001/XMLSchema#integer
http://www.w3.org/ns/prov#wasDerivedFrom	http://en.wikipedia.org/wiki/Barreiro_e_Lavradio?oldid=701642402
http://dbpedia.org/property/district	http://dbpedia.org/resource/Setúbal_District
http://purl.org/linguistics/gold/hypernym	http://dbpedia.org/resource/Parish
http://dbpedia.org/property/latd	"38.664999999999999147"^^http://www.w3.org/2001/XMLSchema#decimal
http://dbpedia.org/property/subregion	http://dbpedia.org/resource/Península_de_Setúbal
http://dbpedia.org/ontology/abstract	"Lavradio es una freguesia portuguesa del concelho de Barreiro, con 2,17 km² de superficie y 13051 habitantes (2001). Su densidad de población es de 5.014,3 hab/km²."@es
http://www.w3.org/2000/01/rdf-schema#label	"Лаврадиу"@ru
http://www.w3.org/1999/02/22-rdf-syntax-ns#type	http://dbpedia.org/ontology/PopulatedPlace
http://dbpedia.org/property/region	http://dbpedia.org/resource/Lisboa_Region
