#---Properties and values from: http://dbpedia.org/resource/Almada
Property	Value
http://dbpedia.org/property/lats	"49"^^http://www.w3.org/2001/XMLSchema#integer
http://dbpedia.org/ontology/wikiPageExternalLink	http://almadaac.com.sapo.pt/
http://dbpedia.org/property/latm	"40"^^http://www.w3.org/2001/XMLSchema#integer
http://dbpedia.org/ontology/deathPlace	http://dbpedia.org/resource/Fernão_Mendes_Pinto
http://dbpedia.org/property/areaCode	"21"^^http://www.w3.org/2001/XMLSchema#integer
http://dbpedia.org/property/imageSkyline	"Almada Cristo Rei.jpg"^^http://www.w3.org/1999/02/22-rdf-syntax-ns#langString
http://dbpedia.org/property/metro	http://dbpedia.org/resource/Lisbon_Metropolitan_Area
http://purl.org/dc/terms/subject	http://dbpedia.org/resource/Category:Municipalities_of_Setúbal_District
http://dbpedia.org/property/parishes	"[[#Geography"^^http://www.w3.org/1999/02/22-rdf-syntax-ns#langString
http://dbpedia.org/ontology/wikiPageDisambiguates	http://dbpedia.org/resource/Almada_(disambiguation)
http://dbpedia.org/property/imageLocation	"LocalAlmada.svg"^^http://www.w3.org/1999/02/22-rdf-syntax-ns#langString
http://dbpedia.org/property/leaderParty	http://dbpedia.org/resource/Unitarian_Democratic_Coalition
http://www.w3.org/ns/prov#wasDerivedFrom	http://en.wikipedia.org/wiki/Almada?oldid=743561544
http://dbpedia.org/ontology/municipality	http://dbpedia.org/resource/Castle_of_Almada
http://dbpedia.org/property/district	http://dbpedia.org/resource/Setúbal_District
http://dbpedia.org/ontology/city	http://dbpedia.org/resource/Instituto_Superior_de_Ciências_da_Saúde_Egas_Moniz
http://dbpedia.org/property/latd	"38"^^http://www.w3.org/2001/XMLSchema#integer
http://dbpedia.org/property/subregion	http://dbpedia.org/resource/Península_de_Setúbal
http://dbpedia.org/ontology/foundationPlace	http://dbpedia.org/resource/Fertagus
http://www.w3.org/2000/01/rdf-schema#seeAlso	http://dbpedia.org/resource/Sister_cities
http://xmlns.com/foaf/0.1/homepage	http://www.m-almada.pt
http://www.w3.org/1999/02/22-rdf-syntax-ns#type	http://dbpedia.org/class/yago/YagoGeoEntity
http://dbpedia.org/property/region	http://dbpedia.org/resource/Lisboa_Region
http://dbpedia.org/property/officialName	"Almada"^^http://www.w3.org/1999/02/22-rdf-syntax-ns#langString
http://dbpedia.org/ontology/wikiPageRevisionID	"743561544"^^http://www.w3.org/2001/XMLSchema#integer
http://dbpedia.org/property/deathPlace	http://dbpedia.org/resource/Francisco_Foreiro
http://dbpedia.org/property/wordnet_type	http://www.w3.org/2006/03/wn/wn20/instances/synset-township-noun-1
http://dbpedia.org/property/elevationMin	"0"^^http://www.w3.org/2001/XMLSchema#integer
http://dbpedia.org/property/website	http://www.m-almada.pt
http://dbpedia.org/property/imageCaption	"Aerial view of Almada with the famous Sanctuary of Christ the King"^^http://www.w3.org/1999/02/22-rdf-syntax-ns#langString
http://xmlns.com/foaf/0.1/isPrimaryTopicOf	http://en.wikipedia.org/wiki/Almada
http://dbpedia.org/ontology/hometown	http://dbpedia.org/resource/Da_Weasel
http://dbpedia.org/property/municipality	http://dbpedia.org/resource/Laranjeiro_e_Feijó
http://dbpedia.org/property/longm	"9"^^http://www.w3.org/2001/XMLSchema#integer
http://dbpedia.org/ontology/country	http://dbpedia.org/resource/Lisbon_Metropolitan_Area
http://dbpedia.org/property/populationTotal	"174030"^^http://www.w3.org/2001/XMLSchema#integer
http://dbpedia.org/property/longs	"30"^^http://www.w3.org/2001/XMLSchema#integer
http://dbpedia.org/property/populationAsOf	"2011"^^http://www.w3.org/2001/XMLSchema#integer
http://dbpedia.org/property/elevation	"33"^^http://www.w3.org/2001/XMLSchema#integer
http://www.w3.org/2000/01/rdf-schema#comment	"Almada es una ciudad portuguesa que pertenece al distrito de Setúbal, a la región de Lisboa y la Sub-Región de la Península de Setúbal, con aproximadamente 101.500 habitantes [en la ciudad de Almada]. Es sede de un municipio densamente poblado con 69,98 km cuadrados y 174.030 habitantes (datos del censo de 2011), convirtiéndose en la sexta ciudad portuguesa en términos de población. Está subdividido en 11 freguesias (en español: parroquias). Limita al este con el municipio de Seixal, al sur con Sesimbra, al oeste con el océano Atlántico en una amplia costa, y a norte y nordeste se abre hacia el estuario del Tajo, frente a los municipios de Lisboa y Oeiras. Este municipio recibió foro del rey Sancho I en 1190."@es
http://dbpedia.org/property/imageShield	"ALM1.png"^^http://www.w3.org/1999/02/22-rdf-syntax-ns#langString
http://dbpedia.org/property/longd	"9"^^http://www.w3.org/2001/XMLSchema#integer
http://xmlns.com/foaf/0.1/primaryTopic	http://en.wikipedia.org/wiki/Almada
http://dbpedia.org/ontology/residence	http://dbpedia.org/resource/Telma_Monteiro
http://dbpedia.org/ontology/wikiPageRedirects	http://dbpedia.org/resource/History_of_Almada_Municipality
http://www.w3.org/2002/07/owl#sameAs	http://it.dbpedia.org/resource/Almada
http://dbpedia.org/ontology/thumbnail	http://commons.wikimedia.org/wiki/Special:FilePath/Pt-alm3.png?width=300
http://dbpedia.org/ontology/wikiPageID	"997238"^^http://www.w3.org/2001/XMLSchema#integer
http://dbpedia.org/property/areaTotal	"70.209999999999993747"^^http://www.w3.org/2001/XMLSchema#decimal
http://dbpedia.org/ontology/location	http://dbpedia.org/resource/Lighthouse_of_Chibata
http://dbpedia.org/ontology/birthPlace	http://dbpedia.org/resource/Silvestre_Varela
http://dbpedia.org/property/leaderName	"Joaquim Estêvão Miguel Judas"^^http://www.w3.org/1999/02/22-rdf-syntax-ns#langString
http://xmlns.com/foaf/0.1/depiction	http://commons.wikimedia.org/wiki/Special:FilePath/Pt-alm3.png
http://dbpedia.org/property/patron	http://dbpedia.org/resource/John_the_Baptist
http://purl.org/linguistics/gold/hypernym	http://dbpedia.org/resource/City
http://dbpedia.org/property/postalCode	"2805"^^http://www.w3.org/2001/XMLSchema#integer
http://dbpedia.org/ontology/abstract	"Almada es una ciudad portuguesa que pertenece al distrito de Setúbal, a la región de Lisboa y la Sub-Región de la Península de Setúbal, con aproximadamente 101.500 habitantes [en la ciudad de Almada]. Es sede de un municipio densamente poblado con 69,98 km cuadrados y 174.030 habitantes (datos del censo de 2011), convirtiéndose en la sexta ciudad portuguesa en términos de población. Está subdividido en 11 freguesias (en español: parroquias). Limita al este con el municipio de Seixal, al sur con Sesimbra, al oeste con el océano Atlántico en una amplia costa, y a norte y nordeste se abre hacia el estuario del Tajo, frente a los municipios de Lisboa y Oeiras. Este municipio recibió foro del rey Sancho I en 1190."@es
http://dbpedia.org/property/imageFlag	"Pt-alm3.png"^^http://www.w3.org/1999/02/22-rdf-syntax-ns#langString
http://www.w3.org/2000/01/rdf-schema#label	"Almada"@pt
http://dbpedia.org/ontology/ground	http://dbpedia.org/resource/U.F.C._Os_Pastilhas
http://dbpedia.org/property/home	http://dbpedia.org/resource/2016–17_Georgia_Tech_Yellow_Jackets_women's_basketball_team
