#---Properties and values from: http://dbpedia.org/resource/Unionville,_Montana
Property	Value
http://dbpedia.org/property/longew	"W"^^http://www.w3.org/1999/02/22-rdf-syntax-ns#langString
http://xmlns.com/foaf/0.1/name	"Unionville, Montana"@en
http://dbpedia.org/property/lats	"29"^^http://www.w3.org/2001/XMLSchema#integer
http://dbpedia.org/ontology/wikiPageRevisionID	"733561542"^^http://www.w3.org/2001/XMLSchema#integer
http://dbpedia.org/property/timezoneDst	"MDT"^^http://www.w3.org/1999/02/22-rdf-syntax-ns#langString
http://dbpedia.org/property/latm	"32"^^http://www.w3.org/2001/XMLSchema#integer
http://dbpedia.org/property/latns	"N"^^http://www.w3.org/1999/02/22-rdf-syntax-ns#langString
http://www.w3.org/2003/01/geo/wgs84_pos#long	"-112.08499908447265625"^^http://www.w3.org/2001/XMLSchema#float
http://dbpedia.org/property/coordinatesRegion	"US-MT"^^http://www.w3.org/1999/02/22-rdf-syntax-ns#langString
http://xmlns.com/foaf/0.1/isPrimaryTopicOf	http://en.wikipedia.org/wiki/Unionville,_Montana
http://dbpedia.org/property/subdivisionType	http://dbpedia.org/resource/Political_divisions_of_the_United_States
http://dbpedia.org/property/longm	"5"^^http://www.w3.org/2001/XMLSchema#integer
http://dbpedia.org/ontology/country	http://dbpedia.org/resource/United_States
http://dbpedia.org/property/populationTotal	"N/A"^^http://www.w3.org/1999/02/22-rdf-syntax-ns#langString
http://dbpedia.org/property/longs	"6"^^http://www.w3.org/2001/XMLSchema#integer
http://purl.org/dc/terms/subject	http://dbpedia.org/resource/Category:Unincorporated_communities_in_Montana
http://dbpedia.org/ontology/isPartOf	http://dbpedia.org/resource/Montana
http://www.w3.org/2000/01/rdf-schema#comment	"Unionville is an unincorporated community in Lewis and Clark County, Montana, United States four miles south of Helena, Montana and about 2 miles West of Jefferson City and accessible from Oro Fino Gulch Drive. Unionville is part of the Helena micropolitan area. Located four miles south of Helena, Unionville was the camp for the Whitlatch-Union Mine, which operated from 1864–1872, and again from 1905-1942. It yielded over 17,000 ounces of gold, over 8,000 ounces of silver, 9 tons of copper, 9 tons of zinc and 40 tons of lead."@en
http://dbpedia.org/ontology/type	http://dbpedia.org/resource/Unincorporated_area
http://dbpedia.org/property/longd	"112"^^http://www.w3.org/2001/XMLSchema#integer
http://xmlns.com/foaf/0.1/primaryTopic	http://en.wikipedia.org/wiki/Unionville,_Montana
http://www.w3.org/2002/07/owl#sameAs	http://yago-knowledge.org/resource/Unionville,_Montana
http://www.w3.org/2003/01/geo/wgs84_pos#lat	"46.54138946533203125"^^http://www.w3.org/2001/XMLSchema#float
http://www.georss.org/georss/point	"46.54138888888889 -112.085"
http://dbpedia.org/ontology/elevation	"1499.6159999999999854"^^http://www.w3.org/2001/XMLSchema#decimal
http://dbpedia.org/property/blankName	"GNIS feature ID"^^http://www.w3.org/1999/02/22-rdf-syntax-ns#langString
http://dbpedia.org/ontology/wikiPageID	"41619014"^^http://www.w3.org/2001/XMLSchema#integer
http://dbpedia.org/ontology/utcOffset	"-7"
http://www.w3.org/ns/prov#wasDerivedFrom	http://en.wikipedia.org/wiki/Unionville,_Montana?oldid=733561542
http://dbpedia.org/ontology/timeZone	http://dbpedia.org/resource/Mountain_Time_Zone
http://dbpedia.org/property/coordinatesDisplay	"%"^^http://www.w3.org/1999/02/22-rdf-syntax-ns#langString
http://dbpedia.org/ontology/areaCode	"406"
http://dbpedia.org/property/pushpinMap	"Montana#USA"^^http://www.w3.org/1999/02/22-rdf-syntax-ns#langString
http://purl.org/linguistics/gold/hypernym	http://dbpedia.org/resource/Community
http://dbpedia.org/property/latd	"46"^^http://www.w3.org/2001/XMLSchema#integer
http://dbpedia.org/property/blankInfo	"770091"^^http://www.w3.org/2001/XMLSchema#integer
http://dbpedia.org/ontology/abstract	"Unionville is an unincorporated community in Lewis and Clark County, Montana, United States four miles south of Helena, Montana and about 2 miles West of Jefferson City and accessible from Oro Fino Gulch Drive. Unionville is part of the Helena micropolitan area. Located four miles south of Helena, Unionville was the camp for the Whitlatch-Union Mine, which operated from 1864–1872, and again from 1905-1942. It yielded over 17,000 ounces of gold, over 8,000 ounces of silver, 9 tons of copper, 9 tons of zinc and 40 tons of lead. The town maintained its own identity even though it was just a stone's throw from the state capitol. Although the gold that made the town independently wealthy may be gone, reminders of Unionville’s rich history remain there today. Unionville was also the site of one of the first movies ever shot on location in Montana. The movie \"The Growler Girl\" was shot there in 1926. Despite closure of the mine the community remained relatively active up through the 1950s and today many old historic buildings remain intact and have been preserved. The town is easy to reach for visitors being situated a short distance from Helena. In spite of a number of abandoned older buildings, it is still inhabited by many longtime and newer residents."@en
http://www.w3.org/2003/01/geo/wgs84_pos#geometry	"POINT(-112.08499908447 46.541389465332)"^^http://www.openlinksw.com/schemas/virtrdf#Geometry
http://www.w3.org/2000/01/rdf-schema#label	"Unionville, Montana"@en
http://www.w3.org/1999/02/22-rdf-syntax-ns#type	http://dbpedia.org/class/yago/AdministrativeDistrict108491826
