#---Properties and values from: http://dbpedia.org/resource/São_João_de_Iracema
Property	Value
http://dbpedia.org/property/lats	"48"^^http://www.w3.org/2001/XMLSchema#integer
http://dbpedia.org/ontology/wikiPageRevisionID	"720307225"^^http://www.w3.org/2001/XMLSchema#integer
http://dbpedia.org/property/latm	"30"^^http://www.w3.org/2001/XMLSchema#integer
http://dbpedia.org/property/latns	"S"^^http://www.w3.org/1999/02/22-rdf-syntax-ns#langString
http://dbpedia.org/property/imageMap	"SaoPaulo Municip SaoJoaodeIracema.svg"^^http://www.w3.org/1999/02/22-rdf-syntax-ns#langString
http://xmlns.com/foaf/0.1/isPrimaryTopicOf	http://en.wikipedia.org/wiki/São_João_de_Iracema
http://dbpedia.org/property/longm	"21"^^http://www.w3.org/2001/XMLSchema#integer
http://dbpedia.org/property/populationTotal	"1885"^^http://www.w3.org/2001/XMLSchema#integer
http://dbpedia.org/property/longs	"8"^^http://www.w3.org/2001/XMLSchema#integer
http://dbpedia.org/property/populationAsOf	"2015"^^http://www.w3.org/2001/XMLSchema#integer
http://purl.org/dc/terms/subject	http://dbpedia.org/resource/Category:Municipalities_in_São_Paulo_(state)
http://dbpedia.org/property/state	"SP"^^http://www.w3.org/1999/02/22-rdf-syntax-ns#langString
http://dbpedia.org/ontology/wikiPageDisambiguates	http://dbpedia.org/resource/São_João
http://www.w3.org/2000/01/rdf-schema#comment	"São João de Iracema is a municipality in the state of São Paulo in Brazil. The population is 1,885 (2015 est.) in an area of 178 km². The elevation is 508 m."@en
http://dbpedia.org/property/longd	"50"^^http://www.w3.org/2001/XMLSchema#integer
http://xmlns.com/foaf/0.1/primaryTopic	http://en.wikipedia.org/wiki/São_João_de_Iracema
http://dbpedia.org/ontology/wikiPageRedirects	http://dbpedia.org/resource/Sao_Joao_de_Iracema
http://www.w3.org/2002/07/owl#sameAs	http://wikidata.dbpedia.org/resource/Q967110
http://dbpedia.org/ontology/thumbnail	http://commons.wikimedia.org/wiki/Special:FilePath/SaoPaulo_Municip_SaoJoaodeIracema.svg?width=300
http://dbpedia.org/ontology/wikiPageID	"6496997"^^http://www.w3.org/2001/XMLSchema#integer
http://dbpedia.org/property/areaTotal	"178"^^http://www.w3.org/2001/XMLSchema#integer
http://www.w3.org/ns/prov#wasDerivedFrom	http://en.wikipedia.org/wiki/São_João_de_Iracema?oldid=720307225
http://xmlns.com/foaf/0.1/depiction	http://commons.wikimedia.org/wiki/Special:FilePath/SaoPaulo_Municip_SaoJoaodeIracema.svg
http://purl.org/linguistics/gold/hypernym	http://dbpedia.org/resource/Municipality
http://dbpedia.org/property/latd	"20"^^http://www.w3.org/2001/XMLSchema#integer
http://dbpedia.org/ontology/abstract	"São João de Iracema est une municipalité brésilienne de l'État de São Paulo et la Microrégion d'Auriflama."@fr
http://www.w3.org/2000/01/rdf-schema#label	"São João de Iracema"@nl
http://www.w3.org/1999/02/22-rdf-syntax-ns#type	http://dbpedia.org/class/yago/YagoGeoEntity
