#---Properties and values from: http://dbpedia.org/resource/Zulueta_(Remedios)
Property	Value
http://dbpedia.org/property/longew	"W"^^http://www.w3.org/1999/02/22-rdf-syntax-ns#langString
http://xmlns.com/foaf/0.1/name	"Zulueta"@en
http://dbpedia.org/property/lats	"4.5099999999999997868"^^http://www.w3.org/2001/XMLSchema#decimal
http://dbpedia.org/ontology/wikiPageExternalLink	http://www.accuweather.com/en/cu/zulueta/121255/weather-forecast/121255
http://dbpedia.org/property/latm	"22"^^http://www.w3.org/2001/XMLSchema#integer
http://dbpedia.org/property/latns	"N"^^http://www.w3.org/1999/02/22-rdf-syntax-ns#langString
http://www.w3.org/2003/01/geo/wgs84_pos#long	"-79.56902313232421875"^^http://www.w3.org/2001/XMLSchema#float
http://dbpedia.org/property/subdivisionType	http://dbpedia.org/resource/Provinces_of_Cuba
http://dbpedia.org/property/pushpinMapsize	"280"^^http://www.w3.org/2001/XMLSchema#integer
http://dbpedia.org/ontology/wikiPageDisambiguates	http://dbpedia.org/resource/Zulueta
http://purl.org/dc/terms/subject	http://dbpedia.org/resource/Category:Populated_places_established_in_1869
http://dbpedia.org/ontology/isPartOf	http://dbpedia.org/resource/Remedios,_Cuba
http://dbpedia.org/ontology/elevation	"180.0"^^http://www.w3.org/2001/XMLSchema#decimal
http://www.w3.org/ns/prov#wasDerivedFrom	http://en.wikipedia.org/wiki/Zulueta_(Remedios)?oldid=680784160
http://dbpedia.org/ontology/timeZone	http://dbpedia.org/resource/Eastern_Time_Zone
http://dbpedia.org/ontology/areaCode	"+53-4239"
http://dbpedia.org/property/url	"http://maps.google.co.uk/maps?cid=9294077588700912400&q=Zulueta,+Cuba&output=classic&dg=ntvo"^^http://www.w3.org/1999/02/22-rdf-syntax-ns#langString
http://dbpedia.org/property/latd	"22"^^http://www.w3.org/2001/XMLSchema#integer
http://dbpedia.org/property/establishedTitle	"Founded"^^http://www.w3.org/1999/02/22-rdf-syntax-ns#langString
http://xmlns.com/foaf/0.1/nick	"Cuna del Fútbol"@en
http://dbpedia.org/property/mapsize	"280"^^http://www.w3.org/2001/XMLSchema#integer
http://www.w3.org/1999/02/22-rdf-syntax-ns#type	http://dbpedia.org/ontology/Settlement
http://dbpedia.org/ontology/wikiPageRevisionID	"680784160"^^http://www.w3.org/2001/XMLSchema#integer
http://dbpedia.org/property/mapCaption	"OSM map showing Zulueta and its surrounding area. Zulueta station  is highlighted with a blue dot"^^http://www.w3.org/1999/02/22-rdf-syntax-ns#langString
http://dbpedia.org/property/settlementType	"Village"^^http://www.w3.org/1999/02/22-rdf-syntax-ns#langString
http://dbpedia.org/property/coordinatesRegion	"CU"^^http://www.w3.org/1999/02/22-rdf-syntax-ns#langString
http://dbpedia.org/property/imageMap	"Zulueta .png"^^http://www.w3.org/1999/02/22-rdf-syntax-ns#langString
http://dbpedia.org/property/pushpinLabelPosition	"none"^^http://www.w3.org/1999/02/22-rdf-syntax-ns#langString
http://xmlns.com/foaf/0.1/isPrimaryTopicOf	http://en.wikipedia.org/wiki/Zulueta_(Remedios)
http://dbpedia.org/property/longm	"34"^^http://www.w3.org/2001/XMLSchema#integer
http://dbpedia.org/ontology/country	http://dbpedia.org/resource/Cuba
http://dbpedia.org/property/populationTotal	"ca. 10,000"^^http://www.w3.org/1999/02/22-rdf-syntax-ns#langString
http://dbpedia.org/property/longs	"8.4700000000000006395"^^http://www.w3.org/2001/XMLSchema#decimal
http://www.w3.org/2000/01/rdf-schema#comment	"Zulueta es un poblado del Municipio de Remedios, Provincia de Villa Clara, Cuba."@es
http://dbpedia.org/property/longd	"79"^^http://www.w3.org/2001/XMLSchema#integer
http://xmlns.com/foaf/0.1/primaryTopic	http://en.wikipedia.org/wiki/Zulueta_(Remedios)
http://www.w3.org/2002/07/owl#sameAs	http://www.wikidata.org/entity/Q6171901
http://dbpedia.org/ontology/wikiPageRedirects	http://dbpedia.org/resource/Zulueta,_Cuba
http://www.w3.org/2003/01/geo/wgs84_pos#lat	"22.367919921875"^^http://www.w3.org/2001/XMLSchema#float
http://www.georss.org/georss/point	"22.3415 -79.5787"
http://dbpedia.org/ontology/thumbnail	http://commons.wikimedia.org/wiki/Special:FilePath/Zulueta_(Cuba,_OpenStreetMap).png?width=300
http://dbpedia.org/ontology/wikiPageID	"46397100"^^http://www.w3.org/2001/XMLSchema#integer
http://dbpedia.org/ontology/utcOffset	"-5"
http://dbpedia.org/ontology/birthPlace	http://dbpedia.org/resource/Rolando_Reyes,_Sr.
http://dbpedia.org/property/coordinatesDisplay	"inline,title"^^http://www.w3.org/1999/02/22-rdf-syntax-ns#langString
http://dbpedia.org/property/pushpinMap	"Cuba"^^http://www.w3.org/1999/02/22-rdf-syntax-ns#langString
http://xmlns.com/foaf/0.1/depiction	http://commons.wikimedia.org/wiki/Special:FilePath/Zulueta_(Cuba,_OpenStreetMap).png
http://purl.org/linguistics/gold/hypernym	http://dbpedia.org/resource/Village
http://dbpedia.org/property/establishedDate	"1869"^^http://www.w3.org/2001/XMLSchema#integer
http://dbpedia.org/ontology/abstract	"Zulueta is a Cuban village and consejo popular (\"people's council\", i.e. hamlet) of the municipality of Remedios, in Villa Clara Province. It is considered the Cuban birthplace of football and, with a population of ca. 10,000 is the most populated village in the municipality after Remedios."@en
http://dbpedia.org/property/pushpinMapCaption	"Location of Zulueta in Cuba"^^http://www.w3.org/1999/02/22-rdf-syntax-ns#langString
http://www.w3.org/2003/01/geo/wgs84_pos#geometry	"POINT(-79.57869720459 22.367919921875)"^^http://www.openlinksw.com/schemas/virtrdf#Geometry
http://dbpedia.org/property/title	"Zulueta"^^http://www.w3.org/1999/02/22-rdf-syntax-ns#langString
http://www.w3.org/2000/01/rdf-schema#label	"Zulueta (Remedios)"@es
