#---Properties and values from: http://dbpedia.org/resource/Nebo,_Limpopo
Property	Value
http://xmlns.com/foaf/0.1/name	"Nebo"@en
http://dbpedia.org/property/demographics2Info	"93.4"^^http://dbpedia.org/datatype/perCent
http://dbpedia.org/ontology/wikiPageExternalLink	http://census.adrianfrith.com/place/98304
http://dbpedia.org/ontology/wikiPageRevisionID	"739110292"^^http://www.w3.org/2001/XMLSchema#integer
http://dbpedia.org/property/areaFootnotes	"ref | |name=census2001"^^http://www.w3.org/1999/02/22-rdf-syntax-ns#langString
http://www.w3.org/2003/01/geo/wgs84_pos#long	"29.379999160766601562"^^http://www.w3.org/2001/XMLSchema#float
http://dbpedia.org/property/demographics2Title	http://dbpedia.org/resource/Southern_Ndebele_language
http://xmlns.com/foaf/0.1/isPrimaryTopicOf	http://en.wikipedia.org/wiki/Nebo,_Limpopo
http://dbpedia.org/property/municipality	"Makhuduthamaga"^^http://www.w3.org/1999/02/22-rdf-syntax-ns#langString
http://dbpedia.org/ontology/country	http://dbpedia.org/resource/South_Africa
http://dbpedia.org/property/populationTotal	"1185"^^http://www.w3.org/2001/XMLSchema#integer
http://dbpedia.org/property/populationAsOf	"2001"^^http://www.w3.org/2001/XMLSchema#integer
http://dbpedia.org/ontology/wikiPageDisambiguates	http://dbpedia.org/resource/Nebo
http://purl.org/dc/terms/subject	http://dbpedia.org/resource/Category:Populated_places_in_the_Ephraim_Mogale_Local_Municipality
http://www.w3.org/2000/01/rdf-schema#comment	"Nebo is a town in Sekhukhune District Municipality in the Limpopo province of South Africa."@en
http://dbpedia.org/property/leaderTitle	"Councillor"^^http://www.w3.org/1999/02/22-rdf-syntax-ns#langString
http://dbpedia.org/property/longd	"29.379999999999999005"^^http://www.w3.org/2001/XMLSchema#decimal
http://xmlns.com/foaf/0.1/primaryTopic	http://en.wikipedia.org/wiki/Nebo,_Limpopo
http://www.w3.org/2002/07/owl#sameAs	http://yago-knowledge.org/resource/Nebo,_Limpopo
http://www.w3.org/2003/01/geo/wgs84_pos#lat	"24.687999725341796875"^^http://www.w3.org/2001/XMLSchema#float
http://www.georss.org/georss/point	"24.688 29.38"
http://dbpedia.org/ontology/wikiPageID	"36208274"^^http://www.w3.org/2001/XMLSchema#integer
http://www.w3.org/ns/prov#wasDerivedFrom	http://en.wikipedia.org/wiki/Nebo,_Limpopo?oldid=739110292
http://dbpedia.org/property/percentBlack	"99.7"^^http://dbpedia.org/datatype/perCent
http://dbpedia.org/property/areaTotalKm	"0.25"^^http://www.w3.org/2001/XMLSchema#decimal
http://dbpedia.org/property/district	"Sekhukhune"^^http://www.w3.org/1999/02/22-rdf-syntax-ns#langString
http://purl.org/linguistics/gold/hypernym	http://dbpedia.org/resource/Town
http://dbpedia.org/property/latd	"24.687999999999998835"^^http://www.w3.org/2001/XMLSchema#decimal
http://dbpedia.org/property/percentColoured	"0.3"^^http://dbpedia.org/datatype/perCent
http://dbpedia.org/ontology/abstract	"Nebo is a town in Sekhukhune District Municipality in the Limpopo province of South Africa."@en
http://www.w3.org/2003/01/geo/wgs84_pos#geometry	"POINT(29.379999160767 24.687999725342)"^^http://www.openlinksw.com/schemas/virtrdf#Geometry
http://www.w3.org/2000/01/rdf-schema#label	"Nebo, Limpopo"@en
http://dbpedia.org/property/province	"Limpopo"^^http://www.w3.org/1999/02/22-rdf-syntax-ns#langString
http://www.w3.org/1999/02/22-rdf-syntax-ns#type	http://dbpedia.org/class/yago/YagoLegalActorGeo
