#---Properties and values from: http://dbpedia.org/resource/Nyírcsászári
Property	Value
http://dbpedia.org/property/lats	"52"^^http://www.w3.org/2001/XMLSchema#integer
http://dbpedia.org/property/populationDensityKm	"auto"^^http://www.w3.org/1999/02/22-rdf-syntax-ns#langString
http://dbpedia.org/ontology/wikiPageRevisionID	"615708126"^^http://www.w3.org/2001/XMLSchema#integer
http://dbpedia.org/property/latm	"51"^^http://www.w3.org/2001/XMLSchema#integer
http://dbpedia.org/property/areaCode	"74"^^http://www.w3.org/2001/XMLSchema#integer
http://dbpedia.org/property/county	"Szabolcs-Szatmár-Bereg"^^http://www.w3.org/1999/02/22-rdf-syntax-ns#langString
http://xmlns.com/foaf/0.1/isPrimaryTopicOf	http://en.wikipedia.org/wiki/Nyírcsászári
http://dbpedia.org/property/postalCodeType	http://dbpedia.org/resource/Postal_code
http://dbpedia.org/property/longm	"10"^^http://www.w3.org/2001/XMLSchema#integer
http://dbpedia.org/property/populationTotal	"1180"^^http://www.w3.org/2001/XMLSchema#integer
http://dbpedia.org/property/longs	"29"^^http://www.w3.org/2001/XMLSchema#integer
http://dbpedia.org/property/populationAsOf	"2011"^^http://www.w3.org/2001/XMLSchema#integer
http://purl.org/dc/terms/subject	http://dbpedia.org/resource/Category:Populated_places_in_Szabolcs-Szatmár-Bereg_County
http://www.w3.org/2000/01/rdf-schema#comment	"Nyírcsászári est un village et une commune du comitat de Szabolcs-Szatmár-Bereg en Hongrie."@fr
http://dbpedia.org/property/longd	"22"^^http://www.w3.org/2001/XMLSchema#integer
http://xmlns.com/foaf/0.1/primaryTopic	http://en.wikipedia.org/wiki/Nyírcsászári
http://www.w3.org/2002/07/owl#sameAs	http://fr.dbpedia.org/resource/Nyírcsászári
http://dbpedia.org/ontology/wikiPageRedirects	http://dbpedia.org/resource/Nyircsaszari
http://dbpedia.org/ontology/wikiPageID	"43222656"^^http://www.w3.org/2001/XMLSchema#integer
http://dbpedia.org/ontology/birthPlace	http://dbpedia.org/resource/Ernest_Borek
http://www.w3.org/ns/prov#wasDerivedFrom	http://en.wikipedia.org/wiki/Nyírcsászári?oldid=615708126
http://dbpedia.org/property/coordinatesDisplay	"inline,title"^^http://www.w3.org/1999/02/22-rdf-syntax-ns#langString
http://dbpedia.org/property/name	"Nyírcsászári"^^http://www.w3.org/1999/02/22-rdf-syntax-ns#langString
http://dbpedia.org/property/areaTotalKm	"13.199999999999999289"^^http://www.w3.org/2001/XMLSchema#decimal
http://purl.org/linguistics/gold/hypernym	http://dbpedia.org/resource/Village
http://dbpedia.org/property/latd	"47"^^http://www.w3.org/2001/XMLSchema#integer
http://dbpedia.org/property/postalCode	"4331"^^http://www.w3.org/2001/XMLSchema#integer
http://dbpedia.org/ontology/abstract	"Nyírcsászári is a village in Szabolcs-Szatmár-Bereg County, Hungary."@en
http://www.w3.org/2000/01/rdf-schema#label	"Nyírcsászári"@nl
http://www.w3.org/1999/02/22-rdf-syntax-ns#type	http://dbpedia.org/ontology/Village
