#---Properties and values from: http://dbpedia.org/resource/Abadia_de_Goiás
Property	Value
http://dbpedia.org/property/lats	"52"^^http://www.w3.org/2001/XMLSchema#integer
http://dbpedia.org/ontology/wikiPageExternalLink	http://www.frigoletto.com.br/GeoEcon/idhgo.htm
http://dbpedia.org/ontology/wikiPageRevisionID	"721575738"^^http://www.w3.org/2001/XMLSchema#integer
http://dbpedia.org/property/latm	"45"^^http://www.w3.org/2001/XMLSchema#integer
http://dbpedia.org/property/latns	"S"^^http://www.w3.org/1999/02/22-rdf-syntax-ns#langString
http://dbpedia.org/property/imageMap	"Goias Municip AbadiadeGoias.svg"^^http://www.w3.org/1999/02/22-rdf-syntax-ns#langString
http://xmlns.com/foaf/0.1/isPrimaryTopicOf	http://en.wikipedia.org/wiki/Abadia_de_Goiás
http://dbpedia.org/property/microregion	http://dbpedia.org/resource/Goiânia_Microregion
http://dbpedia.org/property/longm	"26"^^http://www.w3.org/2001/XMLSchema#integer
http://dbpedia.org/property/populationTotal	"5868"^^http://www.w3.org/2001/XMLSchema#integer
http://dbpedia.org/property/populationAsOf	"2007"^^http://www.w3.org/2001/XMLSchema#integer
http://dbpedia.org/property/longs	"13"^^http://www.w3.org/2001/XMLSchema#integer
http://purl.org/dc/terms/subject	http://dbpedia.org/resource/Category:Municipalities_in_Goiás
http://dbpedia.org/property/elevation	"898"^^http://www.w3.org/2001/XMLSchema#integer
http://dbpedia.org/property/state	"GO"^^http://www.w3.org/1999/02/22-rdf-syntax-ns#langString
http://dbpedia.org/ontology/wikiPageDisambiguates	http://dbpedia.org/resource/Abadia
http://www.w3.org/2000/01/rdf-schema#comment	"Abadia de Goiás é um município brasileiro do interior do estado de Goiás, Região Centro-Oeste do país. Sua população estimada em 2016 era de 8,008 habitantes."@pt
http://dbpedia.org/property/longd	"49"^^http://www.w3.org/2001/XMLSchema#integer
http://xmlns.com/foaf/0.1/primaryTopic	http://en.wikipedia.org/wiki/Abadia_de_Goiás
http://www.w3.org/2002/07/owl#sameAs	http://nl.dbpedia.org/resource/Abadia_de_Goiás
http://dbpedia.org/ontology/wikiPageRedirects	http://dbpedia.org/resource/Abadia_de_Goias
http://dbpedia.org/ontology/thumbnail	http://commons.wikimedia.org/wiki/Special:FilePath/Goias_Municip_AbadiadeGoias.svg?width=300
http://dbpedia.org/property/areaTotal	"136.90000000000000568"^^http://www.w3.org/2001/XMLSchema#decimal
http://dbpedia.org/ontology/wikiPageID	"4309218"^^http://www.w3.org/2001/XMLSchema#integer
http://www.w3.org/ns/prov#wasDerivedFrom	http://en.wikipedia.org/wiki/Abadia_de_Goiás?oldid=721575738
http://dbpedia.org/property/name	"Abadia de Goiás"^^http://www.w3.org/1999/02/22-rdf-syntax-ns#langString
http://xmlns.com/foaf/0.1/depiction	http://commons.wikimedia.org/wiki/Special:FilePath/Goias_Municip_AbadiadeGoias.svg
http://purl.org/linguistics/gold/hypernym	http://dbpedia.org/resource/Municipality
http://dbpedia.org/property/latd	"16"^^http://www.w3.org/2001/XMLSchema#integer
http://dbpedia.org/property/postalCode	"75345"^^http://www.w3.org/2001/XMLSchema#integer
http://dbpedia.org/ontology/abstract	"Abadia de Goiás es un municipio brasileño del estado de Goiás. Su población estimada en 2010 era de 6.868 habitantes."@es
http://www.w3.org/2000/01/rdf-schema#label	"Abadia de Goiás"@nl
http://www.w3.org/1999/02/22-rdf-syntax-ns#type	http://dbpedia.org/ontology/Settlement
