#---Properties and values from: http://dbpedia.org/resource/Hegebeintum
Property	Value
http://xmlns.com/foaf/0.1/name	"Hegebeintum"@en
http://dbpedia.org/ontology/wikiPageRevisionID	"734766685"^^http://www.w3.org/2001/XMLSchema#integer
http://dbpedia.org/property/settlementType	"Village"^^http://www.w3.org/1999/02/22-rdf-syntax-ns#langString
http://www.w3.org/2003/01/geo/wgs84_pos#long	"5.8494443893432617188"^^http://www.w3.org/2001/XMLSchema#float
http://dbpedia.org/property/imageMap	"Map NL Ferwerderadiel Hegebeintum.png"^^http://www.w3.org/1999/02/22-rdf-syntax-ns#langString
http://xmlns.com/foaf/0.1/isPrimaryTopicOf	http://en.wikipedia.org/wiki/Hegebeintum
http://dbpedia.org/property/subdivisionType	"Province"^^http://www.w3.org/1999/02/22-rdf-syntax-ns#langString
http://dbpedia.org/ontology/country	http://dbpedia.org/resource/Netherlands
http://dbpedia.org/property/populationTotal	"c. 90"^^http://www.w3.org/1999/02/22-rdf-syntax-ns#langString
http://purl.org/dc/terms/subject	http://dbpedia.org/resource/Category:Populated_places_in_Friesland
http://dbpedia.org/ontology/isPartOf	http://dbpedia.org/resource/Friesland
http://www.w3.org/2000/01/rdf-schema#comment	"Hegebeintum (Dutch: Hogebeintum) is a small village in Ferwerderadiel in the province of Friesland, the Netherlands. It had a population of around 90 in 2014. There is a well-known restored windmill in the village, De Hogebeintumermolen. Hegebeintum is also home to the highest artificial dwelling hill, or terp, in the Netherlands, measuring around 8.8 metres (29 ft) tall. The high ground of the terp was historically used as a place of refuge during unusually high tides and storm floods, and also had a number of dwellings."@en
http://xmlns.com/foaf/0.1/primaryTopic	http://en.wikipedia.org/wiki/Hegebeintum
http://dbpedia.org/ontology/wikiPageRedirects	http://dbpedia.org/resource/Hogebeintum
http://www.w3.org/2002/07/owl#sameAs	http://nl.dbpedia.org/resource/Hogebeintum
http://www.w3.org/2003/01/geo/wgs84_pos#lat	"53.336666107177734375"^^http://www.w3.org/2001/XMLSchema#float
http://www.georss.org/georss/point	"53.336666666666666 5.849444444444444"
http://dbpedia.org/ontology/thumbnail	http://commons.wikimedia.org/wiki/Special:FilePath/Map_NL_Ferwerderadiel_Hegebeintum.png?width=300
http://dbpedia.org/ontology/wikiPageID	"16372199"^^http://www.w3.org/2001/XMLSchema#integer
http://www.w3.org/ns/prov#wasDerivedFrom	http://en.wikipedia.org/wiki/Hegebeintum?oldid=734766685
http://xmlns.com/foaf/0.1/depiction	http://commons.wikimedia.org/wiki/Special:FilePath/Map_NL_Ferwerderadiel_Hegebeintum.png
http://purl.org/linguistics/gold/hypernym	http://dbpedia.org/resource/Village
http://dbpedia.org/ontology/abstract	"Hegebeintum est un village situé dans la commune néerlandaise de Ferwerderadiel, dans la province de la Frise. Son nom en néerlandais est Hogebeintum. Le 1er janvier 2014, le village comptait 90 habitants. 
* Portail des Pays-Bas Portail des Pays-Bas"@fr
http://www.w3.org/2003/01/geo/wgs84_pos#geometry	"POINT(5.8494443893433 53.336666107178)"^^http://www.openlinksw.com/schemas/virtrdf#Geometry
http://www.w3.org/2000/01/rdf-schema#label	"Hegebeintum"@de
http://dbpedia.org/property/mapsize	"280"^^http://www.w3.org/2001/XMLSchema#integer
http://www.w3.org/1999/02/22-rdf-syntax-ns#type	http://dbpedia.org/ontology/Location
