#---Properties and values from: http://dbpedia.org/resource/Padim_da_Graça
Property	Value
http://dbpedia.org/property/officialName	"Padim da Graça"^^http://www.w3.org/1999/02/22-rdf-syntax-ns#langString
http://dbpedia.org/ontology/wikiPageRevisionID	"689452805"^^http://www.w3.org/2001/XMLSchema#integer
http://xmlns.com/foaf/0.1/isPrimaryTopicOf	http://en.wikipedia.org/wiki/Padim_da_Graça
http://dbpedia.org/property/municipality	http://dbpedia.org/resource/Braga
http://dbpedia.org/ontology/country	http://dbpedia.org/resource/Portugal
http://dbpedia.org/property/populationTotal	"1521"^^http://www.w3.org/2001/XMLSchema#integer
http://dbpedia.org/property/populationAsOf	"2011"^^http://www.w3.org/2001/XMLSchema#integer
http://purl.org/dc/terms/subject	http://dbpedia.org/resource/Category:Parishes_of_Braga
http://www.w3.org/2000/01/rdf-schema#comment	"Падин-да-Граса (порт. Padim da Graça) — район (фрегезия) в Португалии, входит в округ Брага. Является составной частью муниципалитета Брага. Находится в составе крупной городской агломерации Большое Минью. По старому административному делению входил в провинцию Минью. Входит в экономико-статистический субрегион Каваду, который входит в Северный регион. Население составляет 1580 человек на 2001 год. Занимает площадь 3,35 км²."@ru
http://dbpedia.org/property/longd	"-8.4890000000000007674"^^http://www.w3.org/2001/XMLSchema#decimal
http://xmlns.com/foaf/0.1/primaryTopic	http://en.wikipedia.org/wiki/Padim_da_Graça
http://www.w3.org/2002/07/owl#sameAs	http://dbpedia.org/resource/Padim_da_Graça
http://dbpedia.org/property/imageLocation	"Padim da Graça-loc.png"^^http://www.w3.org/1999/02/22-rdf-syntax-ns#langString
http://dbpedia.org/ontology/wikiPageRedirects	http://dbpedia.org/resource/Padim_da_Graca
http://dbpedia.org/ontology/thumbnail	http://commons.wikimedia.org/wiki/Special:FilePath/Padim_da_Graça-loc.png?width=300
http://dbpedia.org/property/areaTotal	"3.3900000000000001243"^^http://www.w3.org/2001/XMLSchema#decimal
http://dbpedia.org/ontology/wikiPageID	"17247391"^^http://www.w3.org/2001/XMLSchema#integer
http://www.w3.org/ns/prov#wasDerivedFrom	http://en.wikipedia.org/wiki/Padim_da_Graça?oldid=689452805
http://xmlns.com/foaf/0.1/depiction	http://commons.wikimedia.org/wiki/Special:FilePath/Padim_da_Graça-loc.png
http://purl.org/linguistics/gold/hypernym	http://dbpedia.org/resource/Parish
http://dbpedia.org/property/latd	"41.567000000000000171"^^http://www.w3.org/2001/XMLSchema#decimal
http://dbpedia.org/ontology/abstract	"Padim da Graça is een plaats (freguesia) in de Portugese gemeente Braga en telt 1 580 inwoners (2001)."@nl
http://www.w3.org/2000/01/rdf-schema#label	"Padim da Graça"@en
http://www.w3.org/1999/02/22-rdf-syntax-ns#type	http://www.wikidata.org/entity/Q486972
