#---Properties and values from: http://dbpedia.org/resource/Aalsum,_Friesland
Property	Value
http://xmlns.com/foaf/0.1/name	"Aalsum"@en
http://dbpedia.org/ontology/wikiPageRevisionID	"649906909"^^http://www.w3.org/2001/XMLSchema#integer
http://dbpedia.org/property/settlementType	"Village"^^http://www.w3.org/1999/02/22-rdf-syntax-ns#langString
http://www.w3.org/2003/01/geo/wgs84_pos#long	"6.0044445991516113281"^^http://www.w3.org/2001/XMLSchema#float
http://dbpedia.org/property/imageMap	"Map NL Dongeradiel Ealsum.png"^^http://www.w3.org/1999/02/22-rdf-syntax-ns#langString
http://xmlns.com/foaf/0.1/isPrimaryTopicOf	http://en.wikipedia.org/wiki/Aalsum,_Friesland
http://dbpedia.org/property/subdivisionType	"Province"^^http://www.w3.org/1999/02/22-rdf-syntax-ns#langString
http://dbpedia.org/ontology/country	http://dbpedia.org/resource/Netherlands
http://dbpedia.org/property/populationTotal	"c. 160"^^http://www.w3.org/1999/02/22-rdf-syntax-ns#langString
http://dbpedia.org/ontology/wikiPageDisambiguates	http://dbpedia.org/resource/Aalsum
http://purl.org/dc/terms/subject	http://dbpedia.org/resource/Category:Populated_places_in_Friesland
http://dbpedia.org/ontology/isPartOf	http://dbpedia.org/resource/Friesland
http://www.w3.org/2000/01/rdf-schema#comment	"Aalsum (unofficial Frisian name: Ealsum) is a village which had a population of around 162 in January 2004 about 1 km north of Dokkum in Dongeradeel, Netherlands. Aalsum is built on a partially excavated terp, around a church originally dedicated to St. Catherine of Alexandria, which dates back to approximately 1200 AD. Notable inhabitants:Rink van der Velde (June 18 1932), writer and journalist"@en
http://xmlns.com/foaf/0.1/primaryTopic	http://en.wikipedia.org/wiki/Aalsum,_Friesland
http://www.w3.org/2002/07/owl#sameAs	http://de.dbpedia.org/resource/Aalsum
http://dbpedia.org/ontology/wikiPageRedirects	http://dbpedia.org/resource/Aalsum_(Friesland)
http://www.w3.org/2003/01/geo/wgs84_pos#lat	"53.3383331298828125"^^http://www.w3.org/2001/XMLSchema#float
http://www.georss.org/georss/point	"53.33833333333333 6.004444444444444"
http://dbpedia.org/ontology/thumbnail	http://commons.wikimedia.org/wiki/Special:FilePath/Map_NL_Dongeradiel_Ealsum.png?width=300
http://dbpedia.org/ontology/wikiPageID	"5965494"^^http://www.w3.org/2001/XMLSchema#integer
http://www.w3.org/ns/prov#wasDerivedFrom	http://en.wikipedia.org/wiki/Aalsum,_Friesland?oldid=649906909
http://xmlns.com/foaf/0.1/depiction	http://commons.wikimedia.org/wiki/Special:FilePath/Map_NL_Dongeradiel_Ealsum.png
http://purl.org/linguistics/gold/hypernym	http://dbpedia.org/resource/Village
http://dbpedia.org/ontology/abstract	"Aalsum est un village situé dans la commune néerlandaise de Dongeradeel, dans la province de la Frise. Son nom en frison est Ealsum. Le 1er janvier 2004, le village comptait 160 habitants. 
* Portail des Pays-Bas Portail des Pays-Bas"@fr
http://www.w3.org/2003/01/geo/wgs84_pos#geometry	"POINT(6.0044445991516 53.338333129883)"^^http://www.openlinksw.com/schemas/virtrdf#Geometry
http://www.w3.org/2000/01/rdf-schema#label	"Aalsum, Friesland"@en
http://dbpedia.org/property/mapsize	"280"^^http://www.w3.org/2001/XMLSchema#integer
http://www.w3.org/1999/02/22-rdf-syntax-ns#type	http://dbpedia.org/class/yago/Object100002684
