#---Properties and values from: http://dbpedia.org/resource/Paderne_(Melgaço)
Property	Value
http://dbpedia.org/property/officialName	"Paderne"^^http://www.w3.org/1999/02/22-rdf-syntax-ns#langString
http://dbpedia.org/ontology/wikiPageRevisionID	"640838695"^^http://www.w3.org/2001/XMLSchema#integer
http://xmlns.com/foaf/0.1/isPrimaryTopicOf	http://en.wikipedia.org/wiki/Paderne_(Melgaço)
http://dbpedia.org/property/municipality	http://dbpedia.org/resource/Melgaço,_Portugal
http://dbpedia.org/ontology/country	http://dbpedia.org/resource/Portugal
http://dbpedia.org/property/populationTotal	"1160"^^http://www.w3.org/2001/XMLSchema#integer
http://dbpedia.org/property/populationAsOf	"2011"^^http://www.w3.org/2001/XMLSchema#integer
http://purl.org/dc/terms/subject	http://dbpedia.org/resource/Category:Parishes_of_Melgaço,_Portugal
http://dbpedia.org/ontology/wikiPageDisambiguates	http://dbpedia.org/resource/Paderne
http://www.w3.org/2000/01/rdf-schema#comment	"Падерне (порт. Paderne) — район (фрегезия) в Португалии, входит в округ Виана-ду-Каштелу. Является составной частью муниципалитета Мелгасу. По старому административному делению входил в провинцию Минью. Входит в экономико-статистический субрегион Минью-Лима, который входит в Северный регион. Население составляет 1235 человек на 2001 год. Занимает площадь 13,56 км²."@ru
http://dbpedia.org/property/cim	http://dbpedia.org/resource/Alto_Minho
http://dbpedia.org/property/longd	"-8.2799999999999993605"^^http://www.w3.org/2001/XMLSchema#decimal
http://xmlns.com/foaf/0.1/primaryTopic	http://en.wikipedia.org/wiki/Paderne_(Melgaço)
http://dbpedia.org/ontology/wikiPageRedirects	http://dbpedia.org/resource/Paderne_(Melgaco)
http://www.w3.org/2002/07/owl#sameAs	http://yago-knowledge.org/resource/Paderne_(Melgaço)
http://dbpedia.org/ontology/thumbnail	http://commons.wikimedia.org/wiki/Special:FilePath/Paderne.jpg?width=300
http://dbpedia.org/property/areaTotal	"12.849999999999999645"^^http://www.w3.org/2001/XMLSchema#decimal
http://dbpedia.org/ontology/wikiPageID	"24617254"^^http://www.w3.org/2001/XMLSchema#integer
http://www.w3.org/ns/prov#wasDerivedFrom	http://en.wikipedia.org/wiki/Paderne_(Melgaço)?oldid=640838695
http://dbpedia.org/property/district	http://dbpedia.org/resource/Viana_do_Castelo_District
http://xmlns.com/foaf/0.1/depiction	http://commons.wikimedia.org/wiki/Special:FilePath/Paderne.jpg
http://purl.org/linguistics/gold/hypernym	http://dbpedia.org/resource/Parish
http://dbpedia.org/property/latd	"42.087000000000003297"^^http://www.w3.org/2001/XMLSchema#decimal
http://dbpedia.org/property/subregion	http://dbpedia.org/resource/Minho-Lima
http://dbpedia.org/ontology/abstract	"Paderne é a freguesia portuguesa mais populosa do concelho de Melgaço, com 13,56 km² de área e 1 160 habitantes (2011). A sua densidade populacional é 85,5 h/km². Pertenceu ao antigo concelho de Valadares até 1855."@pt
http://www.w3.org/2000/01/rdf-schema#label	"Падерне (Мелгасу)"@ru
http://www.w3.org/1999/02/22-rdf-syntax-ns#type	http://dbpedia.org/class/yago/Location100027167
http://dbpedia.org/property/region	http://dbpedia.org/resource/Norte_Region,_Portugal
