#---Properties and values from: http://dbpedia.org/resource/Alhambra,_Montana
Property	Value
http://dbpedia.org/property/longew	"W"^^http://www.w3.org/1999/02/22-rdf-syntax-ns#langString
http://xmlns.com/foaf/0.1/name	"Alhambra, Montana"@en
http://dbpedia.org/property/lats	"4"^^http://www.w3.org/2001/XMLSchema#integer
http://dbpedia.org/ontology/wikiPageExternalLink	http://www.helenahistory.org/south_of_helena.htm
http://dbpedia.org/ontology/wikiPageRevisionID	"692830418"^^http://www.w3.org/2001/XMLSchema#integer
http://dbpedia.org/property/timezoneDst	"MDT"^^http://www.w3.org/1999/02/22-rdf-syntax-ns#langString
http://dbpedia.org/property/latm	"27"^^http://www.w3.org/2001/XMLSchema#integer
http://dbpedia.org/property/latns	"N"^^http://www.w3.org/1999/02/22-rdf-syntax-ns#langString
http://www.w3.org/2003/01/geo/wgs84_pos#long	"-111.9877777099609375"^^http://www.w3.org/2001/XMLSchema#float
http://dbpedia.org/property/coordinatesRegion	"US-MT"^^http://www.w3.org/1999/02/22-rdf-syntax-ns#langString
http://xmlns.com/foaf/0.1/isPrimaryTopicOf	http://en.wikipedia.org/wiki/Alhambra,_Montana
http://dbpedia.org/property/subdivisionType	http://dbpedia.org/resource/List_of_counties_in_Montana
http://dbpedia.org/ontology/country	http://dbpedia.org/resource/United_States
http://dbpedia.org/property/longm	"59"^^http://www.w3.org/2001/XMLSchema#integer
http://dbpedia.org/property/populationTotal	"N/A"^^http://www.w3.org/1999/02/22-rdf-syntax-ns#langString
http://dbpedia.org/property/longs	"16"^^http://www.w3.org/2001/XMLSchema#integer
http://purl.org/dc/terms/subject	http://dbpedia.org/resource/Category:Census-designated_places_in_Jefferson_County,_Montana
http://dbpedia.org/ontology/isPartOf	http://dbpedia.org/resource/Montana
http://www.w3.org/2000/01/rdf-schema#comment	"Alhambra is a populated place in Jefferson County, Montana, United States. It is a subdivision about a mile South Clancy and shares a postal code (59634) with Clancy. Alhambra is part of the Helena Micropolitan Area."@en
http://dbpedia.org/ontology/type	http://dbpedia.org/resource/Populated_place
http://dbpedia.org/property/longd	"111"^^http://www.w3.org/2001/XMLSchema#integer
http://xmlns.com/foaf/0.1/primaryTopic	http://en.wikipedia.org/wiki/Alhambra,_Montana
http://www.w3.org/2002/07/owl#sameAs	http://wikidata.dbpedia.org/resource/Q16868897
http://www.w3.org/2003/01/geo/wgs84_pos#lat	"46.45111083984375"^^http://www.w3.org/2001/XMLSchema#float
http://www.georss.org/georss/point	"46.45111111111111 -111.98777777777778"
http://dbpedia.org/ontology/postalCode	"59634"
http://dbpedia.org/ontology/wikiPageID	"41618854"^^http://www.w3.org/2001/XMLSchema#integer
http://dbpedia.org/ontology/elevation	"1306.677599999999984"^^http://www.w3.org/2001/XMLSchema#decimal
http://dbpedia.org/property/blankName	"GNIS feature ID"^^http://www.w3.org/1999/02/22-rdf-syntax-ns#langString
http://dbpedia.org/ontology/utcOffset	"-6"
http://www.w3.org/ns/prov#wasDerivedFrom	http://en.wikipedia.org/wiki/Alhambra,_Montana?oldid=692830418
http://dbpedia.org/ontology/timeZone	http://dbpedia.org/resource/Mountain_Time_Zone
http://dbpedia.org/property/coordinatesDisplay	"%"^^http://www.w3.org/1999/02/22-rdf-syntax-ns#langString
http://dbpedia.org/ontology/areaCode	"406"
http://dbpedia.org/property/pushpinMap	"Montana"^^http://www.w3.org/1999/02/22-rdf-syntax-ns#langString
http://purl.org/linguistics/gold/hypernym	http://dbpedia.org/resource/Place
http://dbpedia.org/property/latd	"46"^^http://www.w3.org/2001/XMLSchema#integer
http://dbpedia.org/property/blankInfo	"770091"^^http://www.w3.org/2001/XMLSchema#integer
http://dbpedia.org/ontology/abstract	"Alhambra is a populated place in Jefferson County, Montana, United States. It is a subdivision about a mile South Clancy and shares a postal code (59634) with Clancy. Alhambra is part of the Helena Micropolitan Area."@en
http://www.w3.org/2003/01/geo/wgs84_pos#geometry	"POINT(-111.98777770996 46.451110839844)"^^http://www.openlinksw.com/schemas/virtrdf#Geometry
http://www.w3.org/2000/01/rdf-schema#label	"Alhambra, Montana"@en
http://www.w3.org/1999/02/22-rdf-syntax-ns#type	http://www.w3.org/2003/01/geo/wgs84_pos#SpatialThing
