#---Properties and values from: http://dbpedia.org/resource/Gytsjerksterhoeke
Property	Value
http://xmlns.com/foaf/0.1/name	"Gytsjerksterhoek"@en
http://dbpedia.org/ontology/wikiPageRevisionID	"649755097"^^http://www.w3.org/2001/XMLSchema#integer
http://dbpedia.org/property/settlementType	"Hamlet"^^http://www.w3.org/1999/02/22-rdf-syntax-ns#langString
http://www.w3.org/2003/01/geo/wgs84_pos#long	"5.8788890838623046875"^^http://www.w3.org/2001/XMLSchema#float
http://xmlns.com/foaf/0.1/isPrimaryTopicOf	http://en.wikipedia.org/wiki/Gytsjerksterhoeke
http://dbpedia.org/property/subdivisionType	"Country"^^http://www.w3.org/1999/02/22-rdf-syntax-ns#langString
http://dbpedia.org/ontology/country	http://dbpedia.org/resource/Netherlands
http://dbpedia.org/property/populationTotal	"?"^^http://www.w3.org/1999/02/22-rdf-syntax-ns#langString
http://purl.org/dc/terms/subject	http://dbpedia.org/resource/Category:Populated_places_in_Friesland
http://dbpedia.org/ontology/isPartOf	http://dbpedia.org/resource/Friesland
http://www.w3.org/2000/01/rdf-schema#comment	"Gytsjerksterhoek (Dutch: Giekerkerhoek ) is a hamlet in Tytsjerksteradiel in the province of Friesland, the Netherlands."@en
http://xmlns.com/foaf/0.1/primaryTopic	http://en.wikipedia.org/wiki/Gytsjerksterhoeke
http://www.w3.org/2002/07/owl#sameAs	http://wikidata.dbpedia.org/resource/Q5625553
http://dbpedia.org/ontology/wikiPageRedirects	http://dbpedia.org/resource/Giekerkerhoek
http://www.w3.org/2003/01/geo/wgs84_pos#lat	"53.23833465576171875"^^http://www.w3.org/2001/XMLSchema#float
http://www.georss.org/georss/point	"53.23833333333334 5.878888888888889"
http://dbpedia.org/ontology/wikiPageID	"19543246"^^http://www.w3.org/2001/XMLSchema#integer
http://www.w3.org/ns/prov#wasDerivedFrom	http://en.wikipedia.org/wiki/Gytsjerksterhoeke?oldid=649755097
http://purl.org/linguistics/gold/hypernym	http://dbpedia.org/resource/Hamlet
http://dbpedia.org/ontology/abstract	"Giekerkerhoek (Fries: Gytsjerksterhoeke) is een buurtschap aan de gelijknamige weg in de gemeente Tietjerksteradeel. Giekerkerhoek ligt ten zuidwesten van Gytsjerk, ten noordoosten van Leeuwarden, ten noordwesten van Ryptsjerk en ten zuidwesten van Oentsjerk. Giekerkerhoek heeft circa 20 huizen en circa 50 inwoners."@nl
http://www.w3.org/2003/01/geo/wgs84_pos#geometry	"POINT(5.8788890838623 53.238334655762)"^^http://www.openlinksw.com/schemas/virtrdf#Geometry
http://www.w3.org/2000/01/rdf-schema#label	"Giekerkerhoek"@nl
http://dbpedia.org/property/mapsize	"280"^^http://www.w3.org/2001/XMLSchema#integer
http://www.w3.org/1999/02/22-rdf-syntax-ns#type	http://www.wikidata.org/entity/Q486972
