#---Properties and values from: http://dbpedia.org/resource/Chamusca_(Chamusca)
Property	Value
http://dbpedia.org/property/officialName	"Chamusca"^^http://www.w3.org/1999/02/22-rdf-syntax-ns#langString
http://dbpedia.org/ontology/wikiPageRevisionID	"701644035"^^http://www.w3.org/2001/XMLSchema#integer
http://www.w3.org/2003/01/geo/wgs84_pos#long	"-8.4809999465942382812"^^http://www.w3.org/2001/XMLSchema#float
http://xmlns.com/foaf/0.1/isPrimaryTopicOf	http://en.wikipedia.org/wiki/Chamusca_(Chamusca)
http://dbpedia.org/property/municipality	http://dbpedia.org/resource/Chamusca_Municipality
http://dbpedia.org/ontology/country	http://dbpedia.org/resource/Portugal
http://dbpedia.org/property/populationTotal	"3659"^^http://www.w3.org/2001/XMLSchema#integer
http://dbpedia.org/property/populationAsOf	"2001"^^http://www.w3.org/2001/XMLSchema#integer
http://purl.org/dc/terms/subject	http://dbpedia.org/resource/Category:Former_parishes_of_Portugal
http://www.w3.org/2000/01/rdf-schema#comment	"Chamusca es una freguesia portuguesa del concelho de Chamusca, con 35,30 km² de superficie y 3.659 habitantes (2001). Su densidad de población es de 103,7 hab/km²."@es
http://dbpedia.org/property/imageShield	"CHM-chamusca.png"^^http://www.w3.org/1999/02/22-rdf-syntax-ns#langString
http://xmlns.com/foaf/0.1/primaryTopic	http://en.wikipedia.org/wiki/Chamusca_(Chamusca)
http://dbpedia.org/property/dissolved	"2013"^^http://www.w3.org/2001/XMLSchema#integer
http://dbpedia.org/ontology/wikiPageRedirects	http://dbpedia.org/resource/Chamusca_Parish
http://www.w3.org/2002/07/owl#sameAs	http://dbpedia.org/resource/Chamusca_(Chamusca)
http://www.w3.org/2003/01/geo/wgs84_pos#lat	"39.35900115966796875"^^http://www.w3.org/2001/XMLSchema#float
http://www.georss.org/georss/point	"39.359 -8.481"
http://dbpedia.org/ontology/thumbnail	http://commons.wikimedia.org/wiki/Special:FilePath/CHM-chamusca.png?width=300
http://dbpedia.org/property/areaTotal	"35.299999999999997158"^^http://www.w3.org/2001/XMLSchema#decimal
http://dbpedia.org/ontology/wikiPageID	"6370254"^^http://www.w3.org/2001/XMLSchema#integer
http://www.w3.org/ns/prov#wasDerivedFrom	http://en.wikipedia.org/wiki/Chamusca_(Chamusca)?oldid=701644035
http://xmlns.com/foaf/0.1/depiction	http://commons.wikimedia.org/wiki/Special:FilePath/CHM-chamusca.png
http://purl.org/linguistics/gold/hypernym	http://dbpedia.org/resource/Parish
http://dbpedia.org/ontology/abstract	"Chamusca es una freguesia portuguesa del concelho de Chamusca, con 35,30 km² de superficie y 3.659 habitantes (2001). Su densidad de población es de 103,7 hab/km²."@es
http://www.w3.org/2003/01/geo/wgs84_pos#geometry	"POINT(-8.4809999465942 39.359001159668)"^^http://www.openlinksw.com/schemas/virtrdf#Geometry
http://www.w3.org/2000/01/rdf-schema#label	"Chamusca (freguesia)"@es
http://www.w3.org/1999/02/22-rdf-syntax-ns#type	http://www.wikidata.org/entity/Q486972
