#---Properties and values from: http://dbpedia.org/resource/Vicentinópolis
Property	Value
http://dbpedia.org/property/lats	"40"^^http://www.w3.org/2001/XMLSchema#integer
http://dbpedia.org/ontology/wikiPageExternalLink	http://www.seplan.go.gov.br/sepin/pub/anuario/2005/transporte/tab01_transporte.htm
http://dbpedia.org/ontology/wikiPageRevisionID	"721627644"^^http://www.w3.org/2001/XMLSchema#integer
http://dbpedia.org/property/latm	"43"^^http://www.w3.org/2001/XMLSchema#integer
http://dbpedia.org/property/latns	"S"^^http://www.w3.org/1999/02/22-rdf-syntax-ns#langString
http://dbpedia.org/property/imageMap	"Goias Municip Vicentinopolis.svg"^^http://www.w3.org/1999/02/22-rdf-syntax-ns#langString
http://xmlns.com/foaf/0.1/isPrimaryTopicOf	http://en.wikipedia.org/wiki/Vicentinópolis
http://dbpedia.org/property/microregion	http://dbpedia.org/resource/Meia_Ponte_Microregion
http://dbpedia.org/property/longm	"47"^^http://www.w3.org/2001/XMLSchema#integer
http://dbpedia.org/property/populationTotal	"5919"^^http://www.w3.org/2001/XMLSchema#integer
http://dbpedia.org/property/populationAsOf	"2005"^^http://www.w3.org/2001/XMLSchema#integer
http://dbpedia.org/property/longs	"21"^^http://www.w3.org/2001/XMLSchema#integer
http://purl.org/dc/terms/subject	http://dbpedia.org/resource/Category:Municipalities_in_Goiás
http://dbpedia.org/property/elevation	"646"^^http://www.w3.org/2001/XMLSchema#integer
http://dbpedia.org/property/state	"GO"^^http://www.w3.org/1999/02/22-rdf-syntax-ns#langString
http://www.w3.org/2000/01/rdf-schema#comment	"Висентинополис (порт. Vicentinópolis) — муниципалитет в Бразилии. входит в штат Гояс. Составная часть мезорегиона Юг штата Гойас. Входит в экономико-статистический микрорегион Мея-Понти, который входит в Юг штата Гойас. Население составляет 6 591 человек на 2006 год. Занимает площадь 737,251 км². Плотность населения — 8,9 чел./км²."@ru
http://dbpedia.org/property/longd	"49"^^http://www.w3.org/2001/XMLSchema#integer
http://xmlns.com/foaf/0.1/primaryTopic	http://en.wikipedia.org/wiki/Vicentinópolis
http://www.w3.org/2002/07/owl#sameAs	http://yago-knowledge.org/resource/Vicentinópolis
http://dbpedia.org/ontology/wikiPageRedirects	http://dbpedia.org/resource/Vicentopolis
http://dbpedia.org/ontology/thumbnail	http://commons.wikimedia.org/wiki/Special:FilePath/Goias_Municip_Vicentinopolis.svg?width=300
http://dbpedia.org/property/areaTotal	"737.20000000000004547"^^http://www.w3.org/2001/XMLSchema#decimal
http://dbpedia.org/ontology/wikiPageID	"4378621"^^http://www.w3.org/2001/XMLSchema#integer
http://www.w3.org/ns/prov#wasDerivedFrom	http://en.wikipedia.org/wiki/Vicentinópolis?oldid=721627644
http://dbpedia.org/property/name	"Vicentinópolis"^^http://www.w3.org/1999/02/22-rdf-syntax-ns#langString
http://xmlns.com/foaf/0.1/depiction	http://commons.wikimedia.org/wiki/Special:FilePath/Goias_Municip_Vicentinopolis.svg
http://purl.org/linguistics/gold/hypernym	http://dbpedia.org/resource/Municipality
http://dbpedia.org/property/latd	"17"^^http://www.w3.org/2001/XMLSchema#integer
http://dbpedia.org/property/postalCode	"75555"^^http://www.w3.org/2001/XMLSchema#integer
http://dbpedia.org/ontology/abstract	"Vicentinópolis est une municipalité brésilienne de l'État de Goiás et la microrégion du Meia Ponte."@fr
http://www.w3.org/2000/01/rdf-schema#label	"Висентинополис"@ru
http://www.w3.org/1999/02/22-rdf-syntax-ns#type	http://dbpedia.org/class/yago/WikicatPopulatedPlacesInGoiás
