#---Properties and values from: http://dbpedia.org/resource/Zhamo
Property	Value
http://dbpedia.org/property/longew	"E"^^http://www.w3.org/1999/02/22-rdf-syntax-ns#langString
http://xmlns.com/foaf/0.1/name	"Zhamo"@en
http://dbpedia.org/ontology/wikiPageRevisionID	"656727816"^^http://www.w3.org/2001/XMLSchema#integer
http://dbpedia.org/property/latm	"50"^^http://www.w3.org/2001/XMLSchema#integer
http://dbpedia.org/property/latns	"N"^^http://www.w3.org/1999/02/22-rdf-syntax-ns#langString
http://dbpedia.org/property/imageSkyline	"Street of Zhamu Town.jpg"^^http://www.w3.org/1999/02/22-rdf-syntax-ns#langString
http://www.w3.org/2003/01/geo/wgs84_pos#long	"95.75"^^http://www.w3.org/2001/XMLSchema#float
http://dbpedia.org/property/coordinatesRegion	"CN-54"^^http://www.w3.org/1999/02/22-rdf-syntax-ns#langString
http://xmlns.com/foaf/0.1/isPrimaryTopicOf	http://en.wikipedia.org/wiki/Zhamo
http://dbpedia.org/property/subdivisionType	"Country"^^http://www.w3.org/1999/02/22-rdf-syntax-ns#langString
http://dbpedia.org/ontology/country	http://dbpedia.org/resource/People's_Republic_of_China
http://dbpedia.org/property/longm	"45"^^http://www.w3.org/2001/XMLSchema#integer
http://dbpedia.org/property/populationTotal	"*"^^http://www.w3.org/1999/02/22-rdf-syntax-ns#langString
http://purl.org/dc/terms/subject	http://dbpedia.org/resource/Category:Populated_places_in_Nyingchi
http://dbpedia.org/ontology/isPartOf	http://dbpedia.org/resource/Bomê_County
http://www.w3.org/2000/01/rdf-schema#comment	"Zhamo or Zhamog is a township and seat of Bomê County of Nyingchi Prefecture in the Tibet Autonomous Region of China. "@en
http://dbpedia.org/ontology/type	http://dbpedia.org/resource/Township_(People's_Republic_of_China)
http://dbpedia.org/property/longd	"95"^^http://www.w3.org/2001/XMLSchema#integer
http://xmlns.com/foaf/0.1/primaryTopic	http://en.wikipedia.org/wiki/Zhamo
http://dbpedia.org/property/timezone	"+8"^^http://www.w3.org/1999/02/22-rdf-syntax-ns#langString
http://www.w3.org/2002/07/owl#sameAs	http://sws.geonames.org/1279489/
http://dbpedia.org/property/populationBlank	http://dbpedia.org/resource/Standard_Tibetan
http://www.w3.org/2003/01/geo/wgs84_pos#lat	"29.833333969116210938"^^http://www.w3.org/2001/XMLSchema#float
http://www.georss.org/georss/point	"29.833333333333332 95.75"
http://dbpedia.org/ontology/thumbnail	http://commons.wikimedia.org/wiki/Special:FilePath/Street_of_Zhamu_Town.jpg?width=300
http://dbpedia.org/ontology/wikiPageID	"13293387"^^http://www.w3.org/2001/XMLSchema#integer
http://www.w3.org/ns/prov#wasDerivedFrom	http://en.wikipedia.org/wiki/Zhamo?oldid=656727816
http://dbpedia.org/property/pushpinMap	"China Tibet"^^http://www.w3.org/1999/02/22-rdf-syntax-ns#langString
http://dbpedia.org/property/populationBlank2Title	http://dbpedia.org/resource/Chinese_Language
http://dbpedia.org/property/populationBlank1Title	http://dbpedia.org/resource/Nationalities_of_China
http://xmlns.com/foaf/0.1/depiction	http://commons.wikimedia.org/wiki/Special:FilePath/Street_of_Zhamu_Town.jpg
http://purl.org/linguistics/gold/hypernym	http://dbpedia.org/resource/Township
http://dbpedia.org/property/latd	"29"^^http://www.w3.org/2001/XMLSchema#integer
http://dbpedia.org/ontology/abstract	"Zhamog (tib.: spra rmog, Tramog oder Zhamo, chinesisch 扎木镇, Pinyin Zhāmù Zhèn) ist eine Großgemeinde und Hauptort des Kreises Bomê, gelegen im Autonomen Gebiet Tibet der Volksrepublik China. 2000 zählte sie 6.651 Einwohner."@de
http://dbpedia.org/property/pushpinMapCaption	"Location within Tibet"^^http://www.w3.org/1999/02/22-rdf-syntax-ns#langString
http://www.w3.org/2003/01/geo/wgs84_pos#geometry	"POINT(95.75 29.833333969116)"^^http://www.openlinksw.com/schemas/virtrdf#Geometry
http://www.w3.org/2000/01/rdf-schema#label	"Zhamo"@en
http://www.w3.org/1999/02/22-rdf-syntax-ns#type	http://schema.org/Place
