#---Properties and values from: http://dbpedia.org/resource/Meadview,_Arizona
Property	Value
http://dbpedia.org/property/longew	"W"^^http://www.w3.org/1999/02/22-rdf-syntax-ns#langString
http://xmlns.com/foaf/0.1/name	"Meadview, Arizona"@en
http://dbpedia.org/property/lats	"7"^^http://www.w3.org/2001/XMLSchema#integer
http://dbpedia.org/ontology/wikiPageExternalLink	http://www.fcc.gov/fcc-bin/tvq?call=K23DK
http://dbpedia.org/property/latm	"0"^^http://www.w3.org/2001/XMLSchema#integer
http://dbpedia.org/property/latns	"N"^^http://www.w3.org/1999/02/22-rdf-syntax-ns#langString
http://dbpedia.org/property/imageSkyline	"Meadview Arizona.jpg"^^http://www.w3.org/1999/02/22-rdf-syntax-ns#langString
http://www.w3.org/2003/01/geo/wgs84_pos#long	"-114.06805419921875"^^http://www.w3.org/2001/XMLSchema#float
http://dbpedia.org/property/subdivisionType	http://dbpedia.org/resource/Political_divisions_of_the_United_States
http://purl.org/dc/terms/subject	http://dbpedia.org/resource/Category:Unincorporated_communities_in_Mohave_County,_Arizona
http://dbpedia.org/ontology/isPartOf	http://dbpedia.org/resource/Mohave_County,_Arizona
http://dbpedia.org/ontology/elevation	"910.13279999999997472"^^http://www.w3.org/2001/XMLSchema#decimal
http://www.w3.org/ns/prov#wasDerivedFrom	http://en.wikipedia.org/wiki/Meadview,_Arizona?oldid=711428119
http://dbpedia.org/ontology/timeZone	http://dbpedia.org/resource/Mountain_Standard_Time_Zone
http://dbpedia.org/ontology/areaCode	"928"
http://dbpedia.org/ontology/city	http://dbpedia.org/resource/KVGS
http://dbpedia.org/property/latd	"36"^^http://www.w3.org/2001/XMLSchema#integer
http://xmlns.com/foaf/0.1/homepage	http://www.MeadviewAZ.com
http://www.w3.org/1999/02/22-rdf-syntax-ns#type	http://www.wikidata.org/entity/Q486972
http://dbpedia.org/ontology/wikiPageRevisionID	"711428119"^^http://www.w3.org/2001/XMLSchema#integer
http://dbpedia.org/property/mapCaption	"Location in Mohave County and the state of Arizona"^^http://www.w3.org/1999/02/22-rdf-syntax-ns#langString
http://dbpedia.org/property/imagesize	"300"^^http://www.w3.org/2001/XMLSchema#integer
http://dbpedia.org/property/coordinatesRegion	"US-AZ"^^http://www.w3.org/1999/02/22-rdf-syntax-ns#langString
http://dbpedia.org/property/imageCaption	"Meadview looking east to Grand Wash Cliffs"^^http://www.w3.org/1999/02/22-rdf-syntax-ns#langString
http://dbpedia.org/property/blank1Info	"43037"^^http://www.w3.org/2001/XMLSchema#integer
http://xmlns.com/foaf/0.1/isPrimaryTopicOf	http://en.wikipedia.org/wiki/Meadview,_Arizona
http://dbpedia.org/ontology/country	http://dbpedia.org/resource/United_States
http://dbpedia.org/property/longm	"4"^^http://www.w3.org/2001/XMLSchema#integer
http://dbpedia.org/ontology/area	"1.0"^^http://www.w3.org/2001/XMLSchema#decimal
http://dbpedia.org/property/populationTotal	"approx. 1500"^^http://www.w3.org/1999/02/22-rdf-syntax-ns#langString
http://dbpedia.org/property/longs	"5"^^http://www.w3.org/2001/XMLSchema#integer
http://dbpedia.org/property/populationAsOf	"2007"^^http://www.w3.org/2001/XMLSchema#integer
http://www.w3.org/2000/01/rdf-schema#comment	"Meadview is an unincorporated community in Mohave County, Arizona, United States, located near Lake Mead. Despite its name, the townsite does not overlook the lake; a ridge to the west of town separates it from the lake. It has roughly 1500 residents. It was founded in the 1960s as a retirement community."@en
http://dbpedia.org/ontology/type	http://dbpedia.org/resource/Unincorporated_area
http://dbpedia.org/property/longd	"114"^^http://www.w3.org/2001/XMLSchema#integer
http://xmlns.com/foaf/0.1/primaryTopic	http://en.wikipedia.org/wiki/Meadview,_Arizona
http://www.w3.org/2002/07/owl#sameAs	http://rdf.freebase.com/ns/m.0glmp8
http://dbpedia.org/ontology/wikiPageRedirects	http://dbpedia.org/resource/Meadview
http://dbpedia.org/ontology/PopulatedPlace/area	"1.0E-6"^^http://dbpedia.org/datatype/squareKilometre
http://www.w3.org/2003/01/geo/wgs84_pos#lat	"36.0"^^http://www.w3.org/2001/XMLSchema#float
http://www.georss.org/georss/point	"36.0 -114.06666666666666"
http://dbpedia.org/ontology/thumbnail	http://commons.wikimedia.org/wiki/Special:FilePath/Meadview_Arizona.jpg?width=300
http://dbpedia.org/ontology/wikiPageID	"6740584"^^http://www.w3.org/2001/XMLSchema#integer
http://dbpedia.org/ontology/utcOffset	"-7"
http://dbpedia.org/property/coordinatesDisplay	"inline,title"^^http://www.w3.org/1999/02/22-rdf-syntax-ns#langString
http://dbpedia.org/property/pushpinMap	"USA"^^http://www.w3.org/1999/02/22-rdf-syntax-ns#langString
http://dbpedia.org/property/blank1Name	"GNIS feature ID"^^http://www.w3.org/1999/02/22-rdf-syntax-ns#langString
http://xmlns.com/foaf/0.1/depiction	http://commons.wikimedia.org/wiki/Special:FilePath/Meadview_Arizona.jpg
http://purl.org/linguistics/gold/hypernym	http://dbpedia.org/resource/Community
http://dbpedia.org/ontology/abstract	"Meadview ist eine kleine Gemeinde im Mohave County im US-Bundesstaat Arizona. Die Gemeinde liegt am Ost-Ende des Lake Mead. In der Nähe befindet sich auch die Hualapai Indianer-Reservation."@de
http://dbpedia.org/property/pushpinMapCaption	"Location in the United States"^^http://www.w3.org/1999/02/22-rdf-syntax-ns#langString
http://www.w3.org/2003/01/geo/wgs84_pos#geometry	"POINT(-114.06666564941 36.001945495605)"^^http://www.openlinksw.com/schemas/virtrdf#Geometry
http://www.w3.org/2000/01/rdf-schema#label	"Meadview"@de
