#---Properties and values from: http://dbpedia.org/resource/Itapetininga
Property	Value
http://dbpedia.org/property/lats	"30"^^http://www.w3.org/2001/XMLSchema#integer
http://dbpedia.org/ontology/wikiPageRevisionID	"720249471"^^http://www.w3.org/2001/XMLSchema#integer
http://dbpedia.org/property/latm	"35"^^http://www.w3.org/2001/XMLSchema#integer
http://dbpedia.org/property/latns	"S"^^http://www.w3.org/1999/02/22-rdf-syntax-ns#langString
http://dbpedia.org/property/imageSkyline	"Itapetininga_-_Largo_dos_Amores.jpg"^^http://www.w3.org/1999/02/22-rdf-syntax-ns#langString
http://dbpedia.org/property/imageCaption	"Largo dos Amores square at night"^^http://www.w3.org/1999/02/22-rdf-syntax-ns#langString
http://dbpedia.org/property/imageMap	"SaoPaulo Municip Itapetininga.svg"^^http://www.w3.org/1999/02/22-rdf-syntax-ns#langString
http://xmlns.com/foaf/0.1/isPrimaryTopicOf	http://en.wikipedia.org/wiki/Itapetininga
http://dbpedia.org/property/longm	"3"^^http://www.w3.org/2001/XMLSchema#integer
http://dbpedia.org/property/location	http://dbpedia.org/resource/1961_São_Paulo_FC_season
http://dbpedia.org/property/populationTotal	"157016"^^http://www.w3.org/2001/XMLSchema#integer
http://dbpedia.org/property/longs	"11"^^http://www.w3.org/2001/XMLSchema#integer
http://dbpedia.org/property/populationAsOf	"2015"^^http://www.w3.org/2001/XMLSchema#integer
http://purl.org/dc/terms/subject	http://dbpedia.org/resource/Category:Itapetininga
http://dbpedia.org/property/state	"SP"^^http://www.w3.org/1999/02/22-rdf-syntax-ns#langString
http://www.w3.org/2000/01/rdf-schema#comment	"Itapetininga is een gemeente in de Braziliaanse deelstaat São Paulo. De gemeente telt 148.808 inwoners (schatting 2009). De gemeente grenst aan Campina do Monte Alegre, Angatuba, Guareí, Tatuí, Capela do Alto, Alambari, Sarapuí, Pilar do Sul, São Miguel Arcanjo, Capão Bonito en Buri."@nl
http://dbpedia.org/property/imageShield	"Brasão Itapetininga.jpg"^^http://www.w3.org/1999/02/22-rdf-syntax-ns#langString
http://dbpedia.org/property/longd	"48"^^http://www.w3.org/2001/XMLSchema#integer
http://xmlns.com/foaf/0.1/primaryTopic	http://en.wikipedia.org/wiki/Itapetininga
http://www.w3.org/2002/07/owl#sameAs	http://pt.dbpedia.org/resource/Itapetininga
http://dbpedia.org/ontology/thumbnail	http://commons.wikimedia.org/wiki/Special:FilePath/Bandeira_Itapetininga.jpg?width=300
http://dbpedia.org/ontology/wikiPageID	"1044506"^^http://www.w3.org/2001/XMLSchema#integer
http://dbpedia.org/property/areaTotal	"1790"^^http://www.w3.org/2001/XMLSchema#integer
http://dbpedia.org/ontology/birthPlace	http://dbpedia.org/resource/Júlio_Prestes
http://www.w3.org/ns/prov#wasDerivedFrom	http://en.wikipedia.org/wiki/Itapetininga?oldid=720249471
http://dbpedia.org/property/leaderName	"Hiram Ayres Monteiro Junior"^^http://www.w3.org/1999/02/22-rdf-syntax-ns#langString
http://xmlns.com/foaf/0.1/depiction	http://commons.wikimedia.org/wiki/Special:FilePath/Bandeira_Itapetininga.jpg
http://purl.org/linguistics/gold/hypernym	http://dbpedia.org/resource/Municipality
http://dbpedia.org/property/latd	"23"^^http://www.w3.org/2001/XMLSchema#integer
http://dbpedia.org/ontology/abstract	"Итапетининга (порт. Itapetininga) — муниципалитет в Бразилии, входит в штат Сан-Паулу. Составная часть мезорегиона Итапетининга. Входит в экономико-статистический микрорегион Итапетининга. Население составляет 143 097 человек на 2006 год. Занимает площадь 1 792,079км². Плотность населения - 79,8 чел./км²."@ru
http://dbpedia.org/property/imageFlag	"Bandeira Itapetininga.jpg"^^http://www.w3.org/1999/02/22-rdf-syntax-ns#langString
http://www.w3.org/2000/01/rdf-schema#label	"Итапетининга"@ru
http://www.w3.org/1999/02/22-rdf-syntax-ns#type	http://dbpedia.org/class/yago/Object100002684
