#---Properties and values from: http://dbpedia.org/resource/Santa_Marinha_e_São_Pedro_da_Afurada
Property	Value
http://dbpedia.org/property/officialName	"Santa Marinha e São Pedro da Afurada"^^http://www.w3.org/1999/02/22-rdf-syntax-ns#langString
http://dbpedia.org/ontology/wikiPageRevisionID	"701649070"^^http://www.w3.org/2001/XMLSchema#integer
http://xmlns.com/foaf/0.1/isPrimaryTopicOf	http://en.wikipedia.org/wiki/Santa_Marinha_e_São_Pedro_da_Afurada
http://dbpedia.org/property/municipality	http://dbpedia.org/resource/Vila_Nova_de_Gaia
http://dbpedia.org/ontology/country	http://dbpedia.org/resource/Portugal
http://dbpedia.org/property/populationTotal	"33714"^^http://www.w3.org/2001/XMLSchema#integer
http://dbpedia.org/property/populationAsOf	"2011"^^http://www.w3.org/2001/XMLSchema#integer
http://dbpedia.org/property/metro	http://dbpedia.org/resource/Metropolitan_Area_of_Porto
http://purl.org/dc/terms/subject	http://dbpedia.org/resource/Category:Parishes_of_Vila_Nova_de_Gaia
http://www.w3.org/2000/01/rdf-schema#comment	"Santa Marinha e São Pedro da Afurada is a civil parish in the municipality of Vila Nova de Gaia, Portugal. It was formed in 2013 by the merger of the former parishes Santa Marinha and São Pedro da Afurada. The population in 2011 was 33,714, in an area of 6.91 km². It contains the city centre of Vila Nova de Gaia."@en
http://dbpedia.org/property/longd	"-8.6199999999999992184"^^http://www.w3.org/2001/XMLSchema#decimal
http://xmlns.com/foaf/0.1/primaryTopic	http://en.wikipedia.org/wiki/Santa_Marinha_e_São_Pedro_da_Afurada
http://www.w3.org/2002/07/owl#sameAs	http://dbpedia.org/resource/Santa_Marinha_e_São_Pedro_da_Afurada
http://dbpedia.org/ontology/wikiPageRedirects	http://dbpedia.org/resource/Santa_Marinha_e_Sao_Pedro_da_Afurada
http://dbpedia.org/property/areaTotal	"6.9100000000000001421"^^http://www.w3.org/2001/XMLSchema#decimal
http://dbpedia.org/ontology/wikiPageID	"43472832"^^http://www.w3.org/2001/XMLSchema#integer
http://www.w3.org/ns/prov#wasDerivedFrom	http://en.wikipedia.org/wiki/Santa_Marinha_e_São_Pedro_da_Afurada?oldid=701649070
http://dbpedia.org/property/district	http://dbpedia.org/resource/Porto_District
http://purl.org/linguistics/gold/hypernym	http://dbpedia.org/resource/Parish
http://dbpedia.org/property/latd	"41.130000000000002558"^^http://www.w3.org/2001/XMLSchema#decimal
http://dbpedia.org/property/subregion	http://dbpedia.org/resource/Grande_Porto
http://dbpedia.org/ontology/abstract	"Santa Marinha e São Pedro da Afurada is a civil parish in the municipality of Vila Nova de Gaia, Portugal. It was formed in 2013 by the merger of the former parishes Santa Marinha and São Pedro da Afurada. The population in 2011 was 33,714, in an area of 6.91 km². It contains the city centre of Vila Nova de Gaia."@en
http://www.w3.org/2000/01/rdf-schema#label	"Santa Marinha e São Pedro da Afurada"@en
http://www.w3.org/1999/02/22-rdf-syntax-ns#type	http://dbpedia.org/ontology/Settlement
http://dbpedia.org/property/region	http://dbpedia.org/resource/Norte_Region,_Portugal
