#---Properties and values from: http://dbpedia.org/resource/Guimarei
Property	Value
http://dbpedia.org/property/officialName	"Guimarei"^^http://www.w3.org/1999/02/22-rdf-syntax-ns#langString
http://dbpedia.org/ontology/wikiPageRevisionID	"701645744"^^http://www.w3.org/2001/XMLSchema#integer
http://dbpedia.org/property/wordnet_type	http://www.w3.org/2006/03/wn/wn20/instances/synset-municipality-noun-2
http://www.w3.org/2003/01/geo/wgs84_pos#long	"-8.4869441986083984375"^^http://www.w3.org/2001/XMLSchema#float
http://xmlns.com/foaf/0.1/isPrimaryTopicOf	http://en.wikipedia.org/wiki/Guimarei
http://dbpedia.org/property/municipality	http://dbpedia.org/resource/Santo_Tirso
http://dbpedia.org/ontology/country	http://dbpedia.org/resource/Portugal
http://dbpedia.org/property/populationTotal	"736"^^http://www.w3.org/2001/XMLSchema#integer
http://dbpedia.org/property/populationAsOf	"2001"^^http://www.w3.org/2001/XMLSchema#integer
http://purl.org/dc/terms/subject	http://dbpedia.org/resource/Category:Former_parishes_of_Portugal
http://www.w3.org/2000/01/rdf-schema#comment	"Guimarei es una freguesia portuguesa del concelho de Santo Tirso, con 6,43 km² de superficie y 736 habitantes (2001). Su densidad de población es de 114,5 hab/km²."@es
http://dbpedia.org/property/imageShield	"STS-guimarei.png"^^http://www.w3.org/1999/02/22-rdf-syntax-ns#langString
http://xmlns.com/foaf/0.1/primaryTopic	http://en.wikipedia.org/wiki/Guimarei
http://dbpedia.org/property/dissolved	"2013"^^http://www.w3.org/2001/XMLSchema#integer
http://www.w3.org/2002/07/owl#sameAs	http://wikidata.dbpedia.org/resource/Q1554109
http://www.w3.org/2003/01/geo/wgs84_pos#lat	"41.302776336669921875"^^http://www.w3.org/2001/XMLSchema#float
http://www.georss.org/georss/point	"41.30277777777778 -8.486944444444445"
http://dbpedia.org/ontology/thumbnail	http://commons.wikimedia.org/wiki/Special:FilePath/STS-guimarei.png?width=300
http://dbpedia.org/property/areaTotal	"6.4299999999999997158"^^http://www.w3.org/2001/XMLSchema#decimal
http://dbpedia.org/ontology/wikiPageID	"741017"^^http://www.w3.org/2001/XMLSchema#integer
http://www.w3.org/ns/prov#wasDerivedFrom	http://en.wikipedia.org/wiki/Guimarei?oldid=701645744
http://xmlns.com/foaf/0.1/depiction	http://commons.wikimedia.org/wiki/Special:FilePath/STS-guimarei.png
http://purl.org/linguistics/gold/hypernym	http://dbpedia.org/resource/Parish
http://dbpedia.org/ontology/abstract	"吉马雷伊（葡萄牙语：Guimarei）是葡萄牙波尔图区的一个堂区。总面积6.43平方公里，总人口736人，人口密度114.5人/平方公里。"@zh
http://www.w3.org/2003/01/geo/wgs84_pos#geometry	"POINT(-8.4869441986084 41.30277633667)"^^http://www.openlinksw.com/schemas/virtrdf#Geometry
http://www.w3.org/2000/01/rdf-schema#label	"Guimarei"@pt
http://www.w3.org/1999/02/22-rdf-syntax-ns#type	http://dbpedia.org/class/yago/YagoPermanentlyLocatedEntity
