#---Properties and values from: http://dbpedia.org/resource/Caldazinha
Property	Value
http://dbpedia.org/property/lats	"53"^^http://www.w3.org/2001/XMLSchema#integer
http://dbpedia.org/ontology/wikiPageExternalLink	http://www.frigoletto.com.br/GeoEcon/idhgo.htm
http://dbpedia.org/ontology/wikiPageRevisionID	"721553741"^^http://www.w3.org/2001/XMLSchema#integer
http://dbpedia.org/property/latm	"42"^^http://www.w3.org/2001/XMLSchema#integer
http://dbpedia.org/property/latns	"S"^^http://www.w3.org/1999/02/22-rdf-syntax-ns#langString
http://dbpedia.org/property/imageMap	"Goias Municip Caldazinha.svg"^^http://www.w3.org/1999/02/22-rdf-syntax-ns#langString
http://xmlns.com/foaf/0.1/isPrimaryTopicOf	http://en.wikipedia.org/wiki/Caldazinha
http://dbpedia.org/property/microregion	http://dbpedia.org/resource/Goiânia_Microregion
http://dbpedia.org/property/longm	"59"^^http://www.w3.org/2001/XMLSchema#integer
http://dbpedia.org/property/populationTotal	"3157"^^http://www.w3.org/2001/XMLSchema#integer
http://dbpedia.org/property/longs	"58"^^http://www.w3.org/2001/XMLSchema#integer
http://dbpedia.org/property/populationAsOf	"2007"^^http://www.w3.org/2001/XMLSchema#integer
http://purl.org/dc/terms/subject	http://dbpedia.org/resource/Category:Municipalities_in_Goiás
http://dbpedia.org/property/elevation	"866"^^http://www.w3.org/2001/XMLSchema#integer
http://dbpedia.org/property/state	"GO"^^http://www.w3.org/1999/02/22-rdf-syntax-ns#langString
http://www.w3.org/2000/01/rdf-schema#comment	"Caldazinha é um município brasileiro do estado de Goiás. Sua população estimada em 2004 era de 3.331 habitantes. Cidade situada a aproximadamente 30Km de Goiânia tem como base sustentavel a agricultura, tem hoje um enorme deficit de empregos diretos e indiretos, obrigando sua população a trabalhar em Goiânia ou em cidades da região."@pt
http://dbpedia.org/property/longd	"48"^^http://www.w3.org/2001/XMLSchema#integer
http://xmlns.com/foaf/0.1/primaryTopic	http://en.wikipedia.org/wiki/Caldazinha
http://www.w3.org/2002/07/owl#sameAs	http://rdf.freebase.com/ns/m.0bsmfj
http://dbpedia.org/ontology/thumbnail	http://commons.wikimedia.org/wiki/Special:FilePath/Goias_Municip_Caldazinha.svg?width=300
http://dbpedia.org/ontology/wikiPageID	"4255082"^^http://www.w3.org/2001/XMLSchema#integer
http://dbpedia.org/property/areaTotal	"312"^^http://www.w3.org/2001/XMLSchema#integer
http://www.w3.org/ns/prov#wasDerivedFrom	http://en.wikipedia.org/wiki/Caldazinha?oldid=721553741
http://dbpedia.org/property/name	"Caldazinha"^^http://www.w3.org/1999/02/22-rdf-syntax-ns#langString
http://xmlns.com/foaf/0.1/depiction	http://commons.wikimedia.org/wiki/Special:FilePath/Goias_Municip_Caldazinha.svg
http://purl.org/linguistics/gold/hypernym	http://dbpedia.org/resource/Municipality
http://dbpedia.org/property/latd	"16"^^http://www.w3.org/2001/XMLSchema#integer
http://dbpedia.org/property/postalCode	"75245"^^http://www.w3.org/2001/XMLSchema#integer
http://dbpedia.org/ontology/abstract	"Caldazinha is een gemeente in de Braziliaanse deelstaat Goiás. De gemeente telt 3.341 inwoners (schatting 2009)."@nl
http://www.w3.org/2000/01/rdf-schema#label	"Caldazinha"@en
http://www.w3.org/1999/02/22-rdf-syntax-ns#type	http://dbpedia.org/class/yago/Tract108673395
