#---Properties and values from: http://dbpedia.org/resource/Rubiães
Property	Value
http://www.w3.org/2002/07/owl#sameAs	http://wikidata.dbpedia.org/resource/Q2095537
http://dbpedia.org/ontology/wikiPageRedirects	http://dbpedia.org/resource/Rubiães,_Portugal
http://dbpedia.org/property/officialName	"Rubiães"^^http://www.w3.org/1999/02/22-rdf-syntax-ns#langString
http://dbpedia.org/ontology/wikiPageRevisionID	"701648690"^^http://www.w3.org/2001/XMLSchema#integer
http://dbpedia.org/ontology/wikiPageID	"11077154"^^http://www.w3.org/2001/XMLSchema#integer
http://dbpedia.org/property/areaTotal	"9.0800000000000000711"^^http://www.w3.org/2001/XMLSchema#decimal
http://dbpedia.org/ontology/location	http://dbpedia.org/resource/Church_of_São_Pedro_de_Rubiães
http://www.w3.org/ns/prov#wasDerivedFrom	http://en.wikipedia.org/wiki/Rubiães?oldid=701648690
http://xmlns.com/foaf/0.1/isPrimaryTopicOf	http://en.wikipedia.org/wiki/Rubiães
http://dbpedia.org/property/municipality	http://dbpedia.org/resource/Paredes_de_Coura
http://purl.org/linguistics/gold/hypernym	http://dbpedia.org/resource/Parish
http://dbpedia.org/ontology/country	http://dbpedia.org/resource/Portugal
http://dbpedia.org/property/latd	"41.896000000000000796"^^http://www.w3.org/2001/XMLSchema#decimal
http://dbpedia.org/property/populationTotal	"512"^^http://www.w3.org/2001/XMLSchema#integer
http://dbpedia.org/property/populationAsOf	"2011"^^http://www.w3.org/2001/XMLSchema#integer
http://purl.org/dc/terms/subject	http://dbpedia.org/resource/Category:Parishes_of_Paredes_de_Coura
http://dbpedia.org/ontology/abstract	"Рубиайнш (порт. Rubiães) — район (фрегезия) в Португалии, входит в округ Виана-ду-Каштелу. Является составной частью муниципалитета Паредеш-де-Кора. По старому административному делению входил в провинцию Минью. Входит в экономико-статистический субрегион Минью-Лима, который входит в Северный регион. Население составляет 548 человек на 2001 год. Занимает площадь 8,95 км²."@ru
http://www.w3.org/2000/01/rdf-schema#comment	"Рубиайнш (порт. Rubiães) — район (фрегезия) в Португалии, входит в округ Виана-ду-Каштелу. Является составной частью муниципалитета Паредеш-де-Кора. По старому административному делению входил в провинцию Минью. Входит в экономико-статистический субрегион Минью-Лима, который входит в Северный регион. Население составляет 548 человек на 2001 год. Занимает площадь 8,95 км²."@ru
http://www.w3.org/2000/01/rdf-schema#label	"Rubiães"@pt
http://dbpedia.org/property/longd	"-8.625"^^http://www.w3.org/2001/XMLSchema#decimal
http://xmlns.com/foaf/0.1/primaryTopic	http://en.wikipedia.org/wiki/Rubiães
http://www.w3.org/1999/02/22-rdf-syntax-ns#type	http://dbpedia.org/class/yago/YagoPermanentlyLocatedEntity
