#---Properties and values from: http://dbpedia.org/resource/São_João_da_Paraúna
Property	Value
http://dbpedia.org/property/lats	"39"^^http://www.w3.org/2001/XMLSchema#integer
http://dbpedia.org/ontology/wikiPageExternalLink	http://www.frigoletto.com.br/GeoEcon/idhgo.htm
http://dbpedia.org/ontology/wikiPageRevisionID	"721956317"^^http://www.w3.org/2001/XMLSchema#integer
http://dbpedia.org/property/latm	"48"^^http://www.w3.org/2001/XMLSchema#integer
http://dbpedia.org/property/latns	"S"^^http://www.w3.org/1999/02/22-rdf-syntax-ns#langString
http://dbpedia.org/property/imageMap	"Goias Municip SaoJoaodaParauna.svg"^^http://www.w3.org/1999/02/22-rdf-syntax-ns#langString
http://xmlns.com/foaf/0.1/isPrimaryTopicOf	http://en.wikipedia.org/wiki/São_João_da_Paraúna
http://dbpedia.org/property/microregion	http://dbpedia.org/resource/Vale_do_Rio_dos_Bois
http://dbpedia.org/property/longm	"23"^^http://www.w3.org/2001/XMLSchema#integer
http://dbpedia.org/property/populationTotal	"1699"^^http://www.w3.org/2001/XMLSchema#integer
http://dbpedia.org/property/populationAsOf	"2007"^^http://www.w3.org/2001/XMLSchema#integer
http://dbpedia.org/property/longs	"39"^^http://www.w3.org/2001/XMLSchema#integer
http://purl.org/dc/terms/subject	http://dbpedia.org/resource/Category:Municipalities_in_Goiás
http://dbpedia.org/property/elevation	"640"^^http://www.w3.org/2001/XMLSchema#integer
http://dbpedia.org/property/state	"GO"^^http://www.w3.org/1999/02/22-rdf-syntax-ns#langString
http://dbpedia.org/ontology/wikiPageDisambiguates	http://dbpedia.org/resource/São_João
http://www.w3.org/2000/01/rdf-schema#comment	"Сан-Жуан-да-Парауна (порт. São João da Paraúna) — муниципалитет в Бразилии, входит в штат Гояс. Составная часть мезорегиона Юг штата Гойас. Входит в экономико-статистический микрорегион Вали-ду-Риу-дус-Бойс. Население составляет 2132 человека на 2006 год. Занимает площадь 305,357 км². Плотность населения - 7,0 чел./км²."@ru
http://dbpedia.org/property/longd	"50"^^http://www.w3.org/2001/XMLSchema#integer
http://xmlns.com/foaf/0.1/primaryTopic	http://en.wikipedia.org/wiki/São_João_da_Paraúna
http://www.w3.org/2002/07/owl#sameAs	http://www.wikidata.org/entity/Q1794344
http://dbpedia.org/ontology/wikiPageRedirects	http://dbpedia.org/resource/Sao_Joao_da_Parauna
http://dbpedia.org/ontology/thumbnail	http://commons.wikimedia.org/wiki/Special:FilePath/Goias_Municip_SaoJoaodaParauna.svg?width=300
http://dbpedia.org/property/areaTotal	"305.30000000000001137"^^http://www.w3.org/2001/XMLSchema#decimal
http://dbpedia.org/ontology/wikiPageID	"4514123"^^http://www.w3.org/2001/XMLSchema#integer
http://www.w3.org/ns/prov#wasDerivedFrom	http://en.wikipedia.org/wiki/São_João_da_Paraúna?oldid=721956317
http://dbpedia.org/property/name	"São João da Paraúna"^^http://www.w3.org/1999/02/22-rdf-syntax-ns#langString
http://xmlns.com/foaf/0.1/depiction	http://commons.wikimedia.org/wiki/Special:FilePath/Goias_Municip_SaoJoaodaParauna.svg
http://purl.org/linguistics/gold/hypernym	http://dbpedia.org/resource/Municipality
http://dbpedia.org/property/latd	"16"^^http://www.w3.org/2001/XMLSchema#integer
http://dbpedia.org/property/postalCode	"75985"^^http://www.w3.org/2001/XMLSchema#integer
http://dbpedia.org/ontology/abstract	"São João da Paraúna es un municipio del estado de Goiás, en el Brasil. Su población estimada en 2004 era de 2 099 habitantes."@es
http://www.w3.org/2000/01/rdf-schema#label	"São João da Paraúna"@fr
http://www.w3.org/1999/02/22-rdf-syntax-ns#type	http://dbpedia.org/class/yago/Object100002684
