#---Properties and values from: http://dbpedia.org/resource/São_Luíz_do_Norte
Property	Value
http://dbpedia.org/property/lats	"52"^^http://www.w3.org/2001/XMLSchema#integer
http://dbpedia.org/ontology/wikiPageExternalLink	http://www.seplan.go.gov.br/sepin/pub/anuario/2005/transporte/tab01_transporte.htm
http://dbpedia.org/ontology/wikiPageRevisionID	"721845869"^^http://www.w3.org/2001/XMLSchema#integer
http://dbpedia.org/property/latm	"51"^^http://www.w3.org/2001/XMLSchema#integer
http://dbpedia.org/property/latns	"S"^^http://www.w3.org/1999/02/22-rdf-syntax-ns#langString
http://dbpedia.org/property/imageMap	"Goias Municip SaoLuizdoNorte.svg"^^http://www.w3.org/1999/02/22-rdf-syntax-ns#langString
http://xmlns.com/foaf/0.1/isPrimaryTopicOf	http://en.wikipedia.org/wiki/São_Luíz_do_Norte
http://dbpedia.org/property/microregion	http://dbpedia.org/resource/Ceres_Microregion
http://dbpedia.org/property/longm	"19"^^http://www.w3.org/2001/XMLSchema#integer
http://dbpedia.org/property/populationTotal	"4266"^^http://www.w3.org/2001/XMLSchema#integer
http://dbpedia.org/property/longs	"58"^^http://www.w3.org/2001/XMLSchema#integer
http://dbpedia.org/property/populationAsOf	"2007"^^http://www.w3.org/2001/XMLSchema#integer
http://purl.org/dc/terms/subject	http://dbpedia.org/resource/Category:Municipalities_in_Goiás
http://dbpedia.org/property/elevation	"564"^^http://www.w3.org/2001/XMLSchema#integer
http://dbpedia.org/property/state	"GO"^^http://www.w3.org/1999/02/22-rdf-syntax-ns#langString
http://www.w3.org/2000/01/rdf-schema#comment	"Сан-Луис-ду-Норти (порт. São Luís do Norte) — муниципалитет в Бразилии, входит в штат Гояс. Составная часть мезорегиона Центр штата Гойас. Входит в экономико-статистический микрорегион Серис. Население составляет 4173 человека на 2006 год. Занимает площадь 586,060 км². Плотность населения - 7,1 чел./км²."@ru
http://dbpedia.org/property/longd	"49"^^http://www.w3.org/2001/XMLSchema#integer
http://xmlns.com/foaf/0.1/primaryTopic	http://en.wikipedia.org/wiki/São_Luíz_do_Norte
http://www.w3.org/2002/07/owl#sameAs	http://nl.dbpedia.org/resource/São_Luís_do_Norte
http://dbpedia.org/ontology/wikiPageRedirects	http://dbpedia.org/resource/São_Luís_do_Norte
http://dbpedia.org/ontology/thumbnail	http://commons.wikimedia.org/wiki/Special:FilePath/Goias_Municip_SaoLuizdoNorte.svg?width=300
http://dbpedia.org/ontology/wikiPageID	"4467238"^^http://www.w3.org/2001/XMLSchema#integer
http://dbpedia.org/property/areaTotal	"586"^^http://www.w3.org/2001/XMLSchema#integer
http://www.w3.org/ns/prov#wasDerivedFrom	http://en.wikipedia.org/wiki/São_Luíz_do_Norte?oldid=721845869
http://dbpedia.org/property/name	"São Luíz do Norte"^^http://www.w3.org/1999/02/22-rdf-syntax-ns#langString
http://xmlns.com/foaf/0.1/depiction	http://commons.wikimedia.org/wiki/Special:FilePath/Goias_Municip_SaoLuizdoNorte.svg
http://dbpedia.org/property/latd	"14"^^http://www.w3.org/2001/XMLSchema#integer
http://dbpedia.org/property/postalCode	"76365"^^http://www.w3.org/2001/XMLSchema#integer
http://dbpedia.org/ontology/abstract	"São Luíz do Norte è un comune del Brasile nello Stato del Goiás, parte della mesoregione del Centro Goiano e della microregione di Ceres."@it
http://www.w3.org/2000/01/rdf-schema#label	"Сан-Луис-ду-Норти"@ru
