#---Properties and values from: http://dbpedia.org/resource/Cerqueira_César
Property	Value
http://dbpedia.org/property/lats	"8"^^http://www.w3.org/2001/XMLSchema#integer
http://dbpedia.org/ontology/wikiPageRevisionID	"720284455"^^http://www.w3.org/2001/XMLSchema#integer
http://dbpedia.org/property/latm	"2"^^http://www.w3.org/2001/XMLSchema#integer
http://dbpedia.org/property/latns	"S"^^http://www.w3.org/1999/02/22-rdf-syntax-ns#langString
http://dbpedia.org/property/imageMap	"SaoPaulo Municip CerqueiraCesar.svg"^^http://www.w3.org/1999/02/22-rdf-syntax-ns#langString
http://xmlns.com/foaf/0.1/isPrimaryTopicOf	http://en.wikipedia.org/wiki/Cerqueira_César
http://dbpedia.org/property/longm	"9"^^http://www.w3.org/2001/XMLSchema#integer
http://dbpedia.org/property/location	http://dbpedia.org/resource/1957_São_Paulo_FC_season
http://dbpedia.org/property/populationTotal	"19109"^^http://www.w3.org/2001/XMLSchema#integer
http://dbpedia.org/property/populationAsOf	"2015"^^http://www.w3.org/2001/XMLSchema#integer
http://dbpedia.org/property/longs	"58"^^http://www.w3.org/2001/XMLSchema#integer
http://purl.org/dc/terms/subject	http://dbpedia.org/resource/Category:Municipalities_in_São_Paulo_(state)
http://dbpedia.org/property/state	"SP"^^http://www.w3.org/1999/02/22-rdf-syntax-ns#langString
http://dbpedia.org/ontology/wikiPageDisambiguates	http://dbpedia.org/resource/Cerqueira
http://www.w3.org/2000/01/rdf-schema#comment	"Cerqueira César é um município brasileiro do estado de São Paulo. Localiza-se a uma latitude 23°02'08\" sul e a uma longitude 49°09'58\" oeste, estando a uma altitude de 737 metros. Sua população estimada em 2014 era de 18.909 habitantes."@pt
http://dbpedia.org/property/longd	"49"^^http://www.w3.org/2001/XMLSchema#integer
http://xmlns.com/foaf/0.1/primaryTopic	http://en.wikipedia.org/wiki/Cerqueira_César
http://www.w3.org/2002/07/owl#sameAs	http://yago-knowledge.org/resource/Cerqueira_César
http://dbpedia.org/ontology/wikiPageRedirects	http://dbpedia.org/resource/Cerqueira_Cesar
http://dbpedia.org/ontology/thumbnail	http://commons.wikimedia.org/wiki/Special:FilePath/SaoPaulo_Municip_CerqueiraCesar.svg?width=300
http://dbpedia.org/property/areaTotal	"512"^^http://www.w3.org/2001/XMLSchema#integer
http://dbpedia.org/ontology/wikiPageID	"1017290"^^http://www.w3.org/2001/XMLSchema#integer
http://dbpedia.org/ontology/location	http://dbpedia.org/resource/Rodovia_Castelo_Branco
http://www.w3.org/ns/prov#wasDerivedFrom	http://en.wikipedia.org/wiki/Cerqueira_César?oldid=720284455
http://xmlns.com/foaf/0.1/depiction	http://commons.wikimedia.org/wiki/Special:FilePath/SaoPaulo_Municip_CerqueiraCesar.svg
http://purl.org/linguistics/gold/hypernym	http://dbpedia.org/resource/Municipality
http://dbpedia.org/property/latd	"23"^^http://www.w3.org/2001/XMLSchema#integer
http://dbpedia.org/ontology/abstract	"Cerqueira César is a municipality in the state of São Paulo in Brazil. The population is 19,109 (2015 est.) in an area of 512 km². The elevation is 737 m."@en
http://www.w3.org/2000/01/rdf-schema#label	"Серкейра-Сезар"@ru
http://www.w3.org/1999/02/22-rdf-syntax-ns#type	http://dbpedia.org/class/yago/YagoLegalActorGeo
