#---Properties and values from: http://dbpedia.org/resource/Araraquara
Property	Value
http://dbpedia.org/property/longew	"W"^^http://www.w3.org/1999/02/22-rdf-syntax-ns#langString
http://dbpedia.org/property/lats	"41"^^http://www.w3.org/2001/XMLSchema#integer
http://dbpedia.org/ontology/wikiPageExternalLink	http://www.araraquara.sp.gov.br/
http://dbpedia.org/ontology/wikiPageRevisionID	"744719041"^^http://www.w3.org/2001/XMLSchema#integer
http://dbpedia.org/ontology/deathPlace	http://dbpedia.org/resource/Anésio_Argenton
http://dbpedia.org/property/latm	"47"^^http://www.w3.org/2001/XMLSchema#integer
http://dbpedia.org/property/latns	"S"^^http://www.w3.org/1999/02/22-rdf-syntax-ns#langString
http://dbpedia.org/property/areaCode	"+ 16"^^http://www.w3.org/1999/02/22-rdf-syntax-ns#langString
http://dbpedia.org/property/imageSkyline	"Vista_de_Araraquara.JPG"^^http://www.w3.org/1999/02/22-rdf-syntax-ns#langString
http://dbpedia.org/property/imageMap	"SaoPaulo Municip Araraquara.svg"^^http://www.w3.org/1999/02/22-rdf-syntax-ns#langString
http://xmlns.com/foaf/0.1/isPrimaryTopicOf	http://en.wikipedia.org/wiki/Araraquara
http://dbpedia.org/property/location	http://dbpedia.org/resource/1964_São_Paulo_FC_season
http://dbpedia.org/property/longm	"10"^^http://www.w3.org/2001/XMLSchema#integer
http://dbpedia.org/property/populationTotal	"226508"^^http://www.w3.org/2001/XMLSchema#integer
http://dbpedia.org/property/longs	"34"^^http://www.w3.org/2001/XMLSchema#integer
http://dbpedia.org/property/populationAsOf	"2015"^^http://www.w3.org/2001/XMLSchema#integer
http://purl.org/dc/terms/subject	http://dbpedia.org/resource/Category:Populated_places_established_in_1817
http://dbpedia.org/property/elevation	"664"^^http://www.w3.org/2001/XMLSchema#integer
http://dbpedia.org/property/state	"SP"^^http://www.w3.org/1999/02/22-rdf-syntax-ns#langString
http://dbpedia.org/property/stadium	http://dbpedia.org/resource/2015_Copa_do_Brasil_de_Futebol_Feminino
http://www.w3.org/2000/01/rdf-schema#comment	"Araraquara est une ville brésilienne de l'État de São Paulo. Sa population était estimée à 208 725 habitants en 2010. La municipalité s'étend sur 1 006 km². Araraquara possède un aéroport (code AITA : AQA)."@fr
http://dbpedia.org/property/imageShield	"Brasaodeararaquara.jpg"^^http://www.w3.org/1999/02/22-rdf-syntax-ns#langString
http://dbpedia.org/property/longd	"48"^^http://www.w3.org/2001/XMLSchema#integer
http://xmlns.com/foaf/0.1/primaryTopic	http://en.wikipedia.org/wiki/Araraquara
http://dbpedia.org/property/finish	http://dbpedia.org/resource/Rio_Madeira_HVDC_system
http://www.w3.org/2002/07/owl#sameAs	http://de.dbpedia.org/resource/Araraquara
http://dbpedia.org/ontology/thumbnail	http://commons.wikimedia.org/wiki/Special:FilePath/Bandeira_de_Araraquara.jpg?width=300
http://dbpedia.org/ontology/wikiPageID	"1259399"^^http://www.w3.org/2001/XMLSchema#integer
http://dbpedia.org/property/areaTotal	"1004"^^http://www.w3.org/2001/XMLSchema#integer
http://dbpedia.org/ontology/location	http://dbpedia.org/resource/Rodovia_Washington_Luís
http://dbpedia.org/ontology/birthPlace	http://dbpedia.org/resource/Renato_Janine_Ribeiro
http://www.w3.org/ns/prov#wasDerivedFrom	http://en.wikipedia.org/wiki/Araraquara?oldid=744719041
http://dbpedia.org/property/leaderName	"Marcelo Fortes Barbieri"^^http://www.w3.org/1999/02/22-rdf-syntax-ns#langString
http://dbpedia.org/property/place	http://dbpedia.org/resource/1971_FIBA_World_Championship_for_Women
http://dbpedia.org/ontology/city	http://dbpedia.org/resource/Araraquara_Airport
http://xmlns.com/foaf/0.1/depiction	http://commons.wikimedia.org/wiki/Special:FilePath/Bandeira_de_Araraquara.jpg
http://dbpedia.org/ontology/owner	http://dbpedia.org/resource/Estádio_Fonte_Luminosa
http://purl.org/linguistics/gold/hypernym	http://dbpedia.org/resource/City
http://dbpedia.org/property/latd	"21"^^http://www.w3.org/2001/XMLSchema#integer
http://dbpedia.org/property/postalCode	"14801"^^http://www.w3.org/2001/XMLSchema#integer
http://dbpedia.org/ontology/abstract	"阿拉拉夸拉（葡萄牙语：Araraquara）是位于巴西东部圣保罗州的一座城市，人口约200,000。 由于气候炎热，因此阿拉拉夸拉被称为“太阳之家（Sun's Home）”。   這是一个與南美洲地理相關的小作品。你可以通过编辑或修订扩充其内容。"@zh
http://dbpedia.org/property/imageFlag	"Bandeira de Araraquara.jpg"^^http://www.w3.org/1999/02/22-rdf-syntax-ns#langString
http://www.w3.org/2000/01/rdf-schema#label	"Araraquara"@es
http://dbpedia.org/ontology/ground	http://dbpedia.org/resource/Associação_Ferroviária_de_Esportes
http://www.w3.org/1999/02/22-rdf-syntax-ns#type	http://dbpedia.org/class/yago/WikicatPopulatedPlacesEstablishedIn1817
