#---Properties and values from: http://dbpedia.org/resource/Alicedale
Property	Value
http://xmlns.com/foaf/0.1/name	"Alicedale"@en
http://dbpedia.org/property/lats	"0"^^http://www.w3.org/2001/XMLSchema#integer
http://dbpedia.org/ontology/deathPlace	http://dbpedia.org/resource/George_Harvey_(sport_shooter)
http://dbpedia.org/property/latm	"19"^^http://www.w3.org/2001/XMLSchema#integer
http://dbpedia.org/property/areaCode	"42"^^http://www.w3.org/2001/XMLSchema#integer
http://dbpedia.org/property/imageSkyline	"Alicedale Old Station 2.jpg"^^http://www.w3.org/1999/02/22-rdf-syntax-ns#langString
http://www.w3.org/2003/01/geo/wgs84_pos#long	"26.083333969116210938"^^http://www.w3.org/2001/XMLSchema#float
http://purl.org/dc/terms/subject	http://dbpedia.org/resource/Category:Populated_places_in_the_Makana_Local_Municipality
http://dbpedia.org/property/birthPlace	http://dbpedia.org/resource/Paddy_Carolin
http://dbpedia.org/property/percentWhite	"1.2"^^http://dbpedia.org/datatype/perCent
http://dbpedia.org/ontology/postalCode	"6135"
http://www.w3.org/ns/prov#wasDerivedFrom	http://en.wikipedia.org/wiki/Alicedale?oldid=734944711
http://dbpedia.org/property/areaTotalKm	"4.7000000000000001776"^^http://www.w3.org/2001/XMLSchema#decimal
http://dbpedia.org/property/district	"Sarah Baartman"^^http://www.w3.org/1999/02/22-rdf-syntax-ns#langString
http://dbpedia.org/property/latd	"33"^^http://www.w3.org/2001/XMLSchema#integer
http://dbpedia.org/property/province	"Eastern Cape"^^http://www.w3.org/1999/02/22-rdf-syntax-ns#langString
http://www.w3.org/1999/02/22-rdf-syntax-ns#type	http://dbpedia.org/ontology/PopulatedPlace
http://dbpedia.org/property/demographics2Info	"51.9"^^http://dbpedia.org/datatype/perCent
http://dbpedia.org/ontology/wikiPageRevisionID	"734944711"^^http://www.w3.org/2001/XMLSchema#integer
http://dbpedia.org/property/imageCaption	"Alicedale Old Railway Station"^^http://www.w3.org/1999/02/22-rdf-syntax-ns#langString
http://dbpedia.org/property/demographics2Title	"Other"^^http://www.w3.org/1999/02/22-rdf-syntax-ns#langString
http://xmlns.com/foaf/0.1/isPrimaryTopicOf	http://en.wikipedia.org/wiki/Alicedale
http://dbpedia.org/property/municipality	"Makana"^^http://www.w3.org/1999/02/22-rdf-syntax-ns#langString
http://dbpedia.org/property/longm	"5"^^http://www.w3.org/2001/XMLSchema#integer
http://dbpedia.org/ontology/country	http://dbpedia.org/resource/South_Africa
http://dbpedia.org/property/populationTotal	"3872"^^http://www.w3.org/2001/XMLSchema#integer
http://dbpedia.org/property/populationAsOf	"2011"^^http://www.w3.org/2001/XMLSchema#integer
http://dbpedia.org/property/longs	"0"^^http://www.w3.org/2001/XMLSchema#integer
http://www.w3.org/2000/01/rdf-schema#comment	"Alicedale is a small settlement in Sarah Baartman District Municipality in the Eastern Cape province of South Africa, situated on the banks of the Bushmans River."@en
http://dbpedia.org/property/percentOther	"0.5"^^http://dbpedia.org/datatype/perCent
http://dbpedia.org/property/leaderTitle	"Councillor"^^http://www.w3.org/1999/02/22-rdf-syntax-ns#langString
http://dbpedia.org/property/percentAsian	"0.3"^^http://dbpedia.org/datatype/perCent
http://dbpedia.org/property/longd	"26"^^http://www.w3.org/2001/XMLSchema#integer
http://xmlns.com/foaf/0.1/primaryTopic	http://en.wikipedia.org/wiki/Alicedale
http://www.w3.org/2002/07/owl#sameAs	http://www.wikidata.org/entity/Q2043573
http://dbpedia.org/ontology/wikiPageRedirects	http://dbpedia.org/resource/KwaNonzwakazi
http://www.w3.org/2003/01/geo/wgs84_pos#lat	"33.3166656494140625"^^http://www.w3.org/2001/XMLSchema#float
http://www.georss.org/georss/point	"33.31666666666667 26.083333333333332"
http://dbpedia.org/ontology/thumbnail	http://commons.wikimedia.org/wiki/Special:FilePath/Alicedale_Old_Station_2.jpg?width=300
http://dbpedia.org/ontology/wikiPageID	"38061327"^^http://www.w3.org/2001/XMLSchema#integer
http://dbpedia.org/ontology/birthPlace	http://dbpedia.org/resource/Paddy_Carolin
http://dbpedia.org/property/percentBlack	"57.1"^^http://dbpedia.org/datatype/perCent
http://xmlns.com/foaf/0.1/depiction	http://commons.wikimedia.org/wiki/Special:FilePath/Alicedale_Old_Station_2.jpg
http://purl.org/linguistics/gold/hypernym	http://dbpedia.org/resource/Settlement
http://dbpedia.org/property/percentColoured	"40.9"^^http://dbpedia.org/datatype/perCent
http://dbpedia.org/ontology/abstract	"Alicedale is a small settlement in Sarah Baartman District Municipality in the Eastern Cape province of South Africa, situated on the banks of the Bushmans River."@en
http://www.w3.org/2003/01/geo/wgs84_pos#geometry	"POINT(26.083333969116 33.316665649414)"^^http://www.openlinksw.com/schemas/virtrdf#Geometry
http://www.w3.org/2000/01/rdf-schema#label	"Alicedale"@en
