#---Properties and values from: http://dbpedia.org/resource/Aragua
Property	Value
http://dbpedia.org/ontology/wikiPageExternalLink	http://www.ine.gob.ve/documentos/see/sintesisestadistica2010/estados/Aragua/index.htm
http://dbpedia.org/ontology/deathPlace	http://dbpedia.org/resource/José_Antonio_Casanova
http://www.w3.org/2003/01/geo/wgs84_pos#long	"-67.59999847412109375"^^http://www.w3.org/2001/XMLSchema#float
http://dbpedia.org/property/shipNamesake	http://dbpedia.org/resource/ARV_Aragua_(D-31)
http://dbpedia.org/ontology/isPartOf	http://dbpedia.org/resource/Barbacoas,_Aragua
http://dbpedia.org/property/state	http://dbpedia.org/resource/Mario_Briceño_Iragorry_Municipality
http://purl.org/dc/terms/subject	http://dbpedia.org/resource/Category:Aragua
http://dbpedia.org/property/binomialName	"Pithecellobium saman"^^http://www.w3.org/1999/02/22-rdf-syntax-ns#langString
http://dbpedia.org/property/anthem	"Himno del Estado Aragua"^^http://www.w3.org/1999/02/22-rdf-syntax-ns#langString
http://dbpedia.org/property/birthPlace	http://dbpedia.org/resource/Jesús_Merchán
http://dbpedia.org/property/teams	http://dbpedia.org/resource/Jonathan_Quijada
http://dbpedia.org/property/capital	http://dbpedia.org/resource/Maracay
http://www.w3.org/ns/prov#wasDerivedFrom	http://en.wikipedia.org/wiki/Aragua?oldid=744707487
http://dbpedia.org/property/areaTotalKm	"7014"^^http://www.w3.org/2001/XMLSchema#integer
http://dbpedia.org/property/motto	"God, Fatherland, and Aragua"^^http://www.w3.org/1999/02/22-rdf-syntax-ns#langString
http://dbpedia.org/ontology/assembly	http://dbpedia.org/resource/Chery_A3
http://dbpedia.org/property/areaPercentage	"0.76000000000000000888"^^http://www.w3.org/2001/XMLSchema#decimal
http://dbpedia.org/property/mandateStart	"2012"^^http://www.w3.org/2001/XMLSchema#integer
http://xmlns.com/foaf/0.1/homepage	http://www.aragua.gob.ve
http://www.w3.org/1999/02/22-rdf-syntax-ns#type	http://dbpedia.org/class/yago/WikicatStatesOfVenezuela
http://dbpedia.org/property/emblematicTree	"Samán"^^http://www.w3.org/1999/02/22-rdf-syntax-ns#langString
http://dbpedia.org/property/officialName	"Aragua"^^http://www.w3.org/1999/02/22-rdf-syntax-ns#langString
http://dbpedia.org/ontology/wikiPageRevisionID	"744707487"^^http://www.w3.org/2001/XMLSchema#integer
http://dbpedia.org/property/imageMap	"Aragua in Venezuela.svg"^^http://www.w3.org/1999/02/22-rdf-syntax-ns#langString
http://dbpedia.org/property/website	http://www.aragua.gob.ve
http://dbpedia.org/property/isoCode	http://dbpedia.org/resource/ISO_3166-2:VE
http://xmlns.com/foaf/0.1/isPrimaryTopicOf	http://en.wikipedia.org/wiki/Aragua
http://dbpedia.org/property/areaRank	"20"^^http://www.w3.org/2001/XMLSchema#integer
http://dbpedia.org/property/governor	http://dbpedia.org/resource/Tareck_El_Aissami
http://dbpedia.org/property/populationTotal	"1630308"^^http://www.w3.org/2001/XMLSchema#integer
http://dbpedia.org/property/populationAsOf	"2011"^^http://www.w3.org/2001/XMLSchema#integer
http://www.w3.org/2000/01/rdf-schema#comment	"Aragua is een deelstaat van Venezuela, gelegen in het noorden en grenzend aan de Caribische Zee. De hoofdstad is Maracay."@nl
http://dbpedia.org/property/imageShield	"Coat_of_arms_of_Aragua.png"^^http://www.w3.org/1999/02/22-rdf-syntax-ns#langString
http://xmlns.com/foaf/0.1/primaryTopic	http://en.wikipedia.org/wiki/Aragua
http://dbpedia.org/ontology/wikiPageRedirects	http://dbpedia.org/resource/Aragua_state
http://www.w3.org/2002/07/owl#sameAs	http://es.dbpedia.org/resource/Aragua_(estado)
http://dbpedia.org/ontology/broadcastArea	http://dbpedia.org/resource/Teletambores_TV
http://www.w3.org/2003/01/geo/wgs84_pos#lat	"10.25"^^http://www.w3.org/2001/XMLSchema#float
http://www.georss.org/georss/point	"10.25 -67.6"
http://dbpedia.org/ontology/thumbnail	http://commons.wikimedia.org/wiki/Special:FilePath/Flag_of_Aragua_State.svg?width=300
http://dbpedia.org/ontology/wikiPageID	"287989"^^http://www.w3.org/2001/XMLSchema#integer
http://dbpedia.org/ontology/location	http://dbpedia.org/resource/Corazón_esmeralda
http://dbpedia.org/ontology/birthPlace	http://dbpedia.org/resource/David_Díaz_(basketball)
http://dbpedia.org/property/mandateEnd	"2016"^^http://www.w3.org/2001/XMLSchema#integer
http://dbpedia.org/property/populationPercentage	"6.2800000000000002487"^^http://www.w3.org/2001/XMLSchema#decimal
http://dbpedia.org/ontology/state	http://dbpedia.org/resource/Universidad_Bicentenaria_de_Aragua
http://xmlns.com/foaf/0.1/depiction	http://commons.wikimedia.org/wiki/Special:FilePath/Flag_of_Aragua_State.svg
http://dbpedia.org/property/populationRank	"6"^^http://www.w3.org/2001/XMLSchema#integer
http://dbpedia.org/ontology/abstract	"Ара́гуа (исп. Aragua) — штат на севере Венесуэлы. Площадь — 7014 км². Административный центр — город Маракай."@ru
http://dbpedia.org/property/title	http://dbpedia.org/resource/Stephanie_de_Zorzi
http://www.w3.org/2003/01/geo/wgs84_pos#geometry	"POINT(-67.599998474121 10.25)"^^http://www.openlinksw.com/schemas/virtrdf#Geometry
http://dbpedia.org/property/imageFlag	"Flag of Aragua State.svg"^^http://www.w3.org/1999/02/22-rdf-syntax-ns#langString
http://www.w3.org/2000/01/rdf-schema#label	"Aragua"@it
http://dbpedia.org/property/dateCreation	"1899"^^http://www.w3.org/2001/XMLSchema#integer
