#---Properties and values from: http://dbpedia.org/resource/Istia_d'Ombrone
Property	Value
http://dbpedia.org/property/longew	"E"^^http://www.w3.org/1999/02/22-rdf-syntax-ns#langString
http://dbpedia.org/property/lats	"57"^^http://www.w3.org/2001/XMLSchema#integer
http://dbpedia.org/ontology/wikiPageRevisionID	"701654699"^^http://www.w3.org/2001/XMLSchema#integer
http://dbpedia.org/property/latm	"46"^^http://www.w3.org/2001/XMLSchema#integer
http://dbpedia.org/property/comune	http://dbpedia.org/resource/Grosseto
http://dbpedia.org/property/latns	"N"^^http://www.w3.org/1999/02/22-rdf-syntax-ns#langString
http://dbpedia.org/property/areaCode	"564"^^http://www.w3.org/2001/XMLSchema#integer
http://dbpedia.org/property/imageSkyline	"Porta grossetana ad Istia d'Ombrone.jpg"^^http://www.w3.org/1999/02/22-rdf-syntax-ns#langString
http://dbpedia.org/property/imageCaption	"View of Porta Grossetana"^^http://www.w3.org/1999/02/22-rdf-syntax-ns#langString
http://xmlns.com/foaf/0.1/isPrimaryTopicOf	http://en.wikipedia.org/wiki/Istia_d'Ombrone
http://dbpedia.org/property/longm	"11"^^http://www.w3.org/2001/XMLSchema#integer
http://dbpedia.org/property/populationTotal	"2027"^^http://www.w3.org/2001/XMLSchema#integer
http://dbpedia.org/property/populationAsOf	"2010"^^http://www.w3.org/2001/XMLSchema#integer
http://dbpedia.org/property/longs	"19"^^http://www.w3.org/2001/XMLSchema#integer
http://purl.org/dc/terms/subject	http://dbpedia.org/resource/Category:Castles_in_Tuscany
http://www.w3.org/2000/01/rdf-schema#comment	"Istia d'Ombrone (Italian: [ˈistja domˈbroːne]) is a small town in southern Tuscany, Italy, a frazione of the comune of Grosseto."@en
http://dbpedia.org/property/longd	"11"^^http://www.w3.org/2001/XMLSchema#integer
http://xmlns.com/foaf/0.1/primaryTopic	http://en.wikipedia.org/wiki/Istia_d'Ombrone
http://dbpedia.org/ontology/frazioni	http://dbpedia.org/resource/Grosseto
http://www.w3.org/2002/07/owl#sameAs	http://rdf.freebase.com/ns/m.0bh6t2j
http://dbpedia.org/ontology/thumbnail	http://commons.wikimedia.org/wiki/Special:FilePath/Porta_grossetana_ad_Istia_d'Ombrone.jpg?width=300
http://dbpedia.org/ontology/wikiPageID	"15021780"^^http://www.w3.org/2001/XMLSchema#integer
http://dbpedia.org/property/elevationM	"39"^^http://www.w3.org/2001/XMLSchema#integer
http://www.w3.org/ns/prov#wasDerivedFrom	http://en.wikipedia.org/wiki/Istia_d'Ombrone?oldid=701654699
http://dbpedia.org/property/coordinatesDisplay	"inline, title"^^http://www.w3.org/1999/02/22-rdf-syntax-ns#langString
http://dbpedia.org/property/name	"Istia d'Ombrone"^^http://www.w3.org/1999/02/22-rdf-syntax-ns#langString
http://xmlns.com/foaf/0.1/depiction	http://commons.wikimedia.org/wiki/Special:FilePath/Porta_grossetana_ad_Istia_d'Ombrone.jpg
http://purl.org/linguistics/gold/hypernym	http://dbpedia.org/resource/Town
http://dbpedia.org/property/latd	"42"^^http://www.w3.org/2001/XMLSchema#integer
http://dbpedia.org/property/postalCode	"58100"^^http://www.w3.org/2001/XMLSchema#integer
http://dbpedia.org/ontology/abstract	"Istia d’Ombrone ist ein Ortsteil der Stadt Grosseto in der Provinz Grosseto, Region Toskana in Italien."@de
http://www.w3.org/2000/01/rdf-schema#label	"Istia d'Ombrone"@en
http://dbpedia.org/property/province	http://dbpedia.org/resource/Province_of_Grosseto
http://www.w3.org/1999/02/22-rdf-syntax-ns#type	http://dbpedia.org/class/yago/WikicatCastlesInTuscany
http://dbpedia.org/property/gentilic	"Istiani"^^http://www.w3.org/1999/02/22-rdf-syntax-ns#langString
