#---Properties and values from: http://dbpedia.org/resource/Chapadão_do_Sul
Property	Value
http://dbpedia.org/property/lats	"38"^^http://www.w3.org/2001/XMLSchema#integer
http://dbpedia.org/ontology/wikiPageRevisionID	"724077249"^^http://www.w3.org/2001/XMLSchema#integer
http://dbpedia.org/property/latm	"47"^^http://www.w3.org/2001/XMLSchema#integer
http://dbpedia.org/property/latns	"S"^^http://www.w3.org/1999/02/22-rdf-syntax-ns#langString
http://dbpedia.org/property/imageMap	"MatoGrossodoSul Municip ChapadaodoSul.svg"^^http://www.w3.org/1999/02/22-rdf-syntax-ns#langString
http://xmlns.com/foaf/0.1/isPrimaryTopicOf	http://en.wikipedia.org/wiki/Chapadão_do_Sul
http://dbpedia.org/property/longm	"37"^^http://www.w3.org/2001/XMLSchema#integer
http://dbpedia.org/property/populationTotal	"15425"^^http://www.w3.org/2001/XMLSchema#integer
http://dbpedia.org/property/populationAsOf	"2005"^^http://www.w3.org/2001/XMLSchema#integer
http://dbpedia.org/property/longs	"22"^^http://www.w3.org/2001/XMLSchema#integer
http://purl.org/dc/terms/subject	http://dbpedia.org/resource/Category:Municipalities_in_Mato_Grosso_do_Sul
http://dbpedia.org/property/state	"MS"^^http://www.w3.org/1999/02/22-rdf-syntax-ns#langString
http://www.w3.org/2000/01/rdf-schema#comment	"Chapadão do Sul est une municipalité brésilienne de l'État de Mato Grosso do Sul et la Microrégion de Cassilândia."@fr
http://dbpedia.org/property/longd	"52"^^http://www.w3.org/2001/XMLSchema#integer
http://xmlns.com/foaf/0.1/primaryTopic	http://en.wikipedia.org/wiki/Chapadão_do_Sul
http://www.w3.org/2002/07/owl#sameAs	http://yago-knowledge.org/resource/Chapadão_do_Sul
http://dbpedia.org/ontology/wikiPageRedirects	http://dbpedia.org/resource/Chapadao_do_Sul
http://dbpedia.org/ontology/thumbnail	http://commons.wikimedia.org/wiki/Special:FilePath/MatoGrossodoSul_Municip_ChapadaodoSul.svg?width=300
http://dbpedia.org/property/areaTotal	"3851"^^http://www.w3.org/2001/XMLSchema#integer
http://dbpedia.org/ontology/wikiPageID	"8647546"^^http://www.w3.org/2001/XMLSchema#integer
http://www.w3.org/ns/prov#wasDerivedFrom	http://en.wikipedia.org/wiki/Chapadão_do_Sul?oldid=724077249
http://dbpedia.org/property/name	"Chapadão do Sul"^^http://www.w3.org/1999/02/22-rdf-syntax-ns#langString
http://xmlns.com/foaf/0.1/depiction	http://commons.wikimedia.org/wiki/Special:FilePath/MatoGrossodoSul_Municip_ChapadaodoSul.svg
http://purl.org/linguistics/gold/hypernym	http://dbpedia.org/resource/Municipality
http://dbpedia.org/property/latd	"18"^^http://www.w3.org/2001/XMLSchema#integer
http://dbpedia.org/ontology/abstract	"Chapadão do Sul è un comune del Brasile nello Stato del Mato Grosso do Sul, parte della mesoregione della Leste de Mato Grosso do Sul e della microregione di Cassilândia."@it
http://www.w3.org/2000/01/rdf-schema#label	"Шападан-ду-Сул"@ru
http://www.w3.org/1999/02/22-rdf-syntax-ns#type	http://dbpedia.org/class/yago/Tract108673395
