#---Properties and values from: http://dbpedia.org/resource/Madalena,_Ceará
Property	Value
http://dbpedia.org/property/lats	"25"^^http://www.w3.org/2001/XMLSchema#integer
http://dbpedia.org/ontology/wikiPageRevisionID	"719651719"^^http://www.w3.org/2001/XMLSchema#integer
http://dbpedia.org/property/latm	"51"^^http://www.w3.org/2001/XMLSchema#integer
http://dbpedia.org/property/latns	"S"^^http://www.w3.org/1999/02/22-rdf-syntax-ns#langString
http://dbpedia.org/property/imageMap	"Ceara Municip Madalena.svg"^^http://www.w3.org/1999/02/22-rdf-syntax-ns#langString
http://xmlns.com/foaf/0.1/isPrimaryTopicOf	http://en.wikipedia.org/wiki/Madalena,_Ceará
http://dbpedia.org/property/longm	"34"^^http://www.w3.org/2001/XMLSchema#integer
http://dbpedia.org/property/populationTotal	"19425"^^http://www.w3.org/2001/XMLSchema#integer
http://dbpedia.org/property/populationAsOf	"2015"^^http://www.w3.org/2001/XMLSchema#integer
http://dbpedia.org/property/longs	"37"^^http://www.w3.org/2001/XMLSchema#integer
http://purl.org/dc/terms/subject	http://dbpedia.org/resource/Category:Municipalities_in_Ceará
http://dbpedia.org/property/state	"CE"^^http://www.w3.org/1999/02/22-rdf-syntax-ns#langString
http://www.w3.org/2000/01/rdf-schema#comment	"Madalena è un comune del Brasile nello Stato del Ceará, parte della mesoregione di Sertões Cearenses e della microregione di Sertão de Quixeramobim."@it
http://dbpedia.org/property/longd	"39"^^http://www.w3.org/2001/XMLSchema#integer
http://xmlns.com/foaf/0.1/primaryTopic	http://en.wikipedia.org/wiki/Madalena,_Ceará
http://dbpedia.org/ontology/wikiPageRedirects	http://dbpedia.org/resource/Madalena,_Ceara
http://www.w3.org/2002/07/owl#sameAs	http://rdf.freebase.com/ns/m.04drrp
http://dbpedia.org/ontology/thumbnail	http://commons.wikimedia.org/wiki/Special:FilePath/Ceara_Municip_Madalena.svg?width=300
http://dbpedia.org/property/areaTotal	"1035"^^http://www.w3.org/2001/XMLSchema#integer
http://dbpedia.org/ontology/wikiPageID	"1177788"^^http://www.w3.org/2001/XMLSchema#integer
http://www.w3.org/ns/prov#wasDerivedFrom	http://en.wikipedia.org/wiki/Madalena,_Ceará?oldid=719651719
http://dbpedia.org/property/name	"Madalena"^^http://www.w3.org/1999/02/22-rdf-syntax-ns#langString
http://xmlns.com/foaf/0.1/depiction	http://commons.wikimedia.org/wiki/Special:FilePath/Ceara_Municip_Madalena.svg
http://purl.org/linguistics/gold/hypernym	http://dbpedia.org/resource/Municipality
http://dbpedia.org/property/latd	"4"^^http://www.w3.org/2001/XMLSchema#integer
http://dbpedia.org/ontology/abstract	"Madalena is a municipality in the state of Ceará, Brazil. The population is 19,425 (2015 est.) in an area of 1,035 km². It is located 180 km from Fortaleza, the state's capital. It is in the central part of the state. The municipality was formed in 1989, after having been part of the district of Quixeramobim. Roman Catholic churches include Our lady of the Immaculate Conception or Nossa Senhora da Conceição. The altitude is 299 m. The postal code is 63860-000. Madalena is home to the Mother Totonha Maternity Hospital, Bank of Brazil, Post Office, Lottery Agency, and the Forum. It is divided into six districts: Headquarters, Macaoca, Cajazeiras, Union, New Cacimba, and White Cocks. The District is the largest of Macaoca, 16 km from the municipal seat, the BR-020 is closer to the state capital. Its economy is based on farming, but also boast diversified trade with the Teotônio Edson Queiroz Corporate Finance Group. The town was built around one of the largest Catholic churches in Brazil. The city also has a modern art-museum (the Casartma - Magdalene House of Art) in which several works by regional and municipal artists are regularly displayed."@en
http://www.w3.org/2000/01/rdf-schema#label	"Мадалена (Сеара)"@ru
http://www.w3.org/1999/02/22-rdf-syntax-ns#type	http://dbpedia.org/class/yago/YagoPermanentlyLocatedEntity
