#---Properties and values from: http://dbpedia.org/resource/Langezwaag
Property	Value
http://xmlns.com/foaf/0.1/name	"Langezwaag"@en
http://dbpedia.org/ontology/wikiPageRevisionID	"649909573"^^http://www.w3.org/2001/XMLSchema#integer
http://www.w3.org/2003/01/geo/wgs84_pos#long	"6.0044445991516113281"^^http://www.w3.org/2001/XMLSchema#float
http://dbpedia.org/property/imageMap	"Map NL Opsterlân Langsweagen.png"^^http://www.w3.org/1999/02/22-rdf-syntax-ns#langString
http://xmlns.com/foaf/0.1/isPrimaryTopicOf	http://en.wikipedia.org/wiki/Langezwaag
http://dbpedia.org/property/subdivisionType	"Country"^^http://www.w3.org/1999/02/22-rdf-syntax-ns#langString
http://dbpedia.org/ontology/country	http://dbpedia.org/resource/Netherlands
http://dbpedia.org/property/populationTotal	"c. 1000 ."^^http://www.w3.org/1999/02/22-rdf-syntax-ns#langString
http://purl.org/dc/terms/subject	http://dbpedia.org/resource/Category:Populated_places_in_Friesland
http://dbpedia.org/ontology/isPartOf	http://dbpedia.org/resource/Friesland
http://www.w3.org/2000/01/rdf-schema#comment	"Langezwaag (West Frisian: Langsweagen) is a village consisting of about 1000 inhabitants in the municipality of Opsterland in the east of Friesland, the Netherlands. 16x Media related to [[commons:Category:{{#property:P373}}|Langezwaag]] at Wikimedia Commons"@en
http://dbpedia.org/ontology/type	http://dbpedia.org/resource/Village
http://xmlns.com/foaf/0.1/primaryTopic	http://en.wikipedia.org/wiki/Langezwaag
http://www.w3.org/2002/07/owl#sameAs	http://www.wikidata.org/entity/Q2686566
http://www.w3.org/2003/01/geo/wgs84_pos#lat	"52.98305511474609375"^^http://www.w3.org/2001/XMLSchema#float
http://www.georss.org/georss/point	"52.98305555555555 6.004444444444444"
http://dbpedia.org/ontology/thumbnail	http://commons.wikimedia.org/wiki/Special:FilePath/Map_NL_Opsterlân_Langsweagen.png?width=300
http://dbpedia.org/ontology/wikiPageID	"19399325"^^http://www.w3.org/2001/XMLSchema#integer
http://www.w3.org/ns/prov#wasDerivedFrom	http://en.wikipedia.org/wiki/Langezwaag?oldid=649909573
http://dbpedia.org/ontology/birthPlace	http://dbpedia.org/resource/Tjeerd_Bottema
http://xmlns.com/foaf/0.1/depiction	http://commons.wikimedia.org/wiki/Special:FilePath/Map_NL_Opsterlân_Langsweagen.png
http://purl.org/linguistics/gold/hypernym	http://dbpedia.org/resource/Village
http://dbpedia.org/ontology/abstract	"Langezwaag (Fries: Langsweagen) is een wegdorp in de gemeente Opsterland, provincie Friesland (Nederland). Het dorp ligt ten zuidwesten van Gorredijk, aan de weg naar Heerenveen, en telt ruim 1000 inwoners."@nl
http://www.w3.org/2003/01/geo/wgs84_pos#geometry	"POINT(6.0044445991516 52.983055114746)"^^http://www.openlinksw.com/schemas/virtrdf#Geometry
http://www.w3.org/2000/01/rdf-schema#label	"Langezwaag"@fr
http://dbpedia.org/property/mapsize	"280"^^http://www.w3.org/2001/XMLSchema#integer
http://www.w3.org/1999/02/22-rdf-syntax-ns#type	http://dbpedia.org/class/yago/Tract108673395
