#---Properties and values from: http://dbpedia.org/resource/Masterton
Property	Value
http://xmlns.com/foaf/0.1/name	"Masterton"@en
http://dbpedia.org/ontology/wikiPageExternalLink	http://mis.school.nz
http://dbpedia.org/property/augHighC	"13.099999999999999645"^^http://www.w3.org/2001/XMLSchema#decimal
http://dbpedia.org/property/maySun	"132"^^http://www.w3.org/2001/XMLSchema#integer
http://dbpedia.org/property/junLowC	"4"^^http://www.w3.org/2001/XMLSchema#integer
http://dbpedia.org/ontology/deathPlace	http://dbpedia.org/resource/John_Falloon
http://dbpedia.org/property/sepSun	"148"^^http://www.w3.org/2001/XMLSchema#integer
http://dbpedia.org/property/augMeanC	"8.4000000000000003553"^^http://www.w3.org/2001/XMLSchema#decimal
http://dbpedia.org/property/octLowC	"7.0999999999999996447"^^http://www.w3.org/2001/XMLSchema#decimal
http://dbpedia.org/property/aprLowC	"7.5"^^http://www.w3.org/2001/XMLSchema#decimal
http://dbpedia.org/property/mayRainMm	"93.599999999999994316"^^http://www.w3.org/2001/XMLSchema#decimal
http://dbpedia.org/property/location	http://dbpedia.org/resource/Queen_Elizabeth_Park,_Masterton
http://dbpedia.org/property/augRainDays	"14.099999999999999645"^^http://www.w3.org/2001/XMLSchema#decimal
http://dbpedia.org/property/novHumidity	"78.799999999999997158"^^http://www.w3.org/2001/XMLSchema#decimal
http://dbpedia.org/property/febSun	"204.40000000000000568"^^http://www.w3.org/2001/XMLSchema#decimal
http://dbpedia.org/ontology/isPartOf	http://dbpedia.org/resource/Wellington_Region
http://dbpedia.org/ontology/wikiPageDisambiguates	http://dbpedia.org/resource/Masterton_(disambiguation)
http://dbpedia.org/property/febHumidity	"82.900000000000005684"^^http://www.w3.org/2001/XMLSchema#decimal
http://dbpedia.org/property/julLowC	"3.1000000000000000888"^^http://www.w3.org/2001/XMLSchema#decimal
http://dbpedia.org/property/decHumidity	"76.900000000000005684"^^http://www.w3.org/2001/XMLSchema#decimal
http://dbpedia.org/property/janHumidity	"76"^^http://www.w3.org/2001/XMLSchema#integer
http://dbpedia.org/property/octSun	"184"^^http://www.w3.org/2001/XMLSchema#integer
http://dbpedia.org/property/aprRainDays	"9.1999999999999992895"^^http://www.w3.org/2001/XMLSchema#decimal
http://dbpedia.org/ontology/postalCode	"5810"
http://dbpedia.org/property/mayRainDays	"11"^^http://www.w3.org/2001/XMLSchema#integer
http://dbpedia.org/ontology/elevation	"111.0"^^http://www.w3.org/2001/XMLSchema#decimal
http://dbpedia.org/property/marHighC	"21.899999999999998579"^^http://www.w3.org/2001/XMLSchema#decimal
http://dbpedia.org/ontology/timeZone	http://dbpedia.org/resource/Time_in_New_Zealand
http://dbpedia.org/property/augHumidity	"89.599999999999994316"^^http://www.w3.org/2001/XMLSchema#decimal
http://dbpedia.org/property/janMeanC	"18.100000000000001421"^^http://www.w3.org/2001/XMLSchema#decimal
http://dbpedia.org/property/ground	http://dbpedia.org/resource/Wairarapa_Bush_Rugby_Football_Union
http://dbpedia.org/property/mapsize	"200"^^http://www.w3.org/2001/XMLSchema#integer
http://dbpedia.org/property/novSun	"185.59999999999999432"^^http://www.w3.org/2001/XMLSchema#decimal
http://dbpedia.org/property/populationDensityUrbanKm	"auto"^^http://www.w3.org/1999/02/22-rdf-syntax-ns#langString
http://dbpedia.org/property/yearHighC	"18.100000000000001421"^^http://www.w3.org/2001/XMLSchema#decimal
http://xmlns.com/foaf/0.1/homepage	http://www.mstn.govt.nz
http://dbpedia.org/property/yearMeanC	"12.800000000000000711"^^http://www.w3.org/2001/XMLSchema#decimal
http://dbpedia.org/property/decRainDays	"9.6999999999999992895"^^http://www.w3.org/2001/XMLSchema#decimal
http://dbpedia.org/property/mayMeanC	"10.5"^^http://www.w3.org/2001/XMLSchema#decimal
http://dbpedia.org/property/aprMeanC	"13.099999999999999645"^^http://www.w3.org/2001/XMLSchema#decimal
http://dbpedia.org/property/populationDensityKm	"auto"^^http://www.w3.org/1999/02/22-rdf-syntax-ns#langString
http://dbpedia.org/ontology/wikiPageRevisionID	"733159939"^^http://www.w3.org/2001/XMLSchema#integer
http://dbpedia.org/property/mapCaption	"Location of Masterton District in Wellington Region"^^http://www.w3.org/1999/02/22-rdf-syntax-ns#langString
http://dbpedia.org/property/janHighC	"24.300000000000000711"^^http://www.w3.org/2001/XMLSchema#decimal
http://dbpedia.org/property/imagesize	"300"^^http://www.w3.org/2001/XMLSchema#integer
http://dbpedia.org/property/febRainDays	"7.5999999999999996447"^^http://www.w3.org/2001/XMLSchema#decimal
http://dbpedia.org/property/mayHumidity	"89.5"^^http://www.w3.org/2001/XMLSchema#decimal
http://dbpedia.org/property/imageMap	"Masterton_District_within_Wellington_Region.png"^^http://www.w3.org/1999/02/22-rdf-syntax-ns#langString
http://dbpedia.org/property/seat	http://dbpedia.org/resource/Wairarapa_(New_Zealand_electorate)
http://dbpedia.org/property/aprSun	"155.59999999999999432"^^http://www.w3.org/2001/XMLSchema#decimal
http://dbpedia.org/property/novRainDays	"10"^^http://www.w3.org/2001/XMLSchema#integer
http://dbpedia.org/property/janRainMm	"44.399999999999998579"^^http://www.w3.org/2001/XMLSchema#decimal
http://dbpedia.org/property/junHighC	"13.199999999999999289"^^http://www.w3.org/2001/XMLSchema#decimal
http://dbpedia.org/property/decLowC	"10.699999999999999289"^^http://www.w3.org/2001/XMLSchema#decimal
http://dbpedia.org/property/marMeanC	"16.300000000000000711"^^http://www.w3.org/2001/XMLSchema#decimal
http://dbpedia.org/property/janSun	"238.59999999999999432"^^http://www.w3.org/2001/XMLSchema#decimal
http://www.w3.org/2002/07/owl#sameAs	http://ko.dbpedia.org/resource/매스터턴
http://dbpedia.org/property/singleLine	"yes"^^http://www.w3.org/1999/02/22-rdf-syntax-ns#langString
http://dbpedia.org/ontology/thumbnail	http://commons.wikimedia.org/wiki/Special:FilePath/Masterton_District_within_Wellington_Region.png?width=300
http://dbpedia.org/property/julRainDays	"14.099999999999999645"^^http://www.w3.org/2001/XMLSchema#decimal
http://dbpedia.org/property/yearLowC	"7.5"^^http://www.w3.org/2001/XMLSchema#decimal
http://dbpedia.org/ontology/areaUrban	"100660000.0"^^http://www.w3.org/2001/XMLSchema#decimal
http://dbpedia.org/property/augLowC	"3.7000000000000001776"^^http://www.w3.org/2001/XMLSchema#decimal
http://dbpedia.org/ontology/utcOffset	"+13"
http://dbpedia.org/property/febMeanC	"17.699999999999999289"^^http://www.w3.org/2001/XMLSchema#decimal
http://dbpedia.org/property/yearSun	"1964.2000000000000455"^^http://www.w3.org/2001/XMLSchema#decimal
http://dbpedia.org/property/junHumidity	"91.299999999999997158"^^http://www.w3.org/2001/XMLSchema#decimal
http://dbpedia.org/ontology/abstract	"Masterton is een stad in de regio Wellington op het noordereiland van Nieuw-Zeeland, 100 kilometer ten noordoosten van Wellington.Via de Wairarapa Line spoorlijn, geopend op 1 november 1880, kunnen de inwoners makkelijk Wellington, Lower Hutt and Upper Hutt bereiken. Het Hood vliegveld ligt net ten zuiden van Masterton. Masterton is genoemd naar pionier Joseph Masters, en voor het eerst bewoond door Europese immigranten op 21 mei 1854."@nl
http://www.w3.org/2000/01/rdf-schema#label	"Masterton"@es
http://dbpedia.org/property/julHighC	"12.099999999999999645"^^http://www.w3.org/2001/XMLSchema#decimal
http://dbpedia.org/property/novHighC	"19.800000000000000711"^^http://www.w3.org/2001/XMLSchema#decimal
http://dbpedia.org/property/novRainMm	"77.5"^^http://www.w3.org/2001/XMLSchema#decimal
http://dbpedia.org/property/novLowC	"8.6999999999999992895"^^http://www.w3.org/2001/XMLSchema#decimal
http://dbpedia.org/property/timezoneDst	"NZDT"^^http://www.w3.org/1999/02/22-rdf-syntax-ns#langString
http://dbpedia.org/property/yearRainDays	"129.80000000000001137"^^http://www.w3.org/2001/XMLSchema#decimal
http://dbpedia.org/property/julMeanC	"7.5999999999999996447"^^http://www.w3.org/2001/XMLSchema#decimal
http://www.w3.org/2003/01/geo/wgs84_pos#long	"175.6583404541015625"^^http://www.w3.org/2001/XMLSchema#float
http://dbpedia.org/property/augRainMm	"86.700000000000002842"^^http://www.w3.org/2001/XMLSchema#decimal
http://dbpedia.org/property/decSun	"221.30000000000001137"^^http://www.w3.org/2001/XMLSchema#decimal
http://dbpedia.org/property/date	"August 2010"^^http://www.w3.org/1999/02/22-rdf-syntax-ns#langString
http://dbpedia.org/property/novMeanC	"14.199999999999999289"^^http://www.w3.org/2001/XMLSchema#decimal
http://dbpedia.org/ontology/routeEnd	http://dbpedia.org/resource/New_Zealand_State_Highway_52
http://dbpedia.org/property/source	"NIWA Climate Data"^^http://www.w3.org/1999/02/22-rdf-syntax-ns#langString
http://dbpedia.org/property/subdivisionType	http://dbpedia.org/resource/Regions_of_New_Zealand
http://dbpedia.org/property/marHumidity	"84.200000000000002842"^^http://www.w3.org/2001/XMLSchema#decimal
http://dbpedia.org/property/julSun	"114.90000000000000568"^^http://www.w3.org/2001/XMLSchema#decimal
http://dbpedia.org/property/marLowC	"10.599999999999999645"^^http://www.w3.org/2001/XMLSchema#decimal
http://purl.org/dc/terms/subject	http://dbpedia.org/resource/Category:Masterton
http://dbpedia.org/property/febRainMm	"68.900000000000005684"^^http://www.w3.org/2001/XMLSchema#decimal
http://dbpedia.org/property/octRainDays	"12.800000000000000711"^^http://www.w3.org/2001/XMLSchema#decimal
http://dbpedia.org/property/febLowC	"11.400000000000000355"^^http://www.w3.org/2001/XMLSchema#decimal
http://dbpedia.org/property/sepHumidity	"83.5"^^http://www.w3.org/2001/XMLSchema#decimal
http://dbpedia.org/property/marSun	"169.19999999999998863"^^http://www.w3.org/2001/XMLSchema#decimal
http://dbpedia.org/property/birthPlace	http://dbpedia.org/resource/Craig_Clarke
http://dbpedia.org/property/decMeanC	"16.399999999999998579"^^http://www.w3.org/2001/XMLSchema#decimal
http://dbpedia.org/property/yearRainMm	"922.89999999999997726"^^http://www.w3.org/2001/XMLSchema#decimal
http://dbpedia.org/property/augSun	"128.59999999999999432"^^http://www.w3.org/2001/XMLSchema#decimal
http://dbpedia.org/ontology/PopulatedPlace/areaUrban	"100.66"^^http://dbpedia.org/datatype/squareKilometre
http://dbpedia.org/ontology/areaTotal	"2299000000.0"^^http://www.w3.org/2001/XMLSchema#decimal
http://dbpedia.org/property/decHighC	"22.100000000000001421"^^http://www.w3.org/2001/XMLSchema#decimal
http://dbpedia.org/property/junRainMm	"105.29999999999999716"^^http://www.w3.org/2001/XMLSchema#decimal
http://dbpedia.org/property/sepHighC	"15.400000000000000355"^^http://www.w3.org/2001/XMLSchema#decimal
http://www.w3.org/ns/prov#wasDerivedFrom	http://en.wikipedia.org/wiki/Masterton?oldid=733159939
http://dbpedia.org/property/totalType	"Territorial"^^http://www.w3.org/1999/02/22-rdf-syntax-ns#langString
http://dbpedia.org/property/seatType	"Electorate"^^http://www.w3.org/1999/02/22-rdf-syntax-ns#langString
http://dbpedia.org/property/rainColour	"green"^^http://www.w3.org/1999/02/22-rdf-syntax-ns#langString
http://dbpedia.org/ontology/areaCode	"06"
http://dbpedia.org/property/octHighC	"17.5"^^http://www.w3.org/2001/XMLSchema#decimal
http://dbpedia.org/property/sepMeanC	"10.5"^^http://www.w3.org/2001/XMLSchema#decimal
http://dbpedia.org/property/octMeanC	"12.300000000000000711"^^http://www.w3.org/2001/XMLSchema#decimal
http://dbpedia.org/ontology/city	http://dbpedia.org/resource/Hood_Aerodrome
http://dbpedia.org/property/mayLowC	"5.5"^^http://www.w3.org/2001/XMLSchema#decimal
http://dbpedia.org/property/populationUrban	"|R"^^http://www.w3.org/1999/02/22-rdf-syntax-ns#langString
http://dbpedia.org/property/establishedTitle	"Town founded"^^http://www.w3.org/1999/02/22-rdf-syntax-ns#langString
http://dbpedia.org/property/yearHumidity	"84.200000000000002842"^^http://www.w3.org/2001/XMLSchema#decimal
http://dbpedia.org/property/aprRainMm	"54"^^http://www.w3.org/2001/XMLSchema#integer
http://www.w3.org/2000/01/rdf-schema#seeAlso	http://dbpedia.org/resource/The_Wellington_Region
http://dbpedia.org/property/marRainMm	"84.5"^^http://www.w3.org/2001/XMLSchema#decimal
http://dbpedia.org/property/aprHumidity	"87"^^http://www.w3.org/2001/XMLSchema#integer
http://www.w3.org/1999/02/22-rdf-syntax-ns#type	http://dbpedia.org/class/yago/YagoPermanentlyLocatedEntity
http://dbpedia.org/property/julHumidity	"91.099999999999994316"^^http://www.w3.org/2001/XMLSchema#decimal
http://dbpedia.org/property/sepRainDays	"11.699999999999999289"^^http://www.w3.org/2001/XMLSchema#decimal
http://dbpedia.org/property/febHighC	"24"^^http://www.w3.org/2001/XMLSchema#integer
http://dbpedia.org/property/imageCaption	"Masterton on a Winters Morning"^^http://www.w3.org/1999/02/22-rdf-syntax-ns#langString
http://xmlns.com/foaf/0.1/isPrimaryTopicOf	http://en.wikipedia.org/wiki/Masterton
http://dbpedia.org/property/marRainDays	"10.099999999999999645"^^http://www.w3.org/2001/XMLSchema#decimal
http://dbpedia.org/property/postalCodeType	"Postcode"^^http://www.w3.org/1999/02/22-rdf-syntax-ns#langString
http://dbpedia.org/property/junSun	"99.900000000000005684"^^http://www.w3.org/2001/XMLSchema#decimal
http://dbpedia.org/ontology/headquarter	http://dbpedia.org/resource/Wairarapa_Times-Age
http://dbpedia.org/property/populationTotal	"|R"^^http://www.w3.org/1999/02/22-rdf-syntax-ns#langString
http://dbpedia.org/property/janRainDays	"7.0999999999999996447"^^http://www.w3.org/2001/XMLSchema#decimal
http://dbpedia.org/property/junMeanC	"8.5999999999999996447"^^http://www.w3.org/2001/XMLSchema#decimal
http://dbpedia.org/property/janLowC	"11.800000000000000711"^^http://www.w3.org/2001/XMLSchema#decimal
http://dbpedia.org/property/stadium	http://dbpedia.org/resource/2010_Heartland_Championship
http://www.w3.org/2000/01/rdf-schema#comment	"Masterton is een stad in de regio Wellington op het noordereiland van Nieuw-Zeeland, 100 kilometer ten noordoosten van Wellington.Via de Wairarapa Line spoorlijn, geopend op 1 november 1880, kunnen de inwoners makkelijk Wellington, Lower Hutt and Upper Hutt bereiken. Het Hood vliegveld ligt net ten zuiden van Masterton. Masterton is genoemd naar pionier Joseph Masters, en voor het eerst bewoond door Europese immigranten op 21 mei 1854."@nl
http://dbpedia.org/property/mayHighC	"15.400000000000000355"^^http://www.w3.org/2001/XMLSchema#decimal
http://xmlns.com/foaf/0.1/primaryTopic	http://en.wikipedia.org/wiki/Masterton
http://dbpedia.org/ontology/leaderTitle	"Mayor"@en
http://dbpedia.org/property/aprHighC	"18.800000000000000711"^^http://www.w3.org/2001/XMLSchema#decimal
http://dbpedia.org/ontology/wikiPageRedirects	http://dbpedia.org/resource/Masterton_District_Council
http://dbpedia.org/property/sepRainMm	"73.700000000000002842"^^http://www.w3.org/2001/XMLSchema#decimal
http://dbpedia.org/property/octRainMm	"77.200000000000002842"^^http://www.w3.org/2001/XMLSchema#decimal
http://www.w3.org/2003/01/geo/wgs84_pos#lat	"-40.952777862548828125"^^http://www.w3.org/2001/XMLSchema#float
http://www.georss.org/georss/point	"-40.952777777777776 175.65833333333333"
http://dbpedia.org/ontology/wikiPageID	"710832"^^http://www.w3.org/2001/XMLSchema#integer
http://dbpedia.org/ontology/location	http://dbpedia.org/resource/Hood_Aerodrome
http://dbpedia.org/ontology/birthPlace	http://dbpedia.org/resource/Jesse_Ryder
http://dbpedia.org/property/octHumidity	"79"^^http://www.w3.org/2001/XMLSchema#integer
http://dbpedia.org/ontology/PopulatedPlace/areaTotal	"2299.0"^^http://dbpedia.org/datatype/squareKilometre
http://dbpedia.org/property/leaderName	"Lyn Patterson"^^http://www.w3.org/1999/02/22-rdf-syntax-ns#langString
http://dbpedia.org/property/junRainDays	"13.199999999999999289"^^http://www.w3.org/2001/XMLSchema#decimal
http://dbpedia.org/property/metricFirst	"yes"^^http://www.w3.org/1999/02/22-rdf-syntax-ns#langString
http://xmlns.com/foaf/0.1/depiction	http://commons.wikimedia.org/wiki/Special:FilePath/Masterton_District_within_Wellington_Region.png
http://dbpedia.org/property/julRainMm	"90.900000000000005684"^^http://www.w3.org/2001/XMLSchema#decimal
http://purl.org/linguistics/gold/hypernym	http://dbpedia.org/resource/Raybon_Kan
http://dbpedia.org/property/establishedDate	"1854"^^http://www.w3.org/2001/XMLSchema#integer
http://dbpedia.org/property/sepLowC	"5.5999999999999996447"^^http://www.w3.org/2001/XMLSchema#decimal
http://www.w3.org/2003/01/geo/wgs84_pos#geometry	"POINT(175.6583404541 -40.952777862549)"^^http://www.openlinksw.com/schemas/virtrdf#Geometry
http://dbpedia.org/property/decRainMm	"70.900000000000005684"^^http://www.w3.org/2001/XMLSchema#decimal
http://dbpedia.org/property/subdivisionName	"Masterton District"^^http://www.w3.org/1999/02/22-rdf-syntax-ns#langString
