#---Properties and values from: http://dbpedia.org/resource/Pirapora
Property	Value
http://dbpedia.org/property/lats	"52"^^http://www.w3.org/2001/XMLSchema#integer
http://dbpedia.org/ontology/wikiPageExternalLink	http://www.santoagostinho.edu.br/pinf.aspx?cod=2508
http://dbpedia.org/ontology/wikiPageRevisionID	"718111503"^^http://www.w3.org/2001/XMLSchema#integer
http://dbpedia.org/property/latm	"20"^^http://www.w3.org/2001/XMLSchema#integer
http://dbpedia.org/property/latns	"S"^^http://www.w3.org/1999/02/22-rdf-syntax-ns#langString
http://dbpedia.org/property/imageMap	"MinasGerais Municip Pirapora.svg"^^http://www.w3.org/1999/02/22-rdf-syntax-ns#langString
http://xmlns.com/foaf/0.1/isPrimaryTopicOf	http://en.wikipedia.org/wiki/Pirapora
http://dbpedia.org/property/longm	"56"^^http://www.w3.org/2001/XMLSchema#integer
http://dbpedia.org/property/populationTotal	"56229"^^http://www.w3.org/2001/XMLSchema#integer
http://dbpedia.org/property/populationAsOf	"2015"^^http://www.w3.org/2001/XMLSchema#integer
http://dbpedia.org/property/longs	"37"^^http://www.w3.org/2001/XMLSchema#integer
http://purl.org/dc/terms/subject	http://dbpedia.org/resource/Category:Municipalities_in_Minas_Gerais
http://dbpedia.org/property/state	"MG"^^http://www.w3.org/1999/02/22-rdf-syntax-ns#langString
http://www.w3.org/2000/01/rdf-schema#comment	"Pirapora is a municipality (município) in northcentral Minas Gerais in Brazil. The population is 56,229 (2015 est.) in an area of 550 km². The name Pirapora comes from the Tupi words for \"fish\" + \"jump\", referring to the piracema season when a mass migration of fishes ascends the São Francisco River to spawn."@en
http://dbpedia.org/property/longd	"44"^^http://www.w3.org/2001/XMLSchema#integer
http://xmlns.com/foaf/0.1/primaryTopic	http://en.wikipedia.org/wiki/Pirapora
http://www.w3.org/2002/07/owl#sameAs	http://sws.geonames.org/3453546/
http://dbpedia.org/ontology/thumbnail	http://commons.wikimedia.org/wiki/Special:FilePath/MinasGerais_Municip_Pirapora.svg?width=300
http://dbpedia.org/property/areaTotal	"550"^^http://www.w3.org/2001/XMLSchema#integer
http://dbpedia.org/ontology/wikiPageID	"1090456"^^http://www.w3.org/2001/XMLSchema#integer
http://www.w3.org/ns/prov#wasDerivedFrom	http://en.wikipedia.org/wiki/Pirapora?oldid=718111503
http://dbpedia.org/ontology/birthPlace	http://dbpedia.org/resource/Dharma_Mittra
http://xmlns.com/foaf/0.1/depiction	http://commons.wikimedia.org/wiki/Special:FilePath/MinasGerais_Municip_Pirapora.svg
http://purl.org/linguistics/gold/hypernym	http://dbpedia.org/resource/Municipality
http://dbpedia.org/property/latd	"17"^^http://www.w3.org/2001/XMLSchema#integer
http://dbpedia.org/ontology/abstract	"Pirapora est une municipalité brésilienne de l'État du Minas Gerais et la microrégion de Pirapora."@fr
http://www.w3.org/2000/01/rdf-schema#label	"Pirapora"@pt
http://www.w3.org/1999/02/22-rdf-syntax-ns#type	http://dbpedia.org/class/yago/YagoLegalActorGeo
