#---Properties and values from: http://dbpedia.org/resource/Conchas
Property	Value
http://dbpedia.org/property/lats	"55"^^http://www.w3.org/2001/XMLSchema#integer
http://dbpedia.org/ontology/wikiPageRevisionID	"720284766"^^http://www.w3.org/2001/XMLSchema#integer
http://dbpedia.org/property/latm	"0"^^http://www.w3.org/2001/XMLSchema#integer
http://dbpedia.org/property/latns	"S"^^http://www.w3.org/1999/02/22-rdf-syntax-ns#langString
http://dbpedia.org/property/imageMap	"SaoPaulo Municip Conchas.svg"^^http://www.w3.org/1999/02/22-rdf-syntax-ns#langString
http://xmlns.com/foaf/0.1/isPrimaryTopicOf	http://en.wikipedia.org/wiki/Conchas
http://dbpedia.org/property/longm	"0"^^http://www.w3.org/2001/XMLSchema#integer
http://dbpedia.org/property/populationTotal	"17406"^^http://www.w3.org/2001/XMLSchema#integer
http://dbpedia.org/property/longs	"38"^^http://www.w3.org/2001/XMLSchema#integer
http://dbpedia.org/property/populationAsOf	"2015"^^http://www.w3.org/2001/XMLSchema#integer
http://purl.org/dc/terms/subject	http://dbpedia.org/resource/Category:Municipalities_in_São_Paulo_(state)
http://dbpedia.org/property/state	"SP"^^http://www.w3.org/1999/02/22-rdf-syntax-ns#langString
http://www.w3.org/2000/01/rdf-schema#comment	"Conchas is a municipality in the state of São Paulo in Brazil. The population is 17,406 (2015 est.) in an area of 466 km². The elevation is 503m."@en
http://dbpedia.org/property/longd	"48"^^http://www.w3.org/2001/XMLSchema#integer
http://xmlns.com/foaf/0.1/primaryTopic	http://en.wikipedia.org/wiki/Conchas
http://www.w3.org/2002/07/owl#sameAs	http://pt.dbpedia.org/resource/Conchas
http://dbpedia.org/ontology/thumbnail	http://commons.wikimedia.org/wiki/Special:FilePath/SaoPaulo_Municip_Conchas.svg?width=300
http://dbpedia.org/ontology/wikiPageID	"1017334"^^http://www.w3.org/2001/XMLSchema#integer
http://dbpedia.org/property/areaTotal	"466"^^http://www.w3.org/2001/XMLSchema#integer
http://dbpedia.org/ontology/location	http://dbpedia.org/resource/Rodovia_Castelo_Branco
http://www.w3.org/ns/prov#wasDerivedFrom	http://en.wikipedia.org/wiki/Conchas?oldid=720284766
http://xmlns.com/foaf/0.1/depiction	http://commons.wikimedia.org/wiki/Special:FilePath/SaoPaulo_Municip_Conchas.svg
http://purl.org/linguistics/gold/hypernym	http://dbpedia.org/resource/Municipality
http://dbpedia.org/property/latd	"23"^^http://www.w3.org/2001/XMLSchema#integer
http://dbpedia.org/ontology/abstract	"Conchas é um município brasileiro do estado de São Paulo. Localiza-se a uma latitude 23º00'55\" sul e a uma longitude 48º00'38\" oeste, estando a uma altitude de 503 metros. Sua população estimada em 2015 era de 17.406 habitantes. Possui uma área de 466,024 km²."@pt
http://www.w3.org/2000/01/rdf-schema#label	"Conchas"@en
http://www.w3.org/1999/02/22-rdf-syntax-ns#type	http://dbpedia.org/class/yago/Tract108673395
