#---Properties and values from: http://dbpedia.org/resource/Pego_(Abrantes)
Property	Value
http://dbpedia.org/property/officialName	"Pego"^^http://www.w3.org/1999/02/22-rdf-syntax-ns#langString
http://dbpedia.org/ontology/wikiPageRevisionID	"689446886"^^http://www.w3.org/2001/XMLSchema#integer
http://dbpedia.org/property/wordnet_type	http://www.w3.org/2006/03/wn/wn20/instances/synset-municipality-noun-2
http://dbpedia.org/property/areaCode	"241"^^http://www.w3.org/2001/XMLSchema#integer
http://dbpedia.org/property/imageSkyline	"Tejo e Pego.JPG"^^http://www.w3.org/1999/02/22-rdf-syntax-ns#langString
http://xmlns.com/foaf/0.1/isPrimaryTopicOf	http://en.wikipedia.org/wiki/Pego_(Abrantes)
http://dbpedia.org/property/municipality	http://dbpedia.org/resource/Abrantes
http://dbpedia.org/ontology/country	http://dbpedia.org/resource/Portugal
http://dbpedia.org/property/populationTotal	"2431"^^http://www.w3.org/2001/XMLSchema#integer
http://dbpedia.org/property/populationAsOf	"2011"^^http://www.w3.org/2001/XMLSchema#integer
http://dbpedia.org/ontology/wikiPageDisambiguates	http://dbpedia.org/resource/Pego
http://purl.org/dc/terms/subject	http://dbpedia.org/resource/Category:Parishes_of_Abrantes
http://www.w3.org/2000/01/rdf-schema#comment	"Pego es una freguesia portuguesa del concejo de Abrantes, con 36,08 km² de área y 2.570 habitantes. Densidad: 71,2 hab/km²."@es
http://dbpedia.org/property/cim	http://dbpedia.org/resource/Médio_Tejo
http://dbpedia.org/property/imageShield	"ABT-pego.png"^^http://www.w3.org/1999/02/22-rdf-syntax-ns#langString
http://dbpedia.org/property/longd	"-8.1489999999999991331"^^http://www.w3.org/2001/XMLSchema#decimal
http://xmlns.com/foaf/0.1/primaryTopic	http://en.wikipedia.org/wiki/Pego_(Abrantes)
http://dbpedia.org/ontology/wikiPageRedirects	http://dbpedia.org/resource/Pego,_Abrantes
http://www.w3.org/2002/07/owl#sameAs	http://rdf.freebase.com/ns/m.0f9zp_
http://dbpedia.org/ontology/thumbnail	http://commons.wikimedia.org/wiki/Special:FilePath/Tejo_e_Pego.JPG?width=300
http://dbpedia.org/ontology/postalCode	"2205"
http://dbpedia.org/ontology/wikiPageID	"5869696"^^http://www.w3.org/2001/XMLSchema#integer
http://dbpedia.org/property/areaTotal	"36.049999999999997158"^^http://www.w3.org/2001/XMLSchema#decimal
http://www.w3.org/ns/prov#wasDerivedFrom	http://en.wikipedia.org/wiki/Pego_(Abrantes)?oldid=689446886
http://dbpedia.org/property/district	http://dbpedia.org/resource/Santarém_District
http://xmlns.com/foaf/0.1/depiction	http://commons.wikimedia.org/wiki/Special:FilePath/Tejo_e_Pego.JPG
http://dbpedia.org/property/patron	http://dbpedia.org/resource/Saint_Lucy
http://purl.org/linguistics/gold/hypernym	http://dbpedia.org/resource/Parish
http://dbpedia.org/property/latd	"39.462000000000003297"^^http://www.w3.org/2001/XMLSchema#decimal
http://dbpedia.org/property/subregion	http://dbpedia.org/resource/Médio_Tejo
http://dbpedia.org/ontology/abstract	"Pego is a civil parish in the municipality (concelho) of Abrantes, in the historic Portuguese district of Santarém. The population in 2011 was 2,431, in an area of 36.05 square kilometres (13.92 sq mi)."@en
http://dbpedia.org/property/imageFlag	"Pt-abtpg1.png"^^http://www.w3.org/1999/02/22-rdf-syntax-ns#langString
http://www.w3.org/2000/01/rdf-schema#label	"Pego (Abrantes)"@es
http://www.w3.org/1999/02/22-rdf-syntax-ns#type	http://dbpedia.org/class/yago/PhysicalEntity100001930
http://dbpedia.org/property/region	http://dbpedia.org/resource/Centro_Region,_Portugal
