#---Properties and values from: http://dbpedia.org/resource/Almas,_Tocantins
Property	Value
http://dbpedia.org/property/lats	"26"^^http://www.w3.org/2001/XMLSchema#integer
http://dbpedia.org/ontology/wikiPageRevisionID	"725259821"^^http://www.w3.org/2001/XMLSchema#integer
http://dbpedia.org/property/latm	"34"^^http://www.w3.org/2001/XMLSchema#integer
http://dbpedia.org/property/latns	"S"^^http://www.w3.org/1999/02/22-rdf-syntax-ns#langString
http://dbpedia.org/property/imageMap	"Tocantins Municip Almas.svg"^^http://www.w3.org/1999/02/22-rdf-syntax-ns#langString
http://xmlns.com/foaf/0.1/isPrimaryTopicOf	http://en.wikipedia.org/wiki/Almas,_Tocantins
http://dbpedia.org/property/longm	"10"^^http://www.w3.org/2001/XMLSchema#integer
http://dbpedia.org/property/populationTotal	"7409"^^http://www.w3.org/2001/XMLSchema#integer
http://dbpedia.org/property/longs	"12"^^http://www.w3.org/2001/XMLSchema#integer
http://dbpedia.org/property/populationAsOf	"2015"^^http://www.w3.org/2001/XMLSchema#integer
http://purl.org/dc/terms/subject	http://dbpedia.org/resource/Category:Municipalities_in_Tocantins
http://dbpedia.org/property/state	"TO"^^http://www.w3.org/1999/02/22-rdf-syntax-ns#langString
http://dbpedia.org/ontology/wikiPageDisambiguates	http://dbpedia.org/resource/Almas
http://www.w3.org/2000/01/rdf-schema#comment	"Almas é um município brasileiro do estado do Tocantins. Localiza-se a uma latitude 11º34'25\" sul e a uma longitude 47º10'13\" oeste, estando a uma altitude de 397 metros. Sua população estimada em 2009 era de 8840 habitantes.Possui uma área de 4106,4 km²."@pt
http://dbpedia.org/property/longd	"47"^^http://www.w3.org/2001/XMLSchema#integer
http://xmlns.com/foaf/0.1/primaryTopic	http://en.wikipedia.org/wiki/Almas,_Tocantins
http://www.w3.org/2002/07/owl#sameAs	http://dbpedia.org/resource/Almas,_Tocantins
http://dbpedia.org/ontology/thumbnail	http://commons.wikimedia.org/wiki/Special:FilePath/Tocantins_Municip_Almas.svg?width=300
http://dbpedia.org/ontology/wikiPageID	"9037952"^^http://www.w3.org/2001/XMLSchema#integer
http://dbpedia.org/property/areaTotal	"4013"^^http://www.w3.org/2001/XMLSchema#integer
http://www.w3.org/ns/prov#wasDerivedFrom	http://en.wikipedia.org/wiki/Almas,_Tocantins?oldid=725259821
http://dbpedia.org/property/name	"Almas"^^http://www.w3.org/1999/02/22-rdf-syntax-ns#langString
http://xmlns.com/foaf/0.1/depiction	http://commons.wikimedia.org/wiki/Special:FilePath/Tocantins_Municip_Almas.svg
http://purl.org/linguistics/gold/hypernym	http://dbpedia.org/resource/Municipality
http://dbpedia.org/property/latd	"11"^^http://www.w3.org/2001/XMLSchema#integer
http://dbpedia.org/ontology/abstract	"Almas es un municipio brasileño del estado del Tocantins. Se localiza a una latitud 11º34'25\" sur y a una longitud 47º10'13\" oeste, estando a una altitud de 397 metros. Su población estimada en 2004 era de 8.840 habitantes.Posee un área de 4106,4 km²."@es
http://www.w3.org/2000/01/rdf-schema#label	"Almas (Brasil)"@es
http://www.w3.org/1999/02/22-rdf-syntax-ns#type	http://dbpedia.org/class/yago/YagoPermanentlyLocatedEntity
