#---Properties and values from: http://dbpedia.org/resource/Madalena_e_Beselga
Property	Value
http://dbpedia.org/property/officialName	"Madalena e Beselga"^^http://www.w3.org/1999/02/22-rdf-syntax-ns#langString
http://dbpedia.org/ontology/wikiPageRevisionID	"701646403"^^http://www.w3.org/2001/XMLSchema#integer
http://xmlns.com/foaf/0.1/isPrimaryTopicOf	http://en.wikipedia.org/wiki/Madalena_e_Beselga
http://dbpedia.org/property/municipality	http://dbpedia.org/resource/Tomar
http://dbpedia.org/ontology/country	http://dbpedia.org/resource/Portugal
http://dbpedia.org/property/populationTotal	"3990"^^http://www.w3.org/2001/XMLSchema#integer
http://dbpedia.org/property/populationAsOf	"2011"^^http://www.w3.org/2001/XMLSchema#integer
http://purl.org/dc/terms/subject	http://dbpedia.org/resource/Category:Parishes_of_Tomar
http://www.w3.org/2000/01/rdf-schema#comment	"Madalena e Beselga is a civil parish in the municipality of Tomar, Portugal. It was formed in 2013 by the merger of the former parishes Madalena and Beselga. The population in 2011 was 3,990, in an area of 44.44 km²."@en
http://dbpedia.org/property/cim	http://dbpedia.org/resource/Médio_Tejo
http://dbpedia.org/property/longd	"-8.4480000000000003979"^^http://www.w3.org/2001/XMLSchema#decimal
http://xmlns.com/foaf/0.1/primaryTopic	http://en.wikipedia.org/wiki/Madalena_e_Beselga
http://www.w3.org/2002/07/owl#sameAs	http://rdf.freebase.com/ns/m.011jhcqh
http://dbpedia.org/property/areaTotal	"44.439999999999997726"^^http://www.w3.org/2001/XMLSchema#decimal
http://dbpedia.org/ontology/wikiPageID	"43440980"^^http://www.w3.org/2001/XMLSchema#integer
http://www.w3.org/ns/prov#wasDerivedFrom	http://en.wikipedia.org/wiki/Madalena_e_Beselga?oldid=701646403
http://dbpedia.org/property/district	http://dbpedia.org/resource/Santarém_District
http://purl.org/linguistics/gold/hypernym	http://dbpedia.org/resource/Parish
http://dbpedia.org/property/latd	"39.587000000000003297"^^http://www.w3.org/2001/XMLSchema#decimal
http://dbpedia.org/property/subregion	http://dbpedia.org/resource/Médio_Tejo
http://dbpedia.org/ontology/abstract	"Madalena e Beselga is a civil parish in the municipality of Tomar, Portugal. It was formed in 2013 by the merger of the former parishes Madalena and Beselga. The population in 2011 was 3,990, in an area of 44.44 km²."@en
http://www.w3.org/2000/01/rdf-schema#label	"Madalena e Beselga"@en
http://www.w3.org/1999/02/22-rdf-syntax-ns#type	http://schema.org/Place
http://dbpedia.org/property/region	http://dbpedia.org/resource/Centro_Region,_Portugal
