#---Properties and values from: http://dbpedia.org/resource/Albufeira
Property	Value
http://dbpedia.org/property/lats	"23"^^http://www.w3.org/2001/XMLSchema#integer
http://dbpedia.org/ontology/wikiPageExternalLink	http://www.cm-albufeira.pt/
http://dbpedia.org/ontology/deathPlace	http://dbpedia.org/resource/Wolfgang_Unzicker
http://dbpedia.org/property/latm	"5"^^http://www.w3.org/2001/XMLSchema#integer
http://dbpedia.org/property/areaCode	"289"^^http://www.w3.org/2001/XMLSchema#integer
http://dbpedia.org/property/imageSkyline	"Beach at Albufeira.JPG"^^http://www.w3.org/1999/02/22-rdf-syntax-ns#langString
http://dbpedia.org/ontology/routeEnd	http://dbpedia.org/resource/A2_motorway_(Portugal)
http://dbpedia.org/property/location	http://dbpedia.org/resource/2014–15_Sunderland_A.F.C._season
http://purl.org/dc/terms/subject	http://dbpedia.org/resource/Category:Municipalities_of_the_Algarve
http://dbpedia.org/property/parishes	"[[#Human geography"^^http://www.w3.org/1999/02/22-rdf-syntax-ns#langString
http://dbpedia.org/property/cim	http://dbpedia.org/resource/Algarve
http://dbpedia.org/property/imageLocation	"LocalAlbufeira.svg"^^http://www.w3.org/1999/02/22-rdf-syntax-ns#langString
http://dbpedia.org/property/leaderParty	http://dbpedia.org/resource/Social_Democratic_Party_(Portugal)
http://www.w3.org/ns/prov#wasDerivedFrom	http://en.wikipedia.org/wiki/Albufeira?oldid=744115569
http://dbpedia.org/ontology/municipality	http://dbpedia.org/resource/Espiche_River
http://dbpedia.org/property/district	http://dbpedia.org/resource/Faro_District
http://dbpedia.org/property/latd	"37"^^http://www.w3.org/2001/XMLSchema#integer
http://dbpedia.org/property/subregion	http://dbpedia.org/resource/Algarve
http://www.w3.org/2000/01/rdf-schema#seeAlso	http://dbpedia.org/resource/Portugal
http://xmlns.com/foaf/0.1/homepage	http://www.cm-albufeira.pt/
http://www.w3.org/1999/02/22-rdf-syntax-ns#type	http://www.w3.org/2002/07/owl#Thing
http://dbpedia.org/property/region	http://dbpedia.org/resource/Algarve
http://dbpedia.org/property/officialName	"Albufeira, Portugal"^^http://www.w3.org/1999/02/22-rdf-syntax-ns#langString
http://dbpedia.org/ontology/wikiPageRevisionID	"744115569"^^http://www.w3.org/2001/XMLSchema#integer
http://dbpedia.org/ontology/district	http://dbpedia.org/resource/Odelouca_River
http://dbpedia.org/property/wordnet_type	http://www.w3.org/2006/03/wn/wn20/instances/synset-township-noun-1
http://dbpedia.org/property/elevationMin	"0"^^http://www.w3.org/2001/XMLSchema#integer
http://dbpedia.org/property/website	http://www.cm-albufeira.pt/
http://dbpedia.org/property/imageCaption	"Praia dos Pescadores in the municipality of Albufeira"^^http://www.w3.org/1999/02/22-rdf-syntax-ns#langString
http://xmlns.com/foaf/0.1/isPrimaryTopicOf	http://en.wikipedia.org/wiki/Albufeira
http://dbpedia.org/property/municipality	http://dbpedia.org/resource/Guia_(Albufeira)
http://dbpedia.org/property/longm	"14"^^http://www.w3.org/2001/XMLSchema#integer
http://dbpedia.org/property/populationTotal	"40828"^^http://www.w3.org/2001/XMLSchema#integer
http://dbpedia.org/property/populationAsOf	"2011"^^http://www.w3.org/2001/XMLSchema#integer
http://dbpedia.org/property/longs	"45"^^http://www.w3.org/2001/XMLSchema#integer
http://dbpedia.org/property/northwest	http://dbpedia.org/resource/Praia_Santa_Eulália
http://dbpedia.org/property/stadium	http://dbpedia.org/resource/2003_Algarve_Cup
http://www.w3.org/2000/01/rdf-schema#comment	"阿尔布费拉（葡萄牙语：Albufeira）是葡萄牙法鲁区的一座城市，位於地中海沿岸。 阿尔布费拉是著名的旅游城市。阿尔布费拉的名字来自阿拉伯语“al-Buħayra”，意为“潟湖”。"@zh
http://dbpedia.org/property/imageShield	"ABF1.png"^^http://www.w3.org/1999/02/22-rdf-syntax-ns#langString
http://dbpedia.org/property/longd	"8"^^http://www.w3.org/2001/XMLSchema#integer
http://xmlns.com/foaf/0.1/primaryTopic	http://en.wikipedia.org/wiki/Albufeira
http://dbpedia.org/property/rd3t2Loc	http://dbpedia.org/resource/1998_Davis_Cup_Europe/Africa_Zone
http://dbpedia.org/ontology/wikiPageRedirects	http://dbpedia.org/resource/Albufeira,_Portugal
http://www.w3.org/2002/07/owl#sameAs	http://dbpedia.org/resource/Albufeira
http://dbpedia.org/ontology/thumbnail	http://commons.wikimedia.org/wiki/Special:FilePath/Pt-abf3.png?width=300
http://dbpedia.org/property/areaTotal	"140.65999999999999659"^^http://www.w3.org/2001/XMLSchema#decimal
http://dbpedia.org/ontology/wikiPageID	"29354765"^^http://www.w3.org/2001/XMLSchema#integer
http://dbpedia.org/ontology/birthPlace	http://dbpedia.org/resource/Tomás_Barroso
http://dbpedia.org/property/leaderName	"Carlos Eduardo da Silva e Sousa"^^http://www.w3.org/1999/02/22-rdf-syntax-ns#langString
http://dbpedia.org/property/place	http://dbpedia.org/resource/FIBA_EuroBasket_2011_qualification
http://xmlns.com/foaf/0.1/depiction	http://commons.wikimedia.org/wiki/Special:FilePath/Pt-abf3.png
http://dbpedia.org/property/patron	http://dbpedia.org/resource/Blessed_Virgin_Mary
http://purl.org/linguistics/gold/hypernym	http://dbpedia.org/resource/City
http://dbpedia.org/property/postalCode	"8200"^^http://www.w3.org/2001/XMLSchema#integer
http://dbpedia.org/ontology/abstract	"Albufeira é uma cidade portuguesa pertencente ao Distrito de Faro, região e sub-região do Algarve, com cerca de 40 000 habitantes. É sede de um município com 140,66 km² de área e 40 828 habitantes (2011), subdividido em 4 freguesias. O município é limitado a oeste e noroeste pelo município de Silves, a nordeste e leste por Loulé e a sul tem uma ampla costa no Oceano Atlântico. Pesquisa do site Cheerfulway elegeu Albufeira o melhor lugar para viver em Portugal."@pt
http://dbpedia.org/property/imageFlag	"Pt-abf3.png"^^http://www.w3.org/1999/02/22-rdf-syntax-ns#langString
http://www.w3.org/2000/01/rdf-schema#label	"阿尔布费拉"@zh
http://dbpedia.org/ontology/ground	http://dbpedia.org/resource/F.C._Ferreiras
