#---Properties and values from: http://dbpedia.org/resource/Piracicaba
Property	Value
http://dbpedia.org/property/wikt	"Piracicaba"^^http://www.w3.org/1999/02/22-rdf-syntax-ns#langString
http://dbpedia.org/property/lats	"31"^^http://www.w3.org/2001/XMLSchema#integer
http://dbpedia.org/ontology/wikiPageExternalLink	http://www.piracicaba.sp.gov.br
http://dbpedia.org/ontology/deathPlace	http://dbpedia.org/resource/Eduardo_Koaik
http://dbpedia.org/property/latm	"43"^^http://www.w3.org/2001/XMLSchema#integer
http://dbpedia.org/property/latns	"S"^^http://www.w3.org/1999/02/22-rdf-syntax-ns#langString
http://dbpedia.org/property/imageSkyline	"Piracicaba-SP.jpg"^^http://www.w3.org/1999/02/22-rdf-syntax-ns#langString
http://dbpedia.org/ontology/routeEnd	http://dbpedia.org/resource/Rodovia_Luiz_de_Queiroz
http://dbpedia.org/property/location	http://dbpedia.org/resource/2015_Associação_Portuguesa_de_Desportos_season
http://purl.org/dc/terms/subject	http://dbpedia.org/resource/Category:Populated_places_established_in_1767
http://dbpedia.org/property/state	"SP"^^http://www.w3.org/1999/02/22-rdf-syntax-ns#langString
http://dbpedia.org/property/leaderParty	http://dbpedia.org/resource/Brazilian_Social_Democracy_Party
http://www.w3.org/ns/prov#wasDerivedFrom	http://en.wikipedia.org/wiki/Piracicaba?oldid=742762150
http://dbpedia.org/ontology/assembly	http://dbpedia.org/resource/Hyundai_HB20
http://dbpedia.org/ontology/city	http://dbpedia.org/resource/University_of_Campinas
http://dbpedia.org/property/voy	"Piracicaba"^^http://www.w3.org/1999/02/22-rdf-syntax-ns#langString
http://dbpedia.org/property/latd	"22"^^http://www.w3.org/2001/XMLSchema#integer
http://www.w3.org/1999/02/22-rdf-syntax-ns#type	http://dbpedia.org/class/yago/Tract108673395
http://dbpedia.org/ontology/wikiPageRevisionID	"742762150"^^http://www.w3.org/2001/XMLSchema#integer
http://dbpedia.org/property/wordnet_type	http://www.w3.org/2006/03/wn/wn20/instances/synset-city-noun-3
http://dbpedia.org/property/imageMap	"SaoPaulo Municip Piracicaba.svg"^^http://www.w3.org/1999/02/22-rdf-syntax-ns#langString
http://xmlns.com/foaf/0.1/isPrimaryTopicOf	http://en.wikipedia.org/wiki/Piracicaba
http://dbpedia.org/property/longm	"38"^^http://www.w3.org/2001/XMLSchema#integer
http://dbpedia.org/property/populationTotal	"391449"^^http://www.w3.org/2001/XMLSchema#integer
http://dbpedia.org/property/longs	"57"^^http://www.w3.org/2001/XMLSchema#integer
http://dbpedia.org/property/populationAsOf	"2015"^^http://www.w3.org/2001/XMLSchema#integer
http://dbpedia.org/property/elevation	"547"^^http://www.w3.org/2001/XMLSchema#integer
http://dbpedia.org/property/stadium	http://dbpedia.org/resource/2008_Sociedade_Esportiva_Palmeiras_season
http://www.w3.org/2000/01/rdf-schema#comment	"皮拉西卡巴是巴西的城市，位於該國東南部，距離聖保羅約164公里，由聖保羅州負責管轄，面積1,369平方公里，海拔高度547米，受熱帶氣候影響，每年平均降雨量1,230.6毫米，2011年人口367,289。    這是與巴西地理相關的小作品。你可以通过編輯或修訂擴充其內容。"@zh
http://dbpedia.org/property/imageShield	"Brasão_Piracicaba.jpg"^^http://www.w3.org/1999/02/22-rdf-syntax-ns#langString
http://dbpedia.org/property/longd	"47"^^http://www.w3.org/2001/XMLSchema#integer
http://xmlns.com/foaf/0.1/primaryTopic	http://en.wikipedia.org/wiki/Piracicaba
http://www.w3.org/2002/07/owl#sameAs	http://nl.dbpedia.org/resource/Piracicaba_(gemeente)
http://dbpedia.org/ontology/wikiPageRedirects	http://dbpedia.org/resource/History_of_Piracicaba
http://dbpedia.org/ontology/thumbnail	http://commons.wikimedia.org/wiki/Special:FilePath/Flag_piracicaba.gif?width=300
http://dbpedia.org/property/commons	"Piracicaba"^^http://www.w3.org/1999/02/22-rdf-syntax-ns#langString
http://dbpedia.org/ontology/wikiPageID	"514218"^^http://www.w3.org/2001/XMLSchema#integer
http://dbpedia.org/property/areaTotal	"1378.0699999999999363"^^http://www.w3.org/2001/XMLSchema#decimal
http://dbpedia.org/ontology/location	http://dbpedia.org/resource/Centro_de_Tecnologia_Canavieira
http://dbpedia.org/ontology/birthPlace	http://dbpedia.org/resource/Gustavo_Hebling
http://dbpedia.org/property/leaderName	"Gabriel Ferrato"^^http://www.w3.org/1999/02/22-rdf-syntax-ns#langString
http://dbpedia.org/property/b	"no"^^http://www.w3.org/1999/02/22-rdf-syntax-ns#langString
http://xmlns.com/foaf/0.1/depiction	http://commons.wikimedia.org/wiki/Special:FilePath/Flag_piracicaba.gif
http://purl.org/linguistics/gold/hypernym	http://dbpedia.org/resource/City
http://dbpedia.org/property/n	"no"^^http://www.w3.org/1999/02/22-rdf-syntax-ns#langString
http://dbpedia.org/property/postalCode	"13400"^^http://www.w3.org/2001/XMLSchema#integer
http://dbpedia.org/ontology/abstract	"Piracicaba è un comune del Brasile nello Stato di San Paolo, parte della mesoregione di Piracicaba e della microregione omonima. Situata presso l'omonimo fiume (affluente più lungo del Fiume Tietê), la città per un tempo è stata la quarta maggiore città dello Stato di San Paolo (dopo San Paolo, Santos e Taubaté) e la maggiore città caipira (caipira è un termine che corrisponde più o meno al termine red neck negli Stati Uniti d'America o contadino in Italia) ed è proprio in questa città che si è sviluppato il dialetto caipira. Nonostante oggi la città non sia più la più grande città dell'entroterra paulista, è ancora conosciuta come la capitale della cultura e del dialetto caipira. A Piracicaba si trova la maggiore e più importante comunità trentina dello Stato di San Paolo (Colonia Tirolesa), nei quartieri rurali di Santana e Santa Olimpia, fondati nel 1892 da contadini oriundi di Romagnano, Sardagna e Cortesano (cognomi Stenico, Brunelli, Correr, Degasperi, Forti, Mosna, Vitti, Christofoletti, Pompermayer). Il dialetto trentino (cosiddetto dialèt tirolés) è ancora parlato tra i discendenti e conserva tracce dell'antica parlata della Valle dell'Adige in Trentino. Ogni anno venne realizzata la Festa da Polenta per celebrare l'emigrazione tirolese (circa 15.000 visitatori)."@it
http://dbpedia.org/property/imageFlag	"Flag_piracicaba.gif"^^http://www.w3.org/1999/02/22-rdf-syntax-ns#langString
http://www.w3.org/2000/01/rdf-schema#label	"Piracicaba"@pt
http://dbpedia.org/property/v	"no"^^http://www.w3.org/1999/02/22-rdf-syntax-ns#langString
http://dbpedia.org/property/q	"no"^^http://www.w3.org/1999/02/22-rdf-syntax-ns#langString
http://dbpedia.org/property/species	"no"^^http://www.w3.org/1999/02/22-rdf-syntax-ns#langString
http://dbpedia.org/property/s	"no"^^http://www.w3.org/1999/02/22-rdf-syntax-ns#langString
