#---Properties and values from: http://dbpedia.org/resource/Hommerts
Property	Value
http://xmlns.com/foaf/0.1/name	"De Hommerts"@en
http://dbpedia.org/ontology/wikiPageRevisionID	"735271150"^^http://www.w3.org/2001/XMLSchema#integer
http://dbpedia.org/property/settlementType	"Village"^^http://www.w3.org/1999/02/22-rdf-syntax-ns#langString
http://www.w3.org/2003/01/geo/wgs84_pos#long	"5.6480555534362792969"^^http://www.w3.org/2001/XMLSchema#float
http://dbpedia.org/property/imageMap	"Map NL Wymbritseradiel De Hommerts.png"^^http://www.w3.org/1999/02/22-rdf-syntax-ns#langString
http://xmlns.com/foaf/0.1/isPrimaryTopicOf	http://en.wikipedia.org/wiki/Hommerts
http://dbpedia.org/property/subdivisionType	"Country"^^http://www.w3.org/1999/02/22-rdf-syntax-ns#langString
http://dbpedia.org/ontology/country	http://dbpedia.org/resource/Netherlands
http://dbpedia.org/property/populationTotal	"c. 610"^^http://www.w3.org/1999/02/22-rdf-syntax-ns#langString
http://purl.org/dc/terms/subject	http://dbpedia.org/resource/Category:Populated_places_in_Friesland
http://dbpedia.org/ontology/isPartOf	http://dbpedia.org/resource/Friesland
http://www.w3.org/2000/01/rdf-schema#comment	"Hommerts (Fries: De Hommerts) is een dorp in de gemeente Súdwest-Fryslân, provincie Friesland (Nederland). Tot 2011 lag Hommerts in de voormalige gemeente Wymbritseradeel. Hommerts vormt samen met Jutrijp (Fries: Jutryp) een tweelingdorp, tevens zijn beide dorpen lintdorp. De plaatsen worden derhalve ook wel in één adem met elkaar genoemd, Hommerts-Jutrijp."@nl
http://xmlns.com/foaf/0.1/primaryTopic	http://en.wikipedia.org/wiki/Hommerts
http://www.w3.org/2002/07/owl#sameAs	http://yago-knowledge.org/resource/Hommerts
http://www.w3.org/2003/01/geo/wgs84_pos#lat	"52.97888946533203125"^^http://www.w3.org/2001/XMLSchema#float
http://www.georss.org/georss/point	"52.97888888888889 5.648055555555556"
http://dbpedia.org/ontology/thumbnail	http://commons.wikimedia.org/wiki/Special:FilePath/Map_NL_Wymbritseradiel_De_Hommerts.png?width=300
http://dbpedia.org/ontology/wikiPageID	"21060665"^^http://www.w3.org/2001/XMLSchema#integer
http://www.w3.org/ns/prov#wasDerivedFrom	http://en.wikipedia.org/wiki/Hommerts?oldid=735271150
http://xmlns.com/foaf/0.1/depiction	http://commons.wikimedia.org/wiki/Special:FilePath/Map_NL_Wymbritseradiel_De_Hommerts.png
http://purl.org/linguistics/gold/hypernym	http://dbpedia.org/resource/Village
http://dbpedia.org/ontology/abstract	"Hommerts est un village situé dans la commune néerlandaise de Súdwest Fryslân, dans la province de la Frise. Son nom en frison est De Hommerts. Le 1er janvier 2009, le village comptait 628 habitants. 
* Portail des Pays-Bas Portail des Pays-Bas"@fr
http://www.w3.org/2003/01/geo/wgs84_pos#geometry	"POINT(5.6480555534363 52.978889465332)"^^http://www.openlinksw.com/schemas/virtrdf#Geometry
http://www.w3.org/2000/01/rdf-schema#label	"Hommerts"@fr
http://dbpedia.org/property/mapsize	"280"^^http://www.w3.org/2001/XMLSchema#integer
http://www.w3.org/1999/02/22-rdf-syntax-ns#type	http://dbpedia.org/class/yago/YagoPermanentlyLocatedEntity
