#---Properties and values from: http://dbpedia.org/resource/Barrolândia
Property	Value
http://dbpedia.org/property/lats	"9"^^http://www.w3.org/2001/XMLSchema#integer
http://dbpedia.org/ontology/wikiPageRevisionID	"725388473"^^http://www.w3.org/2001/XMLSchema#integer
http://dbpedia.org/property/latm	"50"^^http://www.w3.org/2001/XMLSchema#integer
http://dbpedia.org/property/latns	"s"^^http://www.w3.org/1999/02/22-rdf-syntax-ns#langString
http://dbpedia.org/property/imageMap	"Tocantins Municip Barrolandia.svg"^^http://www.w3.org/1999/02/22-rdf-syntax-ns#langString
http://xmlns.com/foaf/0.1/isPrimaryTopicOf	http://en.wikipedia.org/wiki/Barrolândia
http://dbpedia.org/property/longm	"43"^^http://www.w3.org/2001/XMLSchema#integer
http://dbpedia.org/property/populationTotal	"5601"^^http://www.w3.org/2001/XMLSchema#integer
http://dbpedia.org/property/longs	"30"^^http://www.w3.org/2001/XMLSchema#integer
http://dbpedia.org/property/populationAsOf	"2015"^^http://www.w3.org/2001/XMLSchema#integer
http://purl.org/dc/terms/subject	http://dbpedia.org/resource/Category:Municipalities_in_Tocantins
http://dbpedia.org/property/state	"TO"^^http://www.w3.org/1999/02/22-rdf-syntax-ns#langString
http://www.w3.org/2000/01/rdf-schema#comment	"Barrolândia is a municipality located in the Brazilian state of Tocantins. Its population was 5,601 in 2015 and its area is 713 km²."@en
http://dbpedia.org/property/longd	"48"^^http://www.w3.org/2001/XMLSchema#integer
http://xmlns.com/foaf/0.1/primaryTopic	http://en.wikipedia.org/wiki/Barrolândia
http://dbpedia.org/ontology/wikiPageRedirects	http://dbpedia.org/resource/Barrolandia
http://www.w3.org/2002/07/owl#sameAs	http://it.dbpedia.org/resource/Barrolândia
http://dbpedia.org/ontology/thumbnail	http://commons.wikimedia.org/wiki/Special:FilePath/Tocantins_Municip_Barrolandia.svg?width=300
http://dbpedia.org/ontology/wikiPageID	"9040335"^^http://www.w3.org/2001/XMLSchema#integer
http://dbpedia.org/property/areaTotal	"713"^^http://www.w3.org/2001/XMLSchema#integer
http://www.w3.org/ns/prov#wasDerivedFrom	http://en.wikipedia.org/wiki/Barrolândia?oldid=725388473
http://xmlns.com/foaf/0.1/depiction	http://commons.wikimedia.org/wiki/Special:FilePath/Tocantins_Municip_Barrolandia.svg
http://purl.org/linguistics/gold/hypernym	http://dbpedia.org/resource/Municipality
http://dbpedia.org/property/latd	"9"^^http://www.w3.org/2001/XMLSchema#integer
http://dbpedia.org/ontology/abstract	"Barrolândia is een gemeente in de Braziliaanse deelstaat Tocantins. De gemeente telt 5.322 inwoners (schatting 2009)."@nl
http://www.w3.org/2000/01/rdf-schema#label	"Barrolândia"@en
http://www.w3.org/1999/02/22-rdf-syntax-ns#type	http://dbpedia.org/class/yago/Region108630985
