#---Properties and values from: http://dbpedia.org/resource/Gondomar,_Portugal
Property	Value
http://dbpedia.org/property/longew	"W"^^http://www.w3.org/1999/02/22-rdf-syntax-ns#langString
http://dbpedia.org/ontology/wikiPageExternalLink	http://www.cm-gondomar.pt
http://dbpedia.org/property/latm	"9"^^http://www.w3.org/2001/XMLSchema#integer
http://dbpedia.org/property/latns	"N"^^http://www.w3.org/1999/02/22-rdf-syntax-ns#langString
http://dbpedia.org/ontology/deathPlace	http://dbpedia.org/resource/Mafalda_of_Portugal
http://dbpedia.org/property/imageSkyline	"Igreja_de_Fanzeres_Gondomar_Portugal_01.jpg"^^http://www.w3.org/1999/02/22-rdf-syntax-ns#langString
http://dbpedia.org/property/location	http://dbpedia.org/resource/2016–17_G.D._Chaves_season
http://dbpedia.org/property/metro	http://dbpedia.org/resource/Metropolitan_Area_of_Porto
http://dbpedia.org/ontology/wikiPageDisambiguates	http://dbpedia.org/resource/Gondomar
http://purl.org/dc/terms/subject	http://dbpedia.org/resource/Category:Gondomar,_Portugal
http://dbpedia.org/property/parishes	"[[#Parishes"^^http://www.w3.org/1999/02/22-rdf-syntax-ns#langString
http://dbpedia.org/property/leaderParty	http://dbpedia.org/resource/Socialist_Party_(Portugal)
http://www.w3.org/ns/prov#wasDerivedFrom	http://en.wikipedia.org/wiki/Gondomar,_Portugal?oldid=689740962
http://dbpedia.org/property/areaTotalKm	"131.86000000000001364"^^http://www.w3.org/2001/XMLSchema#decimal
http://dbpedia.org/property/district	http://dbpedia.org/resource/Porto_District
http://dbpedia.org/property/latd	"41"^^http://www.w3.org/2001/XMLSchema#integer
http://dbpedia.org/property/subregion	http://dbpedia.org/resource/Grande_Porto
http://xmlns.com/foaf/0.1/homepage	http://www.cm-gondomar.pt
http://www.w3.org/1999/02/22-rdf-syntax-ns#type	http://dbpedia.org/class/yago/WikicatPopulatedPlacesInPortoDistrict
http://dbpedia.org/property/region	http://dbpedia.org/resource/Norte_Region,_Portugal
http://dbpedia.org/property/officialName	"Gondomar"^^http://www.w3.org/1999/02/22-rdf-syntax-ns#langString
http://dbpedia.org/ontology/wikiPageRevisionID	"689740962"^^http://www.w3.org/2001/XMLSchema#integer
http://dbpedia.org/property/imageMap	"LocalGondomar.svg"^^http://www.w3.org/1999/02/22-rdf-syntax-ns#langString
http://dbpedia.org/property/website	http://www.cm-gondomar.pt
http://dbpedia.org/property/imageCaption	"Igreja de Fanzeres"^^http://www.w3.org/1999/02/22-rdf-syntax-ns#langString
http://dbpedia.org/ontology/hometown	http://dbpedia.org/resource/Filipa_Azevedo
http://xmlns.com/foaf/0.1/isPrimaryTopicOf	http://en.wikipedia.org/wiki/Gondomar,_Portugal
http://dbpedia.org/property/municipality	http://dbpedia.org/resource/Melres_e_Medas
http://dbpedia.org/property/longm	"32"^^http://www.w3.org/2001/XMLSchema#integer
http://dbpedia.org/property/populationTotal	"168027"^^http://www.w3.org/2001/XMLSchema#integer
http://dbpedia.org/property/populationAsOf	"2011"^^http://www.w3.org/2001/XMLSchema#integer
http://dbpedia.org/property/stadium	http://dbpedia.org/resource/2006–07_Taça_de_Portugal
http://www.w3.org/2000/01/rdf-schema#comment	"Gondomar – miejscowość w Portugalii, leżąca w dystrykcie Porto, w regionie Północ w podregionie Grande Porto. Miejscowość jest siedzibą gminy o tej samej nazwie."@pl
http://dbpedia.org/property/imageShield	"GDM1.png"^^http://www.w3.org/1999/02/22-rdf-syntax-ns#langString
http://dbpedia.org/property/longd	"8"^^http://www.w3.org/2001/XMLSchema#integer
http://xmlns.com/foaf/0.1/primaryTopic	http://en.wikipedia.org/wiki/Gondomar,_Portugal
http://dbpedia.org/ontology/wikiPageRedirects	http://dbpedia.org/resource/Gondomar_(Portugal)
http://www.w3.org/2002/07/owl#sameAs	http://pt.dbpedia.org/resource/Gondomar
http://dbpedia.org/ontology/thumbnail	http://commons.wikimedia.org/wiki/Special:FilePath/Pt-gdm3.png?width=300
http://dbpedia.org/ontology/wikiPageID	"761162"^^http://www.w3.org/2001/XMLSchema#integer
http://dbpedia.org/ontology/birthPlace	http://dbpedia.org/resource/Rui_Norinho
http://dbpedia.org/property/leaderName	http://dbpedia.org/resource/Marco_Martins
http://dbpedia.org/property/place	http://dbpedia.org/resource/EuroBasket_2015_qualification
http://xmlns.com/foaf/0.1/depiction	http://commons.wikimedia.org/wiki/Special:FilePath/Pt-gdm3.png
http://purl.org/linguistics/gold/hypernym	http://dbpedia.org/resource/Municipality
http://dbpedia.org/ontology/abstract	"Gondomar (Portuguese pronunciation: [ɡõduˈmaɾ]) is a municipality located in the east of Portugal's Porto Metropolitan Area. The population in 2011 was 168,027, in an area of 131.86 km². Gondomar's mayor is Marco Martins. Gondomar is well known for its jewelry industry, and its name can be traced, like many other toponyms of Northern Portugal, to a prominent Gothic figure of his day, in this case a certain King Gundemar or Gundemarus"@en
http://dbpedia.org/property/imageFlag	"Pt-gdm3.png"^^http://www.w3.org/1999/02/22-rdf-syntax-ns#langString
http://www.w3.org/2000/01/rdf-schema#label	"Gondomar (Portogallo)"@it
