#---Properties and values from: http://dbpedia.org/resource/Longueira_/_Almograve
Property	Value
http://dbpedia.org/property/officialName	"Longueira / Almograve"^^http://www.w3.org/1999/02/22-rdf-syntax-ns#langString
http://dbpedia.org/ontology/wikiPageRevisionID	"689448550"^^http://www.w3.org/2001/XMLSchema#integer
http://xmlns.com/foaf/0.1/isPrimaryTopicOf	http://en.wikipedia.org/wiki/Longueira_/_Almograve
http://dbpedia.org/property/municipality	http://dbpedia.org/resource/Odemira
http://dbpedia.org/ontology/country	http://dbpedia.org/resource/Portugal
http://dbpedia.org/property/populationTotal	"1356"^^http://www.w3.org/2001/XMLSchema#integer
http://dbpedia.org/property/populationAsOf	"2011"^^http://www.w3.org/2001/XMLSchema#integer
http://purl.org/dc/terms/subject	http://dbpedia.org/resource/Category:Parishes_of_Odemira
http://www.w3.org/2000/01/rdf-schema#comment	"隆盖拉-阿尔莫格拉维（葡萄牙语：Longueira / Almograve）是葡萄牙贝雅区的一个堂区。总面积91.724平方公里，总人口1356人，人口密度14.8人/平方公里。"@zh
http://dbpedia.org/property/cim	http://dbpedia.org/resource/Alentejo_Litoral
http://dbpedia.org/property/longd	"-8.792999999999999261"^^http://www.w3.org/2001/XMLSchema#decimal
http://xmlns.com/foaf/0.1/primaryTopic	http://en.wikipedia.org/wiki/Longueira_/_Almograve
http://www.w3.org/2002/07/owl#sameAs	http://www.wikidata.org/entity/Q250873
http://dbpedia.org/ontology/wikiPageID	"13897361"^^http://www.w3.org/2001/XMLSchema#integer
http://dbpedia.org/property/areaTotal	"91.689999999999997726"^^http://www.w3.org/2001/XMLSchema#decimal
http://www.w3.org/ns/prov#wasDerivedFrom	http://en.wikipedia.org/wiki/Longueira_/_Almograve?oldid=689448550
http://dbpedia.org/property/district	http://dbpedia.org/resource/Beja_District
http://purl.org/linguistics/gold/hypernym	http://dbpedia.org/resource/Parish
http://dbpedia.org/property/latd	"37.652000000000001023"^^http://www.w3.org/2001/XMLSchema#decimal
http://dbpedia.org/property/subregion	http://dbpedia.org/resource/Alentejo_Litoral
http://dbpedia.org/ontology/abstract	"Longueira / Almograve es una freguesia portuguesa del concelho de Odemira, con 91,724 km² de superficie y 996 habitantes (2001)."@es
http://www.w3.org/2000/01/rdf-schema#label	"Лонгейра /-Алмограве"@ru
http://www.w3.org/1999/02/22-rdf-syntax-ns#type	http://dbpedia.org/ontology/Settlement
http://dbpedia.org/property/region	http://dbpedia.org/resource/Alentejo
