#---Properties and values from: http://dbpedia.org/resource/Colômbia
Property	Value
http://dbpedia.org/property/lats	"33"^^http://www.w3.org/2001/XMLSchema#integer
http://dbpedia.org/ontology/wikiPageExternalLink	http://www.citybrazil.com.br/SP/Colombia
http://dbpedia.org/ontology/wikiPageRevisionID	"720299863"^^http://www.w3.org/2001/XMLSchema#integer
http://dbpedia.org/property/latm	"10"^^http://www.w3.org/2001/XMLSchema#integer
http://dbpedia.org/property/latns	"S"^^http://www.w3.org/1999/02/22-rdf-syntax-ns#langString
http://dbpedia.org/property/imageMap	"SaoPaulo Municip Colombia.svg"^^http://www.w3.org/1999/02/22-rdf-syntax-ns#langString
http://xmlns.com/foaf/0.1/isPrimaryTopicOf	http://en.wikipedia.org/wiki/Colômbia
http://dbpedia.org/property/microregion	"Barretos"^^http://www.w3.org/1999/02/22-rdf-syntax-ns#langString
http://dbpedia.org/property/longm	"41"^^http://www.w3.org/2001/XMLSchema#integer
http://dbpedia.org/property/populationTotal	"6211"^^http://www.w3.org/2001/XMLSchema#integer
http://dbpedia.org/property/longs	"20"^^http://www.w3.org/2001/XMLSchema#integer
http://dbpedia.org/property/populationAsOf	"2015"^^http://www.w3.org/2001/XMLSchema#integer
http://purl.org/dc/terms/subject	http://dbpedia.org/resource/Category:Municipalities_in_São_Paulo_(state)
http://dbpedia.org/property/state	"SP"^^http://www.w3.org/1999/02/22-rdf-syntax-ns#langString
http://www.w3.org/2000/01/rdf-schema#comment	"Colômbia – miasto i gmina w Brazylii, w stanie São Paulo. Znajduje się w mezoregionie Ribeirão Preto i mikroregionie Barretos."@pl
http://dbpedia.org/property/longd	"48"^^http://www.w3.org/2001/XMLSchema#integer
http://xmlns.com/foaf/0.1/primaryTopic	http://en.wikipedia.org/wiki/Colômbia
http://www.w3.org/2002/07/owl#sameAs	http://rdf.freebase.com/ns/m.08nlnv
http://dbpedia.org/ontology/wikiPageRedirects	http://dbpedia.org/resource/Colômbia,_São_Paulo,_Brazil
http://dbpedia.org/ontology/thumbnail	http://commons.wikimedia.org/wiki/Special:FilePath/SaoPaulo_Municip_Colombia.svg?width=300
http://dbpedia.org/ontology/wikiPageID	"3056298"^^http://www.w3.org/2001/XMLSchema#integer
http://dbpedia.org/property/areaTotal	"728.64999999999997726"^^http://www.w3.org/2001/XMLSchema#decimal
http://www.w3.org/ns/prov#wasDerivedFrom	http://en.wikipedia.org/wiki/Colômbia?oldid=720299863
http://dbpedia.org/ontology/birthPlace	http://dbpedia.org/resource/Maurides
http://dbpedia.org/property/northeast	http://dbpedia.org/resource/Guaraci,_São_Paulo
http://xmlns.com/foaf/0.1/depiction	http://commons.wikimedia.org/wiki/Special:FilePath/SaoPaulo_Municip_Colombia.svg
http://purl.org/linguistics/gold/hypernym	http://dbpedia.org/resource/Municipality
http://dbpedia.org/property/latd	"20"^^http://www.w3.org/2001/XMLSchema#integer
http://dbpedia.org/ontology/abstract	"Colômbia est une municipalité brésilienne de l'État de São Paulo et de la Microrégion de Bananal."@fr
http://www.w3.org/2000/01/rdf-schema#label	"Colômbia (São Paulo)"@es
http://www.w3.org/1999/02/22-rdf-syntax-ns#type	http://dbpedia.org/class/yago/YagoGeoEntity
