#---Properties and values from: http://dbpedia.org/resource/Presidente_Bernardes,_Minas_Gerais
Property	Value
http://dbpedia.org/property/lats	"8"^^http://www.w3.org/2001/XMLSchema#integer
http://dbpedia.org/ontology/wikiPageRevisionID	"718255737"^^http://www.w3.org/2001/XMLSchema#integer
http://dbpedia.org/property/latm	"46"^^http://www.w3.org/2001/XMLSchema#integer
http://dbpedia.org/property/latns	"S"^^http://www.w3.org/1999/02/22-rdf-syntax-ns#langString
http://dbpedia.org/property/imageMap	"MinasGerais Municip PresidenteBernardes.svg"^^http://www.w3.org/1999/02/22-rdf-syntax-ns#langString
http://xmlns.com/foaf/0.1/isPrimaryTopicOf	http://en.wikipedia.org/wiki/Presidente_Bernardes,_Minas_Gerais
http://dbpedia.org/property/longm	"11"^^http://www.w3.org/2001/XMLSchema#integer
http://dbpedia.org/property/populationTotal	"5594"^^http://www.w3.org/2001/XMLSchema#integer
http://dbpedia.org/property/populationAsOf	"2015"^^http://www.w3.org/2001/XMLSchema#integer
http://dbpedia.org/property/longs	"16"^^http://www.w3.org/2001/XMLSchema#integer
http://purl.org/dc/terms/subject	http://dbpedia.org/resource/Category:Municipalities_in_Minas_Gerais
http://dbpedia.org/property/state	"MG"^^http://www.w3.org/1999/02/22-rdf-syntax-ns#langString
http://dbpedia.org/ontology/wikiPageDisambiguates	http://dbpedia.org/resource/Presidente_Bernardes
http://www.w3.org/2000/01/rdf-schema#comment	"贝纳迪斯总统镇（葡萄牙语：Presidente Bernardes）是巴西米纳斯吉拉斯州的一个市镇。总面积236.929平方公里，总人口5699人，人口密度24.1人/平方公里。"@zh
http://dbpedia.org/property/longd	"43"^^http://www.w3.org/2001/XMLSchema#integer
http://xmlns.com/foaf/0.1/primaryTopic	http://en.wikipedia.org/wiki/Presidente_Bernardes,_Minas_Gerais
http://www.w3.org/2002/07/owl#sameAs	http://it.dbpedia.org/resource/Presidente_Bernardes_(Minas_Gerais)
http://dbpedia.org/ontology/thumbnail	http://commons.wikimedia.org/wiki/Special:FilePath/MinasGerais_Municip_PresidenteBernardes.svg?width=300
http://dbpedia.org/property/areaTotal	"237"^^http://www.w3.org/2001/XMLSchema#integer
http://dbpedia.org/ontology/wikiPageID	"1136293"^^http://www.w3.org/2001/XMLSchema#integer
http://www.w3.org/ns/prov#wasDerivedFrom	http://en.wikipedia.org/wiki/Presidente_Bernardes,_Minas_Gerais?oldid=718255737
http://dbpedia.org/property/name	"Presidente Bernardes"^^http://www.w3.org/1999/02/22-rdf-syntax-ns#langString
http://xmlns.com/foaf/0.1/depiction	http://commons.wikimedia.org/wiki/Special:FilePath/MinasGerais_Municip_PresidenteBernardes.svg
http://purl.org/linguistics/gold/hypernym	http://dbpedia.org/resource/Municipality
http://dbpedia.org/property/latd	"20"^^http://www.w3.org/2001/XMLSchema#integer
http://dbpedia.org/ontology/abstract	"Presidente Bernardes est une municipalité brésilienne de l'État du Minas Gerais et la microrégion de Viçosa."@fr
http://www.w3.org/2000/01/rdf-schema#label	"Presidente Bernardes (Minas Gerais)"@pl
http://www.w3.org/1999/02/22-rdf-syntax-ns#type	http://dbpedia.org/class/yago/PhysicalEntity100001930
