#---Properties and values from: http://dbpedia.org/resource/Atalaia_e_Safurdão
Property	Value
http://www.w3.org/2002/07/owl#sameAs	http://wikidata.dbpedia.org/resource/Q2120011
http://dbpedia.org/ontology/wikiPageRedirects	http://dbpedia.org/resource/Atalaia_e_Safurdao
http://dbpedia.org/property/officialName	"Atalaia e Safurdão"^^http://www.w3.org/1999/02/22-rdf-syntax-ns#langString
http://dbpedia.org/ontology/wikiPageRevisionID	"745314648"^^http://www.w3.org/2001/XMLSchema#integer
http://dbpedia.org/ontology/wikiPageID	"21874646"^^http://www.w3.org/2001/XMLSchema#integer
http://dbpedia.org/property/areaTotal	"34.320000000000000284"^^http://www.w3.org/2001/XMLSchema#decimal
http://www.w3.org/ns/prov#wasDerivedFrom	http://en.wikipedia.org/wiki/Atalaia_e_Safurdão?oldid=745314648
http://xmlns.com/foaf/0.1/isPrimaryTopicOf	http://en.wikipedia.org/wiki/Atalaia_e_Safurdão
http://dbpedia.org/property/municipality	http://dbpedia.org/resource/Pinhel_Municipality
http://purl.org/linguistics/gold/hypernym	http://dbpedia.org/resource/Parish
http://dbpedia.org/ontology/country	http://dbpedia.org/resource/Portugal
http://dbpedia.org/property/latd	"40.661999999999999034"^^http://www.w3.org/2001/XMLSchema#decimal
http://dbpedia.org/property/populationTotal	"207"^^http://www.w3.org/2001/XMLSchema#integer
http://dbpedia.org/property/populationAsOf	"2011"^^http://www.w3.org/2001/XMLSchema#integer
http://purl.org/dc/terms/subject	http://dbpedia.org/resource/Category:Parishes_of_Pinhel
http://dbpedia.org/ontology/abstract	"Safurdão es una freguesia portuguesa del concelho de Pinhel, con 9,72 km² de superficie y 154 habitantes (2001). Su densidad de población es de 15,8 hab/km²."@es
http://www.w3.org/2000/01/rdf-schema#comment	"Safurdão is een plaats (freguesia) in de Portugese gemeente Pinhel en telt 154 inwoners (2001)."@nl
http://www.w3.org/2000/01/rdf-schema#label	"Safurdão"@es
http://dbpedia.org/property/longd	"-7.0320000000000000284"^^http://www.w3.org/2001/XMLSchema#decimal
http://xmlns.com/foaf/0.1/primaryTopic	http://en.wikipedia.org/wiki/Atalaia_e_Safurdão
http://www.w3.org/1999/02/22-rdf-syntax-ns#type	http://www.wikidata.org/entity/Q486972
