#---Properties and values from: http://dbpedia.org/resource/Montalegre
Property	Value
http://dbpedia.org/property/augHighC	"23.899999999999998579"^^http://www.w3.org/2001/XMLSchema#decimal
http://dbpedia.org/ontology/wikiPageExternalLink	http://www.cm-montalegre.pt
http://dbpedia.org/property/junLowC	"10.400000000000000355"^^http://www.w3.org/2001/XMLSchema#decimal
http://dbpedia.org/property/augMeanC	"18.199999999999999289"^^http://www.w3.org/2001/XMLSchema#decimal
http://dbpedia.org/property/areaCode	"276"^^http://www.w3.org/2001/XMLSchema#integer
http://dbpedia.org/property/aprLowC	"4.2999999999999998224"^^http://www.w3.org/2001/XMLSchema#decimal
http://dbpedia.org/property/octLowC	"7.5"^^http://www.w3.org/2001/XMLSchema#decimal
http://dbpedia.org/property/location	http://dbpedia.org/resource/2015_World_RX_of_Portugal
http://dbpedia.org/property/parishes	"[[#Human geography"^^http://www.w3.org/1999/02/22-rdf-syntax-ns#langString
http://dbpedia.org/property/cim	http://dbpedia.org/resource/Alto_Tâmega
http://dbpedia.org/property/julLowC	"12.300000000000000711"^^http://www.w3.org/2001/XMLSchema#decimal
http://dbpedia.org/property/imageLocation	"LocalMontalegre.svg"^^http://www.w3.org/1999/02/22-rdf-syntax-ns#langString
http://dbpedia.org/property/marHighC	"10.699999999999999289"^^http://www.w3.org/2001/XMLSchema#decimal
http://dbpedia.org/ontology/municipality	http://dbpedia.org/resource/Castle_of_São_Ramão
http://dbpedia.org/property/district	http://dbpedia.org/resource/Vila_Real_District
http://dbpedia.org/property/junPrecipitationMm	"62"^^http://www.w3.org/2001/XMLSchema#integer
http://dbpedia.org/property/janMeanC	"4.0999999999999996447"^^http://www.w3.org/2001/XMLSchema#decimal
http://xmlns.com/foaf/0.1/homepage	http://www.cm-montalegre.pt
http://dbpedia.org/property/marPrecipitationMm	"140"^^http://www.w3.org/2001/XMLSchema#integer
http://dbpedia.org/property/aprMeanC	"8.5999999999999996447"^^http://www.w3.org/2001/XMLSchema#decimal
http://dbpedia.org/property/mayMeanC	"11"^^http://www.w3.org/2001/XMLSchema#integer
http://dbpedia.org/property/aprPrecipitationMm	"108"^^http://www.w3.org/2001/XMLSchema#integer
http://dbpedia.org/property/novPrecipitationMm	"172"^^http://www.w3.org/2001/XMLSchema#integer
http://dbpedia.org/ontology/wikiPageRevisionID	"701005640"^^http://www.w3.org/2001/XMLSchema#integer
http://dbpedia.org/property/janHighC	"7.4000000000000003553"^^http://www.w3.org/2001/XMLSchema#decimal
http://dbpedia.org/property/website	http://www.cm-montalegre.pt
http://dbpedia.org/property/municipality	http://dbpedia.org/resource/Cambeses_do_Rio,_Donões_e_Mourilhe
http://dbpedia.org/property/sepPrecipitationMm	"67"^^http://www.w3.org/2001/XMLSchema#integer
http://dbpedia.org/property/longm	"47"^^http://www.w3.org/2001/XMLSchema#integer
http://dbpedia.org/property/longs	"30"^^http://www.w3.org/2001/XMLSchema#integer
http://dbpedia.org/property/decLowC	"1.5"^^http://www.w3.org/2001/XMLSchema#decimal
http://dbpedia.org/property/junHighC	"20.800000000000000711"^^http://www.w3.org/2001/XMLSchema#decimal
http://dbpedia.org/property/marMeanC	"6.7999999999999998224"^^http://www.w3.org/2001/XMLSchema#decimal
http://dbpedia.org/property/imageShield	"MTR.png"^^http://www.w3.org/1999/02/22-rdf-syntax-ns#langString
http://dbpedia.org/property/longd	"7"^^http://www.w3.org/2001/XMLSchema#integer
http://www.w3.org/2002/07/owl#sameAs	http://fr.dbpedia.org/resource/Montalegre
http://dbpedia.org/property/decPrecipitationMm	"176"^^http://www.w3.org/2001/XMLSchema#integer
http://dbpedia.org/property/singleLine	"Y"^^http://www.w3.org/1999/02/22-rdf-syntax-ns#langString
http://dbpedia.org/ontology/thumbnail	http://commons.wikimedia.org/wiki/Special:FilePath/Pt-mtr1.png?width=300
http://dbpedia.org/property/augLowC	"12.599999999999999645"^^http://www.w3.org/2001/XMLSchema#decimal
http://dbpedia.org/property/febMeanC	"4.9000000000000003553"^^http://www.w3.org/2001/XMLSchema#decimal
http://dbpedia.org/property/patron	http://dbpedia.org/resource/Blessed_Virgin_Mary
http://dbpedia.org/property/febPrecipitationMm	"174"^^http://www.w3.org/2001/XMLSchema#integer
http://dbpedia.org/ontology/abstract	"Монтале́гри (порт. Montalegre; [mõtɐ'lɛgɾ(ɨ)]) — посёлок городского типа в Португалии, центр одноимённого муниципалитета в составе округа Вила-Реал. По старому административному делению входил в провинцию Траз-уж-Монтиш и Алту-Дору. Входит в экономико-статистический субрегион Алту-Траз-уж-Монтиш, который входит в Северный регион. Численность населения — 1,8 тыс. жителей (посёлок), 12,8 тыс. жителей (муниципалитет) на 2001 год. Занимает площадь 806 км². Покровителем посёлка считается Иисус Христос (порт. Cristo).Праздник посёлка — 9 июня."@ru
http://www.w3.org/2000/01/rdf-schema#label	"Montalegre"@nl
http://dbpedia.org/property/julHighC	"23.5"^^http://www.w3.org/2001/XMLSchema#decimal
http://dbpedia.org/property/lats	"23"^^http://www.w3.org/2001/XMLSchema#integer
http://dbpedia.org/property/novHighC	"10.5"^^http://www.w3.org/2001/XMLSchema#decimal
http://dbpedia.org/property/novLowC	"3.6000000000000000888"^^http://www.w3.org/2001/XMLSchema#decimal
http://dbpedia.org/property/latm	"49"^^http://www.w3.org/2001/XMLSchema#integer
http://dbpedia.org/property/julMeanC	"17.899999999999998579"^^http://www.w3.org/2001/XMLSchema#decimal
http://dbpedia.org/property/imageSkyline	"Montalegre.jpg"^^http://www.w3.org/1999/02/22-rdf-syntax-ns#langString
http://dbpedia.org/property/date	"August 2014"^^http://www.w3.org/1999/02/22-rdf-syntax-ns#langString
http://dbpedia.org/property/novMeanC	"7"^^http://www.w3.org/2001/XMLSchema#integer
http://dbpedia.org/property/source	"Climate-data.org"^^http://www.w3.org/1999/02/22-rdf-syntax-ns#langString
http://dbpedia.org/property/marLowC	"3"^^http://www.w3.org/2001/XMLSchema#integer
http://purl.org/dc/terms/subject	http://dbpedia.org/resource/Category:Towns_in_Portugal
http://dbpedia.org/property/febLowC	"1.3000000000000000444"^^http://www.w3.org/2001/XMLSchema#decimal
http://dbpedia.org/property/julPrecipitationMm	"24"^^http://www.w3.org/2001/XMLSchema#integer
http://dbpedia.org/property/octPrecipitationMm	"125"^^http://www.w3.org/2001/XMLSchema#integer
http://dbpedia.org/property/leaderParty	http://dbpedia.org/resource/Socialist_Party_(Portugal)
http://dbpedia.org/property/decMeanC	"4.5999999999999996447"^^http://www.w3.org/2001/XMLSchema#decimal
http://dbpedia.org/property/decHighC	"7.7999999999999998224"^^http://www.w3.org/2001/XMLSchema#decimal
http://dbpedia.org/property/sepHighC	"20.600000000000001421"^^http://www.w3.org/2001/XMLSchema#decimal
http://www.w3.org/ns/prov#wasDerivedFrom	http://en.wikipedia.org/wiki/Montalegre?oldid=701005640
http://dbpedia.org/property/mayPrecipitationMm	"95"^^http://www.w3.org/2001/XMLSchema#integer
http://dbpedia.org/property/octHighC	"15.699999999999999289"^^http://www.w3.org/2001/XMLSchema#decimal
http://dbpedia.org/property/sepMeanC	"15.699999999999999289"^^http://www.w3.org/2001/XMLSchema#decimal
http://dbpedia.org/property/octMeanC	"11.599999999999999645"^^http://www.w3.org/2001/XMLSchema#decimal
http://dbpedia.org/property/latd	"41"^^http://www.w3.org/2001/XMLSchema#integer
http://dbpedia.org/property/subregion	http://dbpedia.org/resource/Alto_Trás-os-Montes
http://dbpedia.org/property/mayLowC	"6.5999999999999996447"^^http://www.w3.org/2001/XMLSchema#decimal
http://www.w3.org/1999/02/22-rdf-syntax-ns#type	http://dbpedia.org/class/yago/Object100002684
http://dbpedia.org/property/region	http://dbpedia.org/resource/Norte_Region,_Portugal
http://dbpedia.org/property/febHighC	"8.5999999999999996447"^^http://www.w3.org/2001/XMLSchema#decimal
http://dbpedia.org/property/wordnet_type	http://www.w3.org/2006/03/wn/wn20/instances/synset-township-noun-1
http://dbpedia.org/property/imageCaption	"The hilltop Montalegre Castle"^^http://www.w3.org/1999/02/22-rdf-syntax-ns#langString
http://xmlns.com/foaf/0.1/isPrimaryTopicOf	http://en.wikipedia.org/wiki/Montalegre
http://dbpedia.org/property/populationTotal	"10537"^^http://www.w3.org/2001/XMLSchema#integer
http://dbpedia.org/property/janLowC	"0.9000000000000000222"^^http://www.w3.org/2001/XMLSchema#decimal
http://dbpedia.org/property/junMeanC	"15.599999999999999645"^^http://www.w3.org/2001/XMLSchema#decimal
http://dbpedia.org/property/populationAsOf	"2011"^^http://www.w3.org/2001/XMLSchema#integer
http://dbpedia.org/property/elevation	"884"^^http://www.w3.org/2001/XMLSchema#integer
http://www.w3.org/2000/01/rdf-schema#comment	"Montalegre est une municipalité (en portugais : concelho ou município) du Portugal, située dans le district de Vila Real et la région Nord. À l'altitude de 966 m, les vieilles maisons à toit rouge de Montalegre entoure l'enceinte d'un château du XIVe siècle, à demi ruiné, dans un joli site. Du pied du donjon, le château domine le plateau montagneux et sauvage traversé par le Cavado et l'on aperçoit au nord-est la serra do Larouco où ce fleuve prend sa source."@fr
http://dbpedia.org/property/mayHighC	"15.5"^^http://www.w3.org/2001/XMLSchema#decimal
http://xmlns.com/foaf/0.1/primaryTopic	http://en.wikipedia.org/wiki/Montalegre
http://dbpedia.org/property/aprHighC	"12.900000000000000355"^^http://www.w3.org/2001/XMLSchema#decimal
http://dbpedia.org/ontology/wikiPageRedirects	http://dbpedia.org/resource/Montalegre_Municipality
http://dbpedia.org/property/augPrecipitationMm	"26"^^http://www.w3.org/2001/XMLSchema#integer
http://dbpedia.org/property/janPrecipitationMm	"179"^^http://www.w3.org/2001/XMLSchema#integer
http://dbpedia.org/property/areaTotal	"805.46000000000003638"^^http://www.w3.org/2001/XMLSchema#decimal
http://dbpedia.org/ontology/wikiPageID	"1506564"^^http://www.w3.org/2001/XMLSchema#integer
http://dbpedia.org/ontology/location	http://dbpedia.org/resource/Alto_Rabagão_Dam
http://dbpedia.org/ontology/birthPlace	http://dbpedia.org/resource/Acácio_da_Silva
http://dbpedia.org/property/leaderName	"Fernando José Gomes Rodrigues"^^http://www.w3.org/1999/02/22-rdf-syntax-ns#langString
http://dbpedia.org/property/metricFirst	"Y"^^http://www.w3.org/1999/02/22-rdf-syntax-ns#langString
http://xmlns.com/foaf/0.1/depiction	http://commons.wikimedia.org/wiki/Special:FilePath/Pt-mtr1.png
http://purl.org/linguistics/gold/hypernym	http://dbpedia.org/resource/Municipality
http://dbpedia.org/property/postalCode	"5470"^^http://www.w3.org/2001/XMLSchema#integer
http://dbpedia.org/property/sepLowC	"10.800000000000000711"^^http://www.w3.org/2001/XMLSchema#decimal
http://dbpedia.org/property/imageFlag	"Pt-mtr1.png"^^http://www.w3.org/1999/02/22-rdf-syntax-ns#langString
http://dbpedia.org/ontology/ground	http://dbpedia.org/resource/C.D.C._Montalegre
