#---Properties and values from: http://dbpedia.org/resource/Houtskär
Property	Value
http://dbpedia.org/property/lats	"20"^^http://www.w3.org/2001/XMLSchema#integer
http://dbpedia.org/ontology/wikiPageRevisionID	"726465381"^^http://www.w3.org/2001/XMLSchema#integer
http://dbpedia.org/property/nativeSwedishPercent	"86"^^http://www.w3.org/2001/XMLSchema#integer
http://dbpedia.org/property/nativeFinnishPercent	"14"^^http://www.w3.org/2001/XMLSchema#integer
http://dbpedia.org/property/mapCaption	"Location of Houtskär in Finland"^^http://www.w3.org/1999/02/22-rdf-syntax-ns#langString
http://dbpedia.org/property/latm	"13"^^http://www.w3.org/2001/XMLSchema#integer
http://dbpedia.org/property/imageSkyline	"Houtskari Hyppeis.JPG"^^http://www.w3.org/1999/02/22-rdf-syntax-ns#langString
http://dbpedia.org/property/settlementType	"Former municipality"^^http://www.w3.org/1999/02/22-rdf-syntax-ns#langString
http://dbpedia.org/property/imageCaption	"Boathouses in Hyppeis"^^http://www.w3.org/1999/02/22-rdf-syntax-ns#langString
http://dbpedia.org/property/imageMap	"Houtskari.sijainti.suomi.2008.svg"^^http://www.w3.org/1999/02/22-rdf-syntax-ns#langString
http://xmlns.com/foaf/0.1/isPrimaryTopicOf	http://en.wikipedia.org/wiki/Houtskär
http://dbpedia.org/property/extinctDate	"2009"^^http://www.w3.org/2001/XMLSchema#integer
http://dbpedia.org/property/longm	"22"^^http://www.w3.org/2001/XMLSchema#integer
http://dbpedia.org/property/populationTotal	"621"^^http://www.w3.org/2001/XMLSchema#integer
http://dbpedia.org/property/longs	"20"^^http://www.w3.org/2001/XMLSchema#integer
http://dbpedia.org/property/populationAsOf	"2008-12-31"^^http://www.w3.org/2001/XMLSchema#date
http://purl.org/dc/terms/subject	http://dbpedia.org/resource/Category:Finnish_islands_in_the_Baltic
http://www.w3.org/2000/01/rdf-schema#comment	"Houtskär (Swedish pronunciation: [ˈhuːtʃæːr]; Finnish: Houtskari [ˈhoutskɑri]) is a former municipality of Finland. On 1 January 2009, it was consolidated with Iniö, Korpo, Nagu and Pargas to form the municipality Pargas (briefly named Väståboland). It is located in the Archipelago Sea in the province of Western Finland and is part of the Southwest Finland region. The municipality had a population of 621 (as of 31 December 2008) and covered a land area of 119.93 square kilometres (46.31 sq mi). The population density was 5.18 inhabitants per square kilometre (13.4/sq mi)."@en
http://dbpedia.org/property/imageShield	"Houtskar.jpg"^^http://www.w3.org/1999/02/22-rdf-syntax-ns#langString
http://dbpedia.org/property/longd	"21"^^http://www.w3.org/2001/XMLSchema#integer
http://xmlns.com/foaf/0.1/primaryTopic	http://en.wikipedia.org/wiki/Houtskär
http://www.w3.org/2002/07/owl#sameAs	http://dbpedia.org/resource/Houtskär
http://dbpedia.org/ontology/wikiPageRedirects	http://dbpedia.org/resource/Houtskaer
http://dbpedia.org/property/swedishOfficial	"1"^^http://www.w3.org/2001/XMLSchema#integer
http://dbpedia.org/ontology/thumbnail	http://commons.wikimedia.org/wiki/Special:FilePath/Houtskari_Hyppeis.JPG?width=300
http://dbpedia.org/property/population014Percent	"14.800000000000000711"^^http://www.w3.org/2001/XMLSchema#decimal
http://dbpedia.org/ontology/wikiPageID	"774768"^^http://www.w3.org/2001/XMLSchema#integer
http://dbpedia.org/property/population65Percent	"24.800000000000000711"^^http://www.w3.org/2001/XMLSchema#decimal
http://dbpedia.org/property/areaWaterKm	"446.87999999999999545"^^http://www.w3.org/2001/XMLSchema#decimal
http://dbpedia.org/ontology/birthPlace	http://dbpedia.org/resource/Mathias_Lindström
http://www.w3.org/ns/prov#wasDerivedFrom	http://en.wikipedia.org/wiki/Houtskär?oldid=726465381
http://dbpedia.org/property/name	"Houtskär"^^http://www.w3.org/1999/02/22-rdf-syntax-ns#langString
http://dbpedia.org/property/areaTotalKm	"566.80999999999994543"^^http://www.w3.org/2001/XMLSchema#decimal
http://xmlns.com/foaf/0.1/depiction	http://commons.wikimedia.org/wiki/Special:FilePath/Houtskari_Hyppeis.JPG
http://purl.org/linguistics/gold/hypernym	http://dbpedia.org/resource/Municipality
http://dbpedia.org/property/nativeName	"–"^^http://www.w3.org/1999/02/22-rdf-syntax-ns#langString
http://dbpedia.org/property/areaLandKm	"119.93000000000000682"^^http://www.w3.org/2001/XMLSchema#decimal
http://dbpedia.org/property/latd	"60"^^http://www.w3.org/2001/XMLSchema#integer
http://dbpedia.org/property/subregion	http://dbpedia.org/resource/Åboland
http://dbpedia.org/ontology/abstract	"Houtskär (Houtskari in finlandese) era un comune finlandese a maggioranza di lingua svedese situato nella regione del Varsinais-Suomi. Al 31 dicembre 2008 contava 621 abitanti. Il comune è stato soppresso nel 2009, confluendo nella nuova città di Väståboland."@it
http://www.w3.org/2000/01/rdf-schema#label	"Houtskär"@fr
http://dbpedia.org/property/extinctTitle	"Consolidated"^^http://www.w3.org/1999/02/22-rdf-syntax-ns#langString
http://dbpedia.org/property/population1564Percent	"60.299999999999997158"^^http://www.w3.org/2001/XMLSchema#decimal
http://dbpedia.org/property/province	http://dbpedia.org/resource/Western_Finland
http://dbpedia.org/property/finnishOfficial	"1"^^http://www.w3.org/2001/XMLSchema#integer
http://www.w3.org/1999/02/22-rdf-syntax-ns#type	http://dbpedia.org/ontology/Settlement
http://dbpedia.org/property/region	http://dbpedia.org/resource/Southwest_Finland
