#---Properties and values from: http://dbpedia.org/resource/Itaju
Property	Value
http://dbpedia.org/property/lats	"52"^^http://www.w3.org/2001/XMLSchema#integer
http://dbpedia.org/ontology/wikiPageRevisionID	"720290317"^^http://www.w3.org/2001/XMLSchema#integer
http://dbpedia.org/property/latm	"58"^^http://www.w3.org/2001/XMLSchema#integer
http://dbpedia.org/property/latns	"S"^^http://www.w3.org/1999/02/22-rdf-syntax-ns#langString
http://dbpedia.org/property/imageMap	"SaoPaulo Municip Itaju.svg"^^http://www.w3.org/1999/02/22-rdf-syntax-ns#langString
http://xmlns.com/foaf/0.1/isPrimaryTopicOf	http://en.wikipedia.org/wiki/Itaju
http://dbpedia.org/property/longm	"48"^^http://www.w3.org/2001/XMLSchema#integer
http://dbpedia.org/property/populationTotal	"3606"^^http://www.w3.org/2001/XMLSchema#integer
http://dbpedia.org/property/populationAsOf	"2015"^^http://www.w3.org/2001/XMLSchema#integer
http://dbpedia.org/property/longs	"17"^^http://www.w3.org/2001/XMLSchema#integer
http://purl.org/dc/terms/subject	http://dbpedia.org/resource/Category:Municipalities_in_São_Paulo_(state)
http://dbpedia.org/property/state	"SP"^^http://www.w3.org/1999/02/22-rdf-syntax-ns#langString
http://www.w3.org/2000/01/rdf-schema#comment	"伊塔茹（葡萄牙语：Itaju）是巴西圣保罗州的一个市镇。总面积228.777平方公里，总人口3264人，人口密度14.3人/平方公里。"@zh
http://dbpedia.org/property/longd	"48"^^http://www.w3.org/2001/XMLSchema#integer
http://xmlns.com/foaf/0.1/primaryTopic	http://en.wikipedia.org/wiki/Itaju
http://www.w3.org/2002/07/owl#sameAs	http://wikidata.dbpedia.org/resource/Q926176
http://dbpedia.org/ontology/thumbnail	http://commons.wikimedia.org/wiki/Special:FilePath/SaoPaulo_Municip_Itaju.svg?width=300
http://dbpedia.org/property/areaTotal	"230"^^http://www.w3.org/2001/XMLSchema#integer
http://dbpedia.org/ontology/wikiPageID	"1044473"^^http://www.w3.org/2001/XMLSchema#integer
http://www.w3.org/ns/prov#wasDerivedFrom	http://en.wikipedia.org/wiki/Itaju?oldid=720290317
http://xmlns.com/foaf/0.1/depiction	http://commons.wikimedia.org/wiki/Special:FilePath/SaoPaulo_Municip_Itaju.svg
http://purl.org/linguistics/gold/hypernym	http://dbpedia.org/resource/Municipality
http://dbpedia.org/property/latd	"21"^^http://www.w3.org/2001/XMLSchema#integer
http://dbpedia.org/ontology/abstract	"Itaju is a municipality in the state of São Paulo in Brazil. The population is 3,606 (2015 est.) in an area of 230 km². The elevation is 498 m."@en
http://www.w3.org/2000/01/rdf-schema#label	"Итажу"@ru
http://www.w3.org/1999/02/22-rdf-syntax-ns#type	http://dbpedia.org/class/yago/YagoPermanentlyLocatedEntity
