#---Properties and values from: http://dbpedia.org/resource/Frechas
Property	Value
http://dbpedia.org/property/officialName	"Frechas"^^http://www.w3.org/1999/02/22-rdf-syntax-ns#langString
http://dbpedia.org/ontology/wikiPageRevisionID	"689263767"^^http://www.w3.org/2001/XMLSchema#integer
http://dbpedia.org/property/imageSkyline	"LargodoPelourinho.jpg"^^http://www.w3.org/1999/02/22-rdf-syntax-ns#langString
http://dbpedia.org/property/imageCaption	"The pelourinho in the main square of Frechas"^^http://www.w3.org/1999/02/22-rdf-syntax-ns#langString
http://xmlns.com/foaf/0.1/isPrimaryTopicOf	http://en.wikipedia.org/wiki/Frechas
http://dbpedia.org/property/municipality	http://dbpedia.org/resource/Mirandela
http://dbpedia.org/ontology/country	http://dbpedia.org/resource/Portugal
http://dbpedia.org/property/populationTotal	"929"^^http://www.w3.org/2001/XMLSchema#integer
http://dbpedia.org/property/populationAsOf	"2011"^^http://www.w3.org/2001/XMLSchema#integer
http://purl.org/dc/terms/subject	http://dbpedia.org/resource/Category:Parishes_of_Mirandela
http://www.w3.org/2000/01/rdf-schema#comment	"Фрешаш (порт. Frechas) — приход (фрегезия) в Португалии, входит в округ Браганса. Является составной частью муниципалитета Мирандела. По старому административному делению входил в провинцию Траз-уж-Монтиш и Алту-Дору. Входит в экономико-статистический субрегион Алту-Траз-уш-Монтеш, который входит в Северный регион. Население составляет 1137 человек на 2001 год. Занимает площадь 18,41 км². Покровителем района считается Архангел Михаил (порт. São Miguel)."@ru
http://dbpedia.org/property/cim	http://dbpedia.org/resource/Terras_de_Trás-os-Montes
http://dbpedia.org/property/imageShield	"Brasfrechas.png"^^http://www.w3.org/1999/02/22-rdf-syntax-ns#langString
http://dbpedia.org/property/longd	"-7.1639999999999997016"^^http://www.w3.org/2001/XMLSchema#decimal
http://xmlns.com/foaf/0.1/primaryTopic	http://en.wikipedia.org/wiki/Frechas
http://www.w3.org/2002/07/owl#sameAs	http://dbpedia.org/resource/Frechas
http://dbpedia.org/property/imageLocation	"Locator map POR MIR Frechas.svg"^^http://www.w3.org/1999/02/22-rdf-syntax-ns#langString
http://dbpedia.org/ontology/thumbnail	http://commons.wikimedia.org/wiki/Special:FilePath/LargodoPelourinho.jpg?width=300
http://dbpedia.org/ontology/postalCode	"5370"
http://dbpedia.org/ontology/wikiPageID	"25414276"^^http://www.w3.org/2001/XMLSchema#integer
http://dbpedia.org/ontology/elevation	"382.0"^^http://www.w3.org/2001/XMLSchema#decimal
http://dbpedia.org/property/areaTotal	"18.539999999999999147"^^http://www.w3.org/2001/XMLSchema#decimal
http://www.w3.org/ns/prov#wasDerivedFrom	http://en.wikipedia.org/wiki/Frechas?oldid=689263767
http://dbpedia.org/property/district	http://dbpedia.org/resource/Bragança_District
http://xmlns.com/foaf/0.1/depiction	http://commons.wikimedia.org/wiki/Special:FilePath/LargodoPelourinho.jpg
http://purl.org/linguistics/gold/hypernym	http://dbpedia.org/resource/Parish
http://dbpedia.org/property/latd	"41.411999999999999034"^^http://www.w3.org/2001/XMLSchema#decimal
http://dbpedia.org/property/subregion	http://dbpedia.org/resource/Alto_Trás-os-Montes
http://dbpedia.org/ontology/abstract	"Фрешаш (порт. Frechas) — приход (фрегезия) в Португалии, входит в округ Браганса. Является составной частью муниципалитета Мирандела. По старому административному делению входил в провинцию Траз-уж-Монтиш и Алту-Дору. Входит в экономико-статистический субрегион Алту-Траз-уш-Монтеш, который входит в Северный регион. Население составляет 1137 человек на 2001 год. Занимает площадь 18,41 км². Покровителем района считается Архангел Михаил (порт. São Miguel)."@ru
http://www.w3.org/2000/01/rdf-schema#label	"Frechas"@nl
http://www.w3.org/1999/02/22-rdf-syntax-ns#type	http://dbpedia.org/class/yago/Tract108673395
http://dbpedia.org/property/region	http://dbpedia.org/resource/Norte_Region,_Portugal
