#---Properties and values from: http://dbpedia.org/resource/Mondim_de_Basto
Property	Value
http://dbpedia.org/property/longew	"W"^^http://www.w3.org/1999/02/22-rdf-syntax-ns#langString
http://dbpedia.org/ontology/wikiPageExternalLink	http://www.cm-mondimdebasto.pt
http://dbpedia.org/ontology/wikiPageRevisionID	"701646764"^^http://www.w3.org/2001/XMLSchema#integer
http://dbpedia.org/property/mapCaption	"Location in Portugal"^^http://www.w3.org/1999/02/22-rdf-syntax-ns#langString
http://dbpedia.org/property/latm	"24"^^http://www.w3.org/2001/XMLSchema#integer
http://dbpedia.org/property/latns	"N"^^http://www.w3.org/1999/02/22-rdf-syntax-ns#langString
http://dbpedia.org/property/wordnet_type	http://www.w3.org/2006/03/wn/wn20/instances/synset-township-noun-1
http://dbpedia.org/property/lowestCountry	http://dbpedia.org/resource/Nature_Park_of_Alvão
http://dbpedia.org/property/website	http://www.cm-mondimdebasto.pt
http://dbpedia.org/property/imageMap	"LocalMondimDeBasto.svg"^^http://www.w3.org/1999/02/22-rdf-syntax-ns#langString
http://xmlns.com/foaf/0.1/isPrimaryTopicOf	http://en.wikipedia.org/wiki/Mondim_de_Basto
http://dbpedia.org/property/location	http://dbpedia.org/resource/2016–17_Taça_de_Portugal
http://dbpedia.org/property/longm	"57"^^http://www.w3.org/2001/XMLSchema#integer
http://dbpedia.org/property/populationTotal	"7493"^^http://www.w3.org/2001/XMLSchema#integer
http://dbpedia.org/property/populationAsOf	"2011"^^http://www.w3.org/2001/XMLSchema#integer
http://purl.org/dc/terms/subject	http://dbpedia.org/resource/Category:Towns_in_Portugal
http://dbpedia.org/property/parishes	"[[#Parishes"^^http://www.w3.org/1999/02/22-rdf-syntax-ns#langString
http://www.w3.org/2000/01/rdf-schema#comment	"Mondim de Basto (Portuguese pronunciation: [mõˈdĩ dɨ ˈβaʃtu]) is a municipality in the district of Vila Real in Portugal. The population in 2011 was 7,493, in an area of 172.08 km². The present Mayor is Humberto Cerqueira, elected by the Socialist Party. The municipal holiday is July 25."@en
http://dbpedia.org/property/cim	http://dbpedia.org/resource/Ave_(intermunicipal_community)
http://dbpedia.org/property/imageShield	"MDB.png"^^http://www.w3.org/1999/02/22-rdf-syntax-ns#langString
http://dbpedia.org/property/longd	"7"^^http://www.w3.org/2001/XMLSchema#integer
http://xmlns.com/foaf/0.1/primaryTopic	http://en.wikipedia.org/wiki/Mondim_de_Basto
http://www.w3.org/2002/07/owl#sameAs	http://it.dbpedia.org/resource/Mondim_de_Basto
http://dbpedia.org/ontology/wikiPageRedirects	http://dbpedia.org/resource/Mondim_de_Basto_Municipality
http://dbpedia.org/property/leaderParty	http://dbpedia.org/resource/Socialist_Party_(Portugal)
http://dbpedia.org/ontology/thumbnail	http://commons.wikimedia.org/wiki/Special:FilePath/Pt-mdb1.png?width=300
http://dbpedia.org/ontology/wikiPageID	"4478582"^^http://www.w3.org/2001/XMLSchema#integer
http://dbpedia.org/property/areaTotal	"172.08000000000001251"^^http://www.w3.org/2001/XMLSchema#decimal
http://www.w3.org/ns/prov#wasDerivedFrom	http://en.wikipedia.org/wiki/Mondim_de_Basto?oldid=701646764
http://dbpedia.org/property/leaderName	http://dbpedia.org/resource/Humberto_Cerqueira
http://dbpedia.org/ontology/municipality	http://dbpedia.org/resource/Nature_Park_of_Alvão
http://dbpedia.org/property/district	http://dbpedia.org/resource/Vila_Real_District
http://xmlns.com/foaf/0.1/depiction	http://commons.wikimedia.org/wiki/Special:FilePath/Pt-mdb1.png
http://purl.org/linguistics/gold/hypernym	http://dbpedia.org/resource/Municipality
http://dbpedia.org/property/latd	"41"^^http://www.w3.org/2001/XMLSchema#integer
http://dbpedia.org/property/subregion	http://dbpedia.org/resource/Tâmega_Subregion
http://dbpedia.org/ontology/abstract	"Mondim de Basto to miejscowość w Portugalii, leżąca w dystrykcie Vila Real, w regionie Północ w podregionie Tâmega. Miejscowość jest siedzibą gminy o tej samej nazwie."@pl
http://dbpedia.org/property/imageFlag	"Pt-mdb1.png"^^http://www.w3.org/1999/02/22-rdf-syntax-ns#langString
http://www.w3.org/2000/01/rdf-schema#label	"Mondim de Basto"@en
http://xmlns.com/foaf/0.1/homepage	http://www.cm-mondimdebasto.pt
http://www.w3.org/1999/02/22-rdf-syntax-ns#type	http://dbpedia.org/class/yago/WikicatMunicipalitiesOfPortugal
http://dbpedia.org/property/region	http://dbpedia.org/resource/Norte_Region,_Portugal
