#---Properties and values from: http://dbpedia.org/resource/São_Julião_de_Palácios_e_Deilão
Property	Value
http://dbpedia.org/property/officialName	"São Julião de Palácios e Deilão"^^http://www.w3.org/1999/02/22-rdf-syntax-ns#langString
http://dbpedia.org/ontology/wikiPageRevisionID	"701649844"^^http://www.w3.org/2001/XMLSchema#integer
http://xmlns.com/foaf/0.1/isPrimaryTopicOf	http://en.wikipedia.org/wiki/São_Julião_de_Palácios_e_Deilão
http://dbpedia.org/property/municipality	http://dbpedia.org/resource/Bragança,_Portugal
http://dbpedia.org/ontology/country	http://dbpedia.org/resource/Portugal
http://dbpedia.org/property/populationTotal	"400"^^http://www.w3.org/2001/XMLSchema#integer
http://dbpedia.org/property/populationAsOf	"2011"^^http://www.w3.org/2001/XMLSchema#integer
http://purl.org/dc/terms/subject	http://dbpedia.org/resource/Category:Parishes_of_Bragança,_Portugal
http://www.w3.org/2000/01/rdf-schema#comment	"São Julião de Palácios e Deilão is a civil parish in the municipality of Bragança, Portugal. It was formed in 2013 by the merger of the former parishes São Julião de Palácios and Deilão. The population in 2011 was 400, in an area of 80.62 km²."@en
http://dbpedia.org/property/cim	http://dbpedia.org/resource/Terras_de_Trás-os-Montes
http://dbpedia.org/property/longd	"-6.5899999999999998579"^^http://www.w3.org/2001/XMLSchema#decimal
http://xmlns.com/foaf/0.1/primaryTopic	http://en.wikipedia.org/wiki/São_Julião_de_Palácios_e_Deilão
http://www.w3.org/2002/07/owl#sameAs	http://rdf.freebase.com/ns/m.03_jpj
http://dbpedia.org/ontology/wikiPageRedirects	http://dbpedia.org/resource/Sao_Juliao_de_Palacios_e_Deilao
http://dbpedia.org/ontology/wikiPageID	"1027571"^^http://www.w3.org/2001/XMLSchema#integer
http://dbpedia.org/property/areaTotal	"80.620000000000004547"^^http://www.w3.org/2001/XMLSchema#decimal
http://www.w3.org/ns/prov#wasDerivedFrom	http://en.wikipedia.org/wiki/São_Julião_de_Palácios_e_Deilão?oldid=701649844
http://dbpedia.org/property/district	http://dbpedia.org/resource/Bragança_District
http://purl.org/linguistics/gold/hypernym	http://dbpedia.org/resource/Parish
http://dbpedia.org/property/latd	"41.840000000000003411"^^http://www.w3.org/2001/XMLSchema#decimal
http://dbpedia.org/property/subregion	http://dbpedia.org/resource/Alto_Trás-os-Montes
http://dbpedia.org/ontology/abstract	"São Julião de Palácios e Deilão is a civil parish in the municipality of Bragança, Portugal. It was formed in 2013 by the merger of the former parishes São Julião de Palácios and Deilão. The population in 2011 was 400, in an area of 80.62 km²."@en
http://www.w3.org/2000/01/rdf-schema#label	"São Julião de Palácios e Deilão"@en
http://www.w3.org/1999/02/22-rdf-syntax-ns#type	http://www.wikidata.org/entity/Q486972
http://dbpedia.org/property/region	http://dbpedia.org/resource/Norte_Region,_Portugal
