#---Properties and values from: http://dbpedia.org/resource/Mały_Horn
Property	Value
http://dbpedia.org/property/longew	"E"^^http://www.w3.org/1999/02/22-rdf-syntax-ns#langString
http://xmlns.com/foaf/0.1/name	"Mały Horn"@en
http://dbpedia.org/ontology/wikiPageRevisionID	"559699118"^^http://www.w3.org/2001/XMLSchema#integer
http://dbpedia.org/property/latm	"53"^^http://www.w3.org/2001/XMLSchema#integer
http://dbpedia.org/property/latns	"N"^^http://www.w3.org/1999/02/22-rdf-syntax-ns#langString
http://www.w3.org/2003/01/geo/wgs84_pos#long	"20.016666412353515625"^^http://www.w3.org/2001/XMLSchema#float
http://dbpedia.org/property/coordinatesRegion	"PL"^^http://www.w3.org/1999/02/22-rdf-syntax-ns#langString
http://dbpedia.org/property/pushpinLabelPosition	"bottom"^^http://www.w3.org/1999/02/22-rdf-syntax-ns#langString
http://xmlns.com/foaf/0.1/isPrimaryTopicOf	http://en.wikipedia.org/wiki/Mały_Horn
http://dbpedia.org/property/subdivisionType	http://dbpedia.org/resource/Gmina
http://dbpedia.org/property/longm	"1"^^http://www.w3.org/2001/XMLSchema#integer
http://dbpedia.org/ontology/country	http://dbpedia.org/resource/Poland
http://dbpedia.org/property/populationTotal	"approx. 20"^^http://www.w3.org/1999/02/22-rdf-syntax-ns#langString
http://purl.org/dc/terms/subject	http://dbpedia.org/resource/Category:Villages_in_Ostróda_County
http://dbpedia.org/ontology/isPartOf	http://dbpedia.org/resource/Gmina_Morąg
http://www.w3.org/2000/01/rdf-schema#comment	"Mały Horn [ˈmavɨ ˈxɔrn] (literally \"Little Horn\") is located in the administrative district of Gmina Morąg, within Ostróda County, Warmian-Masurian Voivodeship, in northern Poland. It lies approximately 7 kilometres (4 mi) south-east of Morąg, 21 km (13 mi) north of Ostróda, and 34 km (21 mi) west of the regional capital Olsztyn. It is officially a part of the village of Żabi Róg two kilometers to the south, but is considered a separate village by the families who live there, who are generally much more wealthy than their neighbors to the south. Mały Horn lies on the southern tip or \"horn\" of Lake Narie, near the village of Kretowiny. It consists of a few farms, a \"sawmill\", and two large homes which are often used as bed & breakfast facilities for visitors to the lake."@en
http://dbpedia.org/ontology/type	http://dbpedia.org/resource/Village
http://dbpedia.org/property/longd	"20"^^http://www.w3.org/2001/XMLSchema#integer
http://xmlns.com/foaf/0.1/primaryTopic	http://en.wikipedia.org/wiki/Mały_Horn
http://www.w3.org/2002/07/owl#sameAs	http://wikidata.dbpedia.org/resource/Q6799503
http://dbpedia.org/ontology/wikiPageRedirects	http://dbpedia.org/resource/Maly_Horn
http://www.w3.org/2003/01/geo/wgs84_pos#lat	"53.883335113525390625"^^http://www.w3.org/2001/XMLSchema#float
http://www.georss.org/georss/point	"53.88333333333333 20.016666666666666"
http://dbpedia.org/ontology/wikiPageID	"23172991"^^http://www.w3.org/2001/XMLSchema#integer
http://www.w3.org/ns/prov#wasDerivedFrom	http://en.wikipedia.org/wiki/Mały_Horn?oldid=559699118
http://dbpedia.org/property/coordinatesDisplay	"inline,title"^^http://www.w3.org/1999/02/22-rdf-syntax-ns#langString
http://dbpedia.org/property/pushpinMap	"Poland"^^http://www.w3.org/1999/02/22-rdf-syntax-ns#langString
http://dbpedia.org/property/latd	"53"^^http://www.w3.org/2001/XMLSchema#integer
http://dbpedia.org/ontology/abstract	"Mały Horn [ˈmavɨ ˈxɔrn] (literally \"Little Horn\") is located in the administrative district of Gmina Morąg, within Ostróda County, Warmian-Masurian Voivodeship, in northern Poland. It lies approximately 7 kilometres (4 mi) south-east of Morąg, 21 km (13 mi) north of Ostróda, and 34 km (21 mi) west of the regional capital Olsztyn. It is officially a part of the village of Żabi Róg two kilometers to the south, but is considered a separate village by the families who live there, who are generally much more wealthy than their neighbors to the south. Mały Horn lies on the southern tip or \"horn\" of Lake Narie, near the village of Kretowiny. It consists of a few farms, a \"sawmill\", and two large homes which are often used as bed & breakfast facilities for visitors to the lake."@en
http://www.w3.org/2003/01/geo/wgs84_pos#geometry	"POINT(20.016666412354 53.883335113525)"^^http://www.openlinksw.com/schemas/virtrdf#Geometry
http://www.w3.org/2000/01/rdf-schema#label	"Mały Horn"@en
http://www.w3.org/1999/02/22-rdf-syntax-ns#type	http://dbpedia.org/class/yago/Settlement108672562
