#---Properties and values from: http://dbpedia.org/resource/Humansdorp
Property	Value
http://xmlns.com/foaf/0.1/name	"Humansdorp"@en
http://dbpedia.org/ontology/wikiPageExternalLink	http://www.kougamunicipality.gov.za/
http://dbpedia.org/property/latm	"2"^^http://www.w3.org/2001/XMLSchema#integer
http://dbpedia.org/ontology/deathPlace	http://dbpedia.org/resource/Henry_Georges_Fourcade
http://dbpedia.org/property/areaCode	"42"^^http://www.w3.org/2001/XMLSchema#integer
http://dbpedia.org/property/imageSkyline	"Humansdorp Station c.JPG"^^http://www.w3.org/1999/02/22-rdf-syntax-ns#langString
http://www.w3.org/2003/01/geo/wgs84_pos#long	"24.766666412353515625"^^http://www.w3.org/2001/XMLSchema#float
http://dbpedia.org/ontology/routeEnd	http://dbpedia.org/resource/R62_road
http://purl.org/dc/terms/subject	http://dbpedia.org/resource/Category:1849_establishments_in_the_Cape_Colony
http://dbpedia.org/property/birthPlace	http://dbpedia.org/resource/Jaco_Erasmus
http://dbpedia.org/property/percentWhite	"6.7"^^http://dbpedia.org/datatype/perCent
http://dbpedia.org/ontology/postalCode	"6300"
http://dbpedia.org/ontology/elevation	"120.0"^^http://www.w3.org/2001/XMLSchema#decimal
http://www.w3.org/ns/prov#wasDerivedFrom	http://en.wikipedia.org/wiki/Humansdorp?oldid=722474728
http://dbpedia.org/property/areaTotalKm	"34.5"^^http://www.w3.org/2001/XMLSchema#decimal
http://dbpedia.org/property/district	"Sarah Baartman"^^http://www.w3.org/1999/02/22-rdf-syntax-ns#langString
http://dbpedia.org/ontology/city	http://dbpedia.org/resource/R62_road
http://dbpedia.org/property/latd	"34"^^http://www.w3.org/2001/XMLSchema#integer
http://dbpedia.org/property/province	"Eastern Cape"^^http://www.w3.org/1999/02/22-rdf-syntax-ns#langString
http://www.w3.org/1999/02/22-rdf-syntax-ns#type	http://dbpedia.org/class/yago/Township108672199
http://dbpedia.org/property/demographics2Info	"2.6"^^http://dbpedia.org/datatype/perCent
http://dbpedia.org/ontology/garrison	http://dbpedia.org/resource/Humansdorp_Commando
http://dbpedia.org/ontology/wikiPageRevisionID	"722474728"^^http://www.w3.org/2001/XMLSchema#integer
http://dbpedia.org/property/imageCaption	"Humansdorp railway station"^^http://www.w3.org/1999/02/22-rdf-syntax-ns#langString
http://dbpedia.org/property/demographics2Title	http://dbpedia.org/resource/English_language
http://xmlns.com/foaf/0.1/isPrimaryTopicOf	http://en.wikipedia.org/wiki/Humansdorp
http://dbpedia.org/property/municipality	"Kouga"^^http://www.w3.org/1999/02/22-rdf-syntax-ns#langString
http://dbpedia.org/ontology/country	http://dbpedia.org/resource/South_Africa
http://dbpedia.org/property/longm	"46"^^http://www.w3.org/2001/XMLSchema#integer
http://dbpedia.org/property/populationTotal	"28990"^^http://www.w3.org/2001/XMLSchema#integer
http://dbpedia.org/property/populationAsOf	"2011"^^http://www.w3.org/2001/XMLSchema#integer
http://dbpedia.org/property/stadium	http://dbpedia.org/resource/2005_Vodacom_Cup
http://www.w3.org/2000/01/rdf-schema#comment	"Humansdorp ist ein Ort in der südafrikanischen Provinz Ostkap. Er liegt in der Gemeinde Kouga im Distrikt Sarah Baartman."@de
http://dbpedia.org/property/percentOther	"0.6"^^http://dbpedia.org/datatype/perCent
http://dbpedia.org/property/leaderTitle	"Councillor"^^http://www.w3.org/1999/02/22-rdf-syntax-ns#langString
http://dbpedia.org/property/percentAsian	"0.3"^^http://dbpedia.org/datatype/perCent
http://dbpedia.org/property/longd	"24"^^http://www.w3.org/2001/XMLSchema#integer
http://xmlns.com/foaf/0.1/primaryTopic	http://en.wikipedia.org/wiki/Humansdorp
http://dbpedia.org/ontology/wikiPageRedirects	http://dbpedia.org/resource/Humansdorp,_Eastern_Cape
http://www.w3.org/2002/07/owl#sameAs	http://rdf.freebase.com/ns/m.06tmyc
http://www.w3.org/2003/01/geo/wgs84_pos#lat	"34.03333282470703125"^^http://www.w3.org/2001/XMLSchema#float
http://www.georss.org/georss/point	"34.03333333333333 24.766666666666666"
http://dbpedia.org/ontology/thumbnail	http://commons.wikimedia.org/wiki/Special:FilePath/Humansdorp_Station_c.JPG?width=300
http://dbpedia.org/ontology/wikiPageID	"2189864"^^http://www.w3.org/2001/XMLSchema#integer
http://dbpedia.org/ontology/location	http://dbpedia.org/resource/Impofu_Dam
http://dbpedia.org/ontology/birthPlace	http://dbpedia.org/resource/Cornelia_Bürki
http://dbpedia.org/property/percentBlack	"38.0"^^http://dbpedia.org/datatype/perCent
http://xmlns.com/foaf/0.1/depiction	http://commons.wikimedia.org/wiki/Special:FilePath/Humansdorp_Station_c.JPG
http://purl.org/linguistics/gold/hypernym	http://dbpedia.org/resource/Town
http://dbpedia.org/property/percentColoured	"54.3"^^http://dbpedia.org/datatype/perCent
http://dbpedia.org/ontology/abstract	"Humansdorp ist ein Ort in der südafrikanischen Provinz Ostkap. Er liegt in der Gemeinde Kouga im Distrikt Sarah Baartman."@de
http://www.w3.org/2003/01/geo/wgs84_pos#geometry	"POINT(24.766666412354 34.033332824707)"^^http://www.openlinksw.com/schemas/virtrdf#Geometry
http://www.w3.org/2000/01/rdf-schema#label	"Humansdorp"@nl
