#---Properties and values from: http://dbpedia.org/resource/Vista_Alegre_do_Alto
Property	Value
http://dbpedia.org/property/lats	"14"^^http://www.w3.org/2001/XMLSchema#integer
http://dbpedia.org/ontology/wikiPageRevisionID	"720255382"^^http://www.w3.org/2001/XMLSchema#integer
http://dbpedia.org/property/latm	"10"^^http://www.w3.org/2001/XMLSchema#integer
http://dbpedia.org/property/latns	"S"^^http://www.w3.org/1999/02/22-rdf-syntax-ns#langString
http://dbpedia.org/property/imageMap	"SaoPaulo Municip VistaAlegredoAlto.svg"^^http://www.w3.org/1999/02/22-rdf-syntax-ns#langString
http://xmlns.com/foaf/0.1/isPrimaryTopicOf	http://en.wikipedia.org/wiki/Vista_Alegre_do_Alto
http://dbpedia.org/property/longm	"37"^^http://www.w3.org/2001/XMLSchema#integer
http://dbpedia.org/property/populationTotal	"8002"^^http://www.w3.org/2001/XMLSchema#integer
http://dbpedia.org/property/populationAsOf	"2015"^^http://www.w3.org/2001/XMLSchema#integer
http://dbpedia.org/property/longs	"45"^^http://www.w3.org/2001/XMLSchema#integer
http://purl.org/dc/terms/subject	http://dbpedia.org/resource/Category:Municipalities_in_São_Paulo_(state)
http://dbpedia.org/property/state	"SP"^^http://www.w3.org/1999/02/22-rdf-syntax-ns#langString
http://dbpedia.org/ontology/wikiPageDisambiguates	http://dbpedia.org/resource/Vista_Alegre
http://www.w3.org/2000/01/rdf-schema#comment	"Vista Alegre do Alto – miasto i gmina w Brazylii, w stanie São Paulo. Znajduje się w mezoregionie Ribeirão Preto i mikroregionie Jaboticabal."@pl
http://dbpedia.org/property/longd	"48"^^http://www.w3.org/2001/XMLSchema#integer
http://xmlns.com/foaf/0.1/primaryTopic	http://en.wikipedia.org/wiki/Vista_Alegre_do_Alto
http://www.w3.org/2002/07/owl#sameAs	http://nl.dbpedia.org/resource/Vista_Alegre_do_Alto
http://dbpedia.org/ontology/thumbnail	http://commons.wikimedia.org/wiki/Special:FilePath/SaoPaulo_Municip_VistaAlegredoAlto.svg?width=300
http://dbpedia.org/property/areaTotal	"95.430000000000006821"^^http://www.w3.org/2001/XMLSchema#decimal
http://dbpedia.org/ontology/wikiPageID	"6515741"^^http://www.w3.org/2001/XMLSchema#integer
http://www.w3.org/ns/prov#wasDerivedFrom	http://en.wikipedia.org/wiki/Vista_Alegre_do_Alto?oldid=720255382
http://xmlns.com/foaf/0.1/depiction	http://commons.wikimedia.org/wiki/Special:FilePath/SaoPaulo_Municip_VistaAlegredoAlto.svg
http://purl.org/linguistics/gold/hypernym	http://dbpedia.org/resource/Municipality
http://dbpedia.org/property/latd	"21"^^http://www.w3.org/2001/XMLSchema#integer
http://dbpedia.org/ontology/abstract	"Vista Alegre do Alto é um município brasileiro do estado de São Paulo. Localiza-se a uma latitude 21º10'14\" sul e a uma longitude 48º37'45\" oeste, estando a uma altitude de 619 metros."@pt
http://www.w3.org/2000/01/rdf-schema#label	"Vista Alegre do Alto"@fr
http://www.w3.org/1999/02/22-rdf-syntax-ns#type	http://dbpedia.org/class/yago/Tract108673395
