#---Properties and values from: http://dbpedia.org/resource/Gytsjerk
Property	Value
http://xmlns.com/foaf/0.1/name	"Gytsjerk"@en
http://dbpedia.org/ontology/wikiPageRevisionID	"649756420"^^http://www.w3.org/2001/XMLSchema#integer
http://dbpedia.org/ontology/deathPlace	http://dbpedia.org/resource/Kian_(bull)
http://dbpedia.org/property/settlementType	"Village"^^http://www.w3.org/1999/02/22-rdf-syntax-ns#langString
http://www.w3.org/2003/01/geo/wgs84_pos#long	"5.8930554389953613281"^^http://www.w3.org/2001/XMLSchema#float
http://dbpedia.org/property/imageMap	"Map NL Tytsjerksteradiel Gytsjerk.png"^^http://www.w3.org/1999/02/22-rdf-syntax-ns#langString
http://xmlns.com/foaf/0.1/isPrimaryTopicOf	http://en.wikipedia.org/wiki/Gytsjerk
http://dbpedia.org/property/subdivisionType	"Country"^^http://www.w3.org/1999/02/22-rdf-syntax-ns#langString
http://dbpedia.org/ontology/country	http://dbpedia.org/resource/Netherlands
http://dbpedia.org/property/populationTotal	"c. 2300"^^http://www.w3.org/1999/02/22-rdf-syntax-ns#langString
http://purl.org/dc/terms/subject	http://dbpedia.org/resource/Category:Populated_places_in_Friesland
http://dbpedia.org/ontology/isPartOf	http://dbpedia.org/resource/Friesland
http://www.w3.org/2000/01/rdf-schema#comment	"Giekerk (officieel, Fries: Gytsjerk) is een dorp in de gemeente Tietjerksteradeel in de Nederlandse provincie Friesland en telt ongeveer 2350 inwoners."@nl
http://xmlns.com/foaf/0.1/primaryTopic	http://en.wikipedia.org/wiki/Gytsjerk
http://dbpedia.org/ontology/wikiPageRedirects	http://dbpedia.org/resource/Giekerk
http://www.w3.org/2002/07/owl#sameAs	http://fr.dbpedia.org/resource/Gytsjerk
http://www.w3.org/2003/01/geo/wgs84_pos#lat	"53.240833282470703125"^^http://www.w3.org/2001/XMLSchema#float
http://www.georss.org/georss/point	"53.240833333333335 5.893055555555556"
http://dbpedia.org/ontology/thumbnail	http://commons.wikimedia.org/wiki/Special:FilePath/Map_NL_Tytsjerksteradiel_Gytsjerk.png?width=300
http://dbpedia.org/ontology/wikiPageID	"16113704"^^http://www.w3.org/2001/XMLSchema#integer
http://dbpedia.org/ontology/birthPlace	http://dbpedia.org/resource/Marjon_Wijnsma
http://www.w3.org/ns/prov#wasDerivedFrom	http://en.wikipedia.org/wiki/Gytsjerk?oldid=649756420
http://xmlns.com/foaf/0.1/depiction	http://commons.wikimedia.org/wiki/Special:FilePath/Map_NL_Tytsjerksteradiel_Gytsjerk.png
http://purl.org/linguistics/gold/hypernym	http://dbpedia.org/resource/Village
http://dbpedia.org/ontology/abstract	"Giekerk (officieel, Fries: Gytsjerk) is een dorp in de gemeente Tietjerksteradeel in de Nederlandse provincie Friesland en telt ongeveer 2350 inwoners."@nl
http://www.w3.org/2003/01/geo/wgs84_pos#geometry	"POINT(5.8930554389954 53.240833282471)"^^http://www.openlinksw.com/schemas/virtrdf#Geometry
http://www.w3.org/2000/01/rdf-schema#label	"Giekerk"@nl
http://dbpedia.org/property/mapsize	"280"^^http://www.w3.org/2001/XMLSchema#integer
http://www.w3.org/1999/02/22-rdf-syntax-ns#type	http://dbpedia.org/class/yago/AdministrativeDistrict108491826
