#---Properties and values from: http://dbpedia.org/resource/Santa_Rita_do_Araguaia
Property	Value
http://dbpedia.org/property/lats	"52"^^http://www.w3.org/2001/XMLSchema#integer
http://dbpedia.org/ontology/wikiPageExternalLink	http://www.frigoletto.com.br/GeoEcon/idhgo.htm
http://dbpedia.org/ontology/wikiPageRevisionID	"726030082"^^http://www.w3.org/2001/XMLSchema#integer
http://dbpedia.org/property/latm	"18"^^http://www.w3.org/2001/XMLSchema#integer
http://dbpedia.org/property/latns	"S"^^http://www.w3.org/1999/02/22-rdf-syntax-ns#langString
http://dbpedia.org/property/imageMap	"Goias Municip SantaRitadoAraguaia.svg"^^http://www.w3.org/1999/02/22-rdf-syntax-ns#langString
http://xmlns.com/foaf/0.1/isPrimaryTopicOf	http://en.wikipedia.org/wiki/Santa_Rita_do_Araguaia
http://dbpedia.org/property/microregion	http://dbpedia.org/resource/Sudoeste_de_Goiás_Microregion
http://dbpedia.org/property/longm	"11"^^http://www.w3.org/2001/XMLSchema#integer
http://dbpedia.org/property/populationTotal	"5873"^^http://www.w3.org/2001/XMLSchema#integer
http://dbpedia.org/property/longs	"57"^^http://www.w3.org/2001/XMLSchema#integer
http://dbpedia.org/property/populationAsOf	"2007"^^http://www.w3.org/2001/XMLSchema#integer
http://purl.org/dc/terms/subject	http://dbpedia.org/resource/Category:Municipalities_in_Goiás
http://dbpedia.org/property/elevation	"691"^^http://www.w3.org/2001/XMLSchema#integer
http://dbpedia.org/property/state	"GO"^^http://www.w3.org/1999/02/22-rdf-syntax-ns#langString
http://dbpedia.org/ontology/wikiPageDisambiguates	http://dbpedia.org/resource/Santa_Rita
http://www.w3.org/2000/01/rdf-schema#comment	"Santa Rita do Araguaia é um município brasileiro do estado de Goiás, Região Centro-Oeste do país. Sua população estimada em 2013 era de 7 916 habitantes."@pt
http://dbpedia.org/property/longd	"53"^^http://www.w3.org/2001/XMLSchema#integer
http://xmlns.com/foaf/0.1/primaryTopic	http://en.wikipedia.org/wiki/Santa_Rita_do_Araguaia
http://www.w3.org/2002/07/owl#sameAs	http://rdf.freebase.com/ns/m.0c0fx6
http://dbpedia.org/ontology/wikiPageRedirects	http://dbpedia.org/resource/Santa_rita_do_araguaia
http://dbpedia.org/ontology/thumbnail	http://commons.wikimedia.org/wiki/Special:FilePath/Goias_Municip_SantaRitadoAraguaia.svg?width=300
http://dbpedia.org/ontology/wikiPageID	"4404366"^^http://www.w3.org/2001/XMLSchema#integer
http://dbpedia.org/property/areaTotal	"1361.7000000000000455"^^http://www.w3.org/2001/XMLSchema#decimal
http://www.w3.org/ns/prov#wasDerivedFrom	http://en.wikipedia.org/wiki/Santa_Rita_do_Araguaia?oldid=726030082
http://dbpedia.org/property/name	"Santa Rita do Araguaia"^^http://www.w3.org/1999/02/22-rdf-syntax-ns#langString
http://xmlns.com/foaf/0.1/depiction	http://commons.wikimedia.org/wiki/Special:FilePath/Goias_Municip_SantaRitadoAraguaia.svg
http://purl.org/linguistics/gold/hypernym	http://dbpedia.org/resource/Municipality
http://dbpedia.org/property/latd	"17"^^http://www.w3.org/2001/XMLSchema#integer
http://dbpedia.org/property/postalCode	"75840"^^http://www.w3.org/2001/XMLSchema#integer
http://dbpedia.org/ontology/abstract	"Santa Rita do Araguaia is a municipality in southwestern Goiás state, Brazil."@en
http://www.w3.org/2000/01/rdf-schema#label	"Santa Rita do Araguaia"@fr
http://www.w3.org/1999/02/22-rdf-syntax-ns#type	http://dbpedia.org/class/yago/GeographicalArea108574314
