#---Properties and values from: http://dbpedia.org/resource/Jistrum
Property	Value
http://xmlns.com/foaf/0.1/name	"Jistrum"@en
http://dbpedia.org/ontology/wikiPageExternalLink	http://www.jistrum.nl
http://dbpedia.org/ontology/wikiPageRevisionID	"699442457"^^http://www.w3.org/2001/XMLSchema#integer
http://dbpedia.org/property/settlementType	"Village"^^http://www.w3.org/1999/02/22-rdf-syntax-ns#langString
http://www.w3.org/2003/01/geo/wgs84_pos#long	"6.065555572509765625"^^http://www.w3.org/2001/XMLSchema#float
http://dbpedia.org/property/imageMap	"Map NL Tytsjerksteradiel Jistrum.png"^^http://www.w3.org/1999/02/22-rdf-syntax-ns#langString
http://xmlns.com/foaf/0.1/isPrimaryTopicOf	http://en.wikipedia.org/wiki/Jistrum
http://dbpedia.org/property/subdivisionType	"Country"^^http://www.w3.org/1999/02/22-rdf-syntax-ns#langString
http://dbpedia.org/ontology/country	http://dbpedia.org/resource/Netherlands
http://dbpedia.org/property/populationTotal	"c. 964"^^http://www.w3.org/1999/02/22-rdf-syntax-ns#langString
http://purl.org/dc/terms/subject	http://dbpedia.org/resource/Category:Tytsjerksteradiel
http://dbpedia.org/ontology/isPartOf	http://dbpedia.org/resource/Friesland
http://www.w3.org/2000/01/rdf-schema#comment	"Eestrum (officieel, Fries: Jistrum) is een dorp in de gemeente Tietjerksteradeel, in de Nederlandse provincie Friesland. Het ligt ten noordoosten van het Bergumermeer en heeft 960 inwoners (januari 2009). De plaatselijke voetbalverenging van Jistrum is VV Jistrum en is opgericht in 1949.Het voetbalveld en de kantine liggen aan de Fjildwei."@nl
http://xmlns.com/foaf/0.1/primaryTopic	http://en.wikipedia.org/wiki/Jistrum
http://dbpedia.org/ontology/wikiPageRedirects	http://dbpedia.org/resource/Eestrum
http://www.w3.org/2002/07/owl#sameAs	http://fr.dbpedia.org/resource/Jistrum
http://www.w3.org/2003/01/geo/wgs84_pos#lat	"53.21138763427734375"^^http://www.w3.org/2001/XMLSchema#float
http://www.georss.org/georss/point	"53.21138888888889 6.065555555555555"
http://dbpedia.org/ontology/thumbnail	http://commons.wikimedia.org/wiki/Special:FilePath/Map_NL_Tytsjerksteradiel_Jistrum.png?width=300
http://dbpedia.org/ontology/wikiPageID	"16018825"^^http://www.w3.org/2001/XMLSchema#integer
http://www.w3.org/ns/prov#wasDerivedFrom	http://en.wikipedia.org/wiki/Jistrum?oldid=699442457
http://xmlns.com/foaf/0.1/depiction	http://commons.wikimedia.org/wiki/Special:FilePath/Map_NL_Tytsjerksteradiel_Jistrum.png
http://purl.org/linguistics/gold/hypernym	http://dbpedia.org/resource/Village
http://dbpedia.org/ontology/abstract	"Eestrum (officieel, Fries: Jistrum) is een dorp in de gemeente Tietjerksteradeel, in de Nederlandse provincie Friesland. Het ligt ten noordoosten van het Bergumermeer en heeft 960 inwoners (januari 2009). De plaatselijke voetbalverenging van Jistrum is VV Jistrum en is opgericht in 1949.Het voetbalveld en de kantine liggen aan de Fjildwei."@nl
http://www.w3.org/2003/01/geo/wgs84_pos#geometry	"POINT(6.0655555725098 53.211387634277)"^^http://www.openlinksw.com/schemas/virtrdf#Geometry
http://www.w3.org/2000/01/rdf-schema#label	"Jistrum"@fr
http://dbpedia.org/property/mapsize	"280"^^http://www.w3.org/2001/XMLSchema#integer
http://www.w3.org/1999/02/22-rdf-syntax-ns#type	http://dbpedia.org/ontology/Location
