#---Properties and values from: http://dbpedia.org/resource/Edealina
Property	Value
http://dbpedia.org/property/lats	"34"^^http://www.w3.org/2001/XMLSchema#integer
http://dbpedia.org/ontology/wikiPageExternalLink	http://www.seplan.go.gov.br/sepin/pub/anuario/2005/transporte/tab01_transporte.htm
http://dbpedia.org/ontology/wikiPageRevisionID	"721535537"^^http://www.w3.org/2001/XMLSchema#integer
http://dbpedia.org/property/latm	"25"^^http://www.w3.org/2001/XMLSchema#integer
http://dbpedia.org/property/latns	"S"^^http://www.w3.org/1999/02/22-rdf-syntax-ns#langString
http://dbpedia.org/property/imageMap	"Goias Municip Edealina.svg"^^http://www.w3.org/1999/02/22-rdf-syntax-ns#langString
http://xmlns.com/foaf/0.1/isPrimaryTopicOf	http://en.wikipedia.org/wiki/Edealina
http://dbpedia.org/property/microregion	http://dbpedia.org/resource/Vale_do_Rio_dos_Bois
http://dbpedia.org/property/longm	"39"^^http://www.w3.org/2001/XMLSchema#integer
http://dbpedia.org/property/populationTotal	"3718"^^http://www.w3.org/2001/XMLSchema#integer
http://dbpedia.org/property/longs	"30"^^http://www.w3.org/2001/XMLSchema#integer
http://dbpedia.org/property/populationAsOf	"2007"^^http://www.w3.org/2001/XMLSchema#integer
http://purl.org/dc/terms/subject	http://dbpedia.org/resource/Category:Municipalities_in_Goiás
http://dbpedia.org/property/elevation	"578"^^http://www.w3.org/2001/XMLSchema#integer
http://dbpedia.org/property/state	"GO"^^http://www.w3.org/1999/02/22-rdf-syntax-ns#langString
http://www.w3.org/2000/01/rdf-schema#comment	"Edealina é um município brasileiro do estado de Goiás, com uma população de 3 733 habitantes (2010), sendo 1 930 do sexo masculino e 1 803 do sexo feminino. Com puco mais de 600 quilômetros quadrados de área, possui uma densidade populacional de aproximadamente 6,2 habitantes por quilômetro quadrado segundo o IBGE. Origem do nome: Como Edealina fica localizada entre a cidade de Edeia-Go e Pontalina-Go, os fundadores tiveram a ideia de homenagear as duas cidades vizinhas, colocando assim, a abreviação do nome EDE de EDEIA mais a abreviação ALINA de PONTALINA, formando assim a palavra EDEALINA."@pt
http://dbpedia.org/property/longd	"49"^^http://www.w3.org/2001/XMLSchema#integer
http://xmlns.com/foaf/0.1/primaryTopic	http://en.wikipedia.org/wiki/Edealina
http://www.w3.org/2002/07/owl#sameAs	http://www.wikidata.org/entity/Q1793310
http://dbpedia.org/ontology/thumbnail	http://commons.wikimedia.org/wiki/Special:FilePath/Goias_Municip_Edealina.svg?width=300
http://dbpedia.org/ontology/wikiPageID	"4081024"^^http://www.w3.org/2001/XMLSchema#integer
http://dbpedia.org/property/areaTotal	"606.60000000000002274"^^http://www.w3.org/2001/XMLSchema#decimal
http://www.w3.org/ns/prov#wasDerivedFrom	http://en.wikipedia.org/wiki/Edealina?oldid=721535537
http://dbpedia.org/property/name	"Edealina"^^http://www.w3.org/1999/02/22-rdf-syntax-ns#langString
http://xmlns.com/foaf/0.1/depiction	http://commons.wikimedia.org/wiki/Special:FilePath/Goias_Municip_Edealina.svg
http://purl.org/linguistics/gold/hypernym	http://dbpedia.org/resource/Municipality
http://dbpedia.org/property/latd	"17"^^http://www.w3.org/2001/XMLSchema#integer
http://dbpedia.org/property/postalCode	"75945"^^http://www.w3.org/2001/XMLSchema#integer
http://dbpedia.org/ontology/abstract	"Edealina is een gemeente in de Braziliaanse deelstaat Goiás. De gemeente telt 3.821 inwoners (schatting 2009)."@nl
http://www.w3.org/2000/01/rdf-schema#label	"Edealina"@es
http://www.w3.org/1999/02/22-rdf-syntax-ns#type	http://dbpedia.org/class/yago/YagoGeoEntity
