#---Properties and values from: http://dbpedia.org/resource/Losoya,_Texas
Property	Value
http://dbpedia.org/property/longew	"W"^^http://www.w3.org/1999/02/22-rdf-syntax-ns#langString
http://xmlns.com/foaf/0.1/name	"Losoya, Texas"@en
http://dbpedia.org/property/lats	"1"^^http://www.w3.org/2001/XMLSchema#integer
http://dbpedia.org/property/populationDensityKm	"?"^^http://www.w3.org/1999/02/22-rdf-syntax-ns#langString
http://dbpedia.org/property/unitPref	"Imperial"^^http://www.w3.org/1999/02/22-rdf-syntax-ns#langString
http://dbpedia.org/ontology/wikiPageRevisionID	"733576228"^^http://www.w3.org/2001/XMLSchema#integer
http://dbpedia.org/property/latm	"14"^^http://www.w3.org/2001/XMLSchema#integer
http://dbpedia.org/property/latns	"N"^^http://www.w3.org/1999/02/22-rdf-syntax-ns#langString
http://www.w3.org/2003/01/geo/wgs84_pos#long	"-98.456390380859375"^^http://www.w3.org/2001/XMLSchema#float
http://dbpedia.org/property/pushpinLabel	"Losoya"^^http://www.w3.org/1999/02/22-rdf-syntax-ns#langString
http://dbpedia.org/property/blank1Info	"1361807"^^http://www.w3.org/2001/XMLSchema#integer
http://xmlns.com/foaf/0.1/isPrimaryTopicOf	http://en.wikipedia.org/wiki/Losoya,_Texas
http://dbpedia.org/property/postalCodeType	http://dbpedia.org/resource/ZIP_code
http://dbpedia.org/property/subdivisionType	http://dbpedia.org/resource/Political_divisions_of_the_United_States
http://dbpedia.org/property/longm	"27"^^http://www.w3.org/2001/XMLSchema#integer
http://dbpedia.org/ontology/country	http://dbpedia.org/resource/United_States
http://dbpedia.org/property/populationTotal	"?"^^http://www.w3.org/1999/02/22-rdf-syntax-ns#langString
http://dbpedia.org/property/populationAsOf	"2000"^^http://www.w3.org/2001/XMLSchema#integer
http://dbpedia.org/property/longs	"23"^^http://www.w3.org/2001/XMLSchema#integer
http://purl.org/dc/terms/subject	http://dbpedia.org/resource/Category:San_Antonio_metropolitan_area
http://dbpedia.org/ontology/isPartOf	http://dbpedia.org/resource/Texas
http://www.w3.org/2000/01/rdf-schema#comment	"Losoya is an unincorporated community in Bexar County, Texas, United States. It is located less than 20 miles (32 km) south of Downtown San Antonio and is part of the San Antonio–New Braunfels metropolitan area. The population is currently unavailable."@en
http://dbpedia.org/ontology/type	http://dbpedia.org/resource/Unincorporated_area
http://dbpedia.org/property/longd	"98"^^http://www.w3.org/2001/XMLSchema#integer
http://xmlns.com/foaf/0.1/primaryTopic	http://en.wikipedia.org/wiki/Losoya,_Texas
http://www.w3.org/2002/07/owl#sameAs	http://sws.geonames.org/4707998/
http://dbpedia.org/property/coordinatesType	"region:US-TX_type:city"^^http://www.w3.org/1999/02/22-rdf-syntax-ns#langString
http://www.w3.org/2003/01/geo/wgs84_pos#lat	"29.233612060546875"^^http://www.w3.org/2001/XMLSchema#float
http://www.georss.org/georss/point	"29.23361111111111 -98.4563888888889"
http://dbpedia.org/ontology/elevation	"149.96160000000000423"^^http://www.w3.org/2001/XMLSchema#decimal
http://dbpedia.org/property/blankName	http://dbpedia.org/resource/Federal_Information_Processing_Standard
http://dbpedia.org/ontology/wikiPageID	"32558200"^^http://www.w3.org/2001/XMLSchema#integer
http://dbpedia.org/property/populationDensitySqMi	"?"^^http://www.w3.org/1999/02/22-rdf-syntax-ns#langString
http://www.w3.org/ns/prov#wasDerivedFrom	http://en.wikipedia.org/wiki/Losoya,_Texas?oldid=733576228
http://dbpedia.org/ontology/timeZone	http://dbpedia.org/resource/North_American_Central_Time_Zone
http://dbpedia.org/property/coordinatesDisplay	"inline,title"^^http://www.w3.org/1999/02/22-rdf-syntax-ns#langString
http://dbpedia.org/ontology/areaCode	"210,726(planned)"
http://dbpedia.org/property/pushpinMap	"Texas#USA"^^http://www.w3.org/1999/02/22-rdf-syntax-ns#langString
http://dbpedia.org/property/blank1Name	"GNIS feature ID"^^http://www.w3.org/1999/02/22-rdf-syntax-ns#langString
http://purl.org/linguistics/gold/hypernym	http://dbpedia.org/resource/Community
http://dbpedia.org/property/latd	"29"^^http://www.w3.org/2001/XMLSchema#integer
http://dbpedia.org/ontology/abstract	"Losoya è una comunità non incorporata degli Stati Uniti d'America, situata nella contea di Bexar dello Stato del Texas."@it
http://dbpedia.org/property/pushpinMapCaption	"Location of Losoya in Texas"^^http://www.w3.org/1999/02/22-rdf-syntax-ns#langString
http://www.w3.org/2003/01/geo/wgs84_pos#geometry	"POINT(-98.456390380859 29.233612060547)"^^http://www.openlinksw.com/schemas/virtrdf#Geometry
http://www.w3.org/2000/01/rdf-schema#label	"Losoya"@it
http://www.w3.org/1999/02/22-rdf-syntax-ns#type	http://dbpedia.org/ontology/Settlement
