#---Properties and values from: http://dbpedia.org/resource/Soegaon
Property	Value
http://dbpedia.org/property/longew	"E"^^http://www.w3.org/1999/02/22-rdf-syntax-ns#langString
http://xmlns.com/foaf/0.1/name	"Soegaon"@en
http://dbpedia.org/property/populationDensityKm	"auto"^^http://www.w3.org/1999/02/22-rdf-syntax-ns#langString
http://dbpedia.org/property/unitPref	"Metric"^^http://www.w3.org/1999/02/22-rdf-syntax-ns#langString
http://dbpedia.org/ontology/wikiPageRevisionID	"714078053"^^http://www.w3.org/2001/XMLSchema#integer
http://dbpedia.org/property/blank1NameSec	"Nearest city"^^http://www.w3.org/1999/02/22-rdf-syntax-ns#langString
http://dbpedia.org/property/latns	"N"^^http://www.w3.org/1999/02/22-rdf-syntax-ns#langString
http://dbpedia.org/property/blank2NameSec	"Lok Sabha constituency"^^http://www.w3.org/1999/02/22-rdf-syntax-ns#langString
http://dbpedia.org/property/settlementType	"town"^^http://www.w3.org/1999/02/22-rdf-syntax-ns#langString
http://dbpedia.org/property/pushpinLabelPosition	"right"^^http://www.w3.org/1999/02/22-rdf-syntax-ns#langString
http://xmlns.com/foaf/0.1/isPrimaryTopicOf	http://en.wikipedia.org/wiki/Soegaon
http://dbpedia.org/property/postalCodeType	http://dbpedia.org/resource/Postal_Index_Number
http://dbpedia.org/property/subdivisionType	"Country"^^http://www.w3.org/1999/02/22-rdf-syntax-ns#langString
http://dbpedia.org/ontology/country	http://dbpedia.org/resource/India
http://dbpedia.org/property/demographics1Info	http://dbpedia.org/resource/Marathi_language
http://dbpedia.org/property/blank3NameSec	"Vidhan Sabha constituency"^^http://www.w3.org/1999/02/22-rdf-syntax-ns#langString
http://dbpedia.org/property/populationTotal	"population around 15000"^^http://www.w3.org/1999/02/22-rdf-syntax-ns#langString
http://purl.org/dc/terms/subject	http://dbpedia.org/resource/Category:Cities_and_towns_in_Aurangabad_district,_Maharashtra
http://dbpedia.org/ontology/isPartOf	http://dbpedia.org/resource/Maharashtra
http://www.w3.org/2000/01/rdf-schema#comment	"Soegaon is a town and a tehsil in Aurangabad subdivision of Aurangabad district in the state of Maharashtra, India."@en
http://xmlns.com/foaf/0.1/primaryTopic	http://en.wikipedia.org/wiki/Soegaon
http://www.w3.org/2002/07/owl#sameAs	http://dbpedia.org/resource/Soegaon
http://dbpedia.org/property/demographics1Title	"Official"^^http://www.w3.org/1999/02/22-rdf-syntax-ns#langString
http://dbpedia.org/property/blank2InfoSec	"Jalna and Aurangabad"^^http://www.w3.org/1999/02/22-rdf-syntax-ns#langString
http://dbpedia.org/property/blank3InfoSec	"Sillod-Soegaon"^^http://www.w3.org/1999/02/22-rdf-syntax-ns#langString
http://dbpedia.org/property/blank1InfoSec	"Jalgaon"^^http://www.w3.org/1999/02/22-rdf-syntax-ns#langString
http://dbpedia.org/ontology/postalCode	"431120"
http://dbpedia.org/ontology/wikiPageID	"9589226"^^http://www.w3.org/2001/XMLSchema#integer
http://dbpedia.org/ontology/utcOffset	"+5:30"
http://www.w3.org/ns/prov#wasDerivedFrom	http://en.wikipedia.org/wiki/Soegaon?oldid=714078053
http://dbpedia.org/ontology/timeZone	http://dbpedia.org/resource/Indian_Standard_Time
http://dbpedia.org/property/coordinatesDisplay	"inline,title"^^http://www.w3.org/1999/02/22-rdf-syntax-ns#langString
http://purl.org/linguistics/gold/hypernym	http://dbpedia.org/resource/Town
http://dbpedia.org/property/demographicsType	"Languages"^^http://www.w3.org/1999/02/22-rdf-syntax-ns#langString
http://dbpedia.org/ontology/abstract	"Soegaon is a town and a tehsil in Aurangabad subdivision of Aurangabad district in the state of Maharashtra, India."@en
http://dbpedia.org/property/pushpinMapCaption	"Location in Maharashtra, India"^^http://www.w3.org/1999/02/22-rdf-syntax-ns#langString
http://www.w3.org/2000/01/rdf-schema#label	"Soegaon"@en
http://www.w3.org/1999/02/22-rdf-syntax-ns#type	http://dbpedia.org/class/yago/PhysicalEntity100001930
