#---Properties and values from: http://dbpedia.org/resource/Arco-Íris
Property	Value
http://dbpedia.org/property/lats	"22"^^http://www.w3.org/2001/XMLSchema#integer
http://dbpedia.org/ontology/wikiPageRevisionID	"744769984"^^http://www.w3.org/2001/XMLSchema#integer
http://dbpedia.org/property/latm	"46"^^http://www.w3.org/2001/XMLSchema#integer
http://dbpedia.org/property/latns	"S"^^http://www.w3.org/1999/02/22-rdf-syntax-ns#langString
http://dbpedia.org/property/imageMap	"SaoPaulo Municip ArcoIris.svg"^^http://www.w3.org/1999/02/22-rdf-syntax-ns#langString
http://xmlns.com/foaf/0.1/isPrimaryTopicOf	http://en.wikipedia.org/wiki/Arco-Íris
http://dbpedia.org/property/longm	"27"^^http://www.w3.org/2001/XMLSchema#integer
http://dbpedia.org/property/populationTotal	"1890"^^http://www.w3.org/2001/XMLSchema#integer
http://dbpedia.org/property/populationAsOf	"2015"^^http://www.w3.org/2001/XMLSchema#integer
http://dbpedia.org/property/longs	"55"^^http://www.w3.org/2001/XMLSchema#integer
http://purl.org/dc/terms/subject	http://dbpedia.org/resource/Category:Municipalities_in_São_Paulo_(state)
http://dbpedia.org/property/state	"SP"^^http://www.w3.org/1999/02/22-rdf-syntax-ns#langString
http://www.w3.org/2000/01/rdf-schema#comment	"Arco-Íris é um município brasileiro do estado de São Paulo. Sua população estimada em 2004 era de 2.260 habitantes. Sua área é de 261,9 km². Altitude: 419 m"@pt
http://dbpedia.org/property/longd	"50"^^http://www.w3.org/2001/XMLSchema#integer
http://xmlns.com/foaf/0.1/primaryTopic	http://en.wikipedia.org/wiki/Arco-Íris
http://dbpedia.org/ontology/wikiPageRedirects	http://dbpedia.org/resource/Arco-Iris
http://www.w3.org/2002/07/owl#sameAs	http://nl.dbpedia.org/resource/Arco-Íris
http://dbpedia.org/ontology/thumbnail	http://commons.wikimedia.org/wiki/Special:FilePath/SaoPaulo_Municip_ArcoIris.svg?width=300
http://dbpedia.org/property/areaTotal	"265"^^http://www.w3.org/2001/XMLSchema#integer
http://dbpedia.org/ontology/wikiPageID	"996484"^^http://www.w3.org/2001/XMLSchema#integer
http://www.w3.org/ns/prov#wasDerivedFrom	http://en.wikipedia.org/wiki/Arco-Íris?oldid=744769984
http://xmlns.com/foaf/0.1/depiction	http://commons.wikimedia.org/wiki/Special:FilePath/SaoPaulo_Municip_ArcoIris.svg
http://purl.org/linguistics/gold/hypernym	http://dbpedia.org/resource/Municipality
http://dbpedia.org/property/latd	"21"^^http://www.w3.org/2001/XMLSchema#integer
http://dbpedia.org/ontology/abstract	"Arco-Íris – miasto i gmina w Brazylii, w stanie São Paulo. Znajduje się w mezoregionie Marília i mikroregionie Tupã."@pl
http://www.w3.org/2000/01/rdf-schema#label	"Arco-Íris"@it
http://www.w3.org/1999/02/22-rdf-syntax-ns#type	http://dbpedia.org/class/yago/YagoPermanentlyLocatedEntity
