#---Properties and values from: http://dbpedia.org/resource/Workum
Property	Value
http://xmlns.com/foaf/0.1/name	"Workum"@en
http://dbpedia.org/ontology/wikiPageRevisionID	"724398182"^^http://www.w3.org/2001/XMLSchema#integer
http://dbpedia.org/property/settlementType	"City"^^http://www.w3.org/1999/02/22-rdf-syntax-ns#langString
http://www.w3.org/2003/01/geo/wgs84_pos#long	"5.4499998092651367188"^^http://www.w3.org/2001/XMLSchema#float
http://dbpedia.org/property/imageMap	"Map NL Nijefurd Warkum.png"^^http://www.w3.org/1999/02/22-rdf-syntax-ns#langString
http://dbpedia.org/property/date	"December 2009"^^http://www.w3.org/1999/02/22-rdf-syntax-ns#langString
http://dbpedia.org/property/auto	"yes"^^http://www.w3.org/1999/02/22-rdf-syntax-ns#langString
http://xmlns.com/foaf/0.1/isPrimaryTopicOf	http://en.wikipedia.org/wiki/Workum
http://dbpedia.org/property/subdivisionType	"Province"^^http://www.w3.org/1999/02/22-rdf-syntax-ns#langString
http://dbpedia.org/ontology/country	http://dbpedia.org/resource/Netherlands
http://dbpedia.org/property/populationTotal	"c. 4000"^^http://www.w3.org/1999/02/22-rdf-syntax-ns#langString
http://purl.org/dc/terms/subject	http://dbpedia.org/resource/Category:Populated_places_in_Friesland
http://dbpedia.org/ontology/isPartOf	http://dbpedia.org/resource/Friesland
http://www.w3.org/2000/01/rdf-schema#comment	"Workum (Fries: Warkum) is een stad in de gemeente Súdwest-Fryslân, met 4167 inwoners, gelegen in het zuidwesten van de Nederlandse provincie Friesland. Tot het gebied van Workum behoort ook de buurtschap of dorp It Heidenskip."@nl
http://dbpedia.org/property/imageShield	"Workum_wapen.svg"^^http://www.w3.org/1999/02/22-rdf-syntax-ns#langString
http://xmlns.com/foaf/0.1/primaryTopic	http://en.wikipedia.org/wiki/Workum
http://dbpedia.org/ontology/wikiPageRedirects	http://dbpedia.org/resource/Warkum
http://www.w3.org/2002/07/owl#sameAs	http://www.wikidata.org/entity/Q73405
http://www.w3.org/2003/01/geo/wgs84_pos#lat	"52.983333587646484375"^^http://www.w3.org/2001/XMLSchema#float
http://www.georss.org/georss/point	"52.983333333333334 5.45"
http://dbpedia.org/ontology/thumbnail	http://commons.wikimedia.org/wiki/Special:FilePath/Map_NL_Nijefurd_Warkum.png?width=300
http://dbpedia.org/ontology/wikiPageID	"907660"^^http://www.w3.org/2001/XMLSchema#integer
http://dbpedia.org/ontology/birthPlace	http://dbpedia.org/resource/Jacob_Potma
http://www.w3.org/ns/prov#wasDerivedFrom	http://en.wikipedia.org/wiki/Workum?oldid=724398182
http://xmlns.com/foaf/0.1/depiction	http://commons.wikimedia.org/wiki/Special:FilePath/Map_NL_Nijefurd_Warkum.png
http://purl.org/linguistics/gold/hypernym	http://dbpedia.org/resource/City
http://dbpedia.org/ontology/abstract	"Warkum (friesischer Name, niederländisch Workum) ist eine niederländische Stadt im Südwesten der Provinz Friesland. Warkum hat etwa 4300 Einwohner und gehört zur Gemeinde Nijefurd. Warkum zählt zu den elf friesischen Städten. Workum ist durch einen etwa zwei Kilometer langen Kanal mit dem IJsselmeer verbunden und verfügt über mehrere Jachthäfen. Traditionell lebte Warkum vom Seehandel, der Fischerei und der Töpferei, wogegen heute der Tourismus und die Sportschifffahrt sehr bedeutend sind."@de
http://www.w3.org/2003/01/geo/wgs84_pos#geometry	"POINT(5.4499998092651 52.983333587646)"^^http://www.openlinksw.com/schemas/virtrdf#Geometry
http://www.w3.org/2000/01/rdf-schema#label	"Workum"@it
http://dbpedia.org/property/mapsize	"280"^^http://www.w3.org/2001/XMLSchema#integer
http://www.w3.org/1999/02/22-rdf-syntax-ns#type	http://dbpedia.org/class/yago/WikicatPopulatedPlacesInFriesland
