#---Properties and values from: http://dbpedia.org/resource/Camarate,_Unhos_e_Apelação
Property	Value
http://dbpedia.org/property/officialName	"Camarate, Unhos e Apelação"^^http://www.w3.org/1999/02/22-rdf-syntax-ns#langString
http://dbpedia.org/ontology/wikiPageRevisionID	"689263237"^^http://www.w3.org/2001/XMLSchema#integer
http://xmlns.com/foaf/0.1/isPrimaryTopicOf	http://en.wikipedia.org/wiki/Camarate,_Unhos_e_Apelação
http://dbpedia.org/property/municipality	http://dbpedia.org/resource/Loures
http://dbpedia.org/ontology/country	http://dbpedia.org/resource/Portugal
http://dbpedia.org/property/populationTotal	"34943"^^http://www.w3.org/2001/XMLSchema#integer
http://dbpedia.org/property/populationAsOf	"2011"^^http://www.w3.org/2001/XMLSchema#integer
http://dbpedia.org/property/metro	http://dbpedia.org/resource/Lisbon_Metropolitan_Area
http://purl.org/dc/terms/subject	http://dbpedia.org/resource/Category:Parishes_of_Loures
http://www.w3.org/2000/01/rdf-schema#comment	"Camarate, Unhos e Apelação is a civil parish in the municipality of Loures, Portugal. It was formed in 2013 by the merger of the former parishes Camarate, Unhos and Apelação. The population in 2011 was 34,943, in an area of 11.57 km²."@en
http://dbpedia.org/property/longd	"-9.1280000000000001137"^^http://www.w3.org/2001/XMLSchema#decimal
http://xmlns.com/foaf/0.1/primaryTopic	http://en.wikipedia.org/wiki/Camarate,_Unhos_e_Apelação
http://dbpedia.org/ontology/wikiPageRedirects	http://dbpedia.org/resource/Camarate,_Unhos_e_Apelacao
http://www.w3.org/2002/07/owl#sameAs	http://dbpedia.org/resource/Camarate,_Unhos_e_Apelação
http://dbpedia.org/property/areaTotal	"11.570000000000000284"^^http://www.w3.org/2001/XMLSchema#decimal
http://dbpedia.org/ontology/wikiPageID	"43383268"^^http://www.w3.org/2001/XMLSchema#integer
http://www.w3.org/ns/prov#wasDerivedFrom	http://en.wikipedia.org/wiki/Camarate,_Unhos_e_Apelação?oldid=689263237
http://dbpedia.org/property/district	http://dbpedia.org/resource/Lisbon_District
http://purl.org/linguistics/gold/hypernym	http://dbpedia.org/resource/Parish
http://dbpedia.org/property/latd	"38.801999999999999602"^^http://www.w3.org/2001/XMLSchema#decimal
http://dbpedia.org/property/subregion	http://dbpedia.org/resource/Grande_Lisboa
http://dbpedia.org/ontology/abstract	"Camarate, Unhos e Apelação is a civil parish in the municipality of Loures, Portugal. It was formed in 2013 by the merger of the former parishes Camarate, Unhos and Apelação. The population in 2011 was 34,943, in an area of 11.57 km²."@en
http://www.w3.org/2000/01/rdf-schema#label	"União das Freguesias de Camarate, Unhos e Apelação"@pt
http://www.w3.org/1999/02/22-rdf-syntax-ns#type	http://schema.org/Place
http://dbpedia.org/property/region	http://dbpedia.org/resource/Lisboa_Region
