#---Properties and values from: http://dbpedia.org/resource/Tolon,_Ghana
Property	Value
http://dbpedia.org/property/longew	"W"^^http://www.w3.org/1999/02/22-rdf-syntax-ns#langString
http://xmlns.com/foaf/0.1/name	"Tolon"@en
http://dbpedia.org/property/unitPref	"Imperial"^^http://www.w3.org/1999/02/22-rdf-syntax-ns#langString
http://dbpedia.org/ontology/wikiPageRevisionID	"704136519"^^http://www.w3.org/2001/XMLSchema#integer
http://dbpedia.org/property/imagesize	"300"^^http://www.w3.org/2001/XMLSchema#integer
http://dbpedia.org/property/latm	"26"^^http://www.w3.org/2001/XMLSchema#integer
http://dbpedia.org/property/latns	"N"^^http://www.w3.org/1999/02/22-rdf-syntax-ns#langString
http://www.w3.org/2003/01/geo/wgs84_pos#long	"-1.066666722297668457"^^http://www.w3.org/2001/XMLSchema#float
http://dbpedia.org/property/coordinatesRegion	"GH"^^http://www.w3.org/1999/02/22-rdf-syntax-ns#langString
http://dbpedia.org/property/pushpinLabelPosition	"bottom"^^http://www.w3.org/1999/02/22-rdf-syntax-ns#langString
http://xmlns.com/foaf/0.1/isPrimaryTopicOf	http://en.wikipedia.org/wiki/Tolon,_Ghana
http://dbpedia.org/property/subdivisionType	"District"^^http://www.w3.org/1999/02/22-rdf-syntax-ns#langString
http://dbpedia.org/ontology/country	http://dbpedia.org/resource/Ghana
http://dbpedia.org/property/longm	"4"^^http://www.w3.org/2001/XMLSchema#integer
http://dbpedia.org/property/populationTotal	"—"^^http://www.w3.org/1999/02/22-rdf-syntax-ns#langString
http://dbpedia.org/property/populationAsOf	"2013"^^http://www.w3.org/2001/XMLSchema#integer
http://purl.org/dc/terms/subject	http://dbpedia.org/resource/Category:Populated_places_in_the_Northern_Region_(Ghana)
http://dbpedia.org/ontology/isPartOf	http://dbpedia.org/resource/Tolon-Kumbungu_District
http://dbpedia.org/ontology/wikiPageDisambiguates	http://dbpedia.org/resource/Tolon
http://www.w3.org/2000/01/rdf-schema#comment	"Tolon is a small town and is the capital of Tolon-Kumbungu district, a district in the Northern Region of north Ghana."@en
http://dbpedia.org/ontology/type	http://dbpedia.org/resource/District
http://dbpedia.org/property/longd	"1"^^http://www.w3.org/2001/XMLSchema#integer
http://xmlns.com/foaf/0.1/primaryTopic	http://en.wikipedia.org/wiki/Tolon,_Ghana
http://www.w3.org/2002/07/owl#sameAs	http://www.wikidata.org/entity/Q7814566
http://www.w3.org/2003/01/geo/wgs84_pos#lat	"9.4333333969116210938"^^http://www.w3.org/2001/XMLSchema#float
http://www.georss.org/georss/point	"9.433333333333334 -1.0666666666666667"
http://dbpedia.org/ontology/wikiPageID	"36020372"^^http://www.w3.org/2001/XMLSchema#integer
http://dbpedia.org/ontology/elevation	"156.0"^^http://www.w3.org/2001/XMLSchema#decimal
http://www.w3.org/ns/prov#wasDerivedFrom	http://en.wikipedia.org/wiki/Tolon,_Ghana?oldid=704136519
http://dbpedia.org/ontology/timeZone	http://dbpedia.org/resource/Greenwich_Mean_Time
http://dbpedia.org/property/pushpinMap	"Ghana"^^http://www.w3.org/1999/02/22-rdf-syntax-ns#langString
http://dbpedia.org/property/populationBlank2Title	"Religions"^^http://www.w3.org/1999/02/22-rdf-syntax-ns#langString
http://dbpedia.org/property/populationBlank1Title	"Ethnicities"^^http://www.w3.org/1999/02/22-rdf-syntax-ns#langString
http://purl.org/linguistics/gold/hypernym	http://dbpedia.org/resource/Town
http://dbpedia.org/property/latd	"9"^^http://www.w3.org/2001/XMLSchema#integer
http://dbpedia.org/ontology/abstract	"Tolon is a small town and is the capital of Tolon-Kumbungu district, a district in the Northern Region of north Ghana."@en
http://dbpedia.org/property/pushpinMapCaption	"Location of Tolon in Northern region"^^http://www.w3.org/1999/02/22-rdf-syntax-ns#langString
http://www.w3.org/2003/01/geo/wgs84_pos#geometry	"POINT(-1.0666667222977 9.4333333969116)"^^http://www.openlinksw.com/schemas/virtrdf#Geometry
http://www.w3.org/2000/01/rdf-schema#label	"Tolon, Ghana"@en
http://www.w3.org/1999/02/22-rdf-syntax-ns#type	http://dbpedia.org/class/yago/PhysicalEntity100001930
