#---Properties and values from: http://dbpedia.org/resource/São_João_da_Pesqueira
Property	Value
http://dbpedia.org/property/longew	"W"^^http://www.w3.org/1999/02/22-rdf-syntax-ns#langString
http://dbpedia.org/ontology/wikiPageExternalLink	http://www.cm-sjpesqueira.espigueiro.pt
http://dbpedia.org/ontology/wikiPageRevisionID	"701649812"^^http://www.w3.org/2001/XMLSchema#integer
http://dbpedia.org/ontology/deathPlace	http://dbpedia.org/resource/Joseph_James_Forrester
http://dbpedia.org/property/latm	"8"^^http://www.w3.org/2001/XMLSchema#integer
http://dbpedia.org/property/latns	"N"^^http://www.w3.org/1999/02/22-rdf-syntax-ns#langString
http://dbpedia.org/property/imageSkyline	"Praça da República.jpg"^^http://www.w3.org/1999/02/22-rdf-syntax-ns#langString
http://dbpedia.org/property/website	http://www.cm-sjpesqueira.espigueiro.pt
http://dbpedia.org/property/imageMap	"LocalSaoJoaoDaPesqueira.svg"^^http://www.w3.org/1999/02/22-rdf-syntax-ns#langString
http://xmlns.com/foaf/0.1/isPrimaryTopicOf	http://en.wikipedia.org/wiki/São_João_da_Pesqueira
http://dbpedia.org/property/municipality	http://dbpedia.org/resource/Trevões
http://dbpedia.org/property/longm	"24"^^http://www.w3.org/2001/XMLSchema#integer
http://dbpedia.org/property/populationTotal	"7874"^^http://www.w3.org/2001/XMLSchema#integer
http://dbpedia.org/property/populationAsOf	"2011"^^http://www.w3.org/2001/XMLSchema#integer
http://purl.org/dc/terms/subject	http://dbpedia.org/resource/Category:Municipalities_of_Viseu_District
http://dbpedia.org/property/parishes	"[[#Parishes"^^http://www.w3.org/1999/02/22-rdf-syntax-ns#langString
http://dbpedia.org/ontology/wikiPageDisambiguates	http://dbpedia.org/resource/Pesqueira
http://www.w3.org/2000/01/rdf-schema#comment	"São João da Pesqueira (Portuguese pronunciation: [sɐ̃w ʒuˈɐ̃w dɐ pɨʃˈkɐjɾɐ]) is a town and municipality in the district of Viseu in Portugal. The municipality comprises the town of São João da Pesqueira, which is the seat of the municipality, and a number of nearby villages, organized into parishes (frequesias) as listed below. The population of the entire municipality in 2011 was 7,874, in an area of 266.11 km². Its altitude is 850m. The present mayor is António Lima Costa, elected by the Social Democratic Party. The municipal holiday is June 24."@en
http://dbpedia.org/property/cim	http://dbpedia.org/resource/Douro_(intermunicipal_community)
http://dbpedia.org/property/imageShield	"SJP.png"^^http://www.w3.org/1999/02/22-rdf-syntax-ns#langString
http://dbpedia.org/property/longd	"7"^^http://www.w3.org/2001/XMLSchema#integer
http://xmlns.com/foaf/0.1/primaryTopic	http://en.wikipedia.org/wiki/São_João_da_Pesqueira
http://www.w3.org/2002/07/owl#sameAs	http://rdf.freebase.com/ns/m.0c0j6c
http://dbpedia.org/ontology/wikiPageRedirects	http://dbpedia.org/resource/São_João_da_Pesqueira_Municipality,_Portugal
http://dbpedia.org/property/leaderParty	http://dbpedia.org/resource/Social_Democratic_Party_(Portugal)
http://dbpedia.org/ontology/thumbnail	http://commons.wikimedia.org/wiki/Special:FilePath/Pt-sjp1.png?width=300
http://dbpedia.org/ontology/wikiPageID	"4405545"^^http://www.w3.org/2001/XMLSchema#integer
http://dbpedia.org/ontology/location	http://dbpedia.org/resource/Valeira_Dam
http://www.w3.org/ns/prov#wasDerivedFrom	http://en.wikipedia.org/wiki/São_João_da_Pesqueira?oldid=701649812
http://dbpedia.org/property/leaderName	http://dbpedia.org/resource/António_Lima_Costa
http://dbpedia.org/property/areaTotalKm	"266.11000000000001364"^^http://www.w3.org/2001/XMLSchema#decimal
http://dbpedia.org/property/district	http://dbpedia.org/resource/Viseu_District
http://xmlns.com/foaf/0.1/depiction	http://commons.wikimedia.org/wiki/Special:FilePath/Pt-sjp1.png
http://purl.org/linguistics/gold/hypernym	http://dbpedia.org/resource/Town
http://dbpedia.org/property/latd	"41"^^http://www.w3.org/2001/XMLSchema#integer
http://dbpedia.org/property/subregion	http://dbpedia.org/resource/Douro_Subregion
http://dbpedia.org/ontology/abstract	"São João da Pesqueira est une municipalité (en portugais : concelho ou município) du Portugal, située dans le district de Viseu et la région Centre, elle se trouve à 6 km du Douro Elle est rattachée historiquement à l'ancienne province des Tras os Montes et Alto Douro (derrière les monts et le haut Douro), elle fait partie depuis 2001 de la haute vallée viticole du Douro, classée au patrimoine mondial de l'Unesco."@fr
http://dbpedia.org/property/imageFlag	"Pt-sjp1.png"^^http://www.w3.org/1999/02/22-rdf-syntax-ns#langString
http://www.w3.org/2000/01/rdf-schema#label	"São João da Pesqueira"@es
http://xmlns.com/foaf/0.1/homepage	http://www.cm-sjpesqueira.espigueiro.pt
http://www.w3.org/1999/02/22-rdf-syntax-ns#type	http://dbpedia.org/class/yago/City108524735
http://dbpedia.org/property/region	http://dbpedia.org/resource/Norte_Region,_Portugal
