#---Properties and values from: http://dbpedia.org/resource/Edenville,_Free_State
Property	Value
http://xmlns.com/foaf/0.1/name	"Edenville"@en
http://dbpedia.org/property/demographics2Info	"4.7"^^http://dbpedia.org/datatype/perCent
http://dbpedia.org/ontology/wikiPageRevisionID	"738014351"^^http://www.w3.org/2001/XMLSchema#integer
http://dbpedia.org/property/latm	"33"^^http://www.w3.org/2001/XMLSchema#integer
http://dbpedia.org/property/imageSkyline	"NG kerk Edenville Vrystaat.jpg"^^http://www.w3.org/1999/02/22-rdf-syntax-ns#langString
http://www.w3.org/2003/01/geo/wgs84_pos#long	"27.666666030883789062"^^http://www.w3.org/2001/XMLSchema#float
http://dbpedia.org/property/imageCaption	"Dutch Reformed Church in Edenville"^^http://www.w3.org/1999/02/22-rdf-syntax-ns#langString
http://dbpedia.org/property/demographics2Title	"Other"^^http://www.w3.org/1999/02/22-rdf-syntax-ns#langString
http://xmlns.com/foaf/0.1/isPrimaryTopicOf	http://en.wikipedia.org/wiki/Edenville,_Free_State
http://dbpedia.org/property/municipality	"Ngwathe"^^http://www.w3.org/1999/02/22-rdf-syntax-ns#langString
http://dbpedia.org/property/longm	"40"^^http://www.w3.org/2001/XMLSchema#integer
http://dbpedia.org/ontology/country	http://dbpedia.org/resource/South_Africa
http://dbpedia.org/property/populationTotal	"6294"^^http://www.w3.org/2001/XMLSchema#integer
http://dbpedia.org/property/populationAsOf	"2011"^^http://www.w3.org/2001/XMLSchema#integer
http://dbpedia.org/ontology/wikiPageDisambiguates	http://dbpedia.org/resource/Edenville
http://purl.org/dc/terms/subject	http://dbpedia.org/resource/Category:Populated_places_established_in_1912
http://www.w3.org/2000/01/rdf-schema#comment	"Edenville is a small farming town situated in the northern Free State province of South Africa. The town is situated 48 km north-east of Kroonstad and 50 km south-west of Heilbron. It was established on the farms Erfdeel-Noord, Langland and Welgelegen in 1912, and attained municipal status in 1921. The name is assumed to refer to the biblical Garden of Eden, but this is uncertain."@en
http://dbpedia.org/property/percentOther	"0.2"^^http://dbpedia.org/datatype/perCent
http://dbpedia.org/property/leaderTitle	"Councillor"^^http://www.w3.org/1999/02/22-rdf-syntax-ns#langString
http://dbpedia.org/property/percentAsian	"0.2"^^http://dbpedia.org/datatype/perCent
http://dbpedia.org/property/longd	"27"^^http://www.w3.org/2001/XMLSchema#integer
http://xmlns.com/foaf/0.1/primaryTopic	http://en.wikipedia.org/wiki/Edenville,_Free_State
http://www.w3.org/2002/07/owl#sameAs	http://yago-knowledge.org/resource/Ngwathe
http://dbpedia.org/ontology/wikiPageRedirects	http://dbpedia.org/resource/Ngwathe
http://dbpedia.org/property/percentWhite	"4.0"^^http://dbpedia.org/datatype/perCent
http://www.w3.org/2003/01/geo/wgs84_pos#lat	"27.549999237060546875"^^http://www.w3.org/2001/XMLSchema#float
http://www.georss.org/georss/point	"27.55 27.666666666666668"
http://dbpedia.org/ontology/thumbnail	http://commons.wikimedia.org/wiki/Special:FilePath/NG_kerk_Edenville_Vrystaat.jpg?width=300
http://dbpedia.org/ontology/wikiPageID	"1417833"^^http://www.w3.org/2001/XMLSchema#integer
http://dbpedia.org/ontology/birthPlace	http://dbpedia.org/resource/Morné_Blom
http://www.w3.org/ns/prov#wasDerivedFrom	http://en.wikipedia.org/wiki/Edenville,_Free_State?oldid=738014351
http://dbpedia.org/property/percentBlack	"94.7"^^http://dbpedia.org/datatype/perCent
http://dbpedia.org/property/areaTotalKm	"7.2999999999999998224"^^http://www.w3.org/2001/XMLSchema#decimal
http://dbpedia.org/property/district	"Fezile Dabi"^^http://www.w3.org/1999/02/22-rdf-syntax-ns#langString
http://xmlns.com/foaf/0.1/depiction	http://commons.wikimedia.org/wiki/Special:FilePath/NG_kerk_Edenville_Vrystaat.jpg
http://purl.org/linguistics/gold/hypernym	http://dbpedia.org/resource/Town
http://dbpedia.org/property/latd	"27"^^http://www.w3.org/2001/XMLSchema#integer
http://dbpedia.org/property/percentColoured	"0.9"^^http://dbpedia.org/datatype/perCent
http://dbpedia.org/ontology/abstract	"Edenville is a small farming town situated in the northern Free State province of South Africa. The town is situated 48 km north-east of Kroonstad and 50 km south-west of Heilbron. It was established on the farms Erfdeel-Noord, Langland and Welgelegen in 1912, and attained municipal status in 1921. The name is assumed to refer to the biblical Garden of Eden, but this is uncertain."@en
http://www.w3.org/2003/01/geo/wgs84_pos#geometry	"POINT(27.666666030884 27.549999237061)"^^http://www.openlinksw.com/schemas/virtrdf#Geometry
http://www.w3.org/2000/01/rdf-schema#label	"Edenville, Free State"@en
http://dbpedia.org/property/province	"Free State"^^http://www.w3.org/1999/02/22-rdf-syntax-ns#langString
http://www.w3.org/1999/02/22-rdf-syntax-ns#type	http://dbpedia.org/class/yago/PhysicalEntity100001930
