#---Properties and values from: http://dbpedia.org/resource/Charneca_de_Caparica
Property	Value
http://dbpedia.org/ontology/wikiPageExternalLink	http://www.jf-charneca-caparica.pt
http://dbpedia.org/property/officialName	"Charneca da Caparica"^^http://www.w3.org/1999/02/22-rdf-syntax-ns#langString
http://dbpedia.org/ontology/wikiPageRevisionID	"701644050"^^http://www.w3.org/2001/XMLSchema#integer
http://xmlns.com/foaf/0.1/isPrimaryTopicOf	http://en.wikipedia.org/wiki/Charneca_de_Caparica
http://dbpedia.org/property/municipality	http://dbpedia.org/resource/Almada
http://dbpedia.org/property/postcode	"P-2820"^^http://www.w3.org/1999/02/22-rdf-syntax-ns#langString
http://dbpedia.org/ontology/country	http://dbpedia.org/resource/Portugal
http://dbpedia.org/property/populationTotal	"29763"^^http://www.w3.org/2001/XMLSchema#integer
http://dbpedia.org/property/populationAsOf	"2011"^^http://www.w3.org/2001/XMLSchema#integer
http://purl.org/dc/terms/subject	http://dbpedia.org/resource/Category:Parishes_of_Almada
http://www.w3.org/2000/01/rdf-schema#comment	"Charneca de Caparica (Portuguese pronunciation: [ʃɐɾˈnɛkɐ dɐ kɐpɐˈɾikɐ]) is a former civil parish in the municipality of Almada, Lisbon Metropolitan Area, Portugal. In 2013, the parish merged into the new parish Charneca de Caparica e Sobreda. The population in 2011 was 29,763, in an area of 23.14 km²."@en
http://dbpedia.org/property/longd	"-9.1999999999999992895"^^http://www.w3.org/2001/XMLSchema#decimal
http://xmlns.com/foaf/0.1/primaryTopic	http://en.wikipedia.org/wiki/Charneca_de_Caparica
http://dbpedia.org/property/dissolved	"2013"^^http://www.w3.org/2001/XMLSchema#integer
http://dbpedia.org/ontology/wikiPageRedirects	http://dbpedia.org/resource/Charneca_da_Caparica
http://www.w3.org/2002/07/owl#sameAs	http://de.dbpedia.org/resource/Charneca_de_Caparica
http://dbpedia.org/property/areaTotal	"23.140000000000000568"^^http://www.w3.org/2001/XMLSchema#decimal
http://dbpedia.org/ontology/wikiPageID	"5904746"^^http://www.w3.org/2001/XMLSchema#integer
http://dbpedia.org/ontology/location	http://dbpedia.org/resource/EID,_S.A.
http://www.w3.org/ns/prov#wasDerivedFrom	http://en.wikipedia.org/wiki/Charneca_de_Caparica?oldid=701644050
http://purl.org/linguistics/gold/hypernym	http://dbpedia.org/resource/Parish
http://dbpedia.org/property/latd	"38.630000000000002558"^^http://www.w3.org/2001/XMLSchema#decimal
http://dbpedia.org/ontology/abstract	"Charneca de Caparica è una freguesia portoghese del comune di Almada, con un'estensione di 22,33 km² e 29.763 abitanti (2011). Lo statuto di freguesia fu concesso nel 1985."@it
http://www.w3.org/2000/01/rdf-schema#label	"Charneca de Caparica"@pt
http://xmlns.com/foaf/0.1/homepage	http://www.jf-charneca-caparica.pt
http://www.w3.org/1999/02/22-rdf-syntax-ns#type	http://dbpedia.org/class/yago/YagoLegalActorGeo
