#---Properties and values from: http://dbpedia.org/resource/Descalvado
Property	Value
http://dbpedia.org/property/longew	"W"^^http://www.w3.org/1999/02/22-rdf-syntax-ns#langString
http://dbpedia.org/property/lats	"14"^^http://www.w3.org/2001/XMLSchema#integer
http://dbpedia.org/ontology/wikiPageExternalLink	http://www.descalvado.sp.gov.br
http://dbpedia.org/ontology/wikiPageRevisionID	"720310703"^^http://www.w3.org/2001/XMLSchema#integer
http://dbpedia.org/property/latm	"54"^^http://www.w3.org/2001/XMLSchema#integer
http://dbpedia.org/property/latns	"S"^^http://www.w3.org/1999/02/22-rdf-syntax-ns#langString
http://dbpedia.org/property/areaCode	"+55 19"^^http://www.w3.org/1999/02/22-rdf-syntax-ns#langString
http://dbpedia.org/property/imageMap	"SaoPaulo Municip Descalvado.svg"^^http://www.w3.org/1999/02/22-rdf-syntax-ns#langString
http://xmlns.com/foaf/0.1/isPrimaryTopicOf	http://en.wikipedia.org/wiki/Descalvado
http://dbpedia.org/property/microregion	http://dbpedia.org/resource/Microregion_of_São_Carlos
http://dbpedia.org/property/longm	"36"^^http://www.w3.org/2001/XMLSchema#integer
http://dbpedia.org/property/populationTotal	"32980"^^http://www.w3.org/2001/XMLSchema#integer
http://dbpedia.org/property/populationAsOf	"2015"^^http://www.w3.org/2001/XMLSchema#integer
http://dbpedia.org/property/longs	"10"^^http://www.w3.org/2001/XMLSchema#integer
http://purl.org/dc/terms/subject	http://dbpedia.org/resource/Category:Municipalities_in_São_Paulo_(state)
http://dbpedia.org/property/elevation	"679"^^http://www.w3.org/2001/XMLSchema#integer
http://dbpedia.org/property/state	"SP"^^http://www.w3.org/1999/02/22-rdf-syntax-ns#langString
http://www.w3.org/2000/01/rdf-schema#comment	"Descalvado è un comune del Brasile nello Stato di San Paolo, parte della mesoregione di Araraquara e della microregione di São Carlos."@it
http://dbpedia.org/property/imageShield	"Descalvado.PNG"^^http://www.w3.org/1999/02/22-rdf-syntax-ns#langString
http://dbpedia.org/property/longd	"47"^^http://www.w3.org/2001/XMLSchema#integer
http://xmlns.com/foaf/0.1/primaryTopic	http://en.wikipedia.org/wiki/Descalvado
http://www.w3.org/2002/07/owl#sameAs	http://rdf.freebase.com/ns/m.03zt8v
http://dbpedia.org/ontology/thumbnail	http://commons.wikimedia.org/wiki/Special:FilePath/Bandeira_de_Descalvado-SP.jpg?width=300
http://dbpedia.org/property/areaTotal	"753.70000000000004547"^^http://www.w3.org/2001/XMLSchema#decimal
http://dbpedia.org/ontology/wikiPageID	"1019213"^^http://www.w3.org/2001/XMLSchema#integer
http://dbpedia.org/ontology/birthPlace	http://dbpedia.org/resource/Reinaldo_Colucci
http://www.w3.org/ns/prov#wasDerivedFrom	http://en.wikipedia.org/wiki/Descalvado?oldid=720310703
http://dbpedia.org/property/mesoregion	http://dbpedia.org/resource/Mesoregion_of_Araraquara
http://xmlns.com/foaf/0.1/depiction	http://commons.wikimedia.org/wiki/Special:FilePath/Bandeira_de_Descalvado-SP.jpg
http://purl.org/linguistics/gold/hypernym	http://dbpedia.org/resource/Municipality
http://dbpedia.org/property/latd	"21"^^http://www.w3.org/2001/XMLSchema#integer
http://dbpedia.org/property/postalCode	"13690"^^http://www.w3.org/2001/XMLSchema#integer
http://dbpedia.org/ontology/abstract	"Дескалваду (порт. Descalvado) — муниципалитет в Бразилии, входит в штат Сан-Паулу. Составная часть мезорегиона Араракара. Входит в экономико-статистический микрорегион Сан-Карлус. Население составляет 31 265 человек на 2006 год. Занимает площадь 755,226км². Плотность населения - 41,4 чел./км². Праздник города — 8 сентября."@ru
http://dbpedia.org/property/imageFlag	"Bandeira de Descalvado-SP.jpg"^^http://www.w3.org/1999/02/22-rdf-syntax-ns#langString
http://www.w3.org/2000/01/rdf-schema#label	"Descalvado"@pl
http://www.w3.org/1999/02/22-rdf-syntax-ns#type	http://dbpedia.org/class/yago/AdministrativeDistrict108491826
