#---Properties and values from: http://dbpedia.org/resource/Matigge
Property	Value
http://dbpedia.org/property/longew	"E"^^http://www.w3.org/1999/02/22-rdf-syntax-ns#langString
http://dbpedia.org/ontology/wikiPageExternalLink	http://penelope.uchicago.edu/Thayer/E/Gazetteer/Places/Europe/Italy/Umbria/Perugia/Trevi/Matigge/home.html
http://dbpedia.org/property/postalcode	"6039"^^http://www.w3.org/2001/XMLSchema#integer
http://dbpedia.org/ontology/wikiPageRevisionID	"643393577"^^http://www.w3.org/2001/XMLSchema#integer
http://dbpedia.org/property/comune	http://dbpedia.org/resource/Trevi,_Umbria
http://dbpedia.org/property/latm	"54"^^http://www.w3.org/2001/XMLSchema#integer
http://dbpedia.org/property/latns	"N"^^http://www.w3.org/1999/02/22-rdf-syntax-ns#langString
http://dbpedia.org/property/imageSkyline	"Torrematigge.jpg"^^http://www.w3.org/1999/02/22-rdf-syntax-ns#langString
http://dbpedia.org/property/imageCaption	"Matigge"^^http://www.w3.org/1999/02/22-rdf-syntax-ns#langString
http://xmlns.com/foaf/0.1/isPrimaryTopicOf	http://en.wikipedia.org/wiki/Matigge
http://dbpedia.org/property/longm	"44"^^http://www.w3.org/2001/XMLSchema#integer
http://dbpedia.org/property/populationTotal	"1095"^^http://www.w3.org/2001/XMLSchema#integer
http://dbpedia.org/property/populationAsOf	"2001"^^http://www.w3.org/2001/XMLSchema#integer
http://purl.org/dc/terms/subject	http://dbpedia.org/resource/Category:Frazioni_of_the_Province_of_Perugia
http://www.w3.org/2000/01/rdf-schema#comment	"Matigge is a village of 1095 inhabitants in the Italian province of Perugia in east central Umbria, located at 294 m (965 ft) above sea-level on the lower flank of Mt. Puranno, 42°54N 12°44E. It is a frazione of Trevi, which lies 3 km (2 mi) to the south."@en
http://dbpedia.org/property/longd	"12"^^http://www.w3.org/2001/XMLSchema#integer
http://xmlns.com/foaf/0.1/primaryTopic	http://en.wikipedia.org/wiki/Matigge
http://dbpedia.org/ontology/frazioni	http://dbpedia.org/resource/Trevi,_Umbria
http://www.w3.org/2002/07/owl#sameAs	http://sws.geonames.org/3173713/
http://dbpedia.org/property/coordinatesType	"type:city"^^http://www.w3.org/1999/02/22-rdf-syntax-ns#langString
http://dbpedia.org/ontology/thumbnail	http://commons.wikimedia.org/wiki/Special:FilePath/Torrematigge.jpg?width=300
http://dbpedia.org/ontology/wikiPageID	"1061107"^^http://www.w3.org/2001/XMLSchema#integer
http://dbpedia.org/property/elevationM	"294"^^http://www.w3.org/2001/XMLSchema#integer
http://dbpedia.org/property/telephone	"742"^^http://www.w3.org/2001/XMLSchema#integer
http://www.w3.org/ns/prov#wasDerivedFrom	http://en.wikipedia.org/wiki/Matigge?oldid=643393577
http://dbpedia.org/property/coordinatesDisplay	"title"^^http://www.w3.org/1999/02/22-rdf-syntax-ns#langString
http://dbpedia.org/property/name	"Matigge"^^http://www.w3.org/1999/02/22-rdf-syntax-ns#langString
http://xmlns.com/foaf/0.1/depiction	http://commons.wikimedia.org/wiki/Special:FilePath/Torrematigge.jpg
http://purl.org/linguistics/gold/hypernym	http://dbpedia.org/resource/Village
http://dbpedia.org/property/latd	"42"^^http://www.w3.org/2001/XMLSchema#integer
http://dbpedia.org/ontology/abstract	"Matigge is a village of 1095 inhabitants in the Italian province of Perugia in east central Umbria, located at 294 m (965 ft) above sea-level on the lower flank of Mt. Puranno, 42°54N 12°44E. It is a frazione of Trevi, which lies 3 km (2 mi) to the south."@en
http://www.w3.org/2000/01/rdf-schema#label	"Matigge"@en
http://dbpedia.org/property/mapy	"12.733333000000000013"^^http://www.w3.org/2001/XMLSchema#decimal
http://dbpedia.org/property/mapx	"42.899999999999998579"^^http://www.w3.org/2001/XMLSchema#decimal
http://dbpedia.org/property/province	http://dbpedia.org/resource/Perugia
http://www.w3.org/1999/02/22-rdf-syntax-ns#type	http://dbpedia.org/ontology/Village
http://dbpedia.org/property/region	http://dbpedia.org/resource/Umbria
