#---Properties and values from: http://dbpedia.org/resource/Klooster-Lidlum
Property	Value
http://xmlns.com/foaf/0.1/name	"Klooster-Lidlum"@en
http://dbpedia.org/ontology/wikiPageRevisionID	"696478360"^^http://www.w3.org/2001/XMLSchema#integer
http://dbpedia.org/property/settlementType	"Village"^^http://www.w3.org/1999/02/22-rdf-syntax-ns#langString
http://www.w3.org/2003/01/geo/wgs84_pos#long	"5.5241665840148925781"^^http://www.w3.org/2001/XMLSchema#float
http://dbpedia.org/property/imageMap	"Map NL Frjentsjerteradiel Kleaster Lidlum.png"^^http://www.w3.org/1999/02/22-rdf-syntax-ns#langString
http://xmlns.com/foaf/0.1/isPrimaryTopicOf	http://en.wikipedia.org/wiki/Klooster-Lidlum
http://dbpedia.org/property/subdivisionType	"Province"^^http://www.w3.org/1999/02/22-rdf-syntax-ns#langString
http://dbpedia.org/ontology/country	http://dbpedia.org/resource/Netherlands
http://dbpedia.org/property/populationTotal	"c. 50"^^http://www.w3.org/1999/02/22-rdf-syntax-ns#langString
http://purl.org/dc/terms/subject	http://dbpedia.org/resource/Category:Populated_places_in_Friesland
http://dbpedia.org/ontology/isPartOf	http://dbpedia.org/resource/Friesland
http://www.w3.org/2000/01/rdf-schema#comment	"Klooster-Lidlum (West Frisian: Kleaster-Lidlum) is a village in Franekeradeel in the province of Friesland, the Netherlands. It had a population of around 47 in 2005."@en
http://xmlns.com/foaf/0.1/primaryTopic	http://en.wikipedia.org/wiki/Klooster-Lidlum
http://www.w3.org/2002/07/owl#sameAs	http://sws.geonames.org/2752619/
http://dbpedia.org/ontology/wikiPageRedirects	http://dbpedia.org/resource/Kleaster-Lidlum
http://www.w3.org/2003/01/geo/wgs84_pos#lat	"53.229167938232421875"^^http://www.w3.org/2001/XMLSchema#float
http://www.georss.org/georss/point	"53.229166666666664 5.524166666666667"
http://dbpedia.org/ontology/thumbnail	http://commons.wikimedia.org/wiki/Special:FilePath/Map_NL_Frjentsjerteradiel_Kleaster_Lidlum.png?width=300
http://dbpedia.org/ontology/wikiPageID	"16511005"^^http://www.w3.org/2001/XMLSchema#integer
http://www.w3.org/ns/prov#wasDerivedFrom	http://en.wikipedia.org/wiki/Klooster-Lidlum?oldid=696478360
http://xmlns.com/foaf/0.1/depiction	http://commons.wikimedia.org/wiki/Special:FilePath/Map_NL_Frjentsjerteradiel_Kleaster_Lidlum.png
http://purl.org/linguistics/gold/hypernym	http://dbpedia.org/resource/Village
http://dbpedia.org/ontology/abstract	"Klooster-Lidlum (West Frisian: Kleaster-Lidlum) is a village in Franekeradeel in the province of Friesland, the Netherlands. It had a population of around 47 in 2005."@en
http://www.w3.org/2003/01/geo/wgs84_pos#geometry	"POINT(5.5241665840149 53.229167938232)"^^http://www.openlinksw.com/schemas/virtrdf#Geometry
http://www.w3.org/2000/01/rdf-schema#label	"Klooster-Lidlum"@nl
http://dbpedia.org/property/mapsize	"280"^^http://www.w3.org/2001/XMLSchema#integer
http://www.w3.org/1999/02/22-rdf-syntax-ns#type	http://dbpedia.org/class/yago/YagoPermanentlyLocatedEntity
