#---Properties and values from: http://dbpedia.org/resource/Loures
Property	Value
http://dbpedia.org/property/longew	"W"^^http://www.w3.org/1999/02/22-rdf-syntax-ns#langString
http://dbpedia.org/ontology/wikiPageExternalLink	http://www.flickr.com/photos/vitor107/sets/1705381/
http://dbpedia.org/property/blank1NameSec	"Municipal holiday"^^http://www.w3.org/1999/02/22-rdf-syntax-ns#langString
http://dbpedia.org/property/latm	"50"^^http://www.w3.org/2001/XMLSchema#integer
http://dbpedia.org/property/latns	"N"^^http://www.w3.org/1999/02/22-rdf-syntax-ns#langString
http://dbpedia.org/ontology/deathPlace	http://dbpedia.org/resource/João_Lourenço_Rebelo
http://dbpedia.org/property/location	http://dbpedia.org/resource/2015–16_Taça_de_Portugal
http://dbpedia.org/property/metro	http://dbpedia.org/resource/Lisbon_Metropolitan_Area
http://purl.org/dc/terms/subject	http://dbpedia.org/resource/Category:Populated_places_in_Lisbon_District
http://dbpedia.org/property/parishes	"[[#Parishes"^^http://www.w3.org/1999/02/22-rdf-syntax-ns#langString
http://dbpedia.org/property/leaderParty	http://dbpedia.org/resource/Unitarian_Democratic_Coalition
http://dbpedia.org/property/blank1InfoSec	"--07-26"^^http://www.w3.org/2001/XMLSchema#gMonthDay
http://www.w3.org/ns/prov#wasDerivedFrom	http://en.wikipedia.org/wiki/Loures?oldid=729921834
http://dbpedia.org/ontology/municipality	http://dbpedia.org/resource/Roman_villa_of_Frielas
http://dbpedia.org/property/areaTotalKm	"167.24000000000000909"^^http://www.w3.org/2001/XMLSchema#decimal
http://dbpedia.org/property/district	http://dbpedia.org/resource/Lisbon_District
http://dbpedia.org/ontology/city	http://dbpedia.org/resource/Instituto_Superior_Técnico
http://dbpedia.org/property/latd	"38"^^http://www.w3.org/2001/XMLSchema#integer
http://dbpedia.org/property/subregion	http://dbpedia.org/resource/Grande_Lisboa
http://dbpedia.org/ontology/team	http://dbpedia.org/resource/Virgílio_Lopes__1
http://xmlns.com/foaf/0.1/homepage	http://www.cm-loures.pt
http://www.w3.org/1999/02/22-rdf-syntax-ns#type	http://dbpedia.org/class/yago/Region108630985
http://dbpedia.org/property/region	http://dbpedia.org/resource/Lisboa_Region
http://dbpedia.org/property/officialName	"Loures"^^http://www.w3.org/1999/02/22-rdf-syntax-ns#langString
http://dbpedia.org/ontology/wikiPageRevisionID	"729921834"^^http://www.w3.org/2001/XMLSchema#integer
http://dbpedia.org/property/wordnet_type	http://www.w3.org/2006/03/wn/wn20/instances/synset-township-noun-1
http://dbpedia.org/property/website	http://www.cm-loures.pt
http://dbpedia.org/property/imageMap	"LocalLoures.svg"^^http://www.w3.org/1999/02/22-rdf-syntax-ns#langString
http://dbpedia.org/ontology/hometown	http://dbpedia.org/resource/ZEM
http://xmlns.com/foaf/0.1/isPrimaryTopicOf	http://en.wikipedia.org/wiki/Loures
http://dbpedia.org/property/municipality	http://dbpedia.org/resource/Loures_(parish)
http://dbpedia.org/property/longm	"10"^^http://www.w3.org/2001/XMLSchema#integer
http://dbpedia.org/ontology/country	http://dbpedia.org/resource/Lisbon_Metropolitan_Area
http://dbpedia.org/property/populationTotal	"199494"^^http://www.w3.org/2001/XMLSchema#integer
http://dbpedia.org/property/populationAsOf	"2011"^^http://www.w3.org/2001/XMLSchema#integer
http://dbpedia.org/property/stadium	http://dbpedia.org/resource/2013–14_Taça_de_Portugal
http://www.w3.org/2000/01/rdf-schema#comment	"Лориш (порт. Loures; [lo(ou)ɾɨʃ]) — город в Португалии, центр одноимённого муниципалитета в составе округа Лиссабон. Численность населения — 26,3 тыс. жителей (город), 205 тыс. жителей (муниципалитет). Город и муниципалитет входит в Лиссабонский регион и субрегион Большой Лиссабон. Входит в агломерацию Большой Лиссабон. По старому административному делению входил в провинцию Эштремадура."@ru
http://dbpedia.org/property/imageShield	"LRS.png"^^http://www.w3.org/1999/02/22-rdf-syntax-ns#langString
http://dbpedia.org/property/longd	"9"^^http://www.w3.org/2001/XMLSchema#integer
http://xmlns.com/foaf/0.1/primaryTopic	http://en.wikipedia.org/wiki/Loures
http://www.w3.org/2002/07/owl#sameAs	http://sws.geonames.org/6930332/
http://dbpedia.org/ontology/wikiPageRedirects	http://dbpedia.org/resource/History_of_Loures
http://dbpedia.org/ontology/thumbnail	http://commons.wikimedia.org/wiki/Special:FilePath/Pt-lrs3.png?width=300
http://dbpedia.org/ontology/wikiPageID	"29335503"^^http://www.w3.org/2001/XMLSchema#integer
http://dbpedia.org/ontology/birthPlace	http://dbpedia.org/resource/Jerónimo_de_Sousa
http://dbpedia.org/property/leaderName	"Bernardino Soares"^^http://www.w3.org/1999/02/22-rdf-syntax-ns#langString
http://xmlns.com/foaf/0.1/depiction	http://commons.wikimedia.org/wiki/Special:FilePath/Pt-lrs3.png
http://purl.org/linguistics/gold/hypernym	http://dbpedia.org/resource/City
http://dbpedia.org/ontology/abstract	"Loures is een plaats en gemeente in het Portugese district Lissabon.De gemeente heeft een totale oppervlakte van 169 km2 en telde 199.059 inwoners in 2001."@nl
http://dbpedia.org/property/imageFlag	"Pt-lrs3.png"^^http://www.w3.org/1999/02/22-rdf-syntax-ns#langString
http://www.w3.org/2000/01/rdf-schema#label	"Loures"@fr
