#---Properties and values from: http://dbpedia.org/resource/Amber_Valley
Property	Value
http://dbpedia.org/property/type	"Borough"^^http://www.w3.org/1999/02/22-rdf-syntax-ns#langString
http://xmlns.com/foaf/0.1/name	"Borough of Amber Valley"@en
http://dbpedia.org/ontology/wikiPageExternalLink	http://www.ambervalley.info
http://dbpedia.org/property/blank3Name	"NUTS 3"^^http://www.w3.org/1999/02/22-rdf-syntax-ns#langString
http://dbpedia.org/property/constituencyWestminster	http://dbpedia.org/resource/Fritchley
http://www.w3.org/2003/01/geo/wgs84_pos#long	"-1.3999999761581420898"^^http://www.w3.org/2001/XMLSchema#float
http://dbpedia.org/property/subdivisionType	http://dbpedia.org/resource/Ceremonial_counties_of_England
http://dbpedia.org/property/location	http://dbpedia.org/resource/2015–16_Rotherham_United_F.C._season
http://dbpedia.org/property/west	http://dbpedia.org/resource/Allestree
http://purl.org/dc/terms/subject	http://dbpedia.org/resource/Category:Local_government_in_Derbyshire
http://dbpedia.org/ontology/isPartOf	http://dbpedia.org/resource/East_Midlands
http://dbpedia.org/ontology/wikiPageDisambiguates	http://dbpedia.org/resource/Amber_(disambiguation)
http://dbpedia.org/property/replace	http://dbpedia.org/resource/Ripley_Urban_District
http://dbpedia.org/property/blank4Name	"Ethnicity"^^http://www.w3.org/1999/02/22-rdf-syntax-ns#langString
http://dbpedia.org/ontology/leaderName	http://dbpedia.org/resource/Nigel_Mills_(politician)
http://dbpedia.org/property/blankName	http://dbpedia.org/resource/ISO_3166-2:GB
http://www.w3.org/ns/prov#wasDerivedFrom	http://en.wikipedia.org/wiki/Amber_Valley?oldid=740215878
http://dbpedia.org/ontology/timeZone	http://dbpedia.org/resource/British_Summer_Time
http://dbpedia.org/property/blankEmblemType	"Coat of Arms of the City Council"^^http://www.w3.org/1999/02/22-rdf-syntax-ns#langString
http://dbpedia.org/property/seatType	"Admin. HQ"^^http://www.w3.org/1999/02/22-rdf-syntax-ns#langString
http://dbpedia.org/property/areaTotalKm	"|R"^^http://www.w3.org/1999/02/22-rdf-syntax-ns#langString
http://dbpedia.org/ontology/part	http://dbpedia.org/resource/North_Midlands
http://dbpedia.org/property/blank4Info	"0.9000000000000000222"^^http://www.w3.org/2001/XMLSchema#decimal
http://dbpedia.org/property/establishedTitle	"Founded"^^http://www.w3.org/1999/02/22-rdf-syntax-ns#langString
http://dbpedia.org/property/mapsize	"160"^^http://www.w3.org/2001/XMLSchema#integer
http://www.w3.org/2000/01/rdf-schema#seeAlso	http://dbpedia.org/resource/Amber_Valley_(UK_Parliament_constituency)
http://xmlns.com/foaf/0.1/homepage	http://www.ambervalley.gov.uk/
http://www.w3.org/1999/02/22-rdf-syntax-ns#type	http://dbpedia.org/ontology/PopulatedPlace
http://dbpedia.org/property/populationDensityKm	"auto"^^http://www.w3.org/1999/02/22-rdf-syntax-ns#langString
http://dbpedia.org/ontology/wikiPageRevisionID	"740215878"^^http://www.w3.org/2001/XMLSchema#integer
http://dbpedia.org/property/mapCaption	"Shown within Derbyshire"^^http://www.w3.org/1999/02/22-rdf-syntax-ns#langString
http://dbpedia.org/ontology/district	http://dbpedia.org/resource/Somercotes
http://dbpedia.org/property/governmentType	"Amber Valley Borough Council"^^http://www.w3.org/1999/02/22-rdf-syntax-ns#langString
http://dbpedia.org/property/imageMap	"Amber Valley UK locator map.svg"^^http://www.w3.org/1999/02/22-rdf-syntax-ns#langString
http://dbpedia.org/property/north	http://dbpedia.org/resource/Allestree
http://dbpedia.org/property/seat	http://dbpedia.org/resource/Ripley,_Derbyshire
http://dbpedia.org/property/blank1Info	"17"^^http://www.w3.org/2001/XMLSchema#integer
http://xmlns.com/foaf/0.1/isPrimaryTopicOf	http://en.wikipedia.org/wiki/Amber_Valley
http://dbpedia.org/property/postalCodeType	"Postcode"^^http://www.w3.org/1999/02/22-rdf-syntax-ns#langString
http://dbpedia.org/property/areaRank	http://dbpedia.org/resource/List_of_English_districts_by_area
http://dbpedia.org/property/populationTotal	"|R"^^http://www.w3.org/1999/02/22-rdf-syntax-ns#langString
http://dbpedia.org/property/northwest	http://dbpedia.org/resource/Allestree
http://www.w3.org/2000/01/rdf-schema#comment	"Амбер-Вэлли (англ. Amber Valley) — неметрополитенский район (англ. non-metropolitan district) в церемониальном графстве Дербишир в Англии. Административный центр — город Рипли."@ru
http://xmlns.com/foaf/0.1/primaryTopic	http://en.wikipedia.org/wiki/Amber_Valley
http://dbpedia.org/ontology/leaderTitle	"Leadership:"@en
http://www.w3.org/2002/07/owl#sameAs	http://es.dbpedia.org/resource/Amber_Valley
http://dbpedia.org/ontology/wikiPageRedirects	http://dbpedia.org/resource/Amber_Valley_Borough_Council
http://dbpedia.org/property/borough	http://dbpedia.org/resource/Swanwick_Junction_railway_station
http://dbpedia.org/ontology/broadcastArea	http://dbpedia.org/resource/Amber_Sound_FM
http://www.w3.org/2003/01/geo/wgs84_pos#lat	"53.0"^^http://www.w3.org/2001/XMLSchema#float
http://www.georss.org/georss/point	"53.0 -1.4"
http://dbpedia.org/ontology/thumbnail	http://commons.wikimedia.org/wiki/Special:FilePath/Amber_Valley_UK_locator_map.svg?width=300
http://dbpedia.org/ontology/wikiPageID	"227523"^^http://www.w3.org/2001/XMLSchema#integer
http://dbpedia.org/ontology/location	http://dbpedia.org/resource/Marlpool_railway_station
http://dbpedia.org/ontology/utcOffset	"+1"
http://dbpedia.org/property/leaderName	"Leader & Cabinet"^^http://www.w3.org/1999/02/22-rdf-syntax-ns#langString
http://dbpedia.org/property/blank1Name	http://dbpedia.org/resource/ONS_coding_system
http://xmlns.com/foaf/0.1/depiction	http://commons.wikimedia.org/wiki/Special:FilePath/Amber_Valley_UK_locator_map.svg
http://dbpedia.org/property/populationRank	http://dbpedia.org/resource/List_of_English_districts_by_population
http://purl.org/linguistics/gold/hypernym	http://dbpedia.org/resource/District
http://dbpedia.org/ontology/abstract	"Amber Valley is een Engels district in het graafschap Derbyshire en telt 116.471 inwoners. De oppervlakte bedraagt 265,4 km². Hoofdplaats is Ripley. Van de bevolking is 16,7% ouder dan 65 jaar. De werkloosheid bedraagt 3,1% van de beroepsbevolking (cijfers volkstelling 2001)."@nl
http://www.w3.org/2003/01/geo/wgs84_pos#geometry	"POINT(-1.3999999761581 53)"^^http://www.openlinksw.com/schemas/virtrdf#Geometry
http://www.w3.org/2000/01/rdf-schema#label	"Амбер-Вэлли"@ru
http://dbpedia.org/property/blank2Name	http://dbpedia.org/resource/British_national_grid_reference_system
http://dbpedia.org/property/subdivisionName	"United Kingdom"^^http://www.w3.org/1999/02/22-rdf-syntax-ns#langString
