#---Properties and values from: http://dbpedia.org/resource/De_Knipe
Property	Value
http://xmlns.com/foaf/0.1/name	"De Knipe"@en
http://dbpedia.org/ontology/wikiPageRevisionID	"662428835"^^http://www.w3.org/2001/XMLSchema#integer
http://dbpedia.org/property/settlementType	"Village"^^http://www.w3.org/1999/02/22-rdf-syntax-ns#langString
http://www.w3.org/2003/01/geo/wgs84_pos#long	"5.971111297607421875"^^http://www.w3.org/2001/XMLSchema#float
http://dbpedia.org/property/imageMap	"Map NL It Hearrenfean De Knipe.png"^^http://www.w3.org/1999/02/22-rdf-syntax-ns#langString
http://xmlns.com/foaf/0.1/isPrimaryTopicOf	http://en.wikipedia.org/wiki/De_Knipe
http://dbpedia.org/property/subdivisionType	"Province"^^http://www.w3.org/1999/02/22-rdf-syntax-ns#langString
http://dbpedia.org/ontology/country	http://dbpedia.org/resource/Netherlands
http://dbpedia.org/property/populationTotal	"c. 1500"^^http://www.w3.org/1999/02/22-rdf-syntax-ns#langString
http://purl.org/dc/terms/subject	http://dbpedia.org/resource/Category:Heerenveen
http://dbpedia.org/ontology/isPartOf	http://dbpedia.org/resource/Friesland
http://dbpedia.org/ontology/wikiPageDisambiguates	http://dbpedia.org/resource/Knipe
http://www.w3.org/2000/01/rdf-schema#comment	"De Knipe (Nederlands, verouderd: De Knijpe) is een dorp in de gemeente Heerenveen in de Nederlandse provincie Friesland. Een oude naam was ook Nieuw Brongerga, wat nog terug te vinden is in de naam van het kerkgebouw."@nl
http://xmlns.com/foaf/0.1/primaryTopic	http://en.wikipedia.org/wiki/De_Knipe
http://www.w3.org/2002/07/owl#sameAs	http://fr.dbpedia.org/resource/De_Knipe
http://dbpedia.org/ontology/wikiPageRedirects	http://dbpedia.org/resource/De_Knijpe
http://www.w3.org/2003/01/geo/wgs84_pos#lat	"52.9686126708984375"^^http://www.w3.org/2001/XMLSchema#float
http://www.georss.org/georss/point	"52.96861111111111 5.971111111111111"
http://dbpedia.org/ontology/thumbnail	http://commons.wikimedia.org/wiki/Special:FilePath/Knypstervlag.jpg?width=300
http://dbpedia.org/ontology/wikiPageID	"16618401"^^http://www.w3.org/2001/XMLSchema#integer
http://www.w3.org/ns/prov#wasDerivedFrom	http://en.wikipedia.org/wiki/De_Knipe?oldid=662428835
http://xmlns.com/foaf/0.1/depiction	http://commons.wikimedia.org/wiki/Special:FilePath/Knypstervlag.jpg
http://purl.org/linguistics/gold/hypernym	http://dbpedia.org/resource/Village
http://dbpedia.org/ontology/abstract	"De Knipe est un village situé dans la commune néerlandaise de Heerenveen, dans la province de la Frise. Son nom en néerlandaise est De Knijpe. Le 1er janvier 2006, le village comptait 1 496 habitants. Le peintre Jan Mankes (1889-1920) y produisit la plus grande partie de son œuvre. 
* Portail des Pays-Bas Portail des Pays-Bas"@fr
http://www.w3.org/2003/01/geo/wgs84_pos#geometry	"POINT(5.9711112976074 52.968612670898)"^^http://www.openlinksw.com/schemas/virtrdf#Geometry
http://dbpedia.org/property/imageFlag	"Knypstervlag.jpg"^^http://www.w3.org/1999/02/22-rdf-syntax-ns#langString
http://www.w3.org/2000/01/rdf-schema#label	"De Knipe"@en
http://dbpedia.org/property/mapsize	"280"^^http://www.w3.org/2001/XMLSchema#integer
http://www.w3.org/1999/02/22-rdf-syntax-ns#type	http://dbpedia.org/ontology/Place
