#---Properties and values from: http://dbpedia.org/resource/Negreiros_e_Chavão
Property	Value
http://www.w3.org/2002/07/owl#sameAs	http://pt.dbpedia.org/resource/Negreiros_e_Chavão
http://dbpedia.org/ontology/wikiPageRedirects	http://dbpedia.org/resource/Negreiros_e_Chavao
http://dbpedia.org/property/officialName	"Negreiros e Chavão"^^http://www.w3.org/1999/02/22-rdf-syntax-ns#langString
http://dbpedia.org/ontology/wikiPageRevisionID	"701647029"^^http://www.w3.org/2001/XMLSchema#integer
http://dbpedia.org/ontology/wikiPageID	"5921458"^^http://www.w3.org/2001/XMLSchema#integer
http://dbpedia.org/property/areaTotal	"6.9599999999999999645"^^http://www.w3.org/2001/XMLSchema#decimal
http://www.w3.org/ns/prov#wasDerivedFrom	http://en.wikipedia.org/wiki/Negreiros_e_Chavão?oldid=701647029
http://xmlns.com/foaf/0.1/isPrimaryTopicOf	http://en.wikipedia.org/wiki/Negreiros_e_Chavão
http://dbpedia.org/property/municipality	http://dbpedia.org/resource/Barcelos_Municipality,_Portugal
http://purl.org/linguistics/gold/hypernym	http://dbpedia.org/resource/Parish
http://dbpedia.org/ontology/country	http://dbpedia.org/resource/Portugal
http://dbpedia.org/property/latd	"41.430999999999997385"^^http://www.w3.org/2001/XMLSchema#decimal
http://dbpedia.org/property/populationTotal	"2364"^^http://www.w3.org/2001/XMLSchema#integer
http://dbpedia.org/property/populationAsOf	"2011"^^http://www.w3.org/2001/XMLSchema#integer
http://purl.org/dc/terms/subject	http://dbpedia.org/resource/Category:Parishes_of_Barcelos,_Portugal
http://dbpedia.org/ontology/abstract	"União das Freguesias de Negreiros e Chavão, kurz Negreiros e Chavão, ist eine Gemeinde (Freguesia) im Kreis Barcelos im Norden Portugals. In der Gemeinde leben 2.364 Einwohner auf einer Fläche von 6,96 km² (Stand nach Zahlen von 2011). Die Gemeinde entstand im Zuge der Gebietsreform in Portugal am 29. September 2013 durch Zusammenlegung der beiden bisherigen Gemeinden Negreiros und Chavão. Negreiros wurde Sitz der Gemeinde."@de
http://www.w3.org/2000/01/rdf-schema#comment	"Negreiros e Chavão is a civil parish in the municipality of Barcelos, Portugal. It was formed in 2013 by the merger of the former parishes Negreiros and Chavão. The population in 2011 was 2,364, in an area of 6.96 km². The main monument of Chavão is the parish church, of Baroque style with a few Romanesque elements."@en
http://www.w3.org/2000/01/rdf-schema#label	"União das Freguesias de Negreiros e Chavão"@de
http://dbpedia.org/property/longd	"-8.6170000000000008811"^^http://www.w3.org/2001/XMLSchema#decimal
http://xmlns.com/foaf/0.1/primaryTopic	http://en.wikipedia.org/wiki/Negreiros_e_Chavão
http://www.w3.org/1999/02/22-rdf-syntax-ns#type	http://dbpedia.org/class/yago/YagoPermanentlyLocatedEntity
