#---Properties and values from: http://dbpedia.org/resource/Ruotsinpyhtää
Property	Value
http://dbpedia.org/ontology/wikiPageExternalLink	http://www.elisanet.fi/petri.metsala/kartat/Ruotsinpyhtaa.png
http://dbpedia.org/property/latm	"31.5"^^http://www.w3.org/2001/XMLSchema#decimal
http://dbpedia.org/property/imageSkyline	"Routsinpyhtaa1.JPG"^^http://www.w3.org/1999/02/22-rdf-syntax-ns#langString
http://dbpedia.org/property/extinctDate	"2010"^^http://www.w3.org/2001/XMLSchema#integer
http://purl.org/dc/terms/subject	http://dbpedia.org/resource/Category:Populated_places_disestablished_in_2010
http://dbpedia.org/property/swedishOfficial	"1"^^http://www.w3.org/2001/XMLSchema#integer
http://www.w3.org/ns/prov#wasDerivedFrom	http://en.wikipedia.org/wiki/Ruotsinpyhtää?oldid=717046094
http://dbpedia.org/property/name	"Ruotsinpyhtää"^^http://www.w3.org/1999/02/22-rdf-syntax-ns#langString
http://dbpedia.org/property/areaTotalKm	"470.02999999999997272"^^http://www.w3.org/2001/XMLSchema#decimal
http://dbpedia.org/property/latd	"60"^^http://www.w3.org/2001/XMLSchema#integer
http://dbpedia.org/property/subregion	"Loviisa sub-region"^^http://www.w3.org/1999/02/22-rdf-syntax-ns#langString
http://dbpedia.org/property/establishedTitle	http://dbpedia.org/resource/Charter
http://dbpedia.org/property/province	http://dbpedia.org/resource/Southern_Finland
http://xmlns.com/foaf/0.1/homepage	http://www.ruotsinpyhtaa.fi/
http://dbpedia.org/property/finnishOfficial	"1"^^http://www.w3.org/2001/XMLSchema#integer
http://www.w3.org/1999/02/22-rdf-syntax-ns#type	http://dbpedia.org/class/yago/WikicatMunicipalitiesOfFinland
http://dbpedia.org/property/region	http://dbpedia.org/resource/Eastern_Uusimaa
http://dbpedia.org/ontology/wikiPageRevisionID	"717046094"^^http://www.w3.org/2001/XMLSchema#integer
http://dbpedia.org/property/mapCaption	"Location of Ruotsinpyhtää in Finland"^^http://www.w3.org/1999/02/22-rdf-syntax-ns#langString
http://dbpedia.org/property/settlementType	"Former municipality"^^http://www.w3.org/1999/02/22-rdf-syntax-ns#langString
http://dbpedia.org/property/imageMap	"Ruotsinpyhtää.sijainti.suomi.2008.svg"^^http://www.w3.org/1999/02/22-rdf-syntax-ns#langString
http://dbpedia.org/property/website	http://www.ruotsinpyhtaa.fi/
http://dbpedia.org/property/imageCaption	"Old buildings of the Strömfors Iron works"^^http://www.w3.org/1999/02/22-rdf-syntax-ns#langString
http://dbpedia.org/property/blank1Info	http://dbpedia.org/resource/Humid_continental_climate
http://xmlns.com/foaf/0.1/isPrimaryTopicOf	http://en.wikipedia.org/wiki/Ruotsinpyhtää
http://dbpedia.org/property/longm	"28"^^http://www.w3.org/2001/XMLSchema#integer
http://dbpedia.org/property/populationTotal	"2893"^^http://www.w3.org/2001/XMLSchema#integer
http://dbpedia.org/property/populationAsOf	"2009-12-31"^^http://www.w3.org/2001/XMLSchema#date
http://www.w3.org/2000/01/rdf-schema#comment	"Ruotsinpyhtää [ˈruɔtsinpyhtæː], schwed. Strömfors, war bis 2009 eine selbständige Gemeinde in der Landschaft Ostuusimaa an der Südküste Finnlands. Zum Jahresbeginn 2010 wurde sie in die Stadt Loviisa eingemeindet, welche seit 2011 zur Landschaft Uusimaa gehört. 
* Die Kirche von Ruotsinpyhtää 
* Die historische Eisenhütte Strömfors 
* Die Ahvenkoski-Stromschnelle 
* Landschaft am Kukuljärvi-See"@de
http://dbpedia.org/property/leaderTitle	"Municipal manager"^^http://www.w3.org/1999/02/22-rdf-syntax-ns#langString
http://dbpedia.org/property/imageShield	"Ruotsinpyhtää.vaakuna.svg"^^http://www.w3.org/1999/02/22-rdf-syntax-ns#langString
http://dbpedia.org/property/longd	"26"^^http://www.w3.org/2001/XMLSchema#integer
http://xmlns.com/foaf/0.1/primaryTopic	http://en.wikipedia.org/wiki/Ruotsinpyhtää
http://dbpedia.org/ontology/wikiPageRedirects	http://dbpedia.org/resource/Ruotsinpyhtaeae
http://www.w3.org/2002/07/owl#sameAs	http://eu.dbpedia.org/resource/Ruotsinpyhtää
http://dbpedia.org/ontology/thumbnail	http://commons.wikimedia.org/wiki/Special:FilePath/Routsinpyhtaa1.JPG?width=300
http://dbpedia.org/ontology/wikiPageID	"784093"^^http://www.w3.org/2001/XMLSchema#integer
http://dbpedia.org/property/areaWaterKm	"193.36000000000001364"^^http://www.w3.org/2001/XMLSchema#decimal
http://dbpedia.org/ontology/birthPlace	http://dbpedia.org/resource/Pamela_Tola
http://dbpedia.org/property/leaderName	"Risto Nieminen"^^http://www.w3.org/1999/02/22-rdf-syntax-ns#langString
http://dbpedia.org/property/blank1Name	http://dbpedia.org/resource/Köppen_climate_classification
http://xmlns.com/foaf/0.1/depiction	http://commons.wikimedia.org/wiki/Special:FilePath/Routsinpyhtaa1.JPG
http://purl.org/linguistics/gold/hypernym	http://dbpedia.org/resource/Municipality
http://dbpedia.org/property/areaLandKm	"276.67000000000001592"^^http://www.w3.org/2001/XMLSchema#decimal
http://dbpedia.org/property/nativeName	"–"^^http://www.w3.org/1999/02/22-rdf-syntax-ns#langString
http://dbpedia.org/property/establishedDate	"1743"^^http://www.w3.org/2001/XMLSchema#integer
http://dbpedia.org/ontology/abstract	"Ruotsinpyhtää (Strömfors in svedese) è stato un comune finlandese di 2.967 abitanti, situato nella regione dell'Uusimaa. Fino al 2011 apparteneva alla regione dell'Uusimaa orientale in seguito soppressa. È stato soppresso nel 2010 ed è ora compreso nel comune di Loviisa. La città è bilingue, con una maggioranza del 79% di lingua finlandese e una minoranza del 19% di lingua svedese. Il suo nome significa letteralmente \"Pyhtää svedese\" perché proprio qui, lungo il fiume Kymijoki, nel 1743 fu tracciato il confine di stato russo-svedese, che divise la città in due parti. La parte occidentale, costituita dall'attuale comune, restò alla Svezia, mentre la zona orientale, l'attuale Pyhtää, venne ceduta all'Impero russo. Il confine municipale e regionale coincide ancora con il corso del fiume: la parte orientale dell'antico paese è infatti nella regione del Kymenlaakso e costituisce l'attuale comune di Pyhtää."@it
http://www.w3.org/2000/01/rdf-schema#label	"Ruotsinpyhtää"@fr
http://dbpedia.org/property/extinctTitle	"Consolidated"^^http://www.w3.org/1999/02/22-rdf-syntax-ns#langString
