#---Properties and values from: http://dbpedia.org/resource/Albernoa_e_Trindade
Property	Value
http://dbpedia.org/ontology/wikiPageRedirects	http://dbpedia.org/resource/Trindade_(Beja)
http://www.w3.org/2002/07/owl#sameAs	http://rdf.freebase.com/ns/m.080600m
http://dbpedia.org/property/officialName	"Albernoa e Trindade"^^http://www.w3.org/1999/02/22-rdf-syntax-ns#langString
http://dbpedia.org/ontology/wikiPageRevisionID	"635120249"^^http://www.w3.org/2001/XMLSchema#integer
http://dbpedia.org/property/areaTotal	"209.38999999999998636"^^http://www.w3.org/2001/XMLSchema#decimal
http://dbpedia.org/ontology/wikiPageID	"24540195"^^http://www.w3.org/2001/XMLSchema#integer
http://www.w3.org/ns/prov#wasDerivedFrom	http://en.wikipedia.org/wiki/Albernoa_e_Trindade?oldid=635120249
http://xmlns.com/foaf/0.1/isPrimaryTopicOf	http://en.wikipedia.org/wiki/Albernoa_e_Trindade
http://dbpedia.org/property/municipality	http://dbpedia.org/resource/Beja,_Portugal
http://purl.org/linguistics/gold/hypernym	http://dbpedia.org/resource/Parish
http://dbpedia.org/property/latd	"37.859999999999999432"^^http://www.w3.org/2001/XMLSchema#decimal
http://dbpedia.org/ontology/country	http://dbpedia.org/resource/Portugal
http://dbpedia.org/property/populationTotal	"1032"^^http://www.w3.org/2001/XMLSchema#integer
http://dbpedia.org/property/populationAsOf	"2011"^^http://www.w3.org/2001/XMLSchema#integer
http://purl.org/dc/terms/subject	http://dbpedia.org/resource/Category:Parishes_of_Beja,_Portugal
http://dbpedia.org/ontology/abstract	"Trindade is een plaats (freguesia) in de Portugese gemeente Beja en telt 345 inwoners (2001)."@nl
http://www.w3.org/2000/01/rdf-schema#comment	"Albernoa e Trindade is a civil parish in the municipality of Beja, Portugal. It was formed in 2013 by the merger of the former parishes Albernoa and Trindade. The population in 2011 was 1,032, in an area of 209.39 km²."@en
http://www.w3.org/2000/01/rdf-schema#label	"Trindade (Beja)"@de
http://dbpedia.org/property/longd	"-7.9589999999999996305"^^http://www.w3.org/2001/XMLSchema#decimal
http://xmlns.com/foaf/0.1/primaryTopic	http://en.wikipedia.org/wiki/Albernoa_e_Trindade
http://www.w3.org/1999/02/22-rdf-syntax-ns#type	http://dbpedia.org/class/yago/AdministrativeDistrict108491826
