#---Properties and values from: http://dbpedia.org/resource/Apúlia_e_Fão
Property	Value
http://dbpedia.org/property/officialName	"Apúlia e Fão"^^http://www.w3.org/1999/02/22-rdf-syntax-ns#langString
http://dbpedia.org/ontology/wikiPageRevisionID	"744670672"^^http://www.w3.org/2001/XMLSchema#integer
http://xmlns.com/foaf/0.1/isPrimaryTopicOf	http://en.wikipedia.org/wiki/Apúlia_e_Fão
http://dbpedia.org/property/municipality	http://dbpedia.org/resource/Esposende
http://dbpedia.org/ontology/country	http://dbpedia.org/resource/Portugal
http://dbpedia.org/property/populationTotal	"7301"^^http://www.w3.org/2001/XMLSchema#integer
http://dbpedia.org/property/populationAsOf	"2011"^^http://www.w3.org/2001/XMLSchema#integer
http://dbpedia.org/property/stadium	http://dbpedia.org/resource/2016_UEFA_European_Under-19_Championship_qualification
http://purl.org/dc/terms/subject	http://dbpedia.org/resource/Category:Parishes_of_Esposende
http://www.w3.org/2000/01/rdf-schema#comment	"Fão ist ein Ort und eine ehemalige Gemeinde (Freguesia) im Norden Portugals. Fão gehört zum Kreis Esposende im Distrikt Braga. Die Gemeinde hatte eine Fläche von 5,8 km² und 3080 Einwohner (Stand 30. Juni 2011). Am 8. Januar 1976 wurde der Ort zur Vila (dt. Kleinstadt) erhoben. Am 29. September 2013 wurden die Gemeinden Fão und Apúlia zur neuen Gemeinde União das Freguesias de Apúlia e Fão zusammengeschlossen."@de
http://dbpedia.org/property/cim	http://dbpedia.org/resource/Cávado_(intermunicipal_community)
http://dbpedia.org/property/longd	"-8.7699999999999995737"^^http://www.w3.org/2001/XMLSchema#decimal
http://xmlns.com/foaf/0.1/primaryTopic	http://en.wikipedia.org/wiki/Apúlia_e_Fão
http://www.w3.org/2002/07/owl#sameAs	http://www.wikidata.org/entity/Q1022585
http://dbpedia.org/ontology/wikiPageRedirects	http://dbpedia.org/resource/Apulia_e_Fao
http://dbpedia.org/property/areaTotal	"16.289999999999999147"^^http://www.w3.org/2001/XMLSchema#decimal
http://dbpedia.org/ontology/wikiPageID	"29327285"^^http://www.w3.org/2001/XMLSchema#integer
http://dbpedia.org/ontology/birthPlace	http://dbpedia.org/resource/Hugo_Marques
http://www.w3.org/ns/prov#wasDerivedFrom	http://en.wikipedia.org/wiki/Apúlia_e_Fão?oldid=744670672
http://dbpedia.org/property/district	http://dbpedia.org/resource/Braga_District
http://purl.org/linguistics/gold/hypernym	http://dbpedia.org/resource/Parish
http://dbpedia.org/property/latd	"41.484999999999999432"^^http://www.w3.org/2001/XMLSchema#decimal
http://dbpedia.org/property/subregion	http://dbpedia.org/resource/Cávado_Subregion
http://dbpedia.org/ontology/abstract	"Fão ist ein Ort und eine ehemalige Gemeinde (Freguesia) im Norden Portugals. Fão gehört zum Kreis Esposende im Distrikt Braga. Die Gemeinde hatte eine Fläche von 5,8 km² und 3080 Einwohner (Stand 30. Juni 2011). Am 8. Januar 1976 wurde der Ort zur Vila (dt. Kleinstadt) erhoben. Am 29. September 2013 wurden die Gemeinden Fão und Apúlia zur neuen Gemeinde União das Freguesias de Apúlia e Fão zusammengeschlossen."@de
http://www.w3.org/2000/01/rdf-schema#label	"Fão"@de
http://www.w3.org/1999/02/22-rdf-syntax-ns#type	http://dbpedia.org/class/yago/WikicatTownsInPortugal
http://dbpedia.org/property/region	http://dbpedia.org/resource/Norte_Region,_Portugal
