#---Properties and values from: http://dbpedia.org/resource/Marvila_(Lisbon)
Property	Value
http://dbpedia.org/ontology/wikiPageExternalLink	http://www.jf-marvila.pt/
http://dbpedia.org/property/officialName	"Marvila"^^http://www.w3.org/1999/02/22-rdf-syntax-ns#langString
http://dbpedia.org/ontology/wikiPageRevisionID	"634993524"^^http://www.w3.org/2001/XMLSchema#integer
http://dbpedia.org/ontology/deathPlace	http://dbpedia.org/resource/Luís_of_Portugal,_Duke_of_Beja
http://dbpedia.org/ontology/hometown	http://dbpedia.org/resource/Sam_the_Kid
http://xmlns.com/foaf/0.1/isPrimaryTopicOf	http://en.wikipedia.org/wiki/Marvila_(Lisbon)
http://dbpedia.org/property/municipality	http://dbpedia.org/resource/Lisbon
http://dbpedia.org/ontology/country	http://dbpedia.org/resource/Portugal
http://dbpedia.org/property/populationTotal	"37793"^^http://www.w3.org/2001/XMLSchema#integer
http://dbpedia.org/property/populationAsOf	"2011"^^http://www.w3.org/2001/XMLSchema#integer
http://dbpedia.org/property/metro	http://dbpedia.org/resource/Lisbon_Metropolitan_Area
http://dbpedia.org/ontology/wikiPageDisambiguates	http://dbpedia.org/resource/Marvila
http://purl.org/dc/terms/subject	http://dbpedia.org/resource/Category:Parishes_of_Lisbon
http://www.w3.org/2000/01/rdf-schema#comment	"Марвила (порт. Marvila) — населённый пункт и район в Португалии, входит в округ Лиссабон. Является составной частью муниципалитета Лиссабон. Находится в составе крупной городской агломерации Большой Лиссабон. По старому административному делению входил в провинцию Эштремадура. Входит в экономико-статистический субрегион Большой Лиссабон, который входит в Лиссабонский регион. Население составляет 38 766 человек на 2001 год. Занимает площадь 6,29 км²."@ru
http://dbpedia.org/property/imageShield	"LSB-marvila.png"^^http://www.w3.org/1999/02/22-rdf-syntax-ns#langString
http://dbpedia.org/property/longd	"-9.1039999999999992042"^^http://www.w3.org/2001/XMLSchema#decimal
http://xmlns.com/foaf/0.1/primaryTopic	http://en.wikipedia.org/wiki/Marvila_(Lisbon)
http://www.w3.org/2002/07/owl#sameAs	http://es.dbpedia.org/resource/Marvila_(Lisboa)
http://dbpedia.org/ontology/thumbnail	http://commons.wikimedia.org/wiki/Special:FilePath/LSB-marvila.png?width=300
http://dbpedia.org/property/areaTotal	"7.1200000000000001066"^^http://www.w3.org/2001/XMLSchema#decimal
http://dbpedia.org/ontology/wikiPageID	"21145117"^^http://www.w3.org/2001/XMLSchema#integer
http://www.w3.org/ns/prov#wasDerivedFrom	http://en.wikipedia.org/wiki/Marvila_(Lisbon)?oldid=634993524
http://dbpedia.org/property/district	http://dbpedia.org/resource/Lisbon_District
http://xmlns.com/foaf/0.1/depiction	http://commons.wikimedia.org/wiki/Special:FilePath/LSB-marvila.png
http://purl.org/linguistics/gold/hypernym	http://dbpedia.org/resource/Parish
http://dbpedia.org/property/latd	"38.744999999999997442"^^http://www.w3.org/2001/XMLSchema#decimal
http://dbpedia.org/property/subregion	http://dbpedia.org/resource/Grande_Lisboa
http://dbpedia.org/ontology/abstract	"Marvila is een plaats (freguesia) in de Portugese gemeente Lisboa en telt 38766 inwoners (2001)."@nl
http://www.w3.org/2000/01/rdf-schema#label	"Marvila (Lisboa)"@pt
http://xmlns.com/foaf/0.1/homepage	http://www.jf-marvila.pt/
http://www.w3.org/1999/02/22-rdf-syntax-ns#type	http://dbpedia.org/class/yago/Object100002684
http://dbpedia.org/property/region	http://dbpedia.org/resource/Lisboa_Region
