#---Properties and values from: http://dbpedia.org/resource/Chapadão_do_Céu
Property	Value
http://dbpedia.org/property/lats	"6"^^http://www.w3.org/2001/XMLSchema#integer
http://dbpedia.org/ontology/wikiPageExternalLink	http://www.chapadaodoceu.go.gov.br/OPopular2003-01-07.htm
http://dbpedia.org/ontology/wikiPageRevisionID	"721551311"^^http://www.w3.org/2001/XMLSchema#integer
http://dbpedia.org/property/latm	"23"^^http://www.w3.org/2001/XMLSchema#integer
http://dbpedia.org/property/latns	"S"^^http://www.w3.org/1999/02/22-rdf-syntax-ns#langString
http://dbpedia.org/property/imageMap	"Goias Municip ChapadaodoCeu.svg"^^http://www.w3.org/1999/02/22-rdf-syntax-ns#langString
http://xmlns.com/foaf/0.1/isPrimaryTopicOf	http://en.wikipedia.org/wiki/Chapadão_do_Céu
http://dbpedia.org/property/microregion	http://dbpedia.org/resource/Sudoeste_de_Goiás_Microregion
http://dbpedia.org/property/longm	"37"^^http://www.w3.org/2001/XMLSchema#integer
http://dbpedia.org/property/populationTotal	"5289"^^http://www.w3.org/2001/XMLSchema#integer
http://dbpedia.org/property/longs	"32"^^http://www.w3.org/2001/XMLSchema#integer
http://dbpedia.org/property/populationAsOf	"2007"^^http://www.w3.org/2001/XMLSchema#integer
http://purl.org/dc/terms/subject	http://dbpedia.org/resource/Category:Municipalities_in_Goiás
http://dbpedia.org/property/elevation	"840"^^http://www.w3.org/2001/XMLSchema#integer
http://dbpedia.org/property/state	"GO"^^http://www.w3.org/1999/02/22-rdf-syntax-ns#langString
http://www.w3.org/2000/01/rdf-schema#comment	"Chapadão do Céu is a municipality in southwestern Goiás state, Brazil. It is a large producer of grains (soybeans and corn) and has a high standard of living."@en
http://dbpedia.org/property/longd	"52"^^http://www.w3.org/2001/XMLSchema#integer
http://xmlns.com/foaf/0.1/primaryTopic	http://en.wikipedia.org/wiki/Chapadão_do_Céu
http://dbpedia.org/ontology/wikiPageRedirects	http://dbpedia.org/resource/Chapadão_do_Ceu
http://www.w3.org/2002/07/owl#sameAs	http://it.dbpedia.org/resource/Chapadão_do_Céu
http://dbpedia.org/ontology/thumbnail	http://commons.wikimedia.org/wiki/Special:FilePath/Goias_Municip_ChapadaodoCeu.svg?width=300
http://dbpedia.org/ontology/wikiPageID	"4209063"^^http://www.w3.org/2001/XMLSchema#integer
http://dbpedia.org/property/areaTotal	"2354.8000000000001819"^^http://www.w3.org/2001/XMLSchema#decimal
http://www.w3.org/ns/prov#wasDerivedFrom	http://en.wikipedia.org/wiki/Chapadão_do_Céu?oldid=721551311
http://dbpedia.org/property/name	"Chapadão do Céu"^^http://www.w3.org/1999/02/22-rdf-syntax-ns#langString
http://xmlns.com/foaf/0.1/depiction	http://commons.wikimedia.org/wiki/Special:FilePath/Goias_Municip_ChapadaodoCeu.svg
http://purl.org/linguistics/gold/hypernym	http://dbpedia.org/resource/Municipality
http://dbpedia.org/property/latd	"18"^^http://www.w3.org/2001/XMLSchema#integer
http://dbpedia.org/property/postalCode	"75828"^^http://www.w3.org/2001/XMLSchema#integer
http://dbpedia.org/ontology/abstract	"Chapadão do Céu è un comune del Brasile nello Stato del Goiás, parte della mesoregione del Sul Goiano e della microregione del Sudoeste de Goiás."@it
http://www.w3.org/2000/01/rdf-schema#label	"Chapadão do Céu"@es
http://xmlns.com/foaf/0.1/homepage	http://www.chapadaodoceu.go.gov.br/
http://www.w3.org/1999/02/22-rdf-syntax-ns#type	http://dbpedia.org/class/yago/YagoLegalActorGeo
