#---Properties and values from: http://dbpedia.org/resource/Pedrógão_Grande
Property	Value
http://dbpedia.org/property/longew	"W"^^http://www.w3.org/1999/02/22-rdf-syntax-ns#langString
http://dbpedia.org/ontology/wikiPageExternalLink	http://www.cm-pedrogaogrande.pt
http://dbpedia.org/property/officialName	"Pedrógão Grande"^^http://www.w3.org/1999/02/22-rdf-syntax-ns#langString
http://dbpedia.org/ontology/wikiPageRevisionID	"701647540"^^http://www.w3.org/2001/XMLSchema#integer
http://dbpedia.org/property/blank1NameSec	"Municipal holiday"^^http://www.w3.org/1999/02/22-rdf-syntax-ns#langString
http://dbpedia.org/property/latm	"55"^^http://www.w3.org/2001/XMLSchema#integer
http://dbpedia.org/property/latns	"N"^^http://www.w3.org/1999/02/22-rdf-syntax-ns#langString
http://dbpedia.org/property/website	http://www.cm-pedrogaogrande.pt
http://dbpedia.org/property/imageMap	"LocalPedrogaoGrande.svg"^^http://www.w3.org/1999/02/22-rdf-syntax-ns#langString
http://xmlns.com/foaf/0.1/isPrimaryTopicOf	http://en.wikipedia.org/wiki/Pedrógão_Grande
http://dbpedia.org/property/longm	"8"^^http://www.w3.org/2001/XMLSchema#integer
http://dbpedia.org/property/populationTotal	"3915"^^http://www.w3.org/2001/XMLSchema#integer
http://dbpedia.org/property/populationAsOf	"2011"^^http://www.w3.org/2001/XMLSchema#integer
http://purl.org/dc/terms/subject	http://dbpedia.org/resource/Category:Municipalities_of_Portugal
http://dbpedia.org/property/parishes	"[[#Parishes"^^http://www.w3.org/1999/02/22-rdf-syntax-ns#langString
http://www.w3.org/2000/01/rdf-schema#comment	"Pedrógão Grande ist eine Kleinstadt (Vila) und ein Kreis (Concelho) in Portugal mit 2551 Einwohnern (Stand 30. Juni 2011)."@de
http://dbpedia.org/property/cim	http://dbpedia.org/resource/Região_de_Leiria
http://dbpedia.org/property/imageShield	"PGR.png"^^http://www.w3.org/1999/02/22-rdf-syntax-ns#langString
http://dbpedia.org/property/longd	"8"^^http://www.w3.org/2001/XMLSchema#integer
http://xmlns.com/foaf/0.1/primaryTopic	http://en.wikipedia.org/wiki/Pedrógão_Grande
http://dbpedia.org/ontology/wikiPageRedirects	http://dbpedia.org/resource/Pedrogao_Grande_Municipality,_Portugal
http://www.w3.org/2002/07/owl#sameAs	http://yago-knowledge.org/resource/Pedrógão_Grande_Municipality,_Portugal
http://dbpedia.org/property/leaderParty	http://dbpedia.org/resource/Social_Democratic_Party_(Portugal)
http://dbpedia.org/property/blank1InfoSec	"--07-24"^^http://www.w3.org/2001/XMLSchema#gMonthDay
http://dbpedia.org/ontology/thumbnail	http://commons.wikimedia.org/wiki/Special:FilePath/Pt-pgr1.png?width=300
http://dbpedia.org/ontology/wikiPageID	"4526214"^^http://www.w3.org/2001/XMLSchema#integer
http://dbpedia.org/ontology/location	http://dbpedia.org/resource/Bouçã_Dam
http://www.w3.org/ns/prov#wasDerivedFrom	http://en.wikipedia.org/wiki/Pedrógão_Grande?oldid=701647540
http://dbpedia.org/property/leaderName	http://dbpedia.org/resource/João_Manuel_Gomes_Marques
http://dbpedia.org/property/areaTotalKm	"128.75"^^http://www.w3.org/2001/XMLSchema#decimal
http://dbpedia.org/property/district	http://dbpedia.org/resource/Leiria_District
http://xmlns.com/foaf/0.1/depiction	http://commons.wikimedia.org/wiki/Special:FilePath/Pt-pgr1.png
http://purl.org/linguistics/gold/hypernym	http://dbpedia.org/resource/Municipality
http://dbpedia.org/property/latd	"39"^^http://www.w3.org/2001/XMLSchema#integer
http://dbpedia.org/property/subregion	http://dbpedia.org/resource/Pinhal_Interior_Norte
http://dbpedia.org/ontology/abstract	"Pedrógão Grande to miejscowość w Portugalii, leżąca w dystrykcie Leiria, w regionie Centrum w podregionie Pinhal Interior Norte. Miejscowość jest siedzibą gminy o tej samej nazwie."@pl
http://dbpedia.org/property/imageFlag	"Pt-pgr1.png"^^http://www.w3.org/1999/02/22-rdf-syntax-ns#langString
http://www.w3.org/2000/01/rdf-schema#label	"Pedrógão Grande"@fr
http://xmlns.com/foaf/0.1/homepage	http://www.cm-pedrogaogrande.pt
http://www.w3.org/1999/02/22-rdf-syntax-ns#type	http://dbpedia.org/class/yago/YagoGeoEntity
http://dbpedia.org/property/region	http://dbpedia.org/resource/Centro_Region,_Portugal
