#---Properties and values from: http://dbpedia.org/resource/Nyírkáta
Property	Value
http://dbpedia.org/property/lats	"47"^^http://www.w3.org/2001/XMLSchema#integer
http://dbpedia.org/property/populationDensityKm	"auto"^^http://www.w3.org/1999/02/22-rdf-syntax-ns#langString
http://dbpedia.org/ontology/wikiPageRevisionID	"615709245"^^http://www.w3.org/2001/XMLSchema#integer
http://dbpedia.org/property/latm	"51"^^http://www.w3.org/2001/XMLSchema#integer
http://dbpedia.org/property/areaCode	"74"^^http://www.w3.org/2001/XMLSchema#integer
http://dbpedia.org/property/website	"www.nyirkata.hu"^^http://www.w3.org/1999/02/22-rdf-syntax-ns#langString
http://dbpedia.org/property/county	"Szabolcs-Szatmár-Bereg"^^http://www.w3.org/1999/02/22-rdf-syntax-ns#langString
http://xmlns.com/foaf/0.1/isPrimaryTopicOf	http://en.wikipedia.org/wiki/Nyírkáta
http://dbpedia.org/property/postalCodeType	http://dbpedia.org/resource/Postal_code
http://dbpedia.org/property/longm	"14"^^http://www.w3.org/2001/XMLSchema#integer
http://dbpedia.org/property/populationTotal	"1764"^^http://www.w3.org/2001/XMLSchema#integer
http://dbpedia.org/property/longs	"45"^^http://www.w3.org/2001/XMLSchema#integer
http://dbpedia.org/property/populationAsOf	"2011"^^http://www.w3.org/2001/XMLSchema#integer
http://purl.org/dc/terms/subject	http://dbpedia.org/resource/Category:Populated_places_in_Szabolcs-Szatmár-Bereg_County
http://www.w3.org/2000/01/rdf-schema#comment	"尼尔卡陶（匈牙利语：Nyírkáta），是匈牙利索博尔奇-索特马尔-贝拉格州所辖的一个村。总面积38.63平方公里，总人口1790，人口密度46.3人/平方公里（2011年1月1日）。"@zh
http://dbpedia.org/property/longd	"22"^^http://www.w3.org/2001/XMLSchema#integer
http://xmlns.com/foaf/0.1/primaryTopic	http://en.wikipedia.org/wiki/Nyírkáta
http://dbpedia.org/ontology/wikiPageRedirects	http://dbpedia.org/resource/Nyirkata
http://www.w3.org/2002/07/owl#sameAs	http://dbpedia.org/resource/Nyírkáta
http://dbpedia.org/ontology/wikiPageID	"43222748"^^http://www.w3.org/2001/XMLSchema#integer
http://www.w3.org/ns/prov#wasDerivedFrom	http://en.wikipedia.org/wiki/Nyírkáta?oldid=615709245
http://dbpedia.org/property/coordinatesDisplay	"inline,title"^^http://www.w3.org/1999/02/22-rdf-syntax-ns#langString
http://dbpedia.org/property/name	"Nyírkáta"^^http://www.w3.org/1999/02/22-rdf-syntax-ns#langString
http://dbpedia.org/property/areaTotalKm	"38.600000000000001421"^^http://www.w3.org/2001/XMLSchema#decimal
http://purl.org/linguistics/gold/hypernym	http://dbpedia.org/resource/Village
http://dbpedia.org/property/latd	"47"^^http://www.w3.org/2001/XMLSchema#integer
http://dbpedia.org/property/postalCode	"4333"^^http://www.w3.org/2001/XMLSchema#integer
http://dbpedia.org/ontology/abstract	"Nyírkáta is a village in Szabolcs-Szatmár-Bereg County, Hungary."@en
http://www.w3.org/2000/01/rdf-schema#label	"尼尔卡陶"@zh
http://xmlns.com/foaf/0.1/homepage	http://www.nyirkata.hu
http://www.w3.org/1999/02/22-rdf-syntax-ns#type	http://dbpedia.org/ontology/Village
