#---Properties and values from: http://dbpedia.org/resource/Fazendas_de_Almeirim
Property	Value
http://www.w3.org/2002/07/owl#sameAs	http://sws.geonames.org/8014198/
http://dbpedia.org/property/officialName	"Fazendas de Almeirim"^^http://www.w3.org/1999/02/22-rdf-syntax-ns#langString
http://dbpedia.org/ontology/wikiPageRevisionID	"701645073"^^http://www.w3.org/2001/XMLSchema#integer
http://dbpedia.org/ontology/wikiPageID	"29327287"^^http://www.w3.org/2001/XMLSchema#integer
http://dbpedia.org/property/areaTotal	"58.299999999999997158"^^http://www.w3.org/2001/XMLSchema#decimal
http://www.w3.org/ns/prov#wasDerivedFrom	http://en.wikipedia.org/wiki/Fazendas_de_Almeirim?oldid=701645073
http://xmlns.com/foaf/0.1/isPrimaryTopicOf	http://en.wikipedia.org/wiki/Fazendas_de_Almeirim
http://dbpedia.org/property/municipality	http://dbpedia.org/resource/Almeirim_Municipality
http://purl.org/linguistics/gold/hypernym	http://dbpedia.org/resource/Town
http://dbpedia.org/ontology/country	http://dbpedia.org/resource/Portugal
http://dbpedia.org/property/latd	"39.179999999999999716"^^http://www.w3.org/2001/XMLSchema#decimal
http://dbpedia.org/property/populationTotal	"6949"^^http://www.w3.org/2001/XMLSchema#integer
http://dbpedia.org/property/populationAsOf	"2011"^^http://www.w3.org/2001/XMLSchema#integer
http://purl.org/dc/terms/subject	http://dbpedia.org/resource/Category:Parishes_of_Almeirim
http://dbpedia.org/ontology/abstract	"Fazendas de Almeirim ist eine Gemeinde (Freguesia) im portugiesischen Kreis Almeirim. In ihr leben 6929 Einwohner (Stand 30. Juni 2011)."@de
http://www.w3.org/2000/01/rdf-schema#comment	"Fazendas de Almeirim é uma freguesia portuguesa do concelho de Almeirim, com 58,3 km² de área e 6 949 habitantes (2011). A sua densidade populacional é 119,2 hab/km². Foi elevada a vila em 16 de agosto de 1991, com a designação oficial de Vila de Fazendas de Almeirim"@pt
http://www.w3.org/2000/01/rdf-schema#label	"Fazendas de Almeirim"@de
http://dbpedia.org/property/longd	"-8.5800000000000000711"^^http://www.w3.org/2001/XMLSchema#decimal
http://xmlns.com/foaf/0.1/primaryTopic	http://en.wikipedia.org/wiki/Fazendas_de_Almeirim
http://www.w3.org/1999/02/22-rdf-syntax-ns#type	http://dbpedia.org/class/yago/WikicatTownsInPortugal
