#---Properties and values from: http://dbpedia.org/resource/Broxtowe
Property	Value
http://dbpedia.org/property/type	"Borough"^^http://www.w3.org/1999/02/22-rdf-syntax-ns#langString
http://xmlns.com/foaf/0.1/name	"Borough of Broxtowe"@en
http://dbpedia.org/ontology/wikiPageExternalLink	http://www.broxtowe.gov.uk/
http://dbpedia.org/property/blank3Name	"NUTS 3"^^http://www.w3.org/1999/02/22-rdf-syntax-ns#langString
http://dbpedia.org/property/constituencyWestminster	http://dbpedia.org/resource/Trowell
http://www.w3.org/2003/01/geo/wgs84_pos#long	"-1.2699999809265136719"^^http://www.w3.org/2001/XMLSchema#float
http://dbpedia.org/property/subdivisionType	http://dbpedia.org/resource/List_of_sovereign_states
http://purl.org/dc/terms/subject	http://dbpedia.org/resource/Category:Broxtowe
http://dbpedia.org/ontology/isPartOf	http://dbpedia.org/resource/Nottinghamshire
http://dbpedia.org/property/replace	http://dbpedia.org/resource/Beeston_and_Stapleford_Urban_District
http://dbpedia.org/property/text	http://dbpedia.org/resource/Nottinghamshire_Police
http://dbpedia.org/property/blank4Name	"Ethnicity"^^http://www.w3.org/1999/02/22-rdf-syntax-ns#langString
http://dbpedia.org/ontology/leaderName	http://dbpedia.org/resource/Gloria_De_Piero
http://dbpedia.org/property/blankName	http://dbpedia.org/resource/ISO_3166-2:GB
http://www.w3.org/ns/prov#wasDerivedFrom	http://en.wikipedia.org/wiki/Broxtowe?oldid=740216587
http://dbpedia.org/ontology/timeZone	http://dbpedia.org/resource/British_Summer_Time
http://dbpedia.org/property/seatType	"Admin. HQ"^^http://www.w3.org/1999/02/22-rdf-syntax-ns#langString
http://dbpedia.org/property/blankEmblemType	"Coat of Arms"^^http://www.w3.org/1999/02/22-rdf-syntax-ns#langString
http://dbpedia.org/property/areaTotalKm	"|R"^^http://www.w3.org/1999/02/22-rdf-syntax-ns#langString
http://dbpedia.org/ontology/part	http://dbpedia.org/resource/North_Midlands
http://dbpedia.org/property/blank4Info	"3"^^http://www.w3.org/2001/XMLSchema#integer
http://dbpedia.org/property/imageBlankEmblem	"Broxtowe City.jpg"^^http://www.w3.org/1999/02/22-rdf-syntax-ns#langString
http://dbpedia.org/property/establishedTitle	"Founded"^^http://www.w3.org/1999/02/22-rdf-syntax-ns#langString
http://dbpedia.org/property/civilParish	http://dbpedia.org/resource/Eastwood,_Nottinghamshire
http://dbpedia.org/property/mapsize	"frameless"^^http://www.w3.org/1999/02/22-rdf-syntax-ns#langString
http://www.w3.org/2000/01/rdf-schema#seeAlso	http://dbpedia.org/resource/Broxtowe
http://xmlns.com/foaf/0.1/homepage	http://www.broxtowe.gov.uk/
http://www.w3.org/1999/02/22-rdf-syntax-ns#type	http://www.wikidata.org/entity/Q486972
http://dbpedia.org/property/populationDensityKm	"auto"^^http://www.w3.org/1999/02/22-rdf-syntax-ns#langString
http://dbpedia.org/ontology/wikiPageRevisionID	"740216587"^^http://www.w3.org/2001/XMLSchema#integer
http://dbpedia.org/property/mapCaption	"Shown within Nottinghamshire"^^http://www.w3.org/1999/02/22-rdf-syntax-ns#langString
http://dbpedia.org/ontology/district	http://dbpedia.org/resource/Newthorpe,_Greasley_and_Shipley_Gate_railway_station
http://dbpedia.org/property/north	http://dbpedia.org/resource/Wollaton
http://dbpedia.org/property/imageMap	"Broxtowe UK locator map.svg"^^http://www.w3.org/1999/02/22-rdf-syntax-ns#langString
http://dbpedia.org/property/seat	http://dbpedia.org/resource/Beeston,_Nottinghamshire
http://dbpedia.org/property/blank1Info	"E07000172"^^http://www.w3.org/1999/02/22-rdf-syntax-ns#langString
http://xmlns.com/foaf/0.1/isPrimaryTopicOf	http://en.wikipedia.org/wiki/Broxtowe
http://dbpedia.org/property/areaRank	http://dbpedia.org/resource/List_of_English_districts_by_area
http://dbpedia.org/property/postalCodeType	"Postcode"^^http://www.w3.org/1999/02/22-rdf-syntax-ns#langString
http://dbpedia.org/property/populationTotal	"|R"^^http://www.w3.org/1999/02/22-rdf-syntax-ns#langString
http://www.w3.org/2000/01/rdf-schema#comment	"Broxtowe is een Engels district in het graafschap Nottinghamshire en telt 107.570 inwoners. De oppervlakte bedraagt 80,1 km². Van de bevolking is 16,4% ouder dan 65 jaar. De werkloosheid bedraagt 2,6% van de beroepsbevolking (cijfers volkstelling 2001)."@nl
http://xmlns.com/foaf/0.1/primaryTopic	http://en.wikipedia.org/wiki/Broxtowe
http://dbpedia.org/ontology/leaderTitle	"Leadership:"@en
http://dbpedia.org/ontology/wikiPageRedirects	http://dbpedia.org/resource/Borough_of_Broxtowe
http://www.w3.org/2002/07/owl#sameAs	http://sws.geonames.org/7290615/
http://dbpedia.org/property/borough	http://dbpedia.org/resource/Beeston_bus_station
http://www.w3.org/2003/01/geo/wgs84_pos#lat	"52.950000762939453125"^^http://www.w3.org/2001/XMLSchema#float
http://www.georss.org/georss/point	"52.95 -1.27"
http://dbpedia.org/ontology/governmentType	http://dbpedia.org/resource/Non-metropolitan_district
http://dbpedia.org/ontology/thumbnail	http://commons.wikimedia.org/wiki/Special:FilePath/Broxtowe_UK_locator_map.svg?width=300
http://dbpedia.org/ontology/wikiPageID	"440827"^^http://www.w3.org/2001/XMLSchema#integer
http://dbpedia.org/ontology/location	http://dbpedia.org/resource/Newthorpe,_Greasley_and_Shipley_Gate_railway_station
http://dbpedia.org/ontology/utcOffset	"+1"
http://dbpedia.org/ontology/birthPlace	http://dbpedia.org/resource/Shaun_Barker
http://dbpedia.org/property/leaderName	"Conservative"^^http://www.w3.org/1999/02/22-rdf-syntax-ns#langString
http://dbpedia.org/property/blank1Name	http://dbpedia.org/resource/ONS_coding_system
http://xmlns.com/foaf/0.1/depiction	http://commons.wikimedia.org/wiki/Special:FilePath/Broxtowe_UK_locator_map.svg
http://purl.org/linguistics/gold/hypernym	http://dbpedia.org/resource/District
http://dbpedia.org/property/populationRank	http://dbpedia.org/resource/List_of_English_districts_by_population
http://dbpedia.org/property/establishedDate	"1974"^^http://www.w3.org/2001/XMLSchema#integer
http://dbpedia.org/ontology/abstract	"Broxtowe is een Engels district in het graafschap Nottinghamshire en telt 107.570 inwoners. De oppervlakte bedraagt 80,1 km². Van de bevolking is 16,4% ouder dan 65 jaar. De werkloosheid bedraagt 2,6% van de beroepsbevolking (cijfers volkstelling 2001)."@nl
http://www.w3.org/2003/01/geo/wgs84_pos#geometry	"POINT(-1.2699999809265 52.950000762939)"^^http://www.openlinksw.com/schemas/virtrdf#Geometry
http://www.w3.org/2000/01/rdf-schema#label	"Broxtowe"@nl
http://dbpedia.org/property/subdivisionName	"United Kingdom"^^http://www.w3.org/1999/02/22-rdf-syntax-ns#langString
http://dbpedia.org/property/blank2Name	http://dbpedia.org/resource/British_national_grid_reference_system
