#---Properties and values from: http://dbpedia.org/resource/Ucha
Property	Value
http://dbpedia.org/property/officialName	"Ucha"^^http://www.w3.org/1999/02/22-rdf-syntax-ns#langString
http://dbpedia.org/ontology/wikiPageRevisionID	"689448392"^^http://www.w3.org/2001/XMLSchema#integer
http://dbpedia.org/property/wordnet_type	http://www.w3.org/2006/03/wn/wn20/instances/synset-municipality-noun-2
http://xmlns.com/foaf/0.1/isPrimaryTopicOf	http://en.wikipedia.org/wiki/Ucha
http://dbpedia.org/property/municipality	http://dbpedia.org/resource/Barcelos,_Portugal
http://dbpedia.org/ontology/country	http://dbpedia.org/resource/Portugal
http://dbpedia.org/property/populationTotal	"1420"^^http://www.w3.org/2001/XMLSchema#integer
http://dbpedia.org/property/populationAsOf	"2011"^^http://www.w3.org/2001/XMLSchema#integer
http://dbpedia.org/ontology/wikiPageDisambiguates	http://dbpedia.org/resource/UCHA_(disambiguation)
http://purl.org/dc/terms/subject	http://dbpedia.org/resource/Category:Parishes_of_Barcelos,_Portugal
http://www.w3.org/2000/01/rdf-schema#comment	"Ucha is een plaats (freguesia) in de Portugese gemeente Barcelos en telt 1 359 inwoners (2001)."@nl
http://dbpedia.org/property/imageShield	"BCL-ucha.gif"^^http://www.w3.org/1999/02/22-rdf-syntax-ns#langString
http://dbpedia.org/property/longd	"-8.5180000000000006821"^^http://www.w3.org/2001/XMLSchema#decimal
http://xmlns.com/foaf/0.1/primaryTopic	http://en.wikipedia.org/wiki/Ucha
http://www.w3.org/2002/07/owl#sameAs	http://yago-knowledge.org/resource/Ucha
http://dbpedia.org/ontology/thumbnail	http://commons.wikimedia.org/wiki/Special:FilePath/BCL-ucha.gif?width=300
http://dbpedia.org/property/areaTotal	"4.2699999999999995737"^^http://www.w3.org/2001/XMLSchema#decimal
http://dbpedia.org/ontology/wikiPageID	"11552549"^^http://www.w3.org/2001/XMLSchema#integer
http://www.w3.org/2002/07/owl#differentFrom	http://dbpedia.org/resource/University_Cooperative_Housing_Association
http://www.w3.org/ns/prov#wasDerivedFrom	http://en.wikipedia.org/wiki/Ucha?oldid=689448392
http://xmlns.com/foaf/0.1/depiction	http://commons.wikimedia.org/wiki/Special:FilePath/BCL-ucha.gif
http://purl.org/linguistics/gold/hypernym	http://dbpedia.org/resource/Parish
http://dbpedia.org/property/latd	"41.576000000000000512"^^http://www.w3.org/2001/XMLSchema#decimal
http://dbpedia.org/ontology/abstract	"Ucha is a Portuguese parish, located in the municipality of Barcelos. The population in 2011 was 1,420, in an area of 4.27 km²."@en
http://www.w3.org/2000/01/rdf-schema#label	"Ucha"@pt
http://www.w3.org/1999/02/22-rdf-syntax-ns#type	http://schema.org/Place
