#---Properties and values from: http://dbpedia.org/resource/Vivo,_Limpopo
Property	Value
http://xmlns.com/foaf/0.1/name	"Vivo"@en
http://dbpedia.org/ontology/wikiPageRevisionID	"735292461"^^http://www.w3.org/2001/XMLSchema#integer
http://dbpedia.org/property/areaCode	"15"^^http://www.w3.org/2001/XMLSchema#integer
http://dbpedia.org/property/imageSkyline	"Vivo_Limpopo_SouthAfrica_June2009.jpg"^^http://www.w3.org/1999/02/22-rdf-syntax-ns#langString
http://www.w3.org/2003/01/geo/wgs84_pos#long	"29.27700042724609375"^^http://www.w3.org/2001/XMLSchema#float
http://dbpedia.org/property/imageCaption	"Vivo, close to the centre of the town, with the Soutpansberg in the background"^^http://www.w3.org/1999/02/22-rdf-syntax-ns#langString
http://xmlns.com/foaf/0.1/isPrimaryTopicOf	http://en.wikipedia.org/wiki/Vivo,_Limpopo
http://dbpedia.org/property/municipality	"Blouberg"^^http://www.w3.org/1999/02/22-rdf-syntax-ns#langString
http://dbpedia.org/property/postal2Code	"924"^^http://www.w3.org/2001/XMLSchema#integer
http://dbpedia.org/ontology/country	http://dbpedia.org/resource/South_Africa
http://dbpedia.org/property/populationTotal	"308"^^http://www.w3.org/2001/XMLSchema#integer
http://dbpedia.org/ontology/wikiPageDisambiguates	http://dbpedia.org/resource/Vivo
http://purl.org/dc/terms/subject	http://dbpedia.org/resource/Category:Populated_places_in_the_Blouberg_Local_Municipality
http://www.w3.org/2000/01/rdf-schema#comment	"Vivo is a small town in the northern part of Limpopo province, South Africa. The town lies south of the Brak River, in a gap between the Soutpansberg and the Blouberg Range, some 72 km west of Louis Trichardt. The name is thought to be derived from Sepedi phefo, ‘cold wind’, though it has been stated that the hills resemble the spelling of ‘Vivo’ when seen from a certain angle."@en
http://dbpedia.org/property/leaderTitle	"Councillor"^^http://www.w3.org/1999/02/22-rdf-syntax-ns#langString
http://dbpedia.org/property/longd	"29.277000000000001023"^^http://www.w3.org/2001/XMLSchema#decimal
http://xmlns.com/foaf/0.1/primaryTopic	http://en.wikipedia.org/wiki/Vivo,_Limpopo
http://www.w3.org/2002/07/owl#sameAs	http://rdf.freebase.com/ns/m.0b2ngv
http://dbpedia.org/ontology/wikiPageRedirects	http://dbpedia.org/resource/Vivo,_South_Africa
http://www.w3.org/2003/01/geo/wgs84_pos#lat	"23.042999267578125"^^http://www.w3.org/2001/XMLSchema#float
http://www.georss.org/georss/point	"23.043 29.277"
http://dbpedia.org/ontology/postalCode	"0924"
http://dbpedia.org/ontology/thumbnail	http://commons.wikimedia.org/wiki/Special:FilePath/Vivo_Limpopo_SouthAfrica_June2009.jpg?width=300
http://dbpedia.org/ontology/wikiPageID	"3839043"^^http://www.w3.org/2001/XMLSchema#integer
http://dbpedia.org/ontology/nearestCity	http://dbpedia.org/resource/Blouberg_Nature_Reserve
http://www.w3.org/ns/prov#wasDerivedFrom	http://en.wikipedia.org/wiki/Vivo,_Limpopo?oldid=735292461
http://dbpedia.org/property/district	"Capricorn"^^http://www.w3.org/1999/02/22-rdf-syntax-ns#langString
http://xmlns.com/foaf/0.1/depiction	http://commons.wikimedia.org/wiki/Special:FilePath/Vivo_Limpopo_SouthAfrica_June2009.jpg
http://purl.org/linguistics/gold/hypernym	http://dbpedia.org/resource/Town
http://dbpedia.org/property/latd	"23.042999999999999261"^^http://www.w3.org/2001/XMLSchema#decimal
http://dbpedia.org/ontology/abstract	"Vivo is a small town in the northern part of Limpopo province, South Africa. The town lies south of the Brak River, in a gap between the Soutpansberg and the Blouberg Range, some 72 km west of Louis Trichardt. The name is thought to be derived from Sepedi phefo, ‘cold wind’, though it has been stated that the hills resemble the spelling of ‘Vivo’ when seen from a certain angle. Vivo is situated on the road between Polokwane and Musina; the towns located closest to it are Alldays and Louis Trichardt. The main economic activities in the area are farming and conservation. The town once had a boarding school that hosted local farm children as well as various others from bigger cities as far as Johannesburg. Known as a military-type institution with very poor conditions for students, the school closed in the mid-1990s. The town has a post office, a filling station and a small convenience store. For larger purchases residents would have to travel to one of the neighbouring towns."@en
http://www.w3.org/2003/01/geo/wgs84_pos#geometry	"POINT(29.277000427246 23.042999267578)"^^http://www.openlinksw.com/schemas/virtrdf#Geometry
http://www.w3.org/2000/01/rdf-schema#label	"Vivo, Limpopo"@en
http://dbpedia.org/property/province	"Limpopo"^^http://www.w3.org/1999/02/22-rdf-syntax-ns#langString
http://www.w3.org/1999/02/22-rdf-syntax-ns#type	http://dbpedia.org/class/yago/Location100027167
