#---Properties and values from: http://dbpedia.org/resource/Lorraine,_Limpopo
Property	Value
http://xmlns.com/foaf/0.1/name	"Lorraine"@en
http://dbpedia.org/ontology/wikiPageExternalLink	http://census.adrianfrith.com/place/92202003
http://dbpedia.org/ontology/wikiPageRevisionID	"689852678"^^http://www.w3.org/2001/XMLSchema#integer
http://dbpedia.org/property/areaFootnotes	"ref | |name=census2001"^^http://www.w3.org/1999/02/22-rdf-syntax-ns#langString
http://www.w3.org/2003/01/geo/wgs84_pos#long	"30.423999786376953125"^^http://www.w3.org/2001/XMLSchema#float
http://xmlns.com/foaf/0.1/isPrimaryTopicOf	http://en.wikipedia.org/wiki/Lorraine,_Limpopo
http://dbpedia.org/property/municipality	"Maruleng"^^http://www.w3.org/1999/02/22-rdf-syntax-ns#langString
http://dbpedia.org/property/postal2Code	"n/a"^^http://www.w3.org/1999/02/22-rdf-syntax-ns#langString
http://dbpedia.org/ontology/country	http://dbpedia.org/resource/South_Africa
http://dbpedia.org/property/populationTotal	"6257"^^http://www.w3.org/2001/XMLSchema#integer
http://dbpedia.org/property/populationAsOf	"2001"^^http://www.w3.org/2001/XMLSchema#integer
http://dbpedia.org/ontology/wikiPageDisambiguates	http://dbpedia.org/resource/Lorraine_(disambiguation)
http://purl.org/dc/terms/subject	http://dbpedia.org/resource/Category:Populated_places_in_the_Maruleng_Local_Municipality
http://www.w3.org/2000/01/rdf-schema#comment	"Lorraine est une ville du district de Mopani dans la province du Limpopo en Afrique du Sud."@fr
http://dbpedia.org/property/leaderTitle	"Councillor"^^http://www.w3.org/1999/02/22-rdf-syntax-ns#langString
http://dbpedia.org/property/longd	"30.423999999999999488"^^http://www.w3.org/2001/XMLSchema#decimal
http://xmlns.com/foaf/0.1/primaryTopic	http://en.wikipedia.org/wiki/Lorraine,_Limpopo
http://www.w3.org/2002/07/owl#sameAs	http://dbpedia.org/resource/Lorraine,_Limpopo
http://www.w3.org/2003/01/geo/wgs84_pos#lat	"24.194000244140625"^^http://www.w3.org/2001/XMLSchema#float
http://www.georss.org/georss/point	"24.194 30.424"
http://dbpedia.org/ontology/postalCode	"n/a"
http://dbpedia.org/ontology/wikiPageID	"36148093"^^http://www.w3.org/2001/XMLSchema#integer
http://www.w3.org/ns/prov#wasDerivedFrom	http://en.wikipedia.org/wiki/Lorraine,_Limpopo?oldid=689852678
http://dbpedia.org/property/areaTotalKm	"4.9000000000000003553"^^http://www.w3.org/2001/XMLSchema#decimal
http://dbpedia.org/property/district	"Mopani"^^http://www.w3.org/1999/02/22-rdf-syntax-ns#langString
http://purl.org/linguistics/gold/hypernym	http://dbpedia.org/resource/Town
http://dbpedia.org/property/latd	"24.193999999999999062"^^http://www.w3.org/2001/XMLSchema#decimal
http://dbpedia.org/ontology/abstract	"Lorraine is a town in Mopani District Municipality in the Limpopo province of South Africa. Another place named \"Lorraine\" in South Africa, is an old residential suburb of Port Elizabeth."@en
http://www.w3.org/2003/01/geo/wgs84_pos#geometry	"POINT(30.423999786377 24.194000244141)"^^http://www.openlinksw.com/schemas/virtrdf#Geometry
http://www.w3.org/2000/01/rdf-schema#label	"Lorraine, Limpopo"@en
http://dbpedia.org/property/province	"Limpopo"^^http://www.w3.org/1999/02/22-rdf-syntax-ns#langString
http://www.w3.org/1999/02/22-rdf-syntax-ns#type	http://dbpedia.org/class/yago/YagoGeoEntity
