#---Properties and values from: http://dbpedia.org/resource/Isnav
Property	Value
http://dbpedia.org/property/longew	"E"^^http://www.w3.org/1999/02/22-rdf-syntax-ns#langString
http://xmlns.com/foaf/0.1/name	"Isnav"@en
http://dbpedia.org/ontology/wikiPageExternalLink	http://isnav.org/default.html
http://dbpedia.org/property/latns	"N"^^http://www.w3.org/1999/02/22-rdf-syntax-ns#langString
http://www.w3.org/2003/01/geo/wgs84_pos#long	"72.76470184326171875"^^http://www.w3.org/2001/XMLSchema#float
http://dbpedia.org/property/subdivisionType	http://dbpedia.org/resource/List_of_regions_of_India
http://dbpedia.org/property/west	"Sojitra/Tarapur"^^http://www.w3.org/1999/02/22-rdf-syntax-ns#langString
http://purl.org/dc/terms/subject	http://dbpedia.org/resource/Category:Villages_in_Anand_district
http://dbpedia.org/ontology/isPartOf	http://dbpedia.org/resource/Gujarat
http://dbpedia.org/ontology/PopulatedPlace/populationDensity	"500.0"^^http://dbpedia.org/datatype/inhabitantsPerSquareKilometre
http://dbpedia.org/property/demographics1Title	"Official"^^http://www.w3.org/1999/02/22-rdf-syntax-ns#langString
http://dbpedia.org/ontology/synonym	"ઈસણાવ"
http://dbpedia.org/ontology/postalCode	"388460"
http://dbpedia.org/ontology/areaTotal	"8000000.0"^^http://www.w3.org/2001/XMLSchema#decimal
http://www.w3.org/ns/prov#wasDerivedFrom	http://en.wikipedia.org/wiki/Isnav?oldid=695610393
http://dbpedia.org/ontology/timeZone	http://dbpedia.org/resource/Indian_Standard_Time
http://dbpedia.org/ontology/areaCode	"02697"
http://dbpedia.org/property/areaCodeType	"Telephone code"^^http://www.w3.org/1999/02/22-rdf-syntax-ns#langString
http://dbpedia.org/property/latd	"22.533400000000000318"^^http://www.w3.org/2001/XMLSchema#decimal
http://dbpedia.org/property/parts	"Sojitra"^^http://www.w3.org/1999/02/22-rdf-syntax-ns#langString
http://dbpedia.org/property/demographicsType	"Languages"^^http://www.w3.org/1999/02/22-rdf-syntax-ns#langString
http://dbpedia.org/property/nativeNameLang	"gu"^^http://www.w3.org/1999/02/22-rdf-syntax-ns#langString
http://xmlns.com/foaf/0.1/homepage	http://www.facebook.com/pages/Isnav/152736148105421
http://www.w3.org/1999/02/22-rdf-syntax-ns#type	http://dbpedia.org/ontology/Village
http://dbpedia.org/property/registrationPlate	"GJ 23"^^http://www.w3.org/1999/02/22-rdf-syntax-ns#langString
http://dbpedia.org/property/unitPref	"Metric"^^http://www.w3.org/1999/02/22-rdf-syntax-ns#langString
http://dbpedia.org/ontology/wikiPageRevisionID	"695610393"^^http://www.w3.org/2001/XMLSchema#integer
http://dbpedia.org/property/settlementType	"village"^^http://www.w3.org/1999/02/22-rdf-syntax-ns#langString
http://dbpedia.org/property/north	"Nadiad"^^http://www.w3.org/1999/02/22-rdf-syntax-ns#langString
http://dbpedia.org/property/pushpinLabelPosition	"right"^^http://www.w3.org/1999/02/22-rdf-syntax-ns#langString
http://xmlns.com/foaf/0.1/isPrimaryTopicOf	http://en.wikipedia.org/wiki/Isnav
http://dbpedia.org/property/postalCodeType	http://dbpedia.org/resource/Postal_Index_Number
http://dbpedia.org/ontology/country	http://dbpedia.org/resource/India
http://dbpedia.org/property/populationTotal	"Approx. 6000"^^http://www.w3.org/1999/02/22-rdf-syntax-ns#langString
http://dbpedia.org/property/demographics1Info	http://dbpedia.org/resource/Hindi_language
http://dbpedia.org/property/populationAsOf	"2011"^^http://www.w3.org/2001/XMLSchema#integer
http://www.w3.org/2000/01/rdf-schema#comment	"Isnav is a little village from one of the 22 Gam Patidar Samaj, situated at coordinates: 22°31'59\"N | 72°45'51\"E just nearby small town called Sojitra. Isnav is surrounded by natural countryside. The village has an entrance from the State Highway 83 (Anand – sojitra) in Gujarat. From the Gateway, off the highway just after 0.80 km drive is the village Isnav. Anand District of the Gujarat State is also known as “Charotar”. Charotar means Land of Golden Crops. Isnav is one of the 26 villages/ghaams that have formed the 22 Gam Patidar Samaj also known as nani Satyavis (27)."@en
http://dbpedia.org/property/south	"Petlad"^^http://www.w3.org/1999/02/22-rdf-syntax-ns#langString
http://dbpedia.org/ontology/populationDensity	"500.0"^^http://www.w3.org/2001/XMLSchema#decimal
http://dbpedia.org/property/longd	"72.76470000000000482"^^http://www.w3.org/2001/XMLSchema#decimal
http://xmlns.com/foaf/0.1/primaryTopic	http://en.wikipedia.org/wiki/Isnav
http://dbpedia.org/property/east	"Anand, Gujarat"^^http://www.w3.org/1999/02/22-rdf-syntax-ns#langString
http://www.w3.org/2002/07/owl#sameAs	http://rdf.freebase.com/ns/m.0h3t0bz
http://www.w3.org/2003/01/geo/wgs84_pos#lat	"22.533399581909179688"^^http://www.w3.org/2001/XMLSchema#float
http://www.georss.org/georss/point	"22.5334 72.7647"
http://dbpedia.org/ontology/thumbnail	http://commons.wikimedia.org/wiki/Special:FilePath/Isnav.jpg?width=300
http://dbpedia.org/ontology/wikiPageID	"32840529"^^http://www.w3.org/2001/XMLSchema#integer
http://dbpedia.org/ontology/utcOffset	"+5:30"
http://dbpedia.org/ontology/PopulatedPlace/areaTotal	"8.0"^^http://dbpedia.org/datatype/squareKilometre
http://dbpedia.org/property/coordinatesDisplay	"inline,title"^^http://www.w3.org/1999/02/22-rdf-syntax-ns#langString
http://dbpedia.org/property/centre	"Isnav"^^http://www.w3.org/1999/02/22-rdf-syntax-ns#langString
http://dbpedia.org/property/pushpinMap	"India Gujarat"^^http://www.w3.org/1999/02/22-rdf-syntax-ns#langString
http://dbpedia.org/property/partsType	"Talukas"^^http://www.w3.org/1999/02/22-rdf-syntax-ns#langString
http://xmlns.com/foaf/0.1/depiction	http://commons.wikimedia.org/wiki/Special:FilePath/Isnav.jpg
http://purl.org/linguistics/gold/hypernym	http://dbpedia.org/resource/Village
http://dbpedia.org/ontology/abstract	"Isnav is a little village from one of the 22 Gam Patidar Samaj, situated at coordinates: 22°31'59\"N | 72°45'51\"E just nearby small town called Sojitra. Isnav is surrounded by natural countryside. The village has an entrance from the State Highway 83 (Anand – sojitra) in Gujarat. From the Gateway, off the highway just after 0.80 km drive is the village Isnav. The village has a famous temple of legendary goddess “Shree Fulbai Maa” just on the side of a lake in the entrance. Also there is a temple of the ancient Goddess “Shree Vehrai Maa” as she is the Country Mother for all the resident and citizens of the Isnav village. Further You can find BAPS Swaminarayan Mandir. Village also has a Primary school for the better education for the children’s from Isnav and other remote areas. There is a Dairy in the middle of the common place of Isnav, as the farming is the common business of the country people. The Village also holds Common Hall called “Isnav Patidar Vaadi”, is for nominal rent for those who wants to celebrate their private functions at their door steps. People in and from the Isnav village are kind, soft spoken and religious as there are number of other temples in village. Village also holds big functions on number of festivals throughout the year and during these time People in isnav village are most often busy in providing Hospitality for their guests. \"Isnav Yuvak Mandal” is a group of young teenagers and they are engaged in social activities such as, arranging festival events like Navaratri Garaba, Diwali, Uttarayan, Holi and many more. Anand District of the Gujarat State is also known as “Charotar”. Charotar means Land of Golden Crops. Isnav is one of the 26 villages/ghaams that have formed the 22 Gam Patidar Samaj also known as nani Satyavis (27)."@en
http://dbpedia.org/property/pushpinMapCaption	"Location in Gujarat, India"^^http://www.w3.org/1999/02/22-rdf-syntax-ns#langString
http://www.w3.org/2003/01/geo/wgs84_pos#geometry	"POINT(72.764701843262 22.533399581909)"^^http://www.openlinksw.com/schemas/virtrdf#Geometry
http://dbpedia.org/property/title	"Key Plan"^^http://www.w3.org/1999/02/22-rdf-syntax-ns#langString
http://www.w3.org/2000/01/rdf-schema#label	"Isnav"@en
http://dbpedia.org/property/subdivisionName	"Charotar"^^http://www.w3.org/1999/02/22-rdf-syntax-ns#langString
http://dbpedia.org/property/footnotes	"Pratik Patel"^^http://www.w3.org/1999/02/22-rdf-syntax-ns#langString
