#---Properties and values from: http://dbpedia.org/resource/Cerrito,_Rio_Grande_do_Sul
Property	Value
http://dbpedia.org/property/longew	"W"^^http://www.w3.org/1999/02/22-rdf-syntax-ns#langString
http://dbpedia.org/property/lats	"23"^^http://www.w3.org/2001/XMLSchema#integer
http://dbpedia.org/ontology/wikiPageExternalLink	http://www.cerrito.rs.gov.br/
http://dbpedia.org/ontology/wikiPageRevisionID	"736624496"^^http://www.w3.org/2001/XMLSchema#integer
http://dbpedia.org/property/latm	"51"^^http://www.w3.org/2001/XMLSchema#integer
http://dbpedia.org/property/latns	"S"^^http://www.w3.org/1999/02/22-rdf-syntax-ns#langString
http://dbpedia.org/property/imageMap	"RioGrandedoSul Municip Cerrito.svg"^^http://www.w3.org/1999/02/22-rdf-syntax-ns#langString
http://xmlns.com/foaf/0.1/isPrimaryTopicOf	http://en.wikipedia.org/wiki/Cerrito,_Rio_Grande_do_Sul
http://dbpedia.org/property/microregion	http://dbpedia.org/resource/Pelotas_(micro-region)
http://dbpedia.org/property/longm	"48"^^http://www.w3.org/2001/XMLSchema#integer
http://dbpedia.org/property/populationTotal	"6481"^^http://www.w3.org/2001/XMLSchema#integer
http://dbpedia.org/property/populationAsOf	"2015"^^http://www.w3.org/2001/XMLSchema#integer
http://dbpedia.org/property/longs	"46"^^http://www.w3.org/2001/XMLSchema#integer
http://purl.org/dc/terms/subject	http://dbpedia.org/resource/Category:Pelotas_(micro-region)
http://dbpedia.org/property/elevation	"50"^^http://www.w3.org/2001/XMLSchema#integer
http://dbpedia.org/property/state	"RS"^^http://www.w3.org/1999/02/22-rdf-syntax-ns#langString
http://dbpedia.org/ontology/wikiPageDisambiguates	http://dbpedia.org/resource/Cerrito
http://www.w3.org/2000/01/rdf-schema#comment	"塞里托（葡萄牙语：Cerrito）是巴西南大河州的一个市镇。总面积451.889平方公里，总人口6629人，人口密度14.7人/平方公里。"@zh
http://dbpedia.org/property/longd	"52"^^http://www.w3.org/2001/XMLSchema#integer
http://xmlns.com/foaf/0.1/primaryTopic	http://en.wikipedia.org/wiki/Cerrito,_Rio_Grande_do_Sul
http://dbpedia.org/ontology/routeJunction	http://dbpedia.org/resource/BR-293
http://dbpedia.org/ontology/wikiPageRedirects	http://dbpedia.org/resource/Cerrito,_Brazil
http://www.w3.org/2002/07/owl#sameAs	http://sws.geonames.org/6323390/
http://dbpedia.org/ontology/thumbnail	http://commons.wikimedia.org/wiki/Special:FilePath/RioGrandedoSul_Municip_Cerrito.svg?width=300
http://dbpedia.org/property/areaTotal	"451.69999999999998863"^^http://www.w3.org/2001/XMLSchema#decimal
http://dbpedia.org/ontology/wikiPageID	"13900854"^^http://www.w3.org/2001/XMLSchema#integer
http://www.w3.org/ns/prov#wasDerivedFrom	http://en.wikipedia.org/wiki/Cerrito,_Rio_Grande_do_Sul?oldid=736624496
http://dbpedia.org/property/name	"Cerrito"^^http://www.w3.org/1999/02/22-rdf-syntax-ns#langString
http://dbpedia.org/property/mesoregion	http://dbpedia.org/resource/Sudeste_Rio-Grandense
http://xmlns.com/foaf/0.1/depiction	http://commons.wikimedia.org/wiki/Special:FilePath/RioGrandedoSul_Municip_Cerrito.svg
http://purl.org/linguistics/gold/hypernym	http://dbpedia.org/resource/Municipality
http://dbpedia.org/property/latd	"31"^^http://www.w3.org/2001/XMLSchema#integer
http://dbpedia.org/property/postalCode	"96935"^^http://www.w3.org/2001/XMLSchema#integer
http://dbpedia.org/ontology/abstract	"Cerrito è un comune del Brasile nello Stato del Rio Grande do Sul, parte della mesoregione del Sudeste Rio-Grandense e della microregione di Pelotas."@it
http://www.w3.org/2000/01/rdf-schema#label	"Cerrito (Rio Grande do Sul)"@fr
http://xmlns.com/foaf/0.1/homepage	http://www.cerrito.rs.gov.br/
http://www.w3.org/1999/02/22-rdf-syntax-ns#type	http://dbpedia.org/class/yago/Municipality108626283
