#---Properties and values from: http://dbpedia.org/resource/Kortehemmen
Property	Value
http://xmlns.com/foaf/0.1/name	"Kortehemmen"@en
http://dbpedia.org/ontology/wikiPageRevisionID	"649908507"^^http://www.w3.org/2001/XMLSchema#integer
http://dbpedia.org/property/settlementType	"Village"^^http://www.w3.org/1999/02/22-rdf-syntax-ns#langString
http://www.w3.org/2003/01/geo/wgs84_pos#long	"6.0725002288818359375"^^http://www.w3.org/2001/XMLSchema#float
http://dbpedia.org/property/imageMap	"Map NL Smellingerlân Koartehimmen.png"^^http://www.w3.org/1999/02/22-rdf-syntax-ns#langString
http://xmlns.com/foaf/0.1/isPrimaryTopicOf	http://en.wikipedia.org/wiki/Kortehemmen
http://dbpedia.org/property/subdivisionType	"Province"^^http://www.w3.org/1999/02/22-rdf-syntax-ns#langString
http://dbpedia.org/ontology/country	http://dbpedia.org/resource/Netherlands
http://dbpedia.org/property/populationTotal	"c. 190"^^http://www.w3.org/1999/02/22-rdf-syntax-ns#langString
http://purl.org/dc/terms/subject	http://dbpedia.org/resource/Category:Populated_places_in_Friesland
http://dbpedia.org/ontology/isPartOf	http://dbpedia.org/resource/Friesland
http://www.w3.org/2000/01/rdf-schema#comment	"Kortehemmen (West Frisian: Koartehimmen) is a village in Smallingerland in the province of Friesland, the Netherlands. It had a population of around 190 in 2004."@en
http://xmlns.com/foaf/0.1/primaryTopic	http://en.wikipedia.org/wiki/Kortehemmen
http://www.w3.org/2002/07/owl#sameAs	http://yago-knowledge.org/resource/Kortehemmen
http://www.w3.org/2003/01/geo/wgs84_pos#lat	"53.076946258544921875"^^http://www.w3.org/2001/XMLSchema#float
http://www.georss.org/georss/point	"53.07694444444444 6.0725"
http://dbpedia.org/ontology/thumbnail	http://commons.wikimedia.org/wiki/Special:FilePath/Map_NL_Smellingerlân_Koartehimmen.png?width=300
http://dbpedia.org/ontology/wikiPageID	"19962993"^^http://www.w3.org/2001/XMLSchema#integer
http://www.w3.org/ns/prov#wasDerivedFrom	http://en.wikipedia.org/wiki/Kortehemmen?oldid=649908507
http://xmlns.com/foaf/0.1/depiction	http://commons.wikimedia.org/wiki/Special:FilePath/Map_NL_Smellingerlân_Koartehimmen.png
http://purl.org/linguistics/gold/hypernym	http://dbpedia.org/resource/Village
http://dbpedia.org/ontology/abstract	"Kortehemmen (West Frisian: Koartehimmen) is a village in Smallingerland in the province of Friesland, the Netherlands. It had a population of around 190 in 2004."@en
http://www.w3.org/2003/01/geo/wgs84_pos#geometry	"POINT(6.0725002288818 53.076946258545)"^^http://www.openlinksw.com/schemas/virtrdf#Geometry
http://www.w3.org/2000/01/rdf-schema#label	"Kortehemmen"@en
http://dbpedia.org/property/mapsize	"280"^^http://www.w3.org/2001/XMLSchema#integer
http://www.w3.org/1999/02/22-rdf-syntax-ns#type	http://dbpedia.org/class/yago/GeographicalArea108574314
