#---Properties and values from: http://dbpedia.org/resource/Santa_Tereza_de_Goiás
Property	Value
http://dbpedia.org/property/lats	"55"^^http://www.w3.org/2001/XMLSchema#integer
http://dbpedia.org/ontology/wikiPageExternalLink	http://www.frigoletto.com.br/GeoEcon/idhgo.htm
http://dbpedia.org/ontology/wikiPageRevisionID	"721790400"^^http://www.w3.org/2001/XMLSchema#integer
http://dbpedia.org/property/latm	"42"^^http://www.w3.org/2001/XMLSchema#integer
http://dbpedia.org/property/latns	"S"^^http://www.w3.org/1999/02/22-rdf-syntax-ns#langString
http://dbpedia.org/property/imageMap	"Goias Municip SantaTerezadeGoias.svg"^^http://www.w3.org/1999/02/22-rdf-syntax-ns#langString
http://xmlns.com/foaf/0.1/isPrimaryTopicOf	http://en.wikipedia.org/wiki/Santa_Tereza_de_Goiás
http://dbpedia.org/property/microregion	http://dbpedia.org/resource/Porangatu_Microregion
http://dbpedia.org/property/longm	"0"^^http://www.w3.org/2001/XMLSchema#integer
http://dbpedia.org/property/populationTotal	"4145"^^http://www.w3.org/2001/XMLSchema#integer
http://dbpedia.org/property/longs	"40"^^http://www.w3.org/2001/XMLSchema#integer
http://dbpedia.org/property/populationAsOf	"2007"^^http://www.w3.org/2001/XMLSchema#integer
http://dbpedia.org/ontology/wikiPageDisambiguates	http://dbpedia.org/resource/Santa_Tereza
http://purl.org/dc/terms/subject	http://dbpedia.org/resource/Category:Municipalities_in_Goiás
http://dbpedia.org/property/elevation	"409"^^http://www.w3.org/2001/XMLSchema#integer
http://dbpedia.org/property/state	"GO"^^http://www.w3.org/1999/02/22-rdf-syntax-ns#langString
http://www.w3.org/2000/01/rdf-schema#comment	"Санта-Тереза-ди-Гояс (порт. Santa Tereza de Goiás) — муниципалитет в Бразилии, входит в штат Гояс. Составная часть мезорегиона Север штата Гойяс. Входит в экономико-статистический микрорегион Порангату. Население составляет 4398 человек на 2006 год. Занимает площадь 794,553 км². Плотность населения - 5,5 чел./км². Праздник города — 13 ноября."@ru
http://dbpedia.org/property/longd	"49"^^http://www.w3.org/2001/XMLSchema#integer
http://xmlns.com/foaf/0.1/primaryTopic	http://en.wikipedia.org/wiki/Santa_Tereza_de_Goiás
http://www.w3.org/2002/07/owl#sameAs	http://yago-knowledge.org/resource/Santa_Tereza_de_Goiás
http://dbpedia.org/ontology/wikiPageRedirects	http://dbpedia.org/resource/Santa_Teresa_de_Goias
http://dbpedia.org/ontology/thumbnail	http://commons.wikimedia.org/wiki/Special:FilePath/Goias_Municip_SantaTerezadeGoias.svg?width=300
http://dbpedia.org/ontology/wikiPageID	"4437045"^^http://www.w3.org/2001/XMLSchema#integer
http://dbpedia.org/property/areaTotal	"794.5"^^http://www.w3.org/2001/XMLSchema#decimal
http://www.w3.org/ns/prov#wasDerivedFrom	http://en.wikipedia.org/wiki/Santa_Tereza_de_Goiás?oldid=721790400
http://dbpedia.org/property/name	"Santa Tereza de Goiás"^^http://www.w3.org/1999/02/22-rdf-syntax-ns#langString
http://xmlns.com/foaf/0.1/depiction	http://commons.wikimedia.org/wiki/Special:FilePath/Goias_Municip_SantaTerezadeGoias.svg
http://purl.org/linguistics/gold/hypernym	http://dbpedia.org/resource/Municipality
http://dbpedia.org/property/latd	"13"^^http://www.w3.org/2001/XMLSchema#integer
http://dbpedia.org/property/postalCode	"75455"^^http://www.w3.org/2001/XMLSchema#integer
http://dbpedia.org/ontology/abstract	"Santa Tereza de Goiás es un municipio brasilero del estado de Goiás."@es
http://www.w3.org/2000/01/rdf-schema#label	"Santa Tereza de Goiás"@pt
http://www.w3.org/1999/02/22-rdf-syntax-ns#type	http://dbpedia.org/class/yago/Object100002684
