#---Properties and values from: http://dbpedia.org/resource/Chamusca
Property	Value
http://dbpedia.org/property/longew	"W"^^http://www.w3.org/1999/02/22-rdf-syntax-ns#langString
http://dbpedia.org/ontology/wikiPageExternalLink	http://www.flickr.com/photos/vitor107/sets/72157594287461488/
http://dbpedia.org/property/officialName	"Chamusca"^^http://www.w3.org/1999/02/22-rdf-syntax-ns#langString
http://dbpedia.org/ontology/wikiPageRevisionID	"701644028"^^http://www.w3.org/2001/XMLSchema#integer
http://dbpedia.org/property/blank1NameSec	"Municipal holiday"^^http://www.w3.org/1999/02/22-rdf-syntax-ns#langString
http://dbpedia.org/property/latm	"21"^^http://www.w3.org/2001/XMLSchema#integer
http://dbpedia.org/property/latns	"N"^^http://www.w3.org/1999/02/22-rdf-syntax-ns#langString
http://dbpedia.org/property/wordnet_type	http://www.w3.org/2006/03/wn/wn20/instances/synset-township-noun-1
http://dbpedia.org/property/website	http://www.cm-chamusca.pt
http://dbpedia.org/property/imageMap	"LocalChamusca.svg"^^http://www.w3.org/1999/02/22-rdf-syntax-ns#langString
http://xmlns.com/foaf/0.1/isPrimaryTopicOf	http://en.wikipedia.org/wiki/Chamusca
http://dbpedia.org/property/municipality	http://dbpedia.org/resource/Parreira_e_Chouto
http://dbpedia.org/property/longm	"29"^^http://www.w3.org/2001/XMLSchema#integer
http://dbpedia.org/property/populationTotal	"10120"^^http://www.w3.org/2001/XMLSchema#integer
http://dbpedia.org/property/populationAsOf	"2011"^^http://www.w3.org/2001/XMLSchema#integer
http://purl.org/dc/terms/subject	http://dbpedia.org/resource/Category:Municipalities_of_Santarém_District
http://dbpedia.org/property/parishes	"[[#Parishes"^^http://www.w3.org/1999/02/22-rdf-syntax-ns#langString
http://www.w3.org/2000/01/rdf-schema#comment	"A Chamusca é uma vila portuguesa pertencente ao Distrito de Santarém, com cerca de 3 300 habitantes. Desde 2002 que está integrada na região estatística (NUTS II) do Alentejo e na sub-região estatística (NUTS III) da Lezíria do Tejo; continua, no entanto, a fazer parte da Comissão de Coordenação e Desenvolvimento Regional de Lisboa e Vale do Tejo, que manteve a designação da antiga NUTS II com o mesmo nome. Pertencia ainda à província tradicional do Ribatejo, hoje porém sem qualquer significado político-administrativo, mas constante nos discursos de auto e hetero-identificação."@pt
http://dbpedia.org/property/cim	http://dbpedia.org/resource/Lezíria_do_Tejo
http://dbpedia.org/property/imageShield	"CHM.png"^^http://www.w3.org/1999/02/22-rdf-syntax-ns#langString
http://dbpedia.org/property/longd	"8"^^http://www.w3.org/2001/XMLSchema#integer
http://xmlns.com/foaf/0.1/primaryTopic	http://en.wikipedia.org/wiki/Chamusca
http://dbpedia.org/ontology/wikiPageRedirects	http://dbpedia.org/resource/Chamusca_Municipality
http://www.w3.org/2002/07/owl#sameAs	http://yago-knowledge.org/resource/Chamusca_Municipality
http://dbpedia.org/property/leaderParty	http://dbpedia.org/resource/SOCIALIS_PARTY
http://dbpedia.org/property/blank1InfoSec	"date varies"^^http://www.w3.org/1999/02/22-rdf-syntax-ns#langString
http://dbpedia.org/ontology/thumbnail	http://commons.wikimedia.org/wiki/Special:FilePath/Pt-chm1.png?width=300
http://dbpedia.org/ontology/wikiPageID	"1810734"^^http://www.w3.org/2001/XMLSchema#integer
http://www.w3.org/ns/prov#wasDerivedFrom	http://en.wikipedia.org/wiki/Chamusca?oldid=701644028
http://dbpedia.org/ontology/birthPlace	http://dbpedia.org/resource/José_Cid
http://dbpedia.org/property/leaderName	http://dbpedia.org/resource/Sérgio_Carrinho
http://dbpedia.org/property/areaTotalKm	"746.00999999999999091"^^http://www.w3.org/2001/XMLSchema#decimal
http://dbpedia.org/property/district	http://dbpedia.org/resource/Santarém_District
http://xmlns.com/foaf/0.1/depiction	http://commons.wikimedia.org/wiki/Special:FilePath/Pt-chm1.png
http://purl.org/linguistics/gold/hypernym	http://dbpedia.org/resource/Municipality
http://dbpedia.org/property/latd	"39"^^http://www.w3.org/2001/XMLSchema#integer
http://dbpedia.org/property/subregion	http://dbpedia.org/resource/Lezíria_do_Tejo
http://dbpedia.org/ontology/abstract	"A Chamusca é uma vila portuguesa pertencente ao Distrito de Santarém, com cerca de 3 300 habitantes. Desde 2002 que está integrada na região estatística (NUTS II) do Alentejo e na sub-região estatística (NUTS III) da Lezíria do Tejo; continua, no entanto, a fazer parte da Comissão de Coordenação e Desenvolvimento Regional de Lisboa e Vale do Tejo, que manteve a designação da antiga NUTS II com o mesmo nome. Pertencia ainda à província tradicional do Ribatejo, hoje porém sem qualquer significado político-administrativo, mas constante nos discursos de auto e hetero-identificação. É sede de um município com 746,01 km² de área e 10 120 habitantes (2011), subdividido em 5 freguesias. O município é limitado a norte pelo município de Vila Nova da Barquinha, a leste por Constância e por Abrantes, a sueste por Ponte de Sor, a sul por Coruche, a oeste por Almeirim, Alpiarça e Santarém e a noroeste pela Golegã."@pt
http://dbpedia.org/property/imageFlag	"Pt-chm1.png"^^http://www.w3.org/1999/02/22-rdf-syntax-ns#langString
http://www.w3.org/2000/01/rdf-schema#label	"Chamusca"@it
http://xmlns.com/foaf/0.1/homepage	http://www.cm-chamusca.pt
http://www.w3.org/1999/02/22-rdf-syntax-ns#type	http://dbpedia.org/class/yago/WikicatTownsInPortugal
http://dbpedia.org/property/region	http://dbpedia.org/resource/Ribatejo
