#---Properties and values from: http://dbpedia.org/resource/Stolbovoy_Island
Property	Value
http://dbpedia.org/property/longew	"E"^^http://www.w3.org/1999/02/22-rdf-syntax-ns#langString
http://xmlns.com/foaf/0.1/name	"Столбовой остров"@en
http://dbpedia.org/property/lats	"15"^^http://www.w3.org/2001/XMLSchema#integer
http://dbpedia.org/ontology/wikiPageExternalLink	http://www.awi-potsdam.de/www-pot/geo/acd/ls/ls_index.htm
http://dbpedia.org/ontology/wikiPageRevisionID	"717100483"^^http://www.w3.org/2001/XMLSchema#integer
http://dbpedia.org/property/mapCaption	"Location of Stolbovoy Island"^^http://www.w3.org/1999/02/22-rdf-syntax-ns#langString
http://dbpedia.org/property/latm	"4"^^http://www.w3.org/2001/XMLSchema#integer
http://dbpedia.org/property/latns	"N"^^http://www.w3.org/1999/02/22-rdf-syntax-ns#langString
http://dbpedia.org/property/imageSkyline	"Stolbovoy.PNG"^^http://www.w3.org/1999/02/22-rdf-syntax-ns#langString
http://www.w3.org/2003/01/geo/wgs84_pos#long	"135.991668701171875"^^http://www.w3.org/2001/XMLSchema#float
http://dbpedia.org/property/imageCaption	"Map of Stolbovoy Island."^^http://www.w3.org/1999/02/22-rdf-syntax-ns#langString
http://dbpedia.org/property/imageMap	"Siberia SB.png"^^http://www.w3.org/1999/02/22-rdf-syntax-ns#langString
http://dbpedia.org/property/pushpinLabelPosition	"top"^^http://www.w3.org/1999/02/22-rdf-syntax-ns#langString
http://xmlns.com/foaf/0.1/isPrimaryTopicOf	http://en.wikipedia.org/wiki/Stolbovoy_Island
http://dbpedia.org/property/subdivisionType	http://dbpedia.org/resource/Federal_subjects_of_Russia
http://dbpedia.org/ontology/country	http://dbpedia.org/resource/Russian_Federation
http://dbpedia.org/property/longm	"59"^^http://www.w3.org/2001/XMLSchema#integer
http://dbpedia.org/property/populationTotal	"uninhabited"^^http://www.w3.org/1999/02/22-rdf-syntax-ns#langString
http://dbpedia.org/property/longs	"30"^^http://www.w3.org/2001/XMLSchema#integer
http://purl.org/dc/terms/subject	http://dbpedia.org/resource/Category:Lyakhovsky_Islands
http://dbpedia.org/ontology/isPartOf	http://dbpedia.org/resource/Sakha_Republic
http://www.w3.org/2000/01/rdf-schema#comment	"Stolbowoi (russisch Столбовой остров) ist eine etwa 170 km² große, zu den Ljachow-Inseln (Südteil der Neusibirischen Inseln) gehörende, russische Insel in der arktischen Laptewsee. Die höchste Erhebung der unbewohnten Insel, die in Nordwest-Südost-Richtung 46,7 km lang und in Südwest-Nordost-Richtung 10,3 km breit ist, liegt mit 222 m im Südostteil. Ihre Oberfläche besteht zum Großteil aus Granit, die Vegetation entspricht jener der Tundra. Die Insel wurde im Jahr 1800 vom russischen Entdecker, Händler und Kartografen Jakow Sannikow entdeckt und 1821 von Pjotr Anjou kartiert. 
* Karten  
* 
* 
*"@de
http://dbpedia.org/ontology/type	http://dbpedia.org/resource/Island
http://dbpedia.org/property/longd	"135"^^http://www.w3.org/2001/XMLSchema#integer
http://xmlns.com/foaf/0.1/primaryTopic	http://en.wikipedia.org/wiki/Stolbovoy_Island
http://www.w3.org/2002/07/owl#sameAs	http://ko.dbpedia.org/resource/스톨보보이_섬
http://www.w3.org/2003/01/geo/wgs84_pos#lat	"74.070831298828125"^^http://www.w3.org/2001/XMLSchema#float
http://www.georss.org/georss/point	"74.07083333333334 135.99166666666667"
http://dbpedia.org/ontology/thumbnail	http://commons.wikimedia.org/wiki/Special:FilePath/Stolbovoy.PNG?width=300
http://dbpedia.org/ontology/wikiPageID	"1633337"^^http://www.w3.org/2001/XMLSchema#integer
http://dbpedia.org/ontology/areaTotal	"170000000.0"^^http://www.w3.org/2001/XMLSchema#decimal
http://dbpedia.org/ontology/elevation	"222.0"^^http://www.w3.org/2001/XMLSchema#decimal
http://www.w3.org/ns/prov#wasDerivedFrom	http://en.wikipedia.org/wiki/Stolbovoy_Island?oldid=717100483
http://dbpedia.org/ontology/PopulatedPlace/areaTotal	"170.0"^^http://dbpedia.org/datatype/squareKilometre
http://dbpedia.org/property/pushpinMap	"Russia Sakha Republic"^^http://www.w3.org/1999/02/22-rdf-syntax-ns#langString
http://xmlns.com/foaf/0.1/depiction	http://commons.wikimedia.org/wiki/Special:FilePath/Stolbovoy.PNG
http://purl.org/linguistics/gold/hypernym	http://dbpedia.org/resource/Island
http://dbpedia.org/property/latd	"74"^^http://www.w3.org/2001/XMLSchema#integer
http://dbpedia.org/ontology/abstract	"Stolbovoj (Russisch: Столбовой остров) is een van de Ljachovski-eilanden, die een onderdeel zijn van de Nieuw-Siberische Eilanden. Het eiland is gelegen in de Oost-Siberische Zee en heeft een oppervlakte van 170 km². Het heeft een lengte van 46,7 km en is 10,3 km breed. Het hoogste punt van Stolbovoj is 222 m. Het eiland werd in 1800 ontdekt door de Russische bonthandelaar en zeevaarder Jakov Sannikov. 
* Ligging van het eiland 
* Kaart van Stolbovoj"@nl
http://www.w3.org/2003/01/geo/wgs84_pos#geometry	"POINT(135.99166870117 74.070831298828)"^^http://www.openlinksw.com/schemas/virtrdf#Geometry
http://www.w3.org/2000/01/rdf-schema#label	"Île Stolbovoï"@fr
http://dbpedia.org/property/nativeNameLang	"Russian language"^^http://www.w3.org/1999/02/22-rdf-syntax-ns#langString
http://www.w3.org/1999/02/22-rdf-syntax-ns#type	http://dbpedia.org/class/yago/Object100002684
