#---Properties and values from: http://dbpedia.org/resource/Hoyt,_Colorado
Property	Value
http://dbpedia.org/property/longew	"W"^^http://www.w3.org/1999/02/22-rdf-syntax-ns#langString
http://xmlns.com/foaf/0.1/name	"Hoyt, Colorado"@en
http://dbpedia.org/property/lats	"56"^^http://www.w3.org/2001/XMLSchema#integer
http://dbpedia.org/property/unitPref	"Imperial"^^http://www.w3.org/1999/02/22-rdf-syntax-ns#langString
http://dbpedia.org/ontology/wikiPageRevisionID	"727309560"^^http://www.w3.org/2001/XMLSchema#integer
http://dbpedia.org/property/latm	"0"^^http://www.w3.org/2001/XMLSchema#integer
http://dbpedia.org/property/latns	"N"^^http://www.w3.org/1999/02/22-rdf-syntax-ns#langString
http://www.w3.org/2003/01/geo/wgs84_pos#long	"-104.07527923583984375"^^http://www.w3.org/2001/XMLSchema#float
http://dbpedia.org/property/pushpinLabelPosition	"left"^^http://www.w3.org/1999/02/22-rdf-syntax-ns#langString
http://xmlns.com/foaf/0.1/isPrimaryTopicOf	http://en.wikipedia.org/wiki/Hoyt,_Colorado
http://dbpedia.org/property/postalCodeType	http://dbpedia.org/resource/ZIP_code
http://dbpedia.org/property/subdivisionType	http://dbpedia.org/resource/Countries_of_the_world
http://dbpedia.org/ontology/country	http://dbpedia.org/resource/United_States
http://dbpedia.org/property/longm	"4"^^http://www.w3.org/2001/XMLSchema#integer
http://dbpedia.org/property/populationTotal	"Abt. 165"^^http://www.w3.org/1999/02/22-rdf-syntax-ns#langString
http://dbpedia.org/property/longs	"31"^^http://www.w3.org/2001/XMLSchema#integer
http://purl.org/dc/terms/subject	http://dbpedia.org/resource/Category:Unincorporated_communities_in_Colorado
http://dbpedia.org/ontology/isPartOf	http://dbpedia.org/resource/Colorado
http://dbpedia.org/ontology/wikiPageDisambiguates	http://dbpedia.org/resource/Hoyt
http://www.w3.org/2000/01/rdf-schema#comment	"Hoyt is a small unincorporated community in Morgan County, Colorado, United States. The 1996 feet (608 meters) high Hoyt Radio Tower is located near Hoyt. The U.S. Post Office at Wiggins (ZIP Code 80654) now serves Hoyt postal addresses. A post office called Hoyt has been in operation since 1906. The community was named after Dr. James A. Hoyt, an early settler."@en
http://dbpedia.org/ontology/type	http://dbpedia.org/resource/Unincorporated_area
http://dbpedia.org/property/longd	"104"^^http://www.w3.org/2001/XMLSchema#integer
http://xmlns.com/foaf/0.1/primaryTopic	http://en.wikipedia.org/wiki/Hoyt,_Colorado
http://www.w3.org/2002/07/owl#sameAs	http://www.wikidata.org/entity/Q5922909
http://dbpedia.org/property/coordinatesType	"region:US_type:city"^^http://www.w3.org/1999/02/22-rdf-syntax-ns#langString
http://www.w3.org/2003/01/geo/wgs84_pos#lat	"40.01555633544921875"^^http://www.w3.org/2001/XMLSchema#float
http://www.georss.org/georss/point	"40.01555555555556 -104.07527777777777"
http://dbpedia.org/ontology/postalCode	"80654 (Wiggins)"
http://dbpedia.org/ontology/wikiPageID	"3501813"^^http://www.w3.org/2001/XMLSchema#integer
http://dbpedia.org/ontology/elevation	"1455.0"^^http://www.w3.org/2001/XMLSchema#decimal
http://dbpedia.org/ontology/utcOffset	"-6"
http://www.w3.org/ns/prov#wasDerivedFrom	http://en.wikipedia.org/wiki/Hoyt,_Colorado?oldid=727309560
http://dbpedia.org/ontology/timeZone	http://dbpedia.org/resource/Mountain_Time_Zone
http://dbpedia.org/property/coordinatesDisplay	"inline,title"^^http://www.w3.org/1999/02/22-rdf-syntax-ns#langString
http://dbpedia.org/property/pushpinMap	"Colorado"^^http://www.w3.org/1999/02/22-rdf-syntax-ns#langString
http://purl.org/linguistics/gold/hypernym	http://dbpedia.org/resource/Community
http://dbpedia.org/property/latd	"40"^^http://www.w3.org/2001/XMLSchema#integer
http://dbpedia.org/ontology/abstract	"Hoyt is a small unincorporated community in Morgan County, Colorado, United States. The 1996 feet (608 meters) high Hoyt Radio Tower is located near Hoyt. The U.S. Post Office at Wiggins (ZIP Code 80654) now serves Hoyt postal addresses. A post office called Hoyt has been in operation since 1906. The community was named after Dr. James A. Hoyt, an early settler."@en
http://dbpedia.org/property/pushpinMapCaption	"Location within the state of Colorado"^^http://www.w3.org/1999/02/22-rdf-syntax-ns#langString
http://www.w3.org/2003/01/geo/wgs84_pos#geometry	"POINT(-104.07527923584 40.015556335449)"^^http://www.openlinksw.com/schemas/virtrdf#Geometry
http://www.w3.org/2000/01/rdf-schema#label	"Hoyt, Colorado"@en
http://www.w3.org/1999/02/22-rdf-syntax-ns#type	http://schema.org/Place
