#---Properties and values from: http://dbpedia.org/resource/Umgababa
Property	Value
http://xmlns.com/foaf/0.1/name	"Umgababa"@en
http://dbpedia.org/property/demographics2Info	"2.1"^^http://dbpedia.org/datatype/perCent
http://dbpedia.org/ontology/wikiPageExternalLink	http://census.adrianfrith.com/place/57285
http://dbpedia.org/ontology/wikiPageRevisionID	"630827705"^^http://www.w3.org/2001/XMLSchema#integer
http://dbpedia.org/property/areaFootnotes	"ref | |name=census2001"^^http://www.w3.org/1999/02/22-rdf-syntax-ns#langString
http://dbpedia.org/property/areaCode	"31"^^http://www.w3.org/2001/XMLSchema#integer
http://dbpedia.org/property/imageSkyline	"File:New years 2, Umgababa 07.jpg"^^http://www.w3.org/1999/02/22-rdf-syntax-ns#langString
http://www.w3.org/2003/01/geo/wgs84_pos#long	"30.836000442504882812"^^http://www.w3.org/2001/XMLSchema#float
http://dbpedia.org/property/imageCaption	"Children on the beach in Umgababa"^^http://www.w3.org/1999/02/22-rdf-syntax-ns#langString
http://dbpedia.org/property/demographics2Title	"Other"^^http://www.w3.org/1999/02/22-rdf-syntax-ns#langString
http://xmlns.com/foaf/0.1/isPrimaryTopicOf	http://en.wikipedia.org/wiki/Umgababa
http://dbpedia.org/property/municipality	"eThekwini"^^http://www.w3.org/1999/02/22-rdf-syntax-ns#langString
http://dbpedia.org/ontology/country	http://dbpedia.org/resource/South_Africa
http://dbpedia.org/property/populationTotal	"4059"^^http://www.w3.org/2001/XMLSchema#integer
http://dbpedia.org/property/populationAsOf	"2001"^^http://www.w3.org/2001/XMLSchema#integer
http://purl.org/dc/terms/subject	http://dbpedia.org/resource/Category:Populated_places_in_EThekwini
http://www.w3.org/2000/01/rdf-schema#comment	"Umgababa is a rural community area with a large market place for tourists in KwaZulu-Natal, South Africa. It forms part of eThekwini. The uMgababa River (originally \"Umkababa\", which means \"my father's wife\") enters the ocean at Umgababa. The name is derived from an ancient feud between the Luthuli tribe who used to live in the valley. Litchis are produced in this region. There once was a large titanium mine here but it closed due to serious sea pollution. In the few years it has grown from rural area into a semi-vacation place, number of people are moving to the lovely place to enjoy the true beauty of nature. The area now hosts the annually biggest year-end event consisting many popular South African musicians on New Year's Eve."@en
http://dbpedia.org/property/leaderTitle	"Councillor"^^http://www.w3.org/1999/02/22-rdf-syntax-ns#langString
http://dbpedia.org/property/longd	"30.835999999999998522"^^http://www.w3.org/2001/XMLSchema#decimal
http://xmlns.com/foaf/0.1/primaryTopic	http://en.wikipedia.org/wiki/Umgababa
http://www.w3.org/2002/07/owl#sameAs	http://rdf.freebase.com/ns/m.050361
http://dbpedia.org/ontology/wikiPageRedirects	http://dbpedia.org/resource/Umgababa,_KwaZulu-Natal
http://dbpedia.org/property/percentWhite	"0.7"^^http://dbpedia.org/datatype/perCent
http://www.w3.org/2003/01/geo/wgs84_pos#lat	"30.1399993896484375"^^http://www.w3.org/2001/XMLSchema#float
http://www.georss.org/georss/point	"30.14 30.836"
http://dbpedia.org/ontology/thumbnail	http://commons.wikimedia.org/wiki/Special:FilePath/New_years_2,_Umgababa_07.jpg?width=300
http://dbpedia.org/ontology/wikiPageID	"1420650"^^http://www.w3.org/2001/XMLSchema#integer
http://www.w3.org/ns/prov#wasDerivedFrom	http://en.wikipedia.org/wiki/Umgababa?oldid=630827705
http://dbpedia.org/property/percentBlack	"99.0"^^http://dbpedia.org/datatype/perCent
http://dbpedia.org/property/areaTotalKm	"2.6299999999999998934"^^http://www.w3.org/2001/XMLSchema#decimal
http://xmlns.com/foaf/0.1/depiction	http://commons.wikimedia.org/wiki/Special:FilePath/New_years_2,_Umgababa_07.jpg
http://purl.org/linguistics/gold/hypernym	http://dbpedia.org/resource/Area
http://dbpedia.org/property/latd	"30.140000000000000568"^^http://www.w3.org/2001/XMLSchema#decimal
http://dbpedia.org/property/percentColoured	"0.3"^^http://dbpedia.org/datatype/perCent
http://dbpedia.org/ontology/abstract	"Umgababa is a rural community area with a large market place for tourists in KwaZulu-Natal, South Africa. It forms part of eThekwini. The uMgababa River (originally \"Umkababa\", which means \"my father's wife\") enters the ocean at Umgababa. The name is derived from an ancient feud between the Luthuli tribe who used to live in the valley. Litchis are produced in this region. There once was a large titanium mine here but it closed due to serious sea pollution. In the few years it has grown from rural area into a semi-vacation place, number of people are moving to the lovely place to enjoy the true beauty of nature. The area now hosts the annually biggest year-end event consisting many popular South African musicians on New Year's Eve."@en
http://www.w3.org/2003/01/geo/wgs84_pos#geometry	"POINT(30.836000442505 30.139999389648)"^^http://www.openlinksw.com/schemas/virtrdf#Geometry
http://www.w3.org/2000/01/rdf-schema#label	"Umgababa"@en
http://dbpedia.org/property/province	"KwaZulu-Natal"^^http://www.w3.org/1999/02/22-rdf-syntax-ns#langString
http://www.w3.org/1999/02/22-rdf-syntax-ns#type	http://dbpedia.org/ontology/PopulatedPlace
