#---Properties and values from: http://dbpedia.org/resource/Wulensi
Property	Value
http://dbpedia.org/property/longew	"W"^^http://www.w3.org/1999/02/22-rdf-syntax-ns#langString
http://xmlns.com/foaf/0.1/name	"Wulensi"@en
http://dbpedia.org/property/unitPref	"Imperial"^^http://www.w3.org/1999/02/22-rdf-syntax-ns#langString
http://dbpedia.org/ontology/wikiPageRevisionID	"704137197"^^http://www.w3.org/2001/XMLSchema#integer
http://dbpedia.org/property/imagesize	"300"^^http://www.w3.org/2001/XMLSchema#integer
http://dbpedia.org/property/latm	"39"^^http://www.w3.org/2001/XMLSchema#integer
http://dbpedia.org/property/latns	"N"^^http://www.w3.org/1999/02/22-rdf-syntax-ns#langString
http://www.w3.org/2003/01/geo/wgs84_pos#long	"-0.016666667535901069641"^^http://www.w3.org/2001/XMLSchema#float
http://dbpedia.org/property/coordinatesRegion	"GH"^^http://www.w3.org/1999/02/22-rdf-syntax-ns#langString
http://dbpedia.org/property/pushpinLabelPosition	"bottom"^^http://www.w3.org/1999/02/22-rdf-syntax-ns#langString
http://xmlns.com/foaf/0.1/isPrimaryTopicOf	http://en.wikipedia.org/wiki/Wulensi
http://dbpedia.org/property/subdivisionType	"District"^^http://www.w3.org/1999/02/22-rdf-syntax-ns#langString
http://dbpedia.org/property/longm	"1"^^http://www.w3.org/2001/XMLSchema#integer
http://dbpedia.org/property/populationTotal	"—"^^http://www.w3.org/1999/02/22-rdf-syntax-ns#langString
http://dbpedia.org/property/populationAsOf	"2013"^^http://www.w3.org/2001/XMLSchema#integer
http://dbpedia.org/ontology/isPartOf	http://dbpedia.org/resource/Nanumba_South_District
http://purl.org/dc/terms/subject	http://dbpedia.org/resource/Category:Populated_places_in_the_Northern_Region_(Ghana)
http://www.w3.org/2000/01/rdf-schema#comment	"Wulensi is a small town and is the capital of Nanumba South district, a district in the Northern Region of north Ghana."@en
http://dbpedia.org/ontology/type	http://dbpedia.org/resource/District
http://dbpedia.org/property/longd	"0"^^http://www.w3.org/2001/XMLSchema#integer
http://xmlns.com/foaf/0.1/primaryTopic	http://en.wikipedia.org/wiki/Wulensi
http://www.w3.org/2002/07/owl#sameAs	http://yago-knowledge.org/resource/Wulensi
http://www.w3.org/2003/01/geo/wgs84_pos#lat	"8.6499996185302734375"^^http://www.w3.org/2001/XMLSchema#float
http://www.georss.org/georss/point	"8.65 0.016666666666666666"
http://dbpedia.org/ontology/wikiPageID	"11531268"^^http://www.w3.org/2001/XMLSchema#integer
http://www.w3.org/ns/prov#wasDerivedFrom	http://en.wikipedia.org/wiki/Wulensi?oldid=704137197
http://dbpedia.org/ontology/timeZone	http://dbpedia.org/resource/Greenwich_Mean_Time
http://dbpedia.org/property/pushpinMap	"Ghana"^^http://www.w3.org/1999/02/22-rdf-syntax-ns#langString
http://dbpedia.org/property/populationBlank2Title	"Religions"^^http://www.w3.org/1999/02/22-rdf-syntax-ns#langString
http://dbpedia.org/property/populationBlank1Title	"Ethnicities"^^http://www.w3.org/1999/02/22-rdf-syntax-ns#langString
http://purl.org/linguistics/gold/hypernym	http://dbpedia.org/resource/Town
http://dbpedia.org/property/latd	"8"^^http://www.w3.org/2001/XMLSchema#integer
http://dbpedia.org/ontology/abstract	"Wulensi is a small town and is the capital of Nanumba South district, a district in the Northern Region of north Ghana."@en
http://dbpedia.org/property/pushpinMapCaption	"Location of Wulensi in Northern region"^^http://www.w3.org/1999/02/22-rdf-syntax-ns#langString
http://www.w3.org/2003/01/geo/wgs84_pos#geometry	"POINT(-0.016666667535901 8.6499996185303)"^^http://www.openlinksw.com/schemas/virtrdf#Geometry
http://www.w3.org/2000/01/rdf-schema#label	"Wulensi"@en
http://www.w3.org/1999/02/22-rdf-syntax-ns#type	http://dbpedia.org/ontology/Place
