#---Properties and values from: http://dbpedia.org/resource/Makkinga
Property	Value
http://xmlns.com/foaf/0.1/name	"Makkinga"@en
http://dbpedia.org/ontology/wikiPageExternalLink	http://www.youtube.com/watch?v=5SaLhbbtmlE
http://dbpedia.org/ontology/wikiPageRevisionID	"650050032"^^http://www.w3.org/2001/XMLSchema#integer
http://dbpedia.org/property/imagesize	"280"^^http://www.w3.org/2001/XMLSchema#integer
http://dbpedia.org/property/imageSkyline	"Weyert Makkinga 01.JPG"^^http://www.w3.org/1999/02/22-rdf-syntax-ns#langString
http://dbpedia.org/property/settlementType	"Village"^^http://www.w3.org/1999/02/22-rdf-syntax-ns#langString
http://www.w3.org/2003/01/geo/wgs84_pos#long	"6.2166666984558105469"^^http://www.w3.org/2001/XMLSchema#float
http://dbpedia.org/property/imageCaption	"Windmill De Weyert"^^http://www.w3.org/1999/02/22-rdf-syntax-ns#langString
http://dbpedia.org/property/imageMap	"Map NL Eaststellingwerf Makkingea.png"^^http://www.w3.org/1999/02/22-rdf-syntax-ns#langString
http://xmlns.com/foaf/0.1/isPrimaryTopicOf	http://en.wikipedia.org/wiki/Makkinga
http://dbpedia.org/property/subdivisionType	"Country"^^http://www.w3.org/1999/02/22-rdf-syntax-ns#langString
http://dbpedia.org/ontology/country	http://dbpedia.org/resource/Netherlands
http://dbpedia.org/property/populationTotal	"c. 1040"^^http://www.w3.org/1999/02/22-rdf-syntax-ns#langString
http://purl.org/dc/terms/subject	http://dbpedia.org/resource/Category:Populated_places_in_Friesland
http://dbpedia.org/ontology/isPartOf	http://dbpedia.org/resource/Friesland
http://www.w3.org/2000/01/rdf-schema#comment	"Makkinga (West Frisian: Makkingea) is a village in the Dutch municipality of Ooststellingwerf in the province of Friesland. As of the census of 1 January 2006 it had 1,039 inhabitants. At one time Makkinga was the largest village in Ooststellingwerf, with nearly 1,900 residents. Oosterwolde now has the distinction of being the largest village in the municipality."@en
http://xmlns.com/foaf/0.1/primaryTopic	http://en.wikipedia.org/wiki/Makkinga
http://www.w3.org/2002/07/owl#sameAs	http://wikidata.dbpedia.org/resource/Q2070434
http://www.w3.org/2003/01/geo/wgs84_pos#lat	"52.983333587646484375"^^http://www.w3.org/2001/XMLSchema#float
http://www.georss.org/georss/point	"52.983333333333334 6.216666666666667"
http://dbpedia.org/ontology/thumbnail	http://commons.wikimedia.org/wiki/Special:FilePath/Weyert_Makkinga_01.JPG?width=300
http://dbpedia.org/ontology/wikiPageID	"14333138"^^http://www.w3.org/2001/XMLSchema#integer
http://dbpedia.org/ontology/birthPlace	http://dbpedia.org/resource/Jan_Kromkamp
http://www.w3.org/ns/prov#wasDerivedFrom	http://en.wikipedia.org/wiki/Makkinga?oldid=650050032
http://xmlns.com/foaf/0.1/depiction	http://commons.wikimedia.org/wiki/Special:FilePath/Weyert_Makkinga_01.JPG
http://purl.org/linguistics/gold/hypernym	http://dbpedia.org/resource/Village
http://dbpedia.org/ontology/abstract	"Makkinga (West Frisian: Makkingea) is a village in the Dutch municipality of Ooststellingwerf in the province of Friesland. As of the census of 1 January 2006 it had 1,039 inhabitants. At one time Makkinga was the largest village in Ooststellingwerf, with nearly 1,900 residents. Oosterwolde now has the distinction of being the largest village in the municipality. Makkinga is known among transportation planners and engineers as the first community to introduce the concept of shared space, which means the removal of traffic controls in the high street to encourage safer interaction between vehicles and pedestrians."@en
http://www.w3.org/2003/01/geo/wgs84_pos#geometry	"POINT(6.2166666984558 52.983333587646)"^^http://www.openlinksw.com/schemas/virtrdf#Geometry
http://www.w3.org/2000/01/rdf-schema#label	"Makkinga"@fr
http://dbpedia.org/property/mapsize	"280"^^http://www.w3.org/2001/XMLSchema#integer
http://www.w3.org/1999/02/22-rdf-syntax-ns#type	http://dbpedia.org/class/yago/District108552138
