#---Properties and values from: http://dbpedia.org/resource/Almeirim
Property	Value
http://dbpedia.org/property/longew	"W"^^http://www.w3.org/1999/02/22-rdf-syntax-ns#langString
http://dbpedia.org/ontology/wikiPageExternalLink	http://www.holidays-portugal.eu/en/holidays-in-almeirim-portugal-c-303-2--281--6.html
http://dbpedia.org/property/officialName	"Almeirim"^^http://www.w3.org/1999/02/22-rdf-syntax-ns#langString
http://dbpedia.org/ontology/wikiPageRevisionID	"743565180"^^http://www.w3.org/2001/XMLSchema#integer
http://dbpedia.org/ontology/deathPlace	http://dbpedia.org/resource/Diogo_Ortiz_de_Villegas
http://dbpedia.org/property/latm	"12"^^http://www.w3.org/2001/XMLSchema#integer
http://dbpedia.org/property/latns	"N"^^http://www.w3.org/1999/02/22-rdf-syntax-ns#langString
http://dbpedia.org/property/blank1NameSec	"Municipal holiday"^^http://www.w3.org/1999/02/22-rdf-syntax-ns#langString
http://dbpedia.org/property/wordnet_type	http://www.w3.org/2006/03/wn/wn20/instances/synset-township-noun-1
http://dbpedia.org/property/imageSkyline	"Restaurantes em Almeirim.JPG"^^http://www.w3.org/1999/02/22-rdf-syntax-ns#langString
http://dbpedia.org/property/imageMap	"LocalAlmeirim.svg"^^http://www.w3.org/1999/02/22-rdf-syntax-ns#langString
http://dbpedia.org/property/website	http://www.cm-almeirim.pt
http://xmlns.com/foaf/0.1/isPrimaryTopicOf	http://en.wikipedia.org/wiki/Almeirim
http://dbpedia.org/ontology/hometown	http://dbpedia.org/resource/Cristina_Branco
http://dbpedia.org/property/longm	"37"^^http://www.w3.org/2001/XMLSchema#integer
http://dbpedia.org/property/populationTotal	"23376"^^http://www.w3.org/2001/XMLSchema#integer
http://dbpedia.org/property/populationAsOf	"2011"^^http://www.w3.org/2001/XMLSchema#integer
http://dbpedia.org/property/stadium	http://dbpedia.org/resource/Scotland_women's_national_football_team_1972–99_results
http://purl.org/dc/terms/subject	http://dbpedia.org/resource/Category:Cities_in_Portugal
http://dbpedia.org/property/parishes	"[[#Parishes"^^http://www.w3.org/1999/02/22-rdf-syntax-ns#langString
http://www.w3.org/2000/01/rdf-schema#comment	"Almeirim é uma cidade portuguesa pertencente ao Distrito de Santarém, com cerca de 11 700 habitantes. Desde 2002 que está integrada na região estatística (NUTS II) do Alentejo e na sub-região estatística (NUTS III) da Lezíria do Tejo; continua, no entanto, a fazer parte da Comissão de Coordenação e Desenvolvimento Regional de Lisboa e Vale do Tejo, que manteve a designação da antiga NUTS II com o mesmo nome. Pertencia ainda à antiga província do Ribatejo, hoje porém sem qualquer significado político-administrativo, mas constante nos discursos de auto e hetero-identificação."@pt
http://dbpedia.org/property/cim	http://dbpedia.org/resource/Lezíria_do_Tejo
http://dbpedia.org/property/imageShield	"ALR1.png"^^http://www.w3.org/1999/02/22-rdf-syntax-ns#langString
http://dbpedia.org/property/longd	"8"^^http://www.w3.org/2001/XMLSchema#integer
http://xmlns.com/foaf/0.1/primaryTopic	http://en.wikipedia.org/wiki/Almeirim
http://dbpedia.org/property/birthPlace	http://dbpedia.org/resource/Gonçalo_da_Silveira
http://dbpedia.org/ontology/wikiPageRedirects	http://dbpedia.org/resource/History_of_Almeirim
http://www.w3.org/2002/07/owl#sameAs	http://fr.dbpedia.org/resource/Almeirim_(Portugal)
http://dbpedia.org/property/leaderParty	http://dbpedia.org/resource/Portuguese_Socialist_Party
http://dbpedia.org/ontology/thumbnail	http://commons.wikimedia.org/wiki/Special:FilePath/Pt-alr3.png?width=300
http://dbpedia.org/property/blank1InfoSec	http://dbpedia.org/resource/Ascension_Day
http://dbpedia.org/ontology/wikiPageID	"1250091"^^http://www.w3.org/2001/XMLSchema#integer
http://www.w3.org/ns/prov#wasDerivedFrom	http://en.wikipedia.org/wiki/Almeirim?oldid=743565180
http://dbpedia.org/ontology/birthPlace	http://dbpedia.org/resource/Infante_Duarte,_5th_Duke_of_Guimarães
http://dbpedia.org/property/leaderName	http://dbpedia.org/resource/Pedro_Ribeiro
http://dbpedia.org/property/areaTotalKm	"222.12000000000000455"^^http://www.w3.org/2001/XMLSchema#decimal
http://dbpedia.org/property/district	http://dbpedia.org/resource/Santarém_District
http://xmlns.com/foaf/0.1/depiction	http://commons.wikimedia.org/wiki/Special:FilePath/Pt-alr3.png
http://purl.org/linguistics/gold/hypernym	http://dbpedia.org/resource/City
http://dbpedia.org/property/latd	"39"^^http://www.w3.org/2001/XMLSchema#integer
http://dbpedia.org/property/subregion	http://dbpedia.org/resource/Lezíria_do_Tejo
http://dbpedia.org/ontology/abstract	"Almeirim to miejscowość w Portugalii, leżąca w dystrykcie Santarém, w regionie Alentejo w podregionie Lezíria do Tejo. Miejscowość jest siedzibą gminy o tej samej nazwie."@pl
http://dbpedia.org/property/imageFlag	"Pt-alr3.png"^^http://www.w3.org/1999/02/22-rdf-syntax-ns#langString
http://www.w3.org/2000/01/rdf-schema#label	"Алмейрин"@ru
http://xmlns.com/foaf/0.1/homepage	http://www.cm-almeirim.pt
http://www.w3.org/1999/02/22-rdf-syntax-ns#type	http://dbpedia.org/class/yago/GeographicalArea108574314
http://dbpedia.org/property/region	http://dbpedia.org/resource/Ribatejo
