#---Properties and values from: http://dbpedia.org/resource/Brits,_North_West
Property	Value
http://xmlns.com/foaf/0.1/name	"Brits"@en
http://dbpedia.org/property/lats	"4"^^http://www.w3.org/2001/XMLSchema#integer
http://dbpedia.org/property/latm	"38"^^http://www.w3.org/2001/XMLSchema#integer
http://dbpedia.org/property/areaCode	"12"^^http://www.w3.org/2001/XMLSchema#integer
http://dbpedia.org/property/imageSkyline	"Brits, Noordwes, uit suidweste.jpg"^^http://www.w3.org/1999/02/22-rdf-syntax-ns#langString
http://www.w3.org/2003/01/geo/wgs84_pos#long	"27.781110763549804688"^^http://www.w3.org/2001/XMLSchema#float
http://dbpedia.org/ontology/wikiPageDisambiguates	http://dbpedia.org/resource/Brit
http://purl.org/dc/terms/subject	http://dbpedia.org/resource/Category:Populated_places_in_the_Madibeng_Local_Municipality
http://dbpedia.org/property/birthPlace	http://dbpedia.org/resource/Andries_Putter
http://dbpedia.org/property/percentWhite	"22.3"^^http://dbpedia.org/datatype/perCent
http://dbpedia.org/ontology/postalCode	"0250"
http://www.w3.org/ns/prov#wasDerivedFrom	http://en.wikipedia.org/wiki/Brits,_North_West?oldid=742396281
http://dbpedia.org/property/areaTotalKm	"114.70000000000000284"^^http://www.w3.org/2001/XMLSchema#decimal
http://dbpedia.org/ontology/assembly	http://dbpedia.org/resource/Alfa_Romeo_Alfetta
http://dbpedia.org/property/district	"Bojanala"^^http://www.w3.org/1999/02/22-rdf-syntax-ns#langString
http://dbpedia.org/ontology/city	http://dbpedia.org/resource/N4_road_(South_Africa)
http://dbpedia.org/property/latd	"25"^^http://www.w3.org/2001/XMLSchema#integer
http://dbpedia.org/property/province	"North West"^^http://www.w3.org/1999/02/22-rdf-syntax-ns#langString
http://www.w3.org/1999/02/22-rdf-syntax-ns#type	http://dbpedia.org/class/yago/Region108630985
http://dbpedia.org/property/demographics2Info	"25.9"^^http://dbpedia.org/datatype/perCent
http://dbpedia.org/ontology/garrison	http://dbpedia.org/resource/Brits_Commando
http://dbpedia.org/ontology/wikiPageRevisionID	"742396281"^^http://www.w3.org/2001/XMLSchema#integer
http://dbpedia.org/property/imageCaption	"Brits as seen from Dewetsnek in the Magaliesberg"^^http://www.w3.org/1999/02/22-rdf-syntax-ns#langString
http://dbpedia.org/property/seat	http://dbpedia.org/resource/Local_Municipality_of_Madibeng
http://dbpedia.org/property/demographics2Title	http://dbpedia.org/resource/Northern_Sotho_language
http://xmlns.com/foaf/0.1/isPrimaryTopicOf	http://en.wikipedia.org/wiki/Brits,_North_West
http://dbpedia.org/property/municipality	"Madibeng"^^http://www.w3.org/1999/02/22-rdf-syntax-ns#langString
http://dbpedia.org/ontology/country	http://dbpedia.org/resource/South_Africa
http://dbpedia.org/property/longm	"46"^^http://www.w3.org/2001/XMLSchema#integer
http://dbpedia.org/property/populationTotal	"53511"^^http://www.w3.org/2001/XMLSchema#integer
http://dbpedia.org/property/longs	"52"^^http://www.w3.org/2001/XMLSchema#integer
http://dbpedia.org/property/populationAsOf	"2011"^^http://www.w3.org/2001/XMLSchema#integer
http://www.w3.org/2000/01/rdf-schema#comment	"Бритс (Brits) — административный центр местного муниципалитета Мадибенг в районе Боджанала Платинум Северо-Западной провинции (ЮАР)."@ru
http://dbpedia.org/property/percentOther	"0.9"^^http://dbpedia.org/datatype/perCent
http://dbpedia.org/property/leaderTitle	"Councillor"^^http://www.w3.org/1999/02/22-rdf-syntax-ns#langString
http://dbpedia.org/property/percentAsian	"2.7"^^http://dbpedia.org/datatype/perCent
http://dbpedia.org/property/longd	"27"^^http://www.w3.org/2001/XMLSchema#integer
http://xmlns.com/foaf/0.1/primaryTopic	http://en.wikipedia.org/wiki/Brits,_North_West
http://dbpedia.org/ontology/wikiPageRedirects	http://dbpedia.org/resource/Brits,_South_Africa
http://www.w3.org/2002/07/owl#sameAs	http://yago-knowledge.org/resource/Oukasie
http://www.w3.org/2003/01/geo/wgs84_pos#lat	"25.6344451904296875"^^http://www.w3.org/2001/XMLSchema#float
http://www.georss.org/georss/point	"25.634444444444444 27.781111111111112"
http://dbpedia.org/ontology/thumbnail	http://commons.wikimedia.org/wiki/Special:FilePath/Brits,_Noordwes,_uit_suidweste.jpg?width=300
http://dbpedia.org/ontology/wikiPageID	"920843"^^http://www.w3.org/2001/XMLSchema#integer
http://dbpedia.org/property/townServed	http://dbpedia.org/resource/Brits_Airfield
http://dbpedia.org/ontology/location	http://dbpedia.org/resource/Brits_Airfield
http://dbpedia.org/ontology/birthPlace	http://dbpedia.org/resource/Wimpie_van_der_Walt
http://dbpedia.org/property/percentBlack	"70.4"^^http://dbpedia.org/datatype/perCent
http://xmlns.com/foaf/0.1/depiction	http://commons.wikimedia.org/wiki/Special:FilePath/Brits,_Noordwes,_uit_suidweste.jpg
http://purl.org/linguistics/gold/hypernym	http://dbpedia.org/resource/Town
http://dbpedia.org/property/percentColoured	"3.6"^^http://dbpedia.org/datatype/perCent
http://dbpedia.org/ontology/abstract	"Бритс (Brits) — административный центр местного муниципалитета Мадибенг в районе Боджанала Платинум Северо-Западной провинции (ЮАР)."@ru
http://www.w3.org/2003/01/geo/wgs84_pos#geometry	"POINT(27.78111076355 25.63444519043)"^^http://www.openlinksw.com/schemas/virtrdf#Geometry
http://www.w3.org/2000/01/rdf-schema#label	"Бритс"@ru
