#---Properties and values from: http://dbpedia.org/resource/Presidente_Bernardes,_São_Paulo
Property	Value
http://dbpedia.org/property/lats	"22"^^http://www.w3.org/2001/XMLSchema#integer
http://dbpedia.org/ontology/wikiPageRevisionID	"720299359"^^http://www.w3.org/2001/XMLSchema#integer
http://dbpedia.org/property/latm	"0"^^http://www.w3.org/2001/XMLSchema#integer
http://dbpedia.org/property/latns	"S"^^http://www.w3.org/1999/02/22-rdf-syntax-ns#langString
http://dbpedia.org/property/imageMap	"SaoPaulo Municip PresidenteBernardes.svg"^^http://www.w3.org/1999/02/22-rdf-syntax-ns#langString
http://xmlns.com/foaf/0.1/isPrimaryTopicOf	http://en.wikipedia.org/wiki/Presidente_Bernardes,_São_Paulo
http://dbpedia.org/property/longm	"33"^^http://www.w3.org/2001/XMLSchema#integer
http://dbpedia.org/property/populationTotal	"13568"^^http://www.w3.org/2001/XMLSchema#integer
http://dbpedia.org/property/populationAsOf	"2015"^^http://www.w3.org/2001/XMLSchema#integer
http://dbpedia.org/property/longs	"11"^^http://www.w3.org/2001/XMLSchema#integer
http://purl.org/dc/terms/subject	http://dbpedia.org/resource/Category:Municipalities_in_São_Paulo_(state)
http://dbpedia.org/property/state	"SP"^^http://www.w3.org/1999/02/22-rdf-syntax-ns#langString
http://dbpedia.org/ontology/wikiPageDisambiguates	http://dbpedia.org/resource/Presidente_Bernardes
http://www.w3.org/2000/01/rdf-schema#comment	"Президенти-Бернардис (порт. Presidente Bernardes) — муниципалитет в Бразилии, входит в штат Сан-Паулу. Составная часть мезорегиона Президенти-Пруденти. Входит в экономико-статистический микрорегион Президенти-Пруденти. Население составляет 15 589 человек на 2006 год. Занимает площадь 753,743 км². Плотность населения - 20,7 чел./км²."@ru
http://dbpedia.org/property/longd	"51"^^http://www.w3.org/2001/XMLSchema#integer
http://xmlns.com/foaf/0.1/primaryTopic	http://en.wikipedia.org/wiki/Presidente_Bernardes,_São_Paulo
http://www.w3.org/2002/07/owl#sameAs	http://fr.dbpedia.org/resource/Presidente_Bernardes_(São_Paulo)
http://dbpedia.org/ontology/wikiPageRedirects	http://dbpedia.org/resource/Presidente_Bernardes,_Sao_Paulo
http://dbpedia.org/ontology/thumbnail	http://commons.wikimedia.org/wiki/Special:FilePath/SaoPaulo_Municip_PresidenteBernardes.svg?width=300
http://dbpedia.org/property/areaTotal	"749"^^http://www.w3.org/2001/XMLSchema#integer
http://dbpedia.org/ontology/wikiPageID	"1136295"^^http://www.w3.org/2001/XMLSchema#integer
http://dbpedia.org/ontology/birthPlace	http://dbpedia.org/resource/José_William_Vesentini
http://www.w3.org/ns/prov#wasDerivedFrom	http://en.wikipedia.org/wiki/Presidente_Bernardes,_São_Paulo?oldid=720299359
http://dbpedia.org/property/name	"Presidente Bernardes"^^http://www.w3.org/1999/02/22-rdf-syntax-ns#langString
http://xmlns.com/foaf/0.1/depiction	http://commons.wikimedia.org/wiki/Special:FilePath/SaoPaulo_Municip_PresidenteBernardes.svg
http://purl.org/linguistics/gold/hypernym	http://dbpedia.org/resource/Municipality
http://dbpedia.org/property/latd	"22"^^http://www.w3.org/2001/XMLSchema#integer
http://dbpedia.org/ontology/abstract	"Presidente Bernardes is een gemeente in de Braziliaanse deelstaat São Paulo. De gemeente telt 15.382 inwoners (schatting 2009)."@nl
http://www.w3.org/2000/01/rdf-schema#label	"貝納德斯總統鎮 (聖保羅州)"@zh
http://www.w3.org/1999/02/22-rdf-syntax-ns#type	http://dbpedia.org/class/yago/Region108630985
