#---Properties and values from: http://dbpedia.org/resource/Guimarães
Property	Value
http://dbpedia.org/property/longew	"W"^^http://www.w3.org/1999/02/22-rdf-syntax-ns#langString
http://dbpedia.org/property/type	"Cultural"^^http://www.w3.org/1999/02/22-rdf-syntax-ns#langString
http://dbpedia.org/property/year	"2001"^^http://www.w3.org/2001/XMLSchema#integer
http://dbpedia.org/ontology/wikiPageExternalLink	http://www.guimaraes2012.pt/arq/fich/ebook_programa_cultural_en.html/
http://dbpedia.org/property/latm	"27"^^http://www.w3.org/2001/XMLSchema#integer
http://dbpedia.org/property/latns	"N"^^http://www.w3.org/1999/02/22-rdf-syntax-ns#langString
http://dbpedia.org/ontology/deathPlace	http://dbpedia.org/resource/Menina_Izildinha
http://dbpedia.org/property/imageSkyline	"Composite de imagens do Centro Histórico de Guimarães.jpg"^^http://www.w3.org/1999/02/22-rdf-syntax-ns#langString
http://dbpedia.org/property/whs	"Historic Centre of Guimarães"^^http://www.w3.org/1999/02/22-rdf-syntax-ns#langString
http://dbpedia.org/property/location	http://dbpedia.org/resource/2008–09_S.L._Benfica_season
http://dbpedia.org/property/stateParty	"Portugal"^^http://www.w3.org/1999/02/22-rdf-syntax-ns#langString
http://purl.org/dc/terms/subject	http://dbpedia.org/resource/Category:Cities_in_Portugal
http://dbpedia.org/property/parishes	"[[#Parishes"^^http://www.w3.org/1999/02/22-rdf-syntax-ns#langString
http://dbpedia.org/property/etymology	http://dbpedia.org/resource/Guimarães_Castle
http://dbpedia.org/property/cim	http://dbpedia.org/resource/Ave_(intermunicipal_community)
http://dbpedia.org/property/criteria	"ii, iii, iv"^^http://www.w3.org/1999/02/22-rdf-syntax-ns#langString
http://dbpedia.org/property/leaderParty	http://dbpedia.org/resource/Socialist_Party_(Portugal)
http://dbpedia.org/property/session	"25"^^http://www.w3.org/2001/XMLSchema#integer
http://www.w3.org/ns/prov#wasDerivedFrom	http://en.wikipedia.org/wiki/Guimarães?oldid=735076050
http://dbpedia.org/ontology/municipality	http://dbpedia.org/resource/Church_of_São_Miguel_do_Castelo
http://dbpedia.org/property/district	http://dbpedia.org/resource/Braga_District
http://dbpedia.org/ontology/city	http://dbpedia.org/resource/School_of_Engineering_of_the_University_of_Minho
http://dbpedia.org/property/latd	"41"^^http://www.w3.org/2001/XMLSchema#integer
http://dbpedia.org/property/subregion	http://dbpedia.org/resource/Ave_Subregion
http://www.w3.org/2000/01/rdf-schema#seeAlso	http://dbpedia.org/resource/Sister_cities
http://xmlns.com/foaf/0.1/homepage	http://www.cm-guimaraes.pt/pageGen.asp?SYS_PAGE_ID=458000
http://www.w3.org/1999/02/22-rdf-syntax-ns#type	http://dbpedia.org/class/yago/WikicatMunicipalitiesOfBragaDistrict
http://dbpedia.org/property/region	http://dbpedia.org/resource/Norte_Region,_Portugal
http://dbpedia.org/property/rd1t4Loc	http://dbpedia.org/resource/2016_Davis_Cup
http://dbpedia.org/ontology/wikiPageRevisionID	"735076050"^^http://www.w3.org/2001/XMLSchema#integer
http://dbpedia.org/property/city	http://dbpedia.org/resource/1988_Supertaça_Cândido_de_Oliveira
http://dbpedia.org/property/imageCaption	"Clockwise from top left: Guimarães Castle,  a chimney at the Duke of Braganza's Palace, statue of Dom Afonso Henriques at the Ducal Palace, Oliveira Plaza, panoramic view of Guimarães historical heritage area from Mount Penha, Santa Maria Street, Santiago Plaza"^^http://www.w3.org/1999/02/22-rdf-syntax-ns#langString
http://dbpedia.org/property/imageMap	"LocalGuimaraes.svg"^^http://www.w3.org/1999/02/22-rdf-syntax-ns#langString
http://xmlns.com/foaf/0.1/isPrimaryTopicOf	http://en.wikipedia.org/wiki/Guimarães
http://dbpedia.org/ontology/headquarter	http://dbpedia.org/resource/Portugal_Pro-Life
http://dbpedia.org/property/municipality	http://dbpedia.org/resource/Moreira_de_Cónegos
http://dbpedia.org/property/longm	"18"^^http://www.w3.org/2001/XMLSchema#integer
http://dbpedia.org/property/populationTotal	"158124"^^http://www.w3.org/2001/XMLSchema#integer
http://dbpedia.org/property/populationAsOf	"2011"^^http://www.w3.org/2001/XMLSchema#integer
http://dbpedia.org/property/stadium	http://dbpedia.org/resource/2004_UEFA_European_Under-21_Championship_qualification_play-offs
http://www.w3.org/2000/01/rdf-schema#comment	"基馬拉斯（Guimarães），为葡萄牙北部布拉加区的一个城市，属基馬拉斯自治市。总人口52,181 (2001)。基馬拉斯是一座历史名城，有“葡萄牙的摇篮”之称。 2006年，联合国教科文组织将基馬拉斯古城列为世界文化遗产。2009年5月，欧盟文化部长理事会将基馬拉斯选为2012年欧洲文化之都。"@zh
http://dbpedia.org/ontology/id	"1031"
http://dbpedia.org/property/imageShield	"GMR.png"^^http://www.w3.org/1999/02/22-rdf-syntax-ns#langString
http://dbpedia.org/ontology/locatedInArea	http://dbpedia.org/resource/Ponte_das_Taipas
http://dbpedia.org/ontology/place	http://dbpedia.org/resource/Battle_of_São_Mamede
http://dbpedia.org/property/longd	"8"^^http://www.w3.org/2001/XMLSchema#integer
http://xmlns.com/foaf/0.1/primaryTopic	http://en.wikipedia.org/wiki/Guimarães
http://www.w3.org/2002/07/owl#sameAs	http://dbpedia.org/resource/Guimarães
http://dbpedia.org/ontology/wikiPageRedirects	http://dbpedia.org/resource/History_of_Guimarães
http://dbpedia.org/ontology/thumbnail	http://commons.wikimedia.org/wiki/Special:FilePath/Pt-gmr1.png?width=300
http://dbpedia.org/ontology/wikiPageID	"24740448"^^http://www.w3.org/2001/XMLSchema#integer
http://dbpedia.org/property/areaTotal	"241.30000000000001137"^^http://www.w3.org/2001/XMLSchema#decimal
http://dbpedia.org/ontology/location	http://dbpedia.org/resource/Vitória_S.C._(basketball)
http://dbpedia.org/ontology/birthPlace	http://dbpedia.org/resource/Sofia_Escobar
http://dbpedia.org/property/leaderName	"Domingos Bragança"^^http://www.w3.org/1999/02/22-rdf-syntax-ns#langString
http://xmlns.com/foaf/0.1/depiction	http://commons.wikimedia.org/wiki/Special:FilePath/Pt-gmr1.png
http://purl.org/linguistics/gold/hypernym	http://dbpedia.org/resource/City
http://dbpedia.org/ontology/abstract	"Guimarães (wym. [ɡimɐˈɾɐ̃jʃ]) – miasto w Portugalii, leżąca w dystrykcie Braga, w regionie Północ w podregionie Ave. Jest siedzibą gminy o tej samej nazwie. Miasto zostało założone przez Vimara Peres – pierwszego hrabiego Portugalii i nazwane od jego imienia Vimaranis, obecnie Guimarães. Było pierwszą stolicą Portugalii. Zwane kolebką Portugalii (port. O Berço da Nação Portuguesa). Tu urodził się pierwszy król Portugalii Alfons I. W XII wieku rozpoczęła się tu także rekonkwista – walki o wypędzenie Maurów z Półwyspu Iberyjskiego. Nawet po przeniesieniu stolicy do Coimbry w 1143 roku miasto nie przeżyło upadku i do dziś zachowało się tu wiele średniowiecznych budowli. Historyczne centrum Guimarães – w 2001 roku wpisane na listę światowego dziedzictwa UNESCO – to skupisko placów i wąskich, brukowanych uliczek. Znajduje się tu wiele średniowiecznych kościołów i klasztorów – m.in. Kościół Matki Boskiej Oliwnej (Igreja de Nossa Senhora da Oliviera) oraz pełniący dziś także funkcję ratusza Klasztor św. Klary (Convento de Santa Clara). Na północnych obrzeżach Starego Miasta wznosi się zamek z X wieku. Zamek był pierwotnie twierdzą, chroniącą mieszkańców miasta przed atakami Maurów i Normanów. W XII wieku – po rozbudowie przez Alfonsa I Zdobywcę – była to pierwsza siedziba portugalskich królów. Poniżej zamku znajduje się Kaplica św. Michała (Capela de São Miguel) oraz pałac książęcy Paço dos Duques de Bragança z XV wieku – dawna siedziba rodu Bragança. Dziś Guimarães – ze względu na bogactwo zabytków i atmosferę starego, średniowiecznego miasta – pełni także rolę ważnego ośrodka turystycznego. Swoją siedzibę ma tu ponadto pierwszoligowy klub piłkarski Vitória Guimarães."@pl
http://dbpedia.org/property/imageFlag	"Pt-gmr1.png"^^http://www.w3.org/1999/02/22-rdf-syntax-ns#langString
http://www.w3.org/2000/01/rdf-schema#label	"ギマランイス"@ja
http://dbpedia.org/ontology/ground	http://dbpedia.org/resource/G.D._Serzedelo
http://dbpedia.org/ontology/region	http://dbpedia.org/resource/List_of_World_Heritage_Sites_in_Europe
