#---Properties and values from: http://dbpedia.org/resource/Maracaju,_Mato_Grosso_do_Sul
Property	Value
http://dbpedia.org/property/lats	"50"^^http://www.w3.org/2001/XMLSchema#integer
http://dbpedia.org/ontology/wikiPageRevisionID	"721392359"^^http://www.w3.org/2001/XMLSchema#integer
http://dbpedia.org/property/latm	"36"^^http://www.w3.org/2001/XMLSchema#integer
http://dbpedia.org/property/latns	"S"^^http://www.w3.org/1999/02/22-rdf-syntax-ns#langString
http://dbpedia.org/property/imageMap	"MatoGrossodoSul Municip Maracaju.svg"^^http://www.w3.org/1999/02/22-rdf-syntax-ns#langString
http://xmlns.com/foaf/0.1/isPrimaryTopicOf	http://en.wikipedia.org/wiki/Maracaju,_Mato_Grosso_do_Sul
http://dbpedia.org/property/longm	"10"^^http://www.w3.org/2001/XMLSchema#integer
http://dbpedia.org/property/populationTotal	"28236"^^http://www.w3.org/2001/XMLSchema#integer
http://dbpedia.org/property/populationAsOf	"2005"^^http://www.w3.org/2001/XMLSchema#integer
http://dbpedia.org/property/longs	"4"^^http://www.w3.org/2001/XMLSchema#integer
http://purl.org/dc/terms/subject	http://dbpedia.org/resource/Category:Municipalities_in_Mato_Grosso_do_Sul
http://dbpedia.org/property/state	"MS"^^http://www.w3.org/1999/02/22-rdf-syntax-ns#langString
http://dbpedia.org/ontology/wikiPageDisambiguates	http://dbpedia.org/resource/Maracaju
http://www.w3.org/2000/01/rdf-schema#comment	"Maracaju è un comune del Brasile nello Stato del Mato Grosso do Sul, parte della mesoregione del Sudoeste de Mato Grosso do Sul e della microregione di Dourados."@it
http://dbpedia.org/property/longd	"55"^^http://www.w3.org/2001/XMLSchema#integer
http://xmlns.com/foaf/0.1/primaryTopic	http://en.wikipedia.org/wiki/Maracaju,_Mato_Grosso_do_Sul
http://dbpedia.org/ontology/wikiPageRedirects	http://dbpedia.org/resource/Maracaju,_Mato_Grosso
http://www.w3.org/2002/07/owl#sameAs	http://it.dbpedia.org/resource/Maracaju
http://dbpedia.org/ontology/thumbnail	http://commons.wikimedia.org/wiki/Special:FilePath/MatoGrossodoSul_Municip_Maracaju.svg?width=300
http://dbpedia.org/property/areaTotal	"5299"^^http://www.w3.org/2001/XMLSchema#integer
http://dbpedia.org/ontology/wikiPageID	"8662752"^^http://www.w3.org/2001/XMLSchema#integer
http://www.w3.org/ns/prov#wasDerivedFrom	http://en.wikipedia.org/wiki/Maracaju,_Mato_Grosso_do_Sul?oldid=721392359
http://dbpedia.org/property/name	"Maracaju"^^http://www.w3.org/1999/02/22-rdf-syntax-ns#langString
http://xmlns.com/foaf/0.1/depiction	http://commons.wikimedia.org/wiki/Special:FilePath/MatoGrossodoSul_Municip_Maracaju.svg
http://purl.org/linguistics/gold/hypernym	http://dbpedia.org/resource/Municipality
http://dbpedia.org/property/latd	"21"^^http://www.w3.org/2001/XMLSchema#integer
http://dbpedia.org/ontology/abstract	"馬拉卡茹是巴西的城鎮，位於該國西部，由南馬托格羅索州負責管轄，始建於1924年6月11日，面積5,299平方公里，海拔高度384米，2010年人口37,405，人口密度每平方公里7.06人。"@zh
http://www.w3.org/2000/01/rdf-schema#label	"馬拉卡茹 (南馬托格羅索州)"@zh
http://www.w3.org/1999/02/22-rdf-syntax-ns#type	http://dbpedia.org/class/yago/Object100002684
