#---Properties and values from: http://dbpedia.org/resource/Kollumerpomp
Property	Value
http://xmlns.com/foaf/0.1/name	"Kollumerpomp"@en
http://dbpedia.org/ontology/wikiPageRevisionID	"649908228"^^http://www.w3.org/2001/XMLSchema#integer
http://dbpedia.org/property/imagesize	"280"^^http://www.w3.org/2001/XMLSchema#integer
http://dbpedia.org/property/settlementType	"Village"^^http://www.w3.org/1999/02/22-rdf-syntax-ns#langString
http://dbpedia.org/property/imageSkyline	"Westermolen.jpg"^^http://www.w3.org/1999/02/22-rdf-syntax-ns#langString
http://www.w3.org/2003/01/geo/wgs84_pos#long	"6.1999998092651367188"^^http://www.w3.org/2001/XMLSchema#float
http://dbpedia.org/property/imageMap	"Map NL Kollumerlân Kollumerpomp.png"^^http://www.w3.org/1999/02/22-rdf-syntax-ns#langString
http://dbpedia.org/property/imageCaption	http://dbpedia.org/resource/De_Westermolen,_Kollumerpomp
http://xmlns.com/foaf/0.1/isPrimaryTopicOf	http://en.wikipedia.org/wiki/Kollumerpomp
http://dbpedia.org/property/subdivisionType	"Country"^^http://www.w3.org/1999/02/22-rdf-syntax-ns#langString
http://dbpedia.org/ontology/country	http://dbpedia.org/resource/Netherlands
http://dbpedia.org/property/populationTotal	"c. 477"^^http://www.w3.org/1999/02/22-rdf-syntax-ns#langString
http://purl.org/dc/terms/subject	http://dbpedia.org/resource/Category:Populated_places_in_Friesland
http://dbpedia.org/ontology/isPartOf	http://dbpedia.org/resource/Friesland
http://www.w3.org/2000/01/rdf-schema#comment	"Kollumerpomp (Low Saxon: De Pomp) is a small village in Kollumerland c.a. in the province of Friesland, the Netherlands. It has a population of just under 500. There is a restored windmill in the village- De Westermolen."@en
http://xmlns.com/foaf/0.1/primaryTopic	http://en.wikipedia.org/wiki/Kollumerpomp
http://www.w3.org/2002/07/owl#sameAs	http://dbpedia.org/resource/Kollumerpomp
http://www.w3.org/2003/01/geo/wgs84_pos#lat	"53.299999237060546875"^^http://www.w3.org/2001/XMLSchema#float
http://www.georss.org/georss/point	"53.3 6.2"
http://dbpedia.org/ontology/thumbnail	http://commons.wikimedia.org/wiki/Special:FilePath/Westermolen.jpg?width=300
http://dbpedia.org/ontology/wikiPageID	"16659069"^^http://www.w3.org/2001/XMLSchema#integer
http://www.w3.org/ns/prov#wasDerivedFrom	http://en.wikipedia.org/wiki/Kollumerpomp?oldid=649908228
http://xmlns.com/foaf/0.1/depiction	http://commons.wikimedia.org/wiki/Special:FilePath/Westermolen.jpg
http://purl.org/linguistics/gold/hypernym	http://dbpedia.org/resource/Village
http://dbpedia.org/ontology/abstract	"Kollumerpomp est un village situé dans la commune néerlandaise de Kollumerland en Nieuwkruisland, dans la province de la Frise. Son nom en frison ancien est Kollumerpomp. Le 1er janvier 2014, le village comptait 477 habitants. La commune comporte un moulin à vent réputé pour son originalité architecturale et le fait qu'il était encore en activité dans les années 1950. Il devrait être transformé en musée par une association locale sur le thème de l'écologie et devenir \"un symbole pour les énergies renouvelables\" selon ses promoteurs. 
* Portail des Pays-Bas Portail des Pays-Bas"@fr
http://www.w3.org/2003/01/geo/wgs84_pos#geometry	"POINT(6.1999998092651 53.299999237061)"^^http://www.openlinksw.com/schemas/virtrdf#Geometry
http://www.w3.org/2000/01/rdf-schema#label	"Kollumerpomp"@nl
http://dbpedia.org/property/mapsize	"280"^^http://www.w3.org/2001/XMLSchema#integer
http://www.w3.org/1999/02/22-rdf-syntax-ns#type	http://dbpedia.org/class/yago/Tract108673395
