#---Properties and values from: http://dbpedia.org/resource/Bromarf
Property	Value
http://dbpedia.org/property/lats	"30"^^http://www.w3.org/2001/XMLSchema#integer
http://dbpedia.org/ontology/wikiPageExternalLink	http://www.bromarf.fi
http://dbpedia.org/property/populationDensityKm	"auto"^^http://www.w3.org/1999/02/22-rdf-syntax-ns#langString
http://dbpedia.org/ontology/wikiPageRevisionID	"743348464"^^http://www.w3.org/2001/XMLSchema#integer
http://dbpedia.org/property/nativeSwedishPercent	"91.700000000000002842"^^http://www.w3.org/2001/XMLSchema#decimal
http://dbpedia.org/property/mapCaption	"Location of Bromarv in Finland"^^http://www.w3.org/1999/02/22-rdf-syntax-ns#langString
http://dbpedia.org/property/latm	"59"^^http://www.w3.org/2001/XMLSchema#integer
http://dbpedia.org/property/settlementType	"Village"^^http://www.w3.org/1999/02/22-rdf-syntax-ns#langString
http://dbpedia.org/property/website	http://www.bromarf.fi
http://dbpedia.org/property/imageMap	"Bromarv.sijainti.svg"^^http://www.w3.org/1999/02/22-rdf-syntax-ns#langString
http://dbpedia.org/property/blank1Info	http://dbpedia.org/resource/Humid_continental_climate
http://xmlns.com/foaf/0.1/isPrimaryTopicOf	http://en.wikipedia.org/wiki/Bromarf
http://dbpedia.org/property/extinctDate	"1865"^^http://www.w3.org/2001/XMLSchema#integer
http://dbpedia.org/property/longm	"2"^^http://www.w3.org/2001/XMLSchema#integer
http://dbpedia.org/property/populationFootnotes	";"^^http://www.w3.org/1999/02/22-rdf-syntax-ns#langString
http://dbpedia.org/property/populationTotal	"1574"^^http://www.w3.org/2001/XMLSchema#integer
http://dbpedia.org/property/longs	"0"^^http://www.w3.org/2001/XMLSchema#integer
http://dbpedia.org/property/populationAsOf	"1973"^^http://www.w3.org/2001/XMLSchema#integer
http://purl.org/dc/terms/subject	http://dbpedia.org/resource/Category:Former_municipalities_of_Finland
http://www.w3.org/2000/01/rdf-schema#comment	"Bromarv (formerly Bromarf; Swedish pronunciation: [broːmarv] or Swedish pronunciation: [bruːmarv] Finnish: Bromarv) is a village and former municipality of Finland comprising the former municipalities Tenala together with the town of Ekenäs. It was merged with Pohja and Karis to form the new municipality of Raseborg on January 1, 2009. Bromarv was located in the province of Southern Finland and was part of the Uusimaa region. The town was bilingual, with the majority being Swedish speakers (91,7%). It is noted for its archipelago, part of which is the Raseborgs västra skärgård."@en
http://dbpedia.org/property/longd	"23"^^http://www.w3.org/2001/XMLSchema#integer
http://xmlns.com/foaf/0.1/primaryTopic	http://en.wikipedia.org/wiki/Bromarf
http://www.w3.org/2002/07/owl#sameAs	http://www.wikidata.org/entity/Q926232
http://dbpedia.org/ontology/wikiPageRedirects	http://dbpedia.org/resource/Bromarv
http://dbpedia.org/property/swedishOfficial	"1"^^http://www.w3.org/2001/XMLSchema#integer
http://dbpedia.org/ontology/thumbnail	http://commons.wikimedia.org/wiki/Special:FilePath/Bromarv.sijainti.svg?width=300
http://dbpedia.org/ontology/wikiPageID	"31909064"^^http://www.w3.org/2001/XMLSchema#integer
http://www.w3.org/ns/prov#wasDerivedFrom	http://en.wikipedia.org/wiki/Bromarf?oldid=743348464
http://dbpedia.org/property/name	"Bromarv"^^http://www.w3.org/1999/02/22-rdf-syntax-ns#langString
http://dbpedia.org/property/areaTotalKm	"197"^^http://www.w3.org/2001/XMLSchema#integer
http://dbpedia.org/property/blank1Name	http://dbpedia.org/resource/Köppen_climate_classification
http://xmlns.com/foaf/0.1/depiction	http://commons.wikimedia.org/wiki/Special:FilePath/Bromarv.sijainti.svg
http://purl.org/linguistics/gold/hypernym	http://dbpedia.org/resource/Village
http://dbpedia.org/property/nativeName	"–"^^http://www.w3.org/1999/02/22-rdf-syntax-ns#langString
http://dbpedia.org/property/latd	"59"^^http://www.w3.org/2001/XMLSchema#integer
http://dbpedia.org/property/establishedDate	"before 1300"^^http://www.w3.org/1999/02/22-rdf-syntax-ns#langString
http://dbpedia.org/property/postalCode	"10570"^^http://www.w3.org/2001/XMLSchema#integer
http://dbpedia.org/ontology/abstract	"Bromarv (formerly Bromarf; Swedish pronunciation: [broːmarv] or Swedish pronunciation: [bruːmarv] Finnish: Bromarv) is a village and former municipality of Finland comprising the former municipalities Tenala together with the town of Ekenäs. It was merged with Pohja and Karis to form the new municipality of Raseborg on January 1, 2009. Bromarv was located in the province of Southern Finland and was part of the Uusimaa region. The town was bilingual, with the majority being Swedish speakers (91,7%). It is noted for its archipelago, part of which is the Raseborgs västra skärgård."@en
http://dbpedia.org/property/establishedTitle	"Founded"^^http://www.w3.org/1999/02/22-rdf-syntax-ns#langString
http://www.w3.org/2000/01/rdf-schema#label	"Bromarv"@de
http://dbpedia.org/property/extinctTitle	"Consolidated"^^http://www.w3.org/1999/02/22-rdf-syntax-ns#langString
http://xmlns.com/foaf/0.1/homepage	http://www.bromarf.fi
http://dbpedia.org/property/finnishOfficial	"1"^^http://www.w3.org/2001/XMLSchema#integer
http://www.w3.org/1999/02/22-rdf-syntax-ns#type	http://dbpedia.org/class/yago/YagoPermanentlyLocatedEntity
http://dbpedia.org/property/region	http://dbpedia.org/resource/Uusimaa
