#---Properties and values from: http://dbpedia.org/resource/Cascais
Property	Value
http://dbpedia.org/ontology/wikiPageExternalLink	http://www.estoril-portugal.com/en
http://dbpedia.org/ontology/deathPlace	http://dbpedia.org/resource/Iosif_Fabian
http://dbpedia.org/property/latm	"42"^^http://www.w3.org/2001/XMLSchema#integer
http://dbpedia.org/property/areaCode	"214"^^http://www.w3.org/2001/XMLSchema#integer
http://dbpedia.org/property/imageSkyline	"Baía de Cascais - Palacetes.jpg"^^http://www.w3.org/1999/02/22-rdf-syntax-ns#langString
http://dbpedia.org/property/location	http://dbpedia.org/resource/2016_Estoril_Open
http://dbpedia.org/property/metro	http://dbpedia.org/resource/Lisbon_Metropolitan_Area
http://purl.org/dc/terms/subject	http://dbpedia.org/resource/Category:Seaside_resorts_in_Portugal
http://dbpedia.org/property/parishes	"[[#Geography"^^http://www.w3.org/1999/02/22-rdf-syntax-ns#langString
http://dbpedia.org/property/imageLocation	"LocalCascais.svg"^^http://www.w3.org/1999/02/22-rdf-syntax-ns#langString
http://dbpedia.org/property/leaderParty	http://dbpedia.org/resource/Social_Democratic_Party_(Portugal)
http://www.w3.org/ns/prov#wasDerivedFrom	http://en.wikipedia.org/wiki/Cascais?oldid=731855221
http://dbpedia.org/ontology/municipality	http://dbpedia.org/resource/Residence_Rua_de_D._Hugo
http://dbpedia.org/property/district	http://dbpedia.org/resource/Lisbon_District
http://dbpedia.org/ontology/city	http://dbpedia.org/resource/Saint_Dominic's_International_School
http://dbpedia.org/property/latd	"38"^^http://www.w3.org/2001/XMLSchema#integer
http://dbpedia.org/property/subregion	http://dbpedia.org/resource/Grande_Lisboa
http://dbpedia.org/property/ground	http://dbpedia.org/resource/Grupo_Dramático_e_Sportivo_Cascais
http://www.w3.org/2000/01/rdf-schema#seeAlso	http://dbpedia.org/resource/Sister_cities
http://xmlns.com/foaf/0.1/homepage	http://www.cm-cascais.pt
http://www.w3.org/1999/02/22-rdf-syntax-ns#type	http://dbpedia.org/class/yago/Landing103638321
http://dbpedia.org/property/region	http://dbpedia.org/resource/Lisboa_Region
http://dbpedia.org/property/officialName	"Cascais"^^http://www.w3.org/1999/02/22-rdf-syntax-ns#langString
http://dbpedia.org/ontology/wikiPageRevisionID	"731855221"^^http://www.w3.org/2001/XMLSchema#integer
http://dbpedia.org/property/wordnet_type	http://www.w3.org/2006/03/wn/wn20/instances/synset-township-noun-1
http://dbpedia.org/property/city	http://dbpedia.org/resource/Estoril_Open_(tennis)
http://dbpedia.org/property/website	http://www.cm-cascais.pt
http://dbpedia.org/property/imageCaption	"Clouds reflected off the sunset in the Bay of Cascais, with the city of Cascais"^^http://www.w3.org/1999/02/22-rdf-syntax-ns#langString
http://xmlns.com/foaf/0.1/isPrimaryTopicOf	http://en.wikipedia.org/wiki/Cascais
http://dbpedia.org/ontology/hometown	http://dbpedia.org/resource/Ana_Free
http://dbpedia.org/ontology/headquarter	http://dbpedia.org/resource/Associacao_de_Radioamadores_da_Linha_de_Cascais
http://dbpedia.org/property/municipality	http://dbpedia.org/resource/Carcavelos_e_Parede
http://dbpedia.org/property/longm	"25"^^http://www.w3.org/2001/XMLSchema#integer
http://dbpedia.org/ontology/country	http://dbpedia.org/resource/Lisbon_Metropolitan_Area
http://dbpedia.org/property/populationTotal	"206479"^^http://www.w3.org/2001/XMLSchema#integer
http://dbpedia.org/property/populationAsOf	"2011"^^http://www.w3.org/2001/XMLSchema#integer
http://dbpedia.org/property/stadium	http://dbpedia.org/resource/2016_BSWW_Mundialito
http://www.w3.org/2000/01/rdf-schema#comment	"Cascais (Portuguese pronunciation: [kɐʃˈkajʃ]) is a coastal town and a municipality in Portugal, 30 kilometres (19 miles) west of Lisbon. It is a cosmopolitan suburb of the Portuguese capital and one of the richest municipalities in Portugal. The population in 2011 was 206,479, in an area of 97.40 km². The former fishing village gained fame as a resort for Portugal's royal family in the late 19th century and early 20th century. Nowadays, it is a popular vacation spot for both Portuguese and foreign tourists."@en
http://dbpedia.org/property/imageShield	"CSC.png"^^http://www.w3.org/1999/02/22-rdf-syntax-ns#langString
http://dbpedia.org/property/longd	"9"^^http://www.w3.org/2001/XMLSchema#integer
http://xmlns.com/foaf/0.1/primaryTopic	http://en.wikipedia.org/wiki/Cascais
http://www.w3.org/2002/07/owl#sameAs	http://sws.geonames.org/8010561/
http://dbpedia.org/ontology/wikiPageRedirects	http://dbpedia.org/resource/Municipality_of_Cascais
http://dbpedia.org/ontology/thumbnail	http://commons.wikimedia.org/wiki/Special:FilePath/Pt-csc1.png?width=300
http://dbpedia.org/ontology/locationCity	http://dbpedia.org/resource/Move_Interactive
http://dbpedia.org/ontology/wikiPageID	"851024"^^http://www.w3.org/2001/XMLSchema#integer
http://dbpedia.org/property/areaTotal	"97.400000000000005684"^^http://www.w3.org/2001/XMLSchema#decimal
http://dbpedia.org/ontology/location	http://dbpedia.org/resource/Summit_Nutritionals_International
http://dbpedia.org/ontology/birthPlace	http://dbpedia.org/resource/Felipe_Cunha_e_Silva
http://dbpedia.org/property/leaderName	"Carlos Carreiras"^^http://www.w3.org/1999/02/22-rdf-syntax-ns#langString
http://dbpedia.org/ontology/state	http://dbpedia.org/resource/Saint_Julian's_School
http://xmlns.com/foaf/0.1/depiction	http://commons.wikimedia.org/wiki/Special:FilePath/Pt-csc1.png
http://dbpedia.org/property/patron	http://dbpedia.org/resource/Anthony_of_Padua
http://purl.org/linguistics/gold/hypernym	http://dbpedia.org/resource/Town
http://dbpedia.org/property/postalCode	"2750"^^http://www.w3.org/2001/XMLSchema#integer
http://dbpedia.org/ontology/abstract	"Cascaes (en portugués Cascais) es una villa portuguesa de poco más de 33.000 hab. (2001), sede del municipio con el mismo nombre, en el Distrito de Lisboa, en la Gran Lisboa. La localidad se encuentra en una bella bahía arenosa en el océano Atlántico, a unos 25 km al oeste de Lisboa y cerca de 3 de Estoril. El municipio de Cascaes se encuentra en el extremo sudoeste del Distrito de Lisboa, limita al norte con el municipio de Sintra, al este con el de Oeiras y al sur y oeste con el océano Atlántico, en la famosa Costa del Estoril. A Cascaes se puede llegar por tren de cercanías, por autovía o por carretera por la costa desde Lisboa disfrutando de un paisaje único lleno de edificios antiguos, ruinas, monumentos, etc... Además Cascaes cuenta con un moderno puerto de yates con más de 600 plazas de capacidad."@es
http://dbpedia.org/property/imageFlag	"Pt-csc1.png"^^http://www.w3.org/1999/02/22-rdf-syntax-ns#langString
http://www.w3.org/2000/01/rdf-schema#label	"Cascaes"@es
