#---Properties and values from: http://dbpedia.org/resource/Comporta
Property	Value
http://dbpedia.org/property/officialName	"Comporta"^^http://www.w3.org/1999/02/22-rdf-syntax-ns#langString
http://dbpedia.org/ontology/wikiPageRevisionID	"741324961"^^http://www.w3.org/2001/XMLSchema#integer
http://dbpedia.org/property/areaCode	"265"^^http://www.w3.org/2001/XMLSchema#integer
http://dbpedia.org/property/imageSkyline	"Comporta1.jpg"^^http://www.w3.org/1999/02/22-rdf-syntax-ns#langString
http://dbpedia.org/property/imageCaption	"The white sand beaches of Carresqueira, along the Sado estuary"^^http://www.w3.org/1999/02/22-rdf-syntax-ns#langString
http://xmlns.com/foaf/0.1/isPrimaryTopicOf	http://en.wikipedia.org/wiki/Comporta
http://dbpedia.org/property/municipality	http://dbpedia.org/resource/Alcácer_do_Sal
http://dbpedia.org/ontology/country	http://dbpedia.org/resource/Portugal
http://dbpedia.org/property/populationTotal	"1268"^^http://www.w3.org/2001/XMLSchema#integer
http://dbpedia.org/property/populationAsOf	"2011"^^http://www.w3.org/2001/XMLSchema#integer
http://purl.org/dc/terms/subject	http://dbpedia.org/resource/Category:Parishes_of_Alcácer_do_Sal
http://www.w3.org/2000/01/rdf-schema#comment	"Comporta – sołectwo w powiecie Alcácer do Sal (Portugalia). Położone na obszarze 112,12 km², zamieszkane przez 1348 osób (dane z 2001). Gęstość zaludnienia: 12 os./km²."@pl
http://dbpedia.org/property/cim	http://dbpedia.org/resource/Alentejo_Litoral
http://dbpedia.org/property/longd	"-8.7859999999999995879"^^http://www.w3.org/2001/XMLSchema#decimal
http://xmlns.com/foaf/0.1/primaryTopic	http://en.wikipedia.org/wiki/Comporta
http://www.w3.org/2002/07/owl#sameAs	http://wikidata.dbpedia.org/resource/Q1121778
http://dbpedia.org/ontology/wikiPageRedirects	http://dbpedia.org/resource/Comporta_(Alcácer_do_Sal)
http://dbpedia.org/ontology/postalCode	"7580"
http://dbpedia.org/ontology/thumbnail	http://commons.wikimedia.org/wiki/Special:FilePath/Comporta1.jpg?width=300
http://dbpedia.org/ontology/elevation	"24.0"^^http://www.w3.org/2001/XMLSchema#decimal
http://dbpedia.org/property/areaTotal	"150.53999999999999204"^^http://www.w3.org/2001/XMLSchema#decimal
http://dbpedia.org/ontology/wikiPageID	"29950525"^^http://www.w3.org/2001/XMLSchema#integer
http://www.w3.org/ns/prov#wasDerivedFrom	http://en.wikipedia.org/wiki/Comporta?oldid=741324961
http://dbpedia.org/property/district	http://dbpedia.org/resource/Setúbal_District
http://xmlns.com/foaf/0.1/depiction	http://commons.wikimedia.org/wiki/Special:FilePath/Comporta1.jpg
http://dbpedia.org/property/patron	http://dbpedia.org/resource/Saint_Peter
http://purl.org/linguistics/gold/hypernym	http://dbpedia.org/resource/Parish
http://dbpedia.org/property/latd	"38.380000000000002558"^^http://www.w3.org/2001/XMLSchema#decimal
http://dbpedia.org/property/subregion	http://dbpedia.org/resource/Alentejo_Litoral
http://dbpedia.org/ontology/abstract	"Компорта (порт. Comporta) — район (фрегезия) в Португалии, входит в округ Сетубал. Является составной частью муниципалитета Алкасер-ду-Сал. По старому административному делению входил в провинцию Байшу-Алентежу. Входит в экономико-статистический субрегион Алентежу-Литорал, который входит в Алентежу. Население составляет 1348 человек на 2001 год. Занимает площадь 112,12 км²."@ru
http://www.w3.org/2000/01/rdf-schema#label	"Comporta"@en
http://www.w3.org/1999/02/22-rdf-syntax-ns#type	http://www.wikidata.org/entity/Q486972
http://dbpedia.org/property/region	http://dbpedia.org/resource/Alentejo
