#---Properties and values from: http://dbpedia.org/resource/Ouwsterhaule
Property	Value
http://xmlns.com/foaf/0.1/name	"Ousterhaule"@en
http://dbpedia.org/ontology/wikiPageRevisionID	"735271716"^^http://www.w3.org/2001/XMLSchema#integer
http://dbpedia.org/property/settlementType	"Village"^^http://www.w3.org/1999/02/22-rdf-syntax-ns#langString
http://www.w3.org/2003/01/geo/wgs84_pos#long	"5.8133335113525390625"^^http://www.w3.org/2001/XMLSchema#float
http://dbpedia.org/property/imageMap	"Map NL Skarsterlân Ousterhaule.png"^^http://www.w3.org/1999/02/22-rdf-syntax-ns#langString
http://xmlns.com/foaf/0.1/isPrimaryTopicOf	http://en.wikipedia.org/wiki/Ouwsterhaule
http://dbpedia.org/property/subdivisionType	"Country"^^http://www.w3.org/1999/02/22-rdf-syntax-ns#langString
http://dbpedia.org/ontology/country	http://dbpedia.org/resource/Netherlands
http://dbpedia.org/property/populationTotal	"c. 300"^^http://www.w3.org/1999/02/22-rdf-syntax-ns#langString
http://purl.org/dc/terms/subject	http://dbpedia.org/resource/Category:Populated_places_in_Friesland
http://dbpedia.org/ontology/isPartOf	http://dbpedia.org/resource/Friesland
http://www.w3.org/2000/01/rdf-schema#comment	"Ouwsterhaule (in het verleden ook wel: Oosterhaule; Fries: Ousterhaule) is een dorp in de gemeente De Friese Meren, provincie Friesland (Nederland) en telt ongeveer 300 inwoners (2004). Tot 1 januari 2014 behoorde Ouwsterhaule tot de gemeente Skarsterlân."@nl
http://xmlns.com/foaf/0.1/primaryTopic	http://en.wikipedia.org/wiki/Ouwsterhaule
http://www.w3.org/2002/07/owl#sameAs	http://fr.dbpedia.org/resource/Ouwsterhaule
http://www.w3.org/2003/01/geo/wgs84_pos#lat	"52.937778472900390625"^^http://www.w3.org/2001/XMLSchema#float
http://www.georss.org/georss/point	"52.937777777777775 5.8133333333333335"
http://dbpedia.org/ontology/thumbnail	http://commons.wikimedia.org/wiki/Special:FilePath/Map_NL_Skarsterlân_Ousterhaule.png?width=300
http://dbpedia.org/ontology/wikiPageID	"20556598"^^http://www.w3.org/2001/XMLSchema#integer
http://www.w3.org/ns/prov#wasDerivedFrom	http://en.wikipedia.org/wiki/Ouwsterhaule?oldid=735271716
http://xmlns.com/foaf/0.1/depiction	http://commons.wikimedia.org/wiki/Special:FilePath/Map_NL_Skarsterlân_Ousterhaule.png
http://purl.org/linguistics/gold/hypernym	http://dbpedia.org/resource/Village
http://dbpedia.org/ontology/abstract	"Ouwsterhaule  (West Frisian: Ousterhaule) is a village in De Friese Meren in the province of Friesland, the Netherlands. It had a population of around 300 in 2004."@en
http://www.w3.org/2003/01/geo/wgs84_pos#geometry	"POINT(5.8133335113525 52.9377784729)"^^http://www.openlinksw.com/schemas/virtrdf#Geometry
http://www.w3.org/2000/01/rdf-schema#label	"Ouwsterhaule"@en
http://dbpedia.org/property/mapsize	"280"^^http://www.w3.org/2001/XMLSchema#integer
http://www.w3.org/1999/02/22-rdf-syntax-ns#type	http://dbpedia.org/class/yago/District108552138
