#---Properties and values from: http://dbpedia.org/resource/Conceição,_Paraíba
Property	Value
http://dbpedia.org/property/lats	"43"^^http://www.w3.org/2001/XMLSchema#integer
http://dbpedia.org/ontology/wikiPageRevisionID	"724824974"^^http://www.w3.org/2001/XMLSchema#integer
http://dbpedia.org/property/latm	"33"^^http://www.w3.org/2001/XMLSchema#integer
http://dbpedia.org/property/latns	"S"^^http://www.w3.org/1999/02/22-rdf-syntax-ns#langString
http://dbpedia.org/property/imageMap	"Paraiba Municip Conceicao.svg"^^http://www.w3.org/1999/02/22-rdf-syntax-ns#langString
http://dbpedia.org/ontology/hometown	http://dbpedia.org/resource/Elba_Ramalho
http://xmlns.com/foaf/0.1/isPrimaryTopicOf	http://en.wikipedia.org/wiki/Conceição,_Paraíba
http://dbpedia.org/property/microregion	"Itaporanga"^^http://www.w3.org/1999/02/22-rdf-syntax-ns#langString
http://dbpedia.org/property/longm	"30"^^http://www.w3.org/2001/XMLSchema#integer
http://dbpedia.org/property/populationTotal	"18860"^^http://www.w3.org/2001/XMLSchema#integer
http://dbpedia.org/property/longs	"32"^^http://www.w3.org/2001/XMLSchema#integer
http://dbpedia.org/property/populationAsOf	"2015"^^http://www.w3.org/2001/XMLSchema#integer
http://dbpedia.org/ontology/wikiPageDisambiguates	http://dbpedia.org/resource/Conceição
http://purl.org/dc/terms/subject	http://dbpedia.org/resource/Category:Municipalities_in_Paraíba
http://dbpedia.org/property/state	"PB"^^http://www.w3.org/1999/02/22-rdf-syntax-ns#langString
http://www.w3.org/2000/01/rdf-schema#comment	"Conceição é um município no estado da Paraíba (Brasil), localizado na microrregião de Itaporanga. De acordo com o IBGE (Instituto Brasileiro de Geografia e Estatística), no ano de 2010 sua população era estimada em 18.363 habitantes. Área territorial de 579 km²."@pt
http://dbpedia.org/property/longd	"38"^^http://www.w3.org/2001/XMLSchema#integer
http://xmlns.com/foaf/0.1/primaryTopic	http://en.wikipedia.org/wiki/Conceição,_Paraíba
http://www.w3.org/2002/07/owl#sameAs	http://www.wikidata.org/entity/Q2010944
http://dbpedia.org/ontology/wikiPageRedirects	http://dbpedia.org/resource/Conceicao,_Paraiba
http://dbpedia.org/ontology/thumbnail	http://commons.wikimedia.org/wiki/Special:FilePath/Paraiba_Municip_Conceicao.svg?width=300
http://dbpedia.org/ontology/wikiPageID	"1166800"^^http://www.w3.org/2001/XMLSchema#integer
http://dbpedia.org/property/areaTotal	"579"^^http://www.w3.org/2001/XMLSchema#integer
http://dbpedia.org/ontology/birthPlace	http://dbpedia.org/resource/Elba_Ramalho
http://www.w3.org/ns/prov#wasDerivedFrom	http://en.wikipedia.org/wiki/Conceição,_Paraíba?oldid=724824974
http://dbpedia.org/property/name	"Conceição"^^http://www.w3.org/1999/02/22-rdf-syntax-ns#langString
http://xmlns.com/foaf/0.1/depiction	http://commons.wikimedia.org/wiki/Special:FilePath/Paraiba_Municip_Conceicao.svg
http://purl.org/linguistics/gold/hypernym	http://dbpedia.org/resource/Municipality
http://dbpedia.org/property/latd	"7"^^http://www.w3.org/2001/XMLSchema#integer
http://dbpedia.org/ontology/abstract	"Conceição ist eine Gemeinde im brasilianischen Bundesstaat Paraíba. 2010 betrug die Einwohnerzahl 18.363, die Fläche 579 km²."@de
http://www.w3.org/2000/01/rdf-schema#label	"Консейсан (Параиба)"@ru
http://www.w3.org/1999/02/22-rdf-syntax-ns#type	http://dbpedia.org/class/yago/Location100027167
