#---Properties and values from: http://dbpedia.org/resource/Kolonjë,_Gjirokastër
Property	Value
http://dbpedia.org/property/longew	"E"^^http://www.w3.org/1999/02/22-rdf-syntax-ns#langString
http://dbpedia.org/property/type	"v"^^http://www.w3.org/1999/02/22-rdf-syntax-ns#langString
http://dbpedia.org/property/officialName	"Kolonjë"^^http://www.w3.org/1999/02/22-rdf-syntax-ns#langString
http://dbpedia.org/ontology/wikiPageRevisionID	"692368316"^^http://www.w3.org/2001/XMLSchema#integer
http://dbpedia.org/property/latm	"10"^^http://www.w3.org/2001/XMLSchema#integer
http://dbpedia.org/property/latns	"N"^^http://www.w3.org/1999/02/22-rdf-syntax-ns#langString
http://dbpedia.org/property/county	http://dbpedia.org/resource/Gjirokastër_County
http://xmlns.com/foaf/0.1/isPrimaryTopicOf	http://en.wikipedia.org/wiki/Kolonjë,_Gjirokastër
http://dbpedia.org/property/municipality	http://dbpedia.org/resource/Gjirokastër
http://dbpedia.org/property/longm	"1"^^http://www.w3.org/2001/XMLSchema#integer
http://dbpedia.org/property/populationTotal	"50"^^http://www.w3.org/2001/XMLSchema#integer
http://dbpedia.org/property/populationAsOf	"2007"^^http://www.w3.org/2001/XMLSchema#integer
http://purl.org/dc/terms/subject	http://dbpedia.org/resource/Category:Villages_in_Gjirokastër_County
http://dbpedia.org/ontology/wikiPageDisambiguates	http://dbpedia.org/resource/Kolonjë_(disambiguation)
http://www.w3.org/2000/01/rdf-schema#comment	"Kolonjë is a small village in Gjirokastër County, southern Albania, located northwest of the city Gjirokastër which is about 30 minutes away. At the 2015 local government reform it became part of the municipality Gjirokastër. The village is inhabited by Muslim Albanians. The village has a festival every year on 10 May called Dhjet Maj (English: The 10 May), when everyone who has left the village returns to celebrate with the villagers. It is also attended by people from other villages(frengu)."@en
http://dbpedia.org/property/longd	"20"^^http://www.w3.org/2001/XMLSchema#integer
http://xmlns.com/foaf/0.1/primaryTopic	http://en.wikipedia.org/wiki/Kolonjë,_Gjirokastër
http://www.w3.org/2002/07/owl#sameAs	http://dbpedia.org/resource/Kolonjë,_Gjirokastër
http://dbpedia.org/ontology/wikiPageRedirects	http://dbpedia.org/resource/Kolonjë_(Gjirokastër)
http://dbpedia.org/ontology/wikiPageID	"14605376"^^http://www.w3.org/2001/XMLSchema#integer
http://www.w3.org/ns/prov#wasDerivedFrom	http://en.wikipedia.org/wiki/Kolonjë,_Gjirokastër?oldid=692368316
http://dbpedia.org/property/municunit	http://dbpedia.org/resource/Picar
http://purl.org/linguistics/gold/hypernym	http://dbpedia.org/resource/Village
http://dbpedia.org/property/latd	"40"^^http://www.w3.org/2001/XMLSchema#integer
http://dbpedia.org/ontology/abstract	"Kolonjë is a small village in Gjirokastër County, southern Albania, located northwest of the city Gjirokastër which is about 30 minutes away. At the 2015 local government reform it became part of the municipality Gjirokastër. The village is inhabited by Muslim Albanians. The village has a festival every year on 10 May called Dhjet Maj (English: The 10 May), when everyone who has left the village returns to celebrate with the villagers. It is also attended by people from other villages(frengu)."@en
http://www.w3.org/2000/01/rdf-schema#label	"Kolonjë, Gjirokastër"@en
http://www.w3.org/1999/02/22-rdf-syntax-ns#type	http://dbpedia.org/ontology/Village
