#---Properties and values from: http://dbpedia.org/resource/Abrigada_e_Cabanas_de_Torres
Property	Value
http://dbpedia.org/property/officialName	"Abrigada e Cabanas de Torres"^^http://www.w3.org/1999/02/22-rdf-syntax-ns#langString
http://dbpedia.org/ontology/wikiPageRevisionID	"689446757"^^http://www.w3.org/2001/XMLSchema#integer
http://xmlns.com/foaf/0.1/isPrimaryTopicOf	http://en.wikipedia.org/wiki/Abrigada_e_Cabanas_de_Torres
http://dbpedia.org/property/municipality	http://dbpedia.org/resource/Alenquer,_Portugal
http://dbpedia.org/ontology/country	http://dbpedia.org/resource/Portugal
http://dbpedia.org/property/populationTotal	"4309"^^http://www.w3.org/2001/XMLSchema#integer
http://dbpedia.org/property/populationAsOf	"2011"^^http://www.w3.org/2001/XMLSchema#integer
http://purl.org/dc/terms/subject	http://dbpedia.org/resource/Category:Parishes_of_Alenquer,_Portugal
http://www.w3.org/2000/01/rdf-schema#comment	"Abrigada e Cabanas de Torres is a civil parish in the municipality of Alenquer, Portugal. It was formed in 2013 by the merger of the former parishes Abrigada and Cabanas de Torres. The population in 2011 was 4,309, in an area of 46.15 km²."@en
http://dbpedia.org/property/cim	http://dbpedia.org/resource/Oeste_(intermunicipal_community)
http://dbpedia.org/property/longd	"-9.0180000000000006821"^^http://www.w3.org/2001/XMLSchema#decimal
http://xmlns.com/foaf/0.1/primaryTopic	http://en.wikipedia.org/wiki/Abrigada_e_Cabanas_de_Torres
http://www.w3.org/2002/07/owl#sameAs	http://rdf.freebase.com/ns/m.0115mdw4
http://dbpedia.org/property/areaTotal	"46.149999999999998579"^^http://www.w3.org/2001/XMLSchema#decimal
http://dbpedia.org/ontology/wikiPageID	"43314634"^^http://www.w3.org/2001/XMLSchema#integer
http://www.w3.org/ns/prov#wasDerivedFrom	http://en.wikipedia.org/wiki/Abrigada_e_Cabanas_de_Torres?oldid=689446757
http://dbpedia.org/property/district	http://dbpedia.org/resource/Lisbon_District
http://purl.org/linguistics/gold/hypernym	http://dbpedia.org/resource/Parish
http://dbpedia.org/property/latd	"39.143999999999998352"^^http://www.w3.org/2001/XMLSchema#decimal
http://dbpedia.org/property/subregion	http://dbpedia.org/resource/Oeste_Subregion
http://dbpedia.org/ontology/abstract	"Abrigada e Cabanas de Torres (oficialmente: União das Freguesias de Abrigada e Cabanas de Torres) é uma freguesia portuguesa do concelho de Alenquer com 46,15 km² de área e 4 309 habitantes (2011). A sua densidade populacional é de 93,4 hab/km²."@pt
http://www.w3.org/2000/01/rdf-schema#label	"Abrigada e Cabanas de Torres"@en
http://www.w3.org/1999/02/22-rdf-syntax-ns#type	http://dbpedia.org/ontology/Location
http://dbpedia.org/property/region	http://dbpedia.org/resource/Centro_Region,_Portugal
