#---Properties and values from: http://dbpedia.org/resource/Slættanes
Property	Value
http://dbpedia.org/property/longew	"W"^^http://www.w3.org/1999/02/22-rdf-syntax-ns#langString
http://xmlns.com/foaf/0.1/name	"Slættanes"@en
http://dbpedia.org/ontology/wikiPageExternalLink	http://www.faroestamps.fo/?side=e2e70180235c7a1c4dd84c71887d87b5
http://dbpedia.org/property/unitPref	"Imperial"^^http://www.w3.org/1999/02/22-rdf-syntax-ns#langString
http://dbpedia.org/ontology/wikiPageRevisionID	"573205298"^^http://www.w3.org/2001/XMLSchema#integer
http://dbpedia.org/property/imagesize	"250"^^http://www.w3.org/2001/XMLSchema#integer
http://dbpedia.org/property/latm	"9"^^http://www.w3.org/2001/XMLSchema#integer
http://dbpedia.org/property/latns	"N"^^http://www.w3.org/1999/02/22-rdf-syntax-ns#langString
http://dbpedia.org/property/imageSkyline	"Slaettanes.jpg"^^http://www.w3.org/1999/02/22-rdf-syntax-ns#langString
http://dbpedia.org/property/settlementType	"Abandoned village"^^http://www.w3.org/1999/02/22-rdf-syntax-ns#langString
http://www.w3.org/2003/01/geo/wgs84_pos#long	"-7.2333331108093261719"^^http://www.w3.org/2001/XMLSchema#float
http://dbpedia.org/property/coordinatesRegion	"DK"^^http://www.w3.org/1999/02/22-rdf-syntax-ns#langString
http://dbpedia.org/property/imageCaption	"Slættanes from the seaside, 2008"^^http://www.w3.org/1999/02/22-rdf-syntax-ns#langString
http://dbpedia.org/property/pushpinLabelPosition	"left"^^http://www.w3.org/1999/02/22-rdf-syntax-ns#langString
http://xmlns.com/foaf/0.1/isPrimaryTopicOf	http://en.wikipedia.org/wiki/Slættanes
http://dbpedia.org/property/postalCodeType	"Postal code"^^http://www.w3.org/1999/02/22-rdf-syntax-ns#langString
http://dbpedia.org/property/subdivisionType	"Constituent country"^^http://www.w3.org/1999/02/22-rdf-syntax-ns#langString
http://dbpedia.org/property/pushpinMapsize	"250"^^http://www.w3.org/2001/XMLSchema#integer
http://dbpedia.org/ontology/country	http://dbpedia.org/resource/Kingdom_of_Denmark
http://dbpedia.org/property/longm	"14"^^http://www.w3.org/2001/XMLSchema#integer
http://dbpedia.org/property/populationTotal	"none"^^http://www.w3.org/1999/02/22-rdf-syntax-ns#langString
http://purl.org/dc/terms/subject	http://dbpedia.org/resource/Category:Former_populated_places_in_the_Faroe_Islands
http://dbpedia.org/ontology/isPartOf	http://dbpedia.org/resource/Vága_(municipality)
http://www.w3.org/2000/01/rdf-schema#comment	"Slættanes (pronounced [ˈslaʰtːaˌneːs]) is a town on the Island of Vágar in the Faroes, which is now abandoned. Slættanes, like the also abandoned village of Víkar, on the northern coast of the island. It was founded in 1835 by a man named Hendrik Thomasen and belonged to the municipality of Sandavágur in the south. During its best years (1945 to 1950) around 130 people lived in the village, but the average population was around 70. There were 12 houses in Slættanes. However, in 1965 the last inhabitants left the community because of its relatively isolated location."@en
http://dbpedia.org/property/longd	"7"^^http://www.w3.org/2001/XMLSchema#integer
http://xmlns.com/foaf/0.1/primaryTopic	http://en.wikipedia.org/wiki/Slættanes
http://www.w3.org/2002/07/owl#sameAs	http://wikidata.dbpedia.org/resource/Q1025140
http://dbpedia.org/ontology/wikiPageRedirects	http://dbpedia.org/resource/Slaettanes
http://www.w3.org/2003/01/geo/wgs84_pos#lat	"62.15000152587890625"^^http://www.w3.org/2001/XMLSchema#float
http://www.georss.org/georss/point	"62.15 -7.233333333333333"
http://dbpedia.org/ontology/thumbnail	http://commons.wikimedia.org/wiki/Special:FilePath/Slaettanes.jpg?width=300
http://dbpedia.org/ontology/wikiPageID	"4347060"^^http://www.w3.org/2001/XMLSchema#integer
http://dbpedia.org/ontology/utcOffset	"+1"
http://www.w3.org/ns/prov#wasDerivedFrom	http://en.wikipedia.org/wiki/Slættanes?oldid=573205298
http://dbpedia.org/ontology/timeZone	http://dbpedia.org/resource/European_Summer_Time
http://dbpedia.org/property/coordinatesDisplay	"inline,title"^^http://www.w3.org/1999/02/22-rdf-syntax-ns#langString
http://dbpedia.org/property/pushpinMap	"Faroe Islands"^^http://www.w3.org/1999/02/22-rdf-syntax-ns#langString
http://xmlns.com/foaf/0.1/depiction	http://commons.wikimedia.org/wiki/Special:FilePath/Slaettanes.jpg
http://purl.org/linguistics/gold/hypernym	http://dbpedia.org/resource/Town
http://dbpedia.org/property/latd	"62"^^http://www.w3.org/2001/XMLSchema#integer
http://dbpedia.org/property/establishedDate	"1835"^^http://www.w3.org/2001/XMLSchema#integer
http://dbpedia.org/ontology/abstract	"Slættanes [ˈslatːaneːs] (dänischer Name: Slettenæs) ist ein Ort der Färöer auf der Insel Vágar, der heute verlassen ist. Slættanes liegt - wie der ebenfalls verlassene Ort Víkar - als einziger Ort der Insel an deren Nordküste. Seine Lage gilt als besonders schön. Er wurde 1835 von einem Mann namens Hendrik Thomasen gegründet und gehörte zur früheren Kommune von Sandavágur im Süden. Zu seinen besten Zeiten 1945 bis 1950 lebten etwa 130 Leute in dem Dorf, durchschnittlich aber meist 70. Hier gab es 12 Wohnhäuser. 1965 allerdings verließ der letzte Bewohner den Ort wegen seiner relativ abgeschiedenen Lage. Eine Autostraße hierher wurde nie gebaut, es existieren aber mehrere Wanderwege. In südöstliche Richtung nach Sandavágur, in südliche Richtung nach Sørvágur und westlich nach Gásadalur. Im Ort selbst gibt es keine Straßen oder erkennbare Wege. Die Häuser stehen versprengt auf der Wiese und dienen heute den ehemaligen Bewohnern und ihren Verwandten als Sommerhäuser. Der Postdienst wurde früher zu Fuß über Sørvágur versehen, später aber mit einem regelmäßigen Postboot aus Vestmanna."@de
http://dbpedia.org/property/pushpinMapCaption	"Location in the Faroe Islands"^^http://www.w3.org/1999/02/22-rdf-syntax-ns#langString
http://www.w3.org/2003/01/geo/wgs84_pos#geometry	"POINT(-7.2333331108093 62.150001525879)"^^http://www.openlinksw.com/schemas/virtrdf#Geometry
http://dbpedia.org/property/establishedTitle	"Founded"^^http://www.w3.org/1999/02/22-rdf-syntax-ns#langString
http://www.w3.org/2000/01/rdf-schema#label	"Slættanes"@en
http://www.w3.org/1999/02/22-rdf-syntax-ns#type	http://dbpedia.org/class/yago/YagoLegalActorGeo
