#---Properties and values from: http://dbpedia.org/resource/Cambres
Property	Value
http://dbpedia.org/property/officialName	"Cambres"^^http://www.w3.org/1999/02/22-rdf-syntax-ns#langString
http://dbpedia.org/ontology/wikiPageRevisionID	"701642916"^^http://www.w3.org/2001/XMLSchema#integer
http://xmlns.com/foaf/0.1/isPrimaryTopicOf	http://en.wikipedia.org/wiki/Cambres
http://dbpedia.org/property/municipality	http://dbpedia.org/resource/Lamego
http://dbpedia.org/ontology/country	http://dbpedia.org/resource/Portugal
http://dbpedia.org/property/populationTotal	"2066"^^http://www.w3.org/2001/XMLSchema#integer
http://dbpedia.org/property/populationAsOf	"2011"^^http://www.w3.org/2001/XMLSchema#integer
http://purl.org/dc/terms/subject	http://dbpedia.org/resource/Category:Towns_in_Portugal
http://www.w3.org/2000/01/rdf-schema#comment	"Cambres é uma freguesia portuguesa do concelho de Lamego, com 11,28 km² de área e 2 066 habitantes (2011). A sua densidade populacional é de 183,2 hab/km². Foi elevada a vila em 4 de junho de 1997."@pt
http://dbpedia.org/property/cim	http://dbpedia.org/resource/Douro_(intermunicipal_community)
http://dbpedia.org/property/longd	"-7.7999999999999998224"^^http://www.w3.org/2001/XMLSchema#decimal
http://xmlns.com/foaf/0.1/primaryTopic	http://en.wikipedia.org/wiki/Cambres
http://www.w3.org/2002/07/owl#sameAs	http://www.wikidata.org/entity/Q64446
http://dbpedia.org/property/areaTotal	"11.279999999999999361"^^http://www.w3.org/2001/XMLSchema#decimal
http://dbpedia.org/ontology/wikiPageID	"29327005"^^http://www.w3.org/2001/XMLSchema#integer
http://www.w3.org/ns/prov#wasDerivedFrom	http://en.wikipedia.org/wiki/Cambres?oldid=701642916
http://dbpedia.org/property/district	http://dbpedia.org/resource/Viseu_District
http://purl.org/linguistics/gold/hypernym	http://dbpedia.org/resource/Town
http://dbpedia.org/property/latd	"41.140000000000000568"^^http://www.w3.org/2001/XMLSchema#decimal
http://dbpedia.org/property/subregion	http://dbpedia.org/resource/Douro_Subregion
http://dbpedia.org/ontology/abstract	"Cambres is a town in Portugal. It is a parish of Lamego Municipality. The population in 2011 was 2,066, in an area of 11.28 km²."@en
http://www.w3.org/2000/01/rdf-schema#label	"Cambres"@de
http://www.w3.org/1999/02/22-rdf-syntax-ns#type	http://dbpedia.org/class/yago/YagoGeoEntity
http://dbpedia.org/property/region	http://dbpedia.org/resource/Norte_Region,_Portugal
