#---Properties and values from: http://dbpedia.org/resource/Serra_do_Bouro
Property	Value
http://dbpedia.org/property/officialName	"Serra do Bouro"^^http://www.w3.org/1999/02/22-rdf-syntax-ns#langString
http://dbpedia.org/ontology/wikiPageRevisionID	"701649381"^^http://www.w3.org/2001/XMLSchema#integer
http://dbpedia.org/property/wordnet_type	http://www.w3.org/2006/03/wn/wn20/instances/synset-municipality-noun-2
http://www.w3.org/2003/01/geo/wgs84_pos#long	"-9.1759996414184570312"^^http://www.w3.org/2001/XMLSchema#float
http://xmlns.com/foaf/0.1/isPrimaryTopicOf	http://en.wikipedia.org/wiki/Serra_do_Bouro
http://dbpedia.org/property/municipality	http://dbpedia.org/resource/Caldas_da_Rainha
http://dbpedia.org/ontology/country	http://dbpedia.org/resource/Portugal
http://dbpedia.org/property/populationTotal	"703"^^http://www.w3.org/2001/XMLSchema#integer
http://dbpedia.org/property/populationAsOf	"2011"^^http://www.w3.org/2001/XMLSchema#integer
http://purl.org/dc/terms/subject	http://dbpedia.org/resource/Category:Caldas_da_Rainha
http://dbpedia.org/ontology/wikiPageDisambiguates	http://dbpedia.org/resource/Serra
http://www.w3.org/2000/01/rdf-schema#comment	"Serra do Bouro is a former civil parish in the municipality of Caldas da Rainha, Portugal. In 2013, the parish merged into the new parish Caldas da Rainha — Santo Onofre e Serra do Bouro. The civil parish had an area of 18.21 square kilometres (7.03 sq mi) and had a population of 703 at the 2011 census. It the least populous freguesia of the municipality. Principal activities of the inhabitants include agriculture and civil construction."@en
http://xmlns.com/foaf/0.1/primaryTopic	http://en.wikipedia.org/wiki/Serra_do_Bouro
http://dbpedia.org/property/dissolved	"2013"^^http://www.w3.org/2001/XMLSchema#integer
http://dbpedia.org/ontology/wikiPageRedirects	http://dbpedia.org/resource/Serra_do_bouro
http://www.w3.org/2002/07/owl#sameAs	http://sws.geonames.org/8014783/
http://www.w3.org/2003/01/geo/wgs84_pos#lat	"39.449001312255859375"^^http://www.w3.org/2001/XMLSchema#float
http://www.georss.org/georss/point	"39.449 -9.176"
http://dbpedia.org/property/areaTotal	"18.210000000000000853"^^http://www.w3.org/2001/XMLSchema#decimal
http://dbpedia.org/ontology/wikiPageID	"307657"^^http://www.w3.org/2001/XMLSchema#integer
http://www.w3.org/ns/prov#wasDerivedFrom	http://en.wikipedia.org/wiki/Serra_do_Bouro?oldid=701649381
http://purl.org/linguistics/gold/hypernym	http://dbpedia.org/resource/Parish
http://dbpedia.org/ontology/abstract	"Serra do Bouro ist eine Gemeinde (Freguesia) im portugiesischen Kreis Caldas da Rainha. In ihr leben 704 Einwohner (Stand 30. Juni 2011)."@de
http://www.w3.org/2003/01/geo/wgs84_pos#geometry	"POINT(-9.1759996414185 39.449001312256)"^^http://www.openlinksw.com/schemas/virtrdf#Geometry
http://www.w3.org/2000/01/rdf-schema#label	"Serra do Bouro"@fr
http://www.w3.org/1999/02/22-rdf-syntax-ns#type	http://dbpedia.org/class/yago/Location100027167
