#---Properties and values from: http://dbpedia.org/resource/Alhandra,_São_João_dos_Montes_e_Calhandriz
Property	Value
http://dbpedia.org/property/officialName	"e Calhandriz"^^http://www.w3.org/1999/02/22-rdf-syntax-ns#langString
http://dbpedia.org/ontology/wikiPageRevisionID	"743337489"^^http://www.w3.org/2001/XMLSchema#integer
http://xmlns.com/foaf/0.1/isPrimaryTopicOf	http://en.wikipedia.org/wiki/Alhandra,_São_João_dos_Montes_e_Calhandriz
http://dbpedia.org/property/municipality	http://dbpedia.org/resource/Vila_Franca_de_Xira
http://dbpedia.org/ontology/country	http://dbpedia.org/resource/Portugal
http://dbpedia.org/property/populationTotal	"12866"^^http://www.w3.org/2001/XMLSchema#integer
http://dbpedia.org/property/populationAsOf	"2011"^^http://www.w3.org/2001/XMLSchema#integer
http://dbpedia.org/property/metro	http://dbpedia.org/resource/Lisbon_Metropolitan_Area
http://purl.org/dc/terms/subject	http://dbpedia.org/resource/Category:Parishes_of_Vila_Franca_de_Xira
http://www.w3.org/2000/01/rdf-schema#comment	"Alhandra, São João dos Montes e Calhandriz is a civil parish in the municipality of Vila Franca de Xira, Portugal. It was formed in 2013 by the merger of the former parishes Alhandra, São João dos Montes and Calhandriz. The population in 2011 was 12,866, in an area of 27.54 km²."@en
http://dbpedia.org/property/longd	"-9.0090000000000003411"^^http://www.w3.org/2001/XMLSchema#decimal
http://xmlns.com/foaf/0.1/primaryTopic	http://en.wikipedia.org/wiki/Alhandra,_São_João_dos_Montes_e_Calhandriz
http://www.w3.org/2002/07/owl#sameAs	http://rdf.freebase.com/ns/m.011ldv9f
http://dbpedia.org/ontology/wikiPageRedirects	http://dbpedia.org/resource/Alhandra,_Sao_Joao_dos_Montes_e_Calhandriz
http://dbpedia.org/property/areaTotal	"27.539999999999999147"^^http://www.w3.org/2001/XMLSchema#decimal
http://dbpedia.org/ontology/wikiPageID	"43471222"^^http://www.w3.org/2001/XMLSchema#integer
http://www.w3.org/ns/prov#wasDerivedFrom	http://en.wikipedia.org/wiki/Alhandra,_São_João_dos_Montes_e_Calhandriz?oldid=743337489
http://dbpedia.org/property/district	http://dbpedia.org/resource/Lisbon_District
http://purl.org/linguistics/gold/hypernym	http://dbpedia.org/resource/Parish
http://dbpedia.org/property/latd	"38.926999999999999602"^^http://www.w3.org/2001/XMLSchema#decimal
http://dbpedia.org/property/subregion	http://dbpedia.org/resource/Grande_Lisboa
http://dbpedia.org/ontology/abstract	"Alhandra, São João dos Montes e Calhandriz is a civil parish in the municipality of Vila Franca de Xira, Portugal. It was formed in 2013 by the merger of the former parishes Alhandra, São João dos Montes and Calhandriz. The population in 2011 was 12,866, in an area of 27.54 km²."@en
http://www.w3.org/2000/01/rdf-schema#label	"Alhandra, São João dos Montes e Calhandriz"@en
http://www.w3.org/1999/02/22-rdf-syntax-ns#type	http://dbpedia.org/ontology/PopulatedPlace
http://dbpedia.org/property/region	http://dbpedia.org/resource/Lisboa_Region
