#---Properties and values from: http://dbpedia.org/resource/Hantum
Property	Value
http://xmlns.com/foaf/0.1/name	"Hantum"@en
http://dbpedia.org/ontology/wikiPageRevisionID	"649901991"^^http://www.w3.org/2001/XMLSchema#integer
http://dbpedia.org/property/imagesize	"280"^^http://www.w3.org/2001/XMLSchema#integer
http://dbpedia.org/property/imageSkyline	"Hantummer Molen - Hantum.jpg"^^http://www.w3.org/1999/02/22-rdf-syntax-ns#langString
http://dbpedia.org/property/settlementType	"Village"^^http://www.w3.org/1999/02/22-rdf-syntax-ns#langString
http://www.w3.org/2003/01/geo/wgs84_pos#long	"5.9641666412353515625"^^http://www.w3.org/2001/XMLSchema#float
http://dbpedia.org/property/imageCaption	"Windmill De Hantumermolen"^^http://www.w3.org/1999/02/22-rdf-syntax-ns#langString
http://dbpedia.org/property/imageMap	"Map NL Dongeradiel Hantum.png"^^http://www.w3.org/1999/02/22-rdf-syntax-ns#langString
http://xmlns.com/foaf/0.1/isPrimaryTopicOf	http://en.wikipedia.org/wiki/Hantum
http://dbpedia.org/property/subdivisionType	"Province"^^http://www.w3.org/1999/02/22-rdf-syntax-ns#langString
http://dbpedia.org/ontology/country	http://dbpedia.org/resource/Netherlands
http://dbpedia.org/property/populationTotal	"c. 370"^^http://www.w3.org/1999/02/22-rdf-syntax-ns#langString
http://purl.org/dc/terms/subject	http://dbpedia.org/resource/Category:Populated_places_in_Friesland
http://dbpedia.org/ontology/isPartOf	http://dbpedia.org/resource/Friesland
http://www.w3.org/2000/01/rdf-schema#comment	"Hantum is een terpdorp, aan de Hantummervaart, in de gemeente Dongeradeel, provincie Friesland (Nederland). Het ligt ten noordwesten van Dokkum, tussen Dokkum en Ternaard, en heeft ongeveer 367 inwoners (01-01-2005). Waarschijnlijk is op deze locatie, rond het begin van de jaartelling al een dorp ontstaan."@nl
http://xmlns.com/foaf/0.1/primaryTopic	http://en.wikipedia.org/wiki/Hantum
http://www.w3.org/2002/07/owl#sameAs	http://yago-knowledge.org/resource/Hantum
http://www.w3.org/2003/01/geo/wgs84_pos#lat	"53.362499237060546875"^^http://www.w3.org/2001/XMLSchema#float
http://www.georss.org/georss/point	"53.3625 5.964166666666666"
http://dbpedia.org/ontology/thumbnail	http://commons.wikimedia.org/wiki/Special:FilePath/Map_NL_Dongeradiel_Hantum.png?width=300
http://dbpedia.org/ontology/wikiPageID	"16436087"^^http://www.w3.org/2001/XMLSchema#integer
http://www.w3.org/ns/prov#wasDerivedFrom	http://en.wikipedia.org/wiki/Hantum?oldid=649901991
http://xmlns.com/foaf/0.1/depiction	http://commons.wikimedia.org/wiki/Special:FilePath/Map_NL_Dongeradiel_Hantum.png
http://purl.org/linguistics/gold/hypernym	http://dbpedia.org/resource/Village
http://dbpedia.org/ontology/abstract	"Lioessens est un village situé dans la commune néerlandaise de Dongeradeel, dans la province de la Frise. Son nom en frison est Hantum. Le 1er janvier 2004, le village comptait 290 habitants. 
* Portail des Pays-Bas Portail des Pays-Bas"@fr
http://www.w3.org/2003/01/geo/wgs84_pos#geometry	"POINT(5.9641666412354 53.362499237061)"^^http://www.openlinksw.com/schemas/virtrdf#Geometry
http://www.w3.org/2000/01/rdf-schema#label	"Hantum"@en
http://dbpedia.org/property/mapsize	"280"^^http://www.w3.org/2001/XMLSchema#integer
http://www.w3.org/1999/02/22-rdf-syntax-ns#type	http://dbpedia.org/class/yago/Region108630985
