#---Properties and values from: http://dbpedia.org/resource/Aramina
Property	Value
http://dbpedia.org/property/lats	"25"^^http://www.w3.org/2001/XMLSchema#integer
http://dbpedia.org/ontology/wikiPageRevisionID	"744713783"^^http://www.w3.org/2001/XMLSchema#integer
http://dbpedia.org/property/latm	"5"^^http://www.w3.org/2001/XMLSchema#integer
http://dbpedia.org/property/latns	"S"^^http://www.w3.org/1999/02/22-rdf-syntax-ns#langString
http://dbpedia.org/property/imageMap	"SaoPaulo Municip Aramina.svg"^^http://www.w3.org/1999/02/22-rdf-syntax-ns#langString
http://xmlns.com/foaf/0.1/isPrimaryTopicOf	http://en.wikipedia.org/wiki/Aramina
http://dbpedia.org/property/longm	"47"^^http://www.w3.org/2001/XMLSchema#integer
http://dbpedia.org/property/populationTotal	"5486"^^http://www.w3.org/2001/XMLSchema#integer
http://dbpedia.org/property/longs	"9"^^http://www.w3.org/2001/XMLSchema#integer
http://dbpedia.org/property/populationAsOf	"2015"^^http://www.w3.org/2001/XMLSchema#integer
http://purl.org/dc/terms/subject	http://dbpedia.org/resource/Category:Municipalities_in_São_Paulo_(state)
http://dbpedia.org/property/state	"SP"^^http://www.w3.org/1999/02/22-rdf-syntax-ns#langString
http://www.w3.org/2000/01/rdf-schema#comment	"阿拉米纳（葡萄牙语：Aramina）是巴西圣保罗州的一个市镇。总面积202704平方公里，总人口5280人，人口密度0人/平方公里。"@zh
http://dbpedia.org/property/longd	"47"^^http://www.w3.org/2001/XMLSchema#integer
http://xmlns.com/foaf/0.1/primaryTopic	http://en.wikipedia.org/wiki/Aramina
http://www.w3.org/2002/07/owl#sameAs	http://yago-knowledge.org/resource/Aramina
http://dbpedia.org/ontology/thumbnail	http://commons.wikimedia.org/wiki/Special:FilePath/SaoPaulo_Municip_Aramina.svg?width=300
http://dbpedia.org/ontology/wikiPageID	"1005656"^^http://www.w3.org/2001/XMLSchema#integer
http://dbpedia.org/property/areaTotal	"203"^^http://www.w3.org/2001/XMLSchema#integer
http://www.w3.org/ns/prov#wasDerivedFrom	http://en.wikipedia.org/wiki/Aramina?oldid=744713783
http://xmlns.com/foaf/0.1/depiction	http://commons.wikimedia.org/wiki/Special:FilePath/SaoPaulo_Municip_Aramina.svg
http://purl.org/linguistics/gold/hypernym	http://dbpedia.org/resource/Municipality
http://dbpedia.org/property/latd	"20"^^http://www.w3.org/2001/XMLSchema#integer
http://dbpedia.org/ontology/abstract	"Aramina – miasto i gmina w Brazylii, w stanie São Paulo. Znajduje się w mezoregionie Ribeirão Preto i mikroregionie Ituverava."@pl
http://www.w3.org/2000/01/rdf-schema#label	"Арамина"@ru
http://www.w3.org/1999/02/22-rdf-syntax-ns#type	http://dbpedia.org/class/yago/WikicatPopulatedPlacesInSãoPaulo(state)
