#---Properties and values from: http://dbpedia.org/resource/Pioppi
Property	Value
http://dbpedia.org/property/longew	"E"^^http://www.w3.org/1999/02/22-rdf-syntax-ns#langString
http://dbpedia.org/property/lats	"28.480000000000000426"^^http://www.w3.org/2001/XMLSchema#decimal
http://dbpedia.org/ontology/wikiPageExternalLink	http://www.museodelmare.it/
http://dbpedia.org/ontology/wikiPageRevisionID	"726843199"^^http://www.w3.org/2001/XMLSchema#integer
http://dbpedia.org/property/comune	http://dbpedia.org/resource/Pollica
http://dbpedia.org/property/latm	"10"^^http://www.w3.org/2001/XMLSchema#integer
http://dbpedia.org/property/latns	"N"^^http://www.w3.org/1999/02/22-rdf-syntax-ns#langString
http://dbpedia.org/property/areaCode	"974"^^http://www.w3.org/2001/XMLSchema#integer
http://dbpedia.org/property/imageSkyline	"Litorale di Pioppi.JPG"^^http://www.w3.org/1999/02/22-rdf-syntax-ns#langString
http://dbpedia.org/property/imageCaption	"Coastline of Pioppi"^^http://www.w3.org/1999/02/22-rdf-syntax-ns#langString
http://xmlns.com/foaf/0.1/isPrimaryTopicOf	http://en.wikipedia.org/wiki/Pioppi
http://dbpedia.org/property/longm	"5"^^http://www.w3.org/2001/XMLSchema#integer
http://dbpedia.org/property/populationTotal	"317"^^http://www.w3.org/2001/XMLSchema#integer
http://dbpedia.org/property/longs	"21.960000000000000853"^^http://www.w3.org/2001/XMLSchema#decimal
http://dbpedia.org/property/populationAsOf	"2009"^^http://www.w3.org/2001/XMLSchema#integer
http://purl.org/dc/terms/subject	http://dbpedia.org/resource/Category:Localities_of_Cilento
http://www.w3.org/2000/01/rdf-schema#comment	"Pioppi è una frazione marina del comune di Pollica, in provincia di Salerno. Conta circa 300 abitanti."@it
http://dbpedia.org/property/longd	"15"^^http://www.w3.org/2001/XMLSchema#integer
http://xmlns.com/foaf/0.1/primaryTopic	http://en.wikipedia.org/wiki/Pioppi
http://dbpedia.org/ontology/frazioni	http://dbpedia.org/resource/Pollica
http://dbpedia.org/ontology/wikiPageRedirects	http://dbpedia.org/resource/Pioppi_(Pollica)
http://www.w3.org/2002/07/owl#sameAs	http://dbpedia.org/resource/Pioppi
http://dbpedia.org/ontology/thumbnail	http://commons.wikimedia.org/wiki/Special:FilePath/Litorale_di_Pioppi.JPG?width=300
http://dbpedia.org/ontology/wikiPageID	"29334162"^^http://www.w3.org/2001/XMLSchema#integer
http://dbpedia.org/property/elevationM	"10"^^http://www.w3.org/2001/XMLSchema#integer
http://www.w3.org/ns/prov#wasDerivedFrom	http://en.wikipedia.org/wiki/Pioppi?oldid=726843199
http://dbpedia.org/property/coordinatesDisplay	"inline, title"^^http://www.w3.org/1999/02/22-rdf-syntax-ns#langString
http://dbpedia.org/property/name	"Pioppi"^^http://www.w3.org/1999/02/22-rdf-syntax-ns#langString
http://xmlns.com/foaf/0.1/depiction	http://commons.wikimedia.org/wiki/Special:FilePath/Litorale_di_Pioppi.JPG
http://purl.org/linguistics/gold/hypernym	http://dbpedia.org/resource/Hamlet
http://dbpedia.org/property/latd	"40"^^http://www.w3.org/2001/XMLSchema#integer
http://dbpedia.org/property/postalCode	"84068"^^http://www.w3.org/2001/XMLSchema#integer
http://dbpedia.org/ontology/abstract	"Pioppi is een plaats (frazione) in de Italiaanse gemeente Pollica, provincie Salerno, en telt ongeveer 300 inwoners."@nl
http://www.w3.org/2000/01/rdf-schema#label	"Pioppi"@en
http://dbpedia.org/property/province	http://dbpedia.org/resource/Province_of_Salerno
http://xmlns.com/foaf/0.1/homepage	http://www.museodelmare.it/
http://www.w3.org/1999/02/22-rdf-syntax-ns#type	http://dbpedia.org/class/yago/WikicatLocalitiesOfCilento
http://dbpedia.org/property/gentilic	"Pioppesi"^^http://www.w3.org/1999/02/22-rdf-syntax-ns#langString
