#---Properties and values from: http://dbpedia.org/resource/Louriçal
Property	Value
http://dbpedia.org/ontology/wikiPageExternalLink	http://www.concelhodepombal.com/historialourical.htm
http://dbpedia.org/property/officialName	"Louriçal"^^http://www.w3.org/1999/02/22-rdf-syntax-ns#langString
http://dbpedia.org/ontology/wikiPageRevisionID	"689451937"^^http://www.w3.org/2001/XMLSchema#integer
http://xmlns.com/foaf/0.1/isPrimaryTopicOf	http://en.wikipedia.org/wiki/Louriçal
http://dbpedia.org/property/municipality	http://dbpedia.org/resource/Pombal,_Portugal
http://dbpedia.org/ontology/country	http://dbpedia.org/resource/Portugal
http://dbpedia.org/property/populationTotal	"4645"^^http://www.w3.org/2001/XMLSchema#integer
http://dbpedia.org/property/populationAsOf	"2011"^^http://www.w3.org/2001/XMLSchema#integer
http://purl.org/dc/terms/subject	http://dbpedia.org/resource/Category:Parishes_of_Pombal,_Portugal
http://www.w3.org/2000/01/rdf-schema#comment	"Лорисал (порт. Louriçal) — район (фрегезия) в Португалии, входит в округ Лейрия. Является составной частью муниципалитета Помбал. По старому административному делению входил в провинцию Бейра-Литорал. Входит в экономико-статистический субрегион Пиньял-Литорал, который входит в Центральный регион. Население составляет 5095 человек на 2001 год. Занимает площадь 48,04 км². Покровителем района считается Иаков Зеведеев (порт. S. Tiago)."@ru
http://dbpedia.org/property/cim	http://dbpedia.org/resource/Região_de_Leiria
http://dbpedia.org/property/longd	"-8.7370000000000000995"^^http://www.w3.org/2001/XMLSchema#decimal
http://xmlns.com/foaf/0.1/primaryTopic	http://en.wikipedia.org/wiki/Louriçal
http://dbpedia.org/ontology/wikiPageRedirects	http://dbpedia.org/resource/Lourical
http://www.w3.org/2002/07/owl#sameAs	http://fr.dbpedia.org/resource/Louriçal
http://dbpedia.org/ontology/postalCode	"3105-165"
http://dbpedia.org/ontology/wikiPageID	"17700947"^^http://www.w3.org/2001/XMLSchema#integer
http://dbpedia.org/property/areaTotal	"47.659999999999996589"^^http://www.w3.org/2001/XMLSchema#decimal
http://www.w3.org/ns/prov#wasDerivedFrom	http://en.wikipedia.org/wiki/Louriçal?oldid=689451937
http://dbpedia.org/property/district	http://dbpedia.org/resource/Leiria_District
http://purl.org/linguistics/gold/hypernym	http://dbpedia.org/resource/Parish
http://dbpedia.org/property/latd	"40.003000000000000114"^^http://www.w3.org/2001/XMLSchema#decimal
http://dbpedia.org/property/subregion	http://dbpedia.org/resource/Pinhal_Litoral
http://dbpedia.org/ontology/abstract	"Лорисал (порт. Louriçal) — район (фрегезия) в Португалии, входит в округ Лейрия. Является составной частью муниципалитета Помбал. По старому административному делению входил в провинцию Бейра-Литорал. Входит в экономико-статистический субрегион Пиньял-Литорал, который входит в Центральный регион. Население составляет 5095 человек на 2001 год. Занимает площадь 48,04 км². Покровителем района считается Иаков Зеведеев (порт. S. Tiago)."@ru
http://www.w3.org/2000/01/rdf-schema#label	"Louriçal"@es
http://xmlns.com/foaf/0.1/homepage	http://www.lourical.pt
http://www.w3.org/1999/02/22-rdf-syntax-ns#type	http://www.w3.org/2002/07/owl#Thing
http://dbpedia.org/property/region	http://dbpedia.org/resource/Centro_Region,_Portugal
