#---Properties and values from: http://dbpedia.org/resource/Umbumbulu
Property	Value
http://xmlns.com/foaf/0.1/name	"Umbumbulu"@en
http://dbpedia.org/property/demographics2Info	"93.1"^^http://dbpedia.org/datatype/perCent
http://dbpedia.org/ontology/wikiPageExternalLink	http://census.adrianfrith.com/place/57283
http://dbpedia.org/ontology/wikiPageRevisionID	"735282904"^^http://www.w3.org/2001/XMLSchema#integer
http://dbpedia.org/property/areaFootnotes	"ref | |name=census2001"^^http://www.w3.org/1999/02/22-rdf-syntax-ns#langString
http://dbpedia.org/property/areaCode	"31"^^http://www.w3.org/2001/XMLSchema#integer
http://dbpedia.org/property/imageSkyline	"Village center  .jpg"^^http://www.w3.org/1999/02/22-rdf-syntax-ns#langString
http://www.w3.org/2003/01/geo/wgs84_pos#long	"30.701999664306640625"^^http://www.w3.org/2001/XMLSchema#float
http://dbpedia.org/property/imageCaption	"Village center"^^http://www.w3.org/1999/02/22-rdf-syntax-ns#langString
http://dbpedia.org/property/demographics2Title	http://dbpedia.org/resource/English_language
http://xmlns.com/foaf/0.1/isPrimaryTopicOf	http://en.wikipedia.org/wiki/Umbumbulu
http://dbpedia.org/property/municipality	"eThekwini"^^http://www.w3.org/1999/02/22-rdf-syntax-ns#langString
http://dbpedia.org/ontology/country	http://dbpedia.org/resource/South_Africa
http://dbpedia.org/property/populationTotal	"304"^^http://www.w3.org/2001/XMLSchema#integer
http://dbpedia.org/property/populationAsOf	"2001"^^http://www.w3.org/2001/XMLSchema#integer
http://purl.org/dc/terms/subject	http://dbpedia.org/resource/Category:Townships_in_KwaZulu-Natal
http://www.w3.org/2000/01/rdf-schema#comment	"Umbumbulu is a town in the District Municipality in the KwaZulu-Natal province of South Africa. The township lies near the junction of Highway M30 and R603 about 13 km south-west of Durban and 19 km from the Indian Ocean. Derived from Zulu, the name is said to mean place of the round knoll. Umbumbulu is a rural area, bordered by Madundube on the north-east, and the farming community of Mid-Illovo on the south. In the 1970s and 1980s it was a scene of a local conflict, which saw hundreds murdered, and thousands dislocated. It has since become a picture of serene rural living."@en
http://dbpedia.org/property/leaderTitle	"Councillor"^^http://www.w3.org/1999/02/22-rdf-syntax-ns#langString
http://dbpedia.org/property/longd	"30.702000000000001734"^^http://www.w3.org/2001/XMLSchema#decimal
http://xmlns.com/foaf/0.1/primaryTopic	http://en.wikipedia.org/wiki/Umbumbulu
http://www.w3.org/2002/07/owl#sameAs	http://rdf.freebase.com/ns/m.0j7mj05
http://dbpedia.org/property/percentWhite	"3.9"^^http://dbpedia.org/datatype/perCent
http://www.w3.org/2003/01/geo/wgs84_pos#lat	"29.983999252319335938"^^http://www.w3.org/2001/XMLSchema#float
http://www.georss.org/georss/point	"29.984 30.702"
http://dbpedia.org/ontology/thumbnail	http://commons.wikimedia.org/wiki/Special:FilePath/Village_center_(Umbumbulu)_(1269144837).jpg?width=300
http://dbpedia.org/ontology/wikiPageID	"35252547"^^http://www.w3.org/2001/XMLSchema#integer
http://www.w3.org/ns/prov#wasDerivedFrom	http://en.wikipedia.org/wiki/Umbumbulu?oldid=735282904
http://dbpedia.org/property/percentBlack	"96.1"^^http://dbpedia.org/datatype/perCent
http://dbpedia.org/property/areaTotalKm	"0.42999999999999999334"^^http://www.w3.org/2001/XMLSchema#decimal
http://xmlns.com/foaf/0.1/depiction	http://commons.wikimedia.org/wiki/Special:FilePath/Village_center_(Umbumbulu)_(1269144837).jpg
http://purl.org/linguistics/gold/hypernym	http://dbpedia.org/resource/Town
http://dbpedia.org/property/latd	"29.984000000000001762"^^http://www.w3.org/2001/XMLSchema#decimal
http://dbpedia.org/ontology/abstract	"Umbumbulu is a town in the District Municipality in the KwaZulu-Natal province of South Africa. The township lies near the junction of Highway M30 and R603 about 13 km south-west of Durban and 19 km from the Indian Ocean. Derived from Zulu, the name is said to mean place of the round knoll. Umbumbulu is a rural area, bordered by Madundube on the north-east, and the farming community of Mid-Illovo on the south. In the 1970s and 1980s it was a scene of a local conflict, which saw hundreds murdered, and thousands dislocated. It has since become a picture of serene rural living. The main river running through Umbumbulu is the Ntinyane River, and it is infamous as the site where a clergyman was swept away by the floods in the 1980s, his body never retrieved to this day."@en
http://www.w3.org/2003/01/geo/wgs84_pos#geometry	"POINT(30.701999664307 29.983999252319)"^^http://www.openlinksw.com/schemas/virtrdf#Geometry
http://www.w3.org/2000/01/rdf-schema#label	"Umbumbulu"@en
http://dbpedia.org/property/province	"KwaZulu-Natal"^^http://www.w3.org/1999/02/22-rdf-syntax-ns#langString
http://www.w3.org/1999/02/22-rdf-syntax-ns#type	http://dbpedia.org/class/yago/District108552138
