#---Properties and values from: http://dbpedia.org/resource/Boa_Esperança,_Espírito_Santo
Property	Value
http://dbpedia.org/property/lats	"24"^^http://www.w3.org/2001/XMLSchema#integer
http://dbpedia.org/ontology/wikiPageRevisionID	"725392811"^^http://www.w3.org/2001/XMLSchema#integer
http://dbpedia.org/property/latm	"32"^^http://www.w3.org/2001/XMLSchema#integer
http://dbpedia.org/property/latns	"s"^^http://www.w3.org/1999/02/22-rdf-syntax-ns#langString
http://xmlns.com/foaf/0.1/isPrimaryTopicOf	http://en.wikipedia.org/wiki/Boa_Esperança,_Espírito_Santo
http://dbpedia.org/property/longm	"17"^^http://www.w3.org/2001/XMLSchema#integer
http://dbpedia.org/property/populationTotal	"15318"^^http://www.w3.org/2001/XMLSchema#integer
http://dbpedia.org/property/longs	"45"^^http://www.w3.org/2001/XMLSchema#integer
http://dbpedia.org/property/populationAsOf	"2015"^^http://www.w3.org/2001/XMLSchema#integer
http://purl.org/dc/terms/subject	http://dbpedia.org/resource/Category:Municipalities_in_Espírito_Santo
http://dbpedia.org/property/state	"ES"^^http://www.w3.org/1999/02/22-rdf-syntax-ns#langString
http://dbpedia.org/ontology/wikiPageDisambiguates	http://dbpedia.org/resource/Boa_Esperança
http://www.w3.org/2000/01/rdf-schema#comment	"Boa Esperança est une municipalité brésilienne située dans l'État de l'Espirito Santo."@fr
http://dbpedia.org/property/longd	"40"^^http://www.w3.org/2001/XMLSchema#integer
http://xmlns.com/foaf/0.1/primaryTopic	http://en.wikipedia.org/wiki/Boa_Esperança,_Espírito_Santo
http://www.w3.org/2002/07/owl#sameAs	http://pt.dbpedia.org/resource/Boa_Esperança_(Espírito_Santo)
http://dbpedia.org/ontology/wikiPageRedirects	http://dbpedia.org/resource/Boa_Esperanca,_Espirito_Santo
http://dbpedia.org/ontology/wikiPageID	"1119918"^^http://www.w3.org/2001/XMLSchema#integer
http://dbpedia.org/property/areaTotal	"429"^^http://www.w3.org/2001/XMLSchema#integer
http://www.w3.org/ns/prov#wasDerivedFrom	http://en.wikipedia.org/wiki/Boa_Esperança,_Espírito_Santo?oldid=725392811
http://dbpedia.org/property/name	"Boa Esperança"^^http://www.w3.org/1999/02/22-rdf-syntax-ns#langString
http://purl.org/linguistics/gold/hypernym	http://dbpedia.org/resource/Municipality
http://dbpedia.org/property/latd	"18"^^http://www.w3.org/2001/XMLSchema#integer
http://dbpedia.org/ontology/abstract	"Boa Esperança è un comune del Brasile nello Stato dell'Espírito Santo, parte della mesoregione del Noroeste Espírito-Santense e della microregione di Nova Venécia."@it
http://www.w3.org/2000/01/rdf-schema#label	"Boa Esperança (Espírito Santo)"@pl
http://www.w3.org/1999/02/22-rdf-syntax-ns#type	http://dbpedia.org/class/yago/PhysicalEntity100001930
