#---Properties and values from: http://dbpedia.org/resource/Bláskógabyggð
Property	Value
http://dbpedia.org/property/populationDensity	"0.28000000000000002665"^^http://www.w3.org/2001/XMLSchema#decimal
http://dbpedia.org/ontology/wikiPageExternalLink	http://blaskogabyggd.is/
http://dbpedia.org/ontology/wikiPageRevisionID	"728155034"^^http://www.w3.org/2001/XMLSchema#integer
http://dbpedia.org/property/website	http://blaskogabyggd.is
http://dbpedia.org/property/manager	"Valtýr Valtýsson"^^http://www.w3.org/1999/02/22-rdf-syntax-ns#langString
http://xmlns.com/foaf/0.1/isPrimaryTopicOf	http://en.wikipedia.org/wiki/Bláskógabyggð
http://dbpedia.org/property/established	"2002-06-09"^^http://www.w3.org/2001/XMLSchema#date
http://dbpedia.org/property/populationTotal	"931"^^http://www.w3.org/2001/XMLSchema#integer
http://dbpedia.org/property/lonDeg	"-20.400900000000000034"^^http://www.w3.org/2001/XMLSchema#decimal
http://dbpedia.org/ontology/isPartOf	http://dbpedia.org/resource/Reykholt,_Southern_Iceland
http://purl.org/dc/terms/subject	http://dbpedia.org/resource/Category:Municipalities_of_Iceland
http://www.w3.org/2000/01/rdf-schema#comment	"Bláskógabyggð ist eine Gemeinde in der Region Suðurland im Südwesten Islands. Am 1. Januar 2014 zählte die Gemeinde 931 Einwohner. Auf ihrem Gemeindegebiet liegen zwei bedeutende Zentren isländischer Geschichte, die alte Thingstätte Þingvellir und der ehemalige Bischofssitz Skálholt. Die drei größten Siedlungen sind Reykholt mit 219 Einwohnern, Laugarvatn mit 165 Einwohnern und Laugarás mit 100 Einwohnern."@de
http://xmlns.com/foaf/0.1/primaryTopic	http://en.wikipedia.org/wiki/Bláskógabyggð
http://dbpedia.org/property/constituency	http://dbpedia.org/resource/South_Constituency
http://dbpedia.org/ontology/wikiPageRedirects	http://dbpedia.org/resource/Blaskogabyggd
http://www.w3.org/2002/07/owl#sameAs	http://de.dbpedia.org/resource/Bláskógabyggð
http://dbpedia.org/ontology/thumbnail	http://commons.wikimedia.org/wiki/Special:FilePath/Blaskogabyggd_map.png?width=300
http://dbpedia.org/property/number	"8721"^^http://www.w3.org/2001/XMLSchema#integer
http://dbpedia.org/ontology/wikiPageID	"14876819"^^http://www.w3.org/2001/XMLSchema#integer
http://dbpedia.org/property/areaTotal	"3300"^^http://www.w3.org/2001/XMLSchema#integer
http://dbpedia.org/ontology/nearestCity	http://dbpedia.org/resource/Laugarvatn
http://www.w3.org/ns/prov#wasDerivedFrom	http://en.wikipedia.org/wiki/Bláskógabyggð?oldid=728155034
http://dbpedia.org/property/name	"Bláskógabyggð"^^http://www.w3.org/1999/02/22-rdf-syntax-ns#langString
http://dbpedia.org/property/caption	"Location of the municipality"^^http://www.w3.org/1999/02/22-rdf-syntax-ns#langString
http://xmlns.com/foaf/0.1/depiction	http://commons.wikimedia.org/wiki/Special:FilePath/Blaskogabyggd_map.png
http://dbpedia.org/property/postalCodes	"840"^^http://www.w3.org/2001/XMLSchema#integer
http://purl.org/linguistics/gold/hypernym	http://dbpedia.org/resource/Municipality
http://dbpedia.org/ontology/abstract	"Bláskógabyggð es un municipio de Islandia. Se encuentra en el suroccidente de la isla."@es
http://www.w3.org/2000/01/rdf-schema#label	"Bláskógabyggð"@en
http://dbpedia.org/property/latDeg	"64.276399999999995316"^^http://www.w3.org/2001/XMLSchema#decimal
http://xmlns.com/foaf/0.1/homepage	http://blaskogabyggd.is
http://www.w3.org/1999/02/22-rdf-syntax-ns#type	http://dbpedia.org/class/yago/YagoPermanentlyLocatedEntity
http://dbpedia.org/property/region	http://dbpedia.org/resource/Southern_Region_(Iceland)
