#---Properties and values from: http://dbpedia.org/resource/Harich,_Friesland
Property	Value
http://xmlns.com/foaf/0.1/name	"Harich"@en
http://dbpedia.org/ontology/wikiPageRevisionID	"672732667"^^http://www.w3.org/2001/XMLSchema#integer
http://dbpedia.org/property/settlementType	"Village"^^http://www.w3.org/1999/02/22-rdf-syntax-ns#langString
http://www.w3.org/2003/01/geo/wgs84_pos#long	"5.5661110877990722656"^^http://www.w3.org/2001/XMLSchema#float
http://dbpedia.org/property/imageMap	"Map NL Gaasterlân Sleat Harich.png"^^http://www.w3.org/1999/02/22-rdf-syntax-ns#langString
http://xmlns.com/foaf/0.1/isPrimaryTopicOf	http://en.wikipedia.org/wiki/Harich,_Friesland
http://dbpedia.org/property/subdivisionType	"Province"^^http://www.w3.org/1999/02/22-rdf-syntax-ns#langString
http://dbpedia.org/ontology/country	http://dbpedia.org/resource/Netherlands
http://dbpedia.org/property/populationTotal	"c. 210"^^http://www.w3.org/1999/02/22-rdf-syntax-ns#langString
http://purl.org/dc/terms/subject	http://dbpedia.org/resource/Category:Populated_places_in_Friesland
http://dbpedia.org/ontology/isPartOf	http://dbpedia.org/resource/Friesland
http://www.w3.org/2000/01/rdf-schema#comment	"Harich – wieś położona w północnej Holandii, we Fryzji, w gminie Gaasterland-Sloten, około kilometr na północ od Balk."@pl
http://xmlns.com/foaf/0.1/primaryTopic	http://en.wikipedia.org/wiki/Harich,_Friesland
http://www.w3.org/2002/07/owl#sameAs	http://nl.dbpedia.org/resource/Harich
http://dbpedia.org/ontology/wikiPageRedirects	http://dbpedia.org/resource/Harich,_Netherlands
http://www.w3.org/2003/01/geo/wgs84_pos#lat	"52.90277862548828125"^^http://www.w3.org/2001/XMLSchema#float
http://www.georss.org/georss/point	"52.90277777777778 5.566111111111111"
http://dbpedia.org/ontology/thumbnail	http://commons.wikimedia.org/wiki/Special:FilePath/Map_NL_Gaasterlân_Sleat_Harich.png?width=300
http://dbpedia.org/ontology/wikiPageID	"16570431"^^http://www.w3.org/2001/XMLSchema#integer
http://dbpedia.org/ontology/birthPlace	http://dbpedia.org/resource/Mered_de_Vries
http://www.w3.org/ns/prov#wasDerivedFrom	http://en.wikipedia.org/wiki/Harich,_Friesland?oldid=672732667
http://xmlns.com/foaf/0.1/depiction	http://commons.wikimedia.org/wiki/Special:FilePath/Map_NL_Gaasterlân_Sleat_Harich.png
http://purl.org/linguistics/gold/hypernym	http://dbpedia.org/resource/Village
http://dbpedia.org/ontology/abstract	"Harich is a small village in De Friese Meren in the province of Friesland, the Netherlands. It had a population of around 210 in 2004."@en
http://www.w3.org/2003/01/geo/wgs84_pos#geometry	"POINT(5.5661110877991 52.902778625488)"^^http://www.openlinksw.com/schemas/virtrdf#Geometry
http://www.w3.org/2000/01/rdf-schema#label	"Harich"@fr
http://dbpedia.org/property/mapsize	"280"^^http://www.w3.org/2001/XMLSchema#integer
http://www.w3.org/1999/02/22-rdf-syntax-ns#type	http://dbpedia.org/ontology/Location
