#---Properties and values from: http://dbpedia.org/resource/Cernadelo_e_Lousada_(São_Miguel_e_Santa_Margarida)
Property	Value
http://dbpedia.org/property/officialName	"Cernadelo e Lousada"^^http://www.w3.org/1999/02/22-rdf-syntax-ns#langString
http://dbpedia.org/ontology/wikiPageRevisionID	"701644005"^^http://www.w3.org/2001/XMLSchema#integer
http://xmlns.com/foaf/0.1/isPrimaryTopicOf	http://en.wikipedia.org/wiki/Cernadelo_e_Lousada_(São_Miguel_e_Santa_Margarida)
http://dbpedia.org/property/municipality	http://dbpedia.org/resource/Lousada
http://dbpedia.org/ontology/country	http://dbpedia.org/resource/Portugal
http://dbpedia.org/property/populationTotal	"2166"^^http://www.w3.org/2001/XMLSchema#integer
http://dbpedia.org/property/populationAsOf	"2011"^^http://www.w3.org/2001/XMLSchema#integer
http://purl.org/dc/terms/subject	http://dbpedia.org/resource/Category:Parishes_of_Lousada
http://www.w3.org/2000/01/rdf-schema#comment	"Santa Margarida de Lousada is een plaats (freguesia) in de Portugese gemeente Lousada en telt 405 inwoners (2001)."@nl
http://dbpedia.org/property/cim	http://dbpedia.org/resource/Tâmega_e_Sousa
http://dbpedia.org/property/longd	"-8.2400000000000002132"^^http://www.w3.org/2001/XMLSchema#decimal
http://xmlns.com/foaf/0.1/primaryTopic	http://en.wikipedia.org/wiki/Cernadelo_e_Lousada_(São_Miguel_e_Santa_Margarida)
http://dbpedia.org/ontology/wikiPageRedirects	http://dbpedia.org/resource/Santa_Margarida_de_Lousada
http://www.w3.org/2002/07/owl#sameAs	http://pt.dbpedia.org/resource/Santa_Margarida_de_Lousada
http://dbpedia.org/property/areaTotal	"7.3399999999999998579"^^http://www.w3.org/2001/XMLSchema#decimal
http://dbpedia.org/ontology/wikiPageID	"6371922"^^http://www.w3.org/2001/XMLSchema#integer
http://www.w3.org/ns/prov#wasDerivedFrom	http://en.wikipedia.org/wiki/Cernadelo_e_Lousada_(São_Miguel_e_Santa_Margarida)?oldid=701644005
http://dbpedia.org/property/district	http://dbpedia.org/resource/Porto_District
http://purl.org/linguistics/gold/hypernym	http://dbpedia.org/resource/Parish
http://dbpedia.org/property/latd	"41.299999999999997158"^^http://www.w3.org/2001/XMLSchema#decimal
http://dbpedia.org/property/subregion	http://dbpedia.org/resource/Tâmega_Subregion
http://dbpedia.org/ontology/abstract	"圣玛格丽达-迪洛萨达（葡萄牙语：Santa Margarida de Lousada）是葡萄牙波尔图区的一个堂区。总面积1.89平方公里，总人口405人，人口密度214.3人/平方公里。"@zh
http://www.w3.org/2000/01/rdf-schema#label	"圣玛格丽达-迪洛萨达"@zh
http://www.w3.org/1999/02/22-rdf-syntax-ns#type	http://dbpedia.org/class/yago/Region108630985
http://dbpedia.org/property/region	http://dbpedia.org/resource/Norte_Region,_Portugal
