#---Properties and values from: http://dbpedia.org/resource/Adolfo
Property	Value
http://dbpedia.org/property/lats	"8"^^http://www.w3.org/2001/XMLSchema#integer
http://dbpedia.org/ontology/wikiPageRevisionID	"742568510"^^http://www.w3.org/2001/XMLSchema#integer
http://dbpedia.org/property/latm	"14"^^http://www.w3.org/2001/XMLSchema#integer
http://dbpedia.org/property/latns	"S"^^http://www.w3.org/1999/02/22-rdf-syntax-ns#langString
http://dbpedia.org/property/imageMap	"SaoPaulo Municip Adolfo.svg"^^http://www.w3.org/1999/02/22-rdf-syntax-ns#langString
http://xmlns.com/foaf/0.1/isPrimaryTopicOf	http://en.wikipedia.org/wiki/Adolfo
http://dbpedia.org/property/longm	"38"^^http://www.w3.org/2001/XMLSchema#integer
http://dbpedia.org/property/populationTotal	"3623"^^http://www.w3.org/2001/XMLSchema#integer
http://dbpedia.org/property/populationAsOf	"2015"^^http://www.w3.org/2001/XMLSchema#integer
http://dbpedia.org/property/longs	"38"^^http://www.w3.org/2001/XMLSchema#integer
http://purl.org/dc/terms/subject	http://dbpedia.org/resource/Category:Municipalities_in_São_Paulo_(state)
http://dbpedia.org/property/elevation	"443"^^http://www.w3.org/2001/XMLSchema#integer
http://dbpedia.org/property/state	"SP"^^http://www.w3.org/1999/02/22-rdf-syntax-ns#langString
http://www.w3.org/2000/01/rdf-schema#comment	"Адолфу (порт. Adolfo) — муниципалитет в Бразилии, входит в штат Сан-Паулу. Составная часть мезорегиона Сан-Жозе-ду-Риу-Прету. Входит в экономико-статистический микрорегион Сан-Жозе-ду-Риу-Прету. Население составляет 3989 человек на 2006 год. Занимает площадь 210,843км². Плотность населения — 18,9 чел./км². Праздник города — 30 ноября."@ru
http://dbpedia.org/property/longd	"49"^^http://www.w3.org/2001/XMLSchema#integer
http://xmlns.com/foaf/0.1/primaryTopic	http://en.wikipedia.org/wiki/Adolfo
http://www.w3.org/2002/07/owl#sameAs	http://yago-knowledge.org/resource/Adolfo
http://dbpedia.org/ontology/wikiPageRedirects	http://dbpedia.org/resource/Adolfo,_Brazil
http://dbpedia.org/ontology/thumbnail	http://commons.wikimedia.org/wiki/Special:FilePath/SaoPaulo_Municip_Adolfo.svg?width=300
http://dbpedia.org/property/areaTotal	"211.09999999999999432"^^http://www.w3.org/2001/XMLSchema#decimal
http://dbpedia.org/ontology/wikiPageID	"996548"^^http://www.w3.org/2001/XMLSchema#integer
http://www.w3.org/ns/prov#wasDerivedFrom	http://en.wikipedia.org/wiki/Adolfo?oldid=742568510
http://xmlns.com/foaf/0.1/depiction	http://commons.wikimedia.org/wiki/Special:FilePath/SaoPaulo_Municip_Adolfo.svg
http://purl.org/linguistics/gold/hypernym	http://dbpedia.org/resource/Municipality
http://dbpedia.org/property/latd	"21"^^http://www.w3.org/2001/XMLSchema#integer
http://dbpedia.org/property/postalCode	"15230"^^http://www.w3.org/2001/XMLSchema#integer
http://dbpedia.org/ontology/abstract	"Adolfo é um município brasileiro do estado de São Paulo. A cidade tem uma população de 3.557 habitantes (IBGE//2010). Pertence à Microrregião de São José do Rio Preto. Adolfo foi fundada em 1959."@pt
http://www.w3.org/2000/01/rdf-schema#label	"阿多尔福"@zh
http://www.w3.org/1999/02/22-rdf-syntax-ns#type	http://dbpedia.org/class/yago/Tract108673395
