#---Properties and values from: http://dbpedia.org/resource/Jerash
Property	Value
http://dbpedia.org/property/longew	"E"^^http://www.w3.org/1999/02/22-rdf-syntax-ns#langString
http://xmlns.com/foaf/0.1/name	"Jerash"@en
http://dbpedia.org/property/lats	"20.210000000000000853"^^http://www.w3.org/2001/XMLSchema#decimal
http://dbpedia.org/ontology/wikiPageExternalLink	http://pleiades.stoa.org/places/678158
http://dbpedia.org/property/timezoneDst	"+3"^^http://www.w3.org/1999/02/22-rdf-syntax-ns#langString
http://dbpedia.org/property/latm	"16"^^http://www.w3.org/2001/XMLSchema#integer
http://dbpedia.org/property/latns	"N"^^http://www.w3.org/1999/02/22-rdf-syntax-ns#langString
http://dbpedia.org/property/imageSkyline	"Jerash City.jpg"^^http://www.w3.org/1999/02/22-rdf-syntax-ns#langString
http://www.w3.org/2003/01/geo/wgs84_pos#long	"35.89139556884765625"^^http://www.w3.org/2001/XMLSchema#float
http://dbpedia.org/property/subdivisionType	"Country"^^http://www.w3.org/1999/02/22-rdf-syntax-ns#langString
http://purl.org/dc/terms/subject	http://dbpedia.org/resource/Category:Palestinian_refugee_camps_in_Jordan
http://dbpedia.org/ontology/isPartOf	http://dbpedia.org/resource/Jerash_Governorate
http://dbpedia.org/ontology/synonym	"Gerasa (Ancient Greek)"
http://dbpedia.org/ontology/elevation	"599.84640000000001692"^^http://www.w3.org/2001/XMLSchema#decimal
http://www.w3.org/ns/prov#wasDerivedFrom	http://en.wikipedia.org/wiki/Jerash?oldid=739237415
http://dbpedia.org/ontology/timeZone	http://dbpedia.org/resource/Greenwich_Mean_Time
http://dbpedia.org/ontology/areaCode	"+(962)2"
http://dbpedia.org/ontology/city	http://dbpedia.org/resource/Zarqa_River
http://dbpedia.org/property/latd	"32"^^http://www.w3.org/2001/XMLSchema#integer
http://dbpedia.org/property/establishedTitle	"Municipality established"^^http://www.w3.org/1999/02/22-rdf-syntax-ns#langString
http://xmlns.com/foaf/0.1/nick	"Pompeii of the East, The city of 1000 columns"@en
http://xmlns.com/foaf/0.1/homepage	http://www.jerash.gov.jo
http://www.w3.org/1999/02/22-rdf-syntax-ns#type	http://dbpedia.org/class/yago/WikicatPalestinianRefugeeCampsInJordan
http://dbpedia.org/ontology/garrison	http://dbpedia.org/resource/Jordanian_Northern_Command
http://dbpedia.org/ontology/wikiPageRevisionID	"739237415"^^http://www.w3.org/2001/XMLSchema#integer
http://dbpedia.org/property/deathPlace	http://dbpedia.org/resource/Abu_Ali_Iyad
http://dbpedia.org/property/imagesize	"300"^^http://www.w3.org/2001/XMLSchema#integer
http://dbpedia.org/property/settlementType	"City"^^http://www.w3.org/1999/02/22-rdf-syntax-ns#langString
http://dbpedia.org/property/coordinatesRegion	"JO"^^http://www.w3.org/1999/02/22-rdf-syntax-ns#langString
http://dbpedia.org/property/imageCaption	"The Roman city of Gerasa and the modern Jerash ."^^http://www.w3.org/1999/02/22-rdf-syntax-ns#langString
http://dbpedia.org/property/governmentType	"Municipality"^^http://www.w3.org/1999/02/22-rdf-syntax-ns#langString
http://xmlns.com/foaf/0.1/isPrimaryTopicOf	http://en.wikipedia.org/wiki/Jerash
http://dbpedia.org/ontology/country	http://dbpedia.org/resource/Jordan
http://dbpedia.org/property/longm	"53"^^http://www.w3.org/2001/XMLSchema#integer
http://dbpedia.org/ontology/area	"1.0"^^http://www.w3.org/2001/XMLSchema#decimal
http://dbpedia.org/property/populationTotal	"city , Municipality"^^http://www.w3.org/1999/02/22-rdf-syntax-ns#langString
http://dbpedia.org/property/longs	"29.030000000000001137"^^http://www.w3.org/2001/XMLSchema#decimal
http://dbpedia.org/property/populationAsOf	"2003"^^http://www.w3.org/2001/XMLSchema#integer
http://www.w3.org/2000/01/rdf-schema#comment	"傑拉什是約旦的城市，位於該國西北部，由傑拉什省負責管轄，距離首都安曼48公里，始建於公元前2000年，海拔高度約600米，該鎮大部分地區在公元749年發生的地震中被摧毀，2003年人口41,500。"@zh
http://dbpedia.org/property/longd	"35"^^http://www.w3.org/2001/XMLSchema#integer
http://xmlns.com/foaf/0.1/primaryTopic	http://en.wikipedia.org/wiki/Jerash
http://dbpedia.org/ontology/leaderTitle	"Mayor"@en
http://dbpedia.org/ontology/routeJunction	http://dbpedia.org/resource/Highway_20_(Jordan)
http://www.w3.org/2002/07/owl#sameAs	http://cs.dbpedia.org/resource/Džaraš
http://dbpedia.org/ontology/wikiPageRedirects	http://dbpedia.org/resource/Jerash,_Jordan
http://dbpedia.org/ontology/PopulatedPlace/area	"1.0E-6"^^http://dbpedia.org/datatype/squareKilometre
http://www.w3.org/2003/01/geo/wgs84_pos#lat	"32.272281646728515625"^^http://www.w3.org/2001/XMLSchema#float
http://www.georss.org/georss/point	"32.272280555555554 35.891397222222224"
http://dbpedia.org/ontology/thumbnail	http://commons.wikimedia.org/wiki/Special:FilePath/Jerash_City.jpg?width=300
http://dbpedia.org/ontology/wikiPageID	"184234"^^http://www.w3.org/2001/XMLSchema#integer
http://dbpedia.org/ontology/nearestCity	http://dbpedia.org/resource/Dibeen_Forest_Reserve
http://dbpedia.org/ontology/location	http://dbpedia.org/resource/Jerash_Festival
http://dbpedia.org/ontology/birthPlace	http://dbpedia.org/resource/Mudar_Badran
http://dbpedia.org/property/pushpinMap	"Jordan"^^http://www.w3.org/1999/02/22-rdf-syntax-ns#langString
http://xmlns.com/foaf/0.1/depiction	http://commons.wikimedia.org/wiki/Special:FilePath/Jerash_City.jpg
http://dbpedia.org/property/patron	http://dbpedia.org/resource/Jerash_Festival
http://purl.org/linguistics/gold/hypernym	http://dbpedia.org/resource/Capital
http://dbpedia.org/ontology/capital	http://dbpedia.org/resource/Jerash_Governorate
http://dbpedia.org/property/establishedDate	"2000"^^http://www.w3.org/2001/XMLSchema#integer
http://dbpedia.org/ontology/abstract	"Jerash (in de oudheid Gerasa of Antiochië aan de Gouden Rivier) is een stad in het noorden van Jordanië gelegen 45 km ten noorden van de hoofdstad Amman, aan de rivier de Jabbok. Gerasa wordt beschouwd als een van de belangrijkste Grieks-Romeinse-Byzantijnse steden in het Midden-Oosten. De stad was een van de Dekapolissteden. Het is thans een uitgebreide archeologische site."@nl
http://www.w3.org/2003/01/geo/wgs84_pos#geometry	"POINT(35.891395568848 32.272281646729)"^^http://www.openlinksw.com/schemas/virtrdf#Geometry
http://www.w3.org/2000/01/rdf-schema#label	"Джараш"@ru
