#---Properties and values from: http://dbpedia.org/resource/Colorado_do_Oeste
Property	Value
http://dbpedia.org/property/lats	"0"^^http://www.w3.org/2001/XMLSchema#integer
http://dbpedia.org/ontology/wikiPageRevisionID	"725398433"^^http://www.w3.org/2001/XMLSchema#integer
http://dbpedia.org/property/latm	"7"^^http://www.w3.org/2001/XMLSchema#integer
http://dbpedia.org/property/latns	"s"^^http://www.w3.org/1999/02/22-rdf-syntax-ns#langString
http://dbpedia.org/property/imageMap	"Rondonia Municip ColoradodoOeste.svg"^^http://www.w3.org/1999/02/22-rdf-syntax-ns#langString
http://xmlns.com/foaf/0.1/isPrimaryTopicOf	http://en.wikipedia.org/wiki/Colorado_do_Oeste
http://dbpedia.org/property/longm	"32"^^http://www.w3.org/2001/XMLSchema#integer
http://dbpedia.org/property/populationTotal	"18817"^^http://www.w3.org/2001/XMLSchema#integer
http://dbpedia.org/property/populationAsOf	"2015"^^http://www.w3.org/2001/XMLSchema#integer
http://dbpedia.org/property/longs	"30"^^http://www.w3.org/2001/XMLSchema#integer
http://purl.org/dc/terms/subject	http://dbpedia.org/resource/Category:Municipalities_in_Rondônia
http://dbpedia.org/property/state	"RO"^^http://www.w3.org/1999/02/22-rdf-syntax-ns#langString
http://www.w3.org/2000/01/rdf-schema#comment	"西科羅拉多是巴西的城鎮，位於該國西北部，由朗多尼亞州負責管轄，始建於1981年6月16日，面積1,451平方公里，海拔高度460米，2010年人口18,591，人口密度每平方公里12.81人。"@zh
http://dbpedia.org/property/longd	"60"^^http://www.w3.org/2001/XMLSchema#integer
http://xmlns.com/foaf/0.1/primaryTopic	http://en.wikipedia.org/wiki/Colorado_do_Oeste
http://www.w3.org/2002/07/owl#sameAs	http://www.wikidata.org/entity/Q1785819
http://dbpedia.org/ontology/wikiPageRedirects	http://dbpedia.org/resource/Colorado_do_oeste
http://dbpedia.org/ontology/thumbnail	http://commons.wikimedia.org/wiki/Special:FilePath/Rondonia_Municip_ColoradodoOeste.svg?width=300
http://dbpedia.org/property/areaTotal	"1451"^^http://www.w3.org/2001/XMLSchema#integer
http://dbpedia.org/ontology/wikiPageID	"8680339"^^http://www.w3.org/2001/XMLSchema#integer
http://dbpedia.org/ontology/birthPlace	http://dbpedia.org/resource/Nícolas_Andrade
http://www.w3.org/ns/prov#wasDerivedFrom	http://en.wikipedia.org/wiki/Colorado_do_Oeste?oldid=725398433
http://xmlns.com/foaf/0.1/depiction	http://commons.wikimedia.org/wiki/Special:FilePath/Rondonia_Municip_ColoradodoOeste.svg
http://purl.org/linguistics/gold/hypernym	http://dbpedia.org/resource/Municipality
http://dbpedia.org/property/latd	"13"^^http://www.w3.org/2001/XMLSchema#integer
http://dbpedia.org/ontology/abstract	"Colorado do Oeste is een gemeente in de Braziliaanse deelstaat Rondônia. De gemeente telt 17.822 inwoners (schatting 2009)."@nl
http://www.w3.org/2000/01/rdf-schema#label	"Колораду-ду-Уэсти"@ru
http://www.w3.org/1999/02/22-rdf-syntax-ns#type	http://dbpedia.org/class/yago/Location100027167
