#---Properties and values from: http://dbpedia.org/resource/Stari_Tabor
Property	Value
http://dbpedia.org/property/longew	"E"^^http://www.w3.org/1999/02/22-rdf-syntax-ns#langString
http://xmlns.com/foaf/0.1/name	"Stari Tabor"@en
http://dbpedia.org/property/lats	"50.310000000000002274"^^http://www.w3.org/2001/XMLSchema#decimal
http://dbpedia.org/ontology/wikiPageExternalLink	http://www.gottscheerland.at/ortsplaene/Alttabor.pdf
http://dbpedia.org/ontology/wikiPageRevisionID	"621032780"^^http://www.w3.org/2001/XMLSchema#integer
http://dbpedia.org/property/imagesize	"250"^^http://www.w3.org/2001/XMLSchema#integer
http://dbpedia.org/property/latm	"38"^^http://www.w3.org/2001/XMLSchema#integer
http://dbpedia.org/property/latns	"N"^^http://www.w3.org/1999/02/22-rdf-syntax-ns#langString
http://www.w3.org/2003/01/geo/wgs84_pos#long	"15.114044189453125"^^http://www.w3.org/2001/XMLSchema#float
http://dbpedia.org/property/coordinatesRegion	"SI"^^http://www.w3.org/1999/02/22-rdf-syntax-ns#langString
http://dbpedia.org/property/pushpinLabelPosition	"top"^^http://www.w3.org/1999/02/22-rdf-syntax-ns#langString
http://xmlns.com/foaf/0.1/isPrimaryTopicOf	http://en.wikipedia.org/wiki/Stari_Tabor
http://dbpedia.org/property/subdivisionType	"Traditional region"^^http://www.w3.org/1999/02/22-rdf-syntax-ns#langString
http://dbpedia.org/property/longm	"6"^^http://www.w3.org/2001/XMLSchema#integer
http://dbpedia.org/ontology/country	http://dbpedia.org/resource/Slovenia
http://dbpedia.org/property/populationTotal	"none"^^http://www.w3.org/1999/02/22-rdf-syntax-ns#langString
http://dbpedia.org/property/populationAsOf	"2002"^^http://www.w3.org/2001/XMLSchema#integer
http://dbpedia.org/property/longs	"50.560000000000002274"^^http://www.w3.org/2001/XMLSchema#decimal
http://purl.org/dc/terms/subject	http://dbpedia.org/resource/Category:Former_populated_places_in_the_Municipality_of_Semič
http://dbpedia.org/ontology/isPartOf	http://dbpedia.org/resource/Lower_Carniola
http://www.w3.org/2000/01/rdf-schema#comment	"Stari Tabor (pronounced [ˈstaːɾi ˈtaːbɔɾ]; German: Alttabor, Gottscheerish: Autrtawr or Aotrtawr) is a remote abandoned settlement in the Municipality of Semič in southern Slovenia. The area is part of the traditional region of Lower Carniola and is now included in the Southeast Slovenia Statistical Region. Its territory is now part of the village of Brezovica pri Črmošnjicah."@en
http://dbpedia.org/property/longd	"15"^^http://www.w3.org/2001/XMLSchema#integer
http://xmlns.com/foaf/0.1/primaryTopic	http://en.wikipedia.org/wiki/Stari_Tabor
http://www.w3.org/2002/07/owl#sameAs	http://rdf.freebase.com/ns/m.0kg2k4z
http://www.w3.org/2003/01/geo/wgs84_pos#lat	"45.647308349609375"^^http://www.w3.org/2001/XMLSchema#float
http://www.georss.org/georss/point	"45.647308333333335 15.114044444444444"
http://dbpedia.org/ontology/thumbnail	http://commons.wikimedia.org/wiki/Special:FilePath/Flag_of_Slovenia.svg?width=300
http://dbpedia.org/ontology/elevation	"625.10000000000002274"^^http://www.w3.org/2001/XMLSchema#decimal
http://dbpedia.org/ontology/wikiPageID	"36557430"^^http://www.w3.org/2001/XMLSchema#integer
http://www.w3.org/ns/prov#wasDerivedFrom	http://en.wikipedia.org/wiki/Stari_Tabor?oldid=621032780
http://dbpedia.org/property/coordinatesDisplay	"inline,title"^^http://www.w3.org/1999/02/22-rdf-syntax-ns#langString
http://dbpedia.org/property/pushpinMap	"Slovenia"^^http://www.w3.org/1999/02/22-rdf-syntax-ns#langString
http://dbpedia.org/property/populationBlank2Title	"Religions"^^http://www.w3.org/1999/02/22-rdf-syntax-ns#langString
http://dbpedia.org/property/populationBlank1Title	"Ethnicities"^^http://www.w3.org/1999/02/22-rdf-syntax-ns#langString
http://xmlns.com/foaf/0.1/depiction	http://commons.wikimedia.org/wiki/Special:FilePath/Flag_of_Slovenia.svg
http://purl.org/linguistics/gold/hypernym	http://dbpedia.org/resource/Settlement
http://dbpedia.org/property/latd	"45"^^http://www.w3.org/2001/XMLSchema#integer
http://dbpedia.org/ontology/abstract	"Stari Tabor (pronounced [ˈstaːɾi ˈtaːbɔɾ]; German: Alttabor, Gottscheerish: Autrtawr or Aotrtawr) is a remote abandoned settlement in the Municipality of Semič in southern Slovenia. The area is part of the traditional region of Lower Carniola and is now included in the Southeast Slovenia Statistical Region. Its territory is now part of the village of Brezovica pri Črmošnjicah."@en
http://dbpedia.org/property/pushpinMapCaption	"Location in Slovenia"^^http://www.w3.org/1999/02/22-rdf-syntax-ns#langString
http://www.w3.org/2003/01/geo/wgs84_pos#geometry	"POINT(15.114044189453 45.647308349609)"^^http://www.openlinksw.com/schemas/virtrdf#Geometry
http://www.w3.org/2000/01/rdf-schema#label	"Stari Tabor"@en
http://www.w3.org/1999/02/22-rdf-syntax-ns#type	http://dbpedia.org/class/yago/Object100002684
