#---Properties and values from: http://dbpedia.org/resource/Loures_(parish)
Property	Value
http://dbpedia.org/ontology/wikiPageExternalLink	http://www.jf-loures.pt/
http://dbpedia.org/property/officialName	"Loures"^^http://www.w3.org/1999/02/22-rdf-syntax-ns#langString
http://dbpedia.org/ontology/wikiPageRevisionID	"701646310"^^http://www.w3.org/2001/XMLSchema#integer
http://dbpedia.org/ontology/deathPlace	http://dbpedia.org/resource/Fernando_Cabrita
http://dbpedia.org/property/areaCode	"219"^^http://www.w3.org/2001/XMLSchema#integer
http://xmlns.com/foaf/0.1/isPrimaryTopicOf	http://en.wikipedia.org/wiki/Loures_(parish)
http://dbpedia.org/property/municipality	http://dbpedia.org/resource/Loures
http://dbpedia.org/ontology/country	http://dbpedia.org/resource/Portugal
http://dbpedia.org/property/populationTotal	"26769"^^http://www.w3.org/2001/XMLSchema#integer
http://dbpedia.org/property/populationAsOf	"2011"^^http://www.w3.org/2001/XMLSchema#integer
http://dbpedia.org/property/metro	http://dbpedia.org/resource/Lisbon_Metropolitan_Area
http://purl.org/dc/terms/subject	http://dbpedia.org/resource/Category:Parishes_of_Loures
http://www.w3.org/2000/01/rdf-schema#comment	"Loures es una freguesia portuguesa del concelho de Loures, con 24,91 km² de superficie y 24.237 habitantes (2001). Su densidad de población es de 973,0 hab/km²."@es
http://dbpedia.org/property/imageShield	"LRS-loures.png"^^http://www.w3.org/1999/02/22-rdf-syntax-ns#langString
http://dbpedia.org/property/longd	"-9.1690000000000004832"^^http://www.w3.org/2001/XMLSchema#decimal
http://xmlns.com/foaf/0.1/primaryTopic	http://en.wikipedia.org/wiki/Loures_(parish)
http://www.w3.org/2002/07/owl#sameAs	http://wikidata.dbpedia.org/resource/Q2451252
http://dbpedia.org/ontology/postalCode	"2670"
http://dbpedia.org/ontology/thumbnail	http://commons.wikimedia.org/wiki/Special:FilePath/Pt-lrslr1.png?width=300
http://dbpedia.org/property/areaTotal	"32.820000000000000284"^^http://www.w3.org/2001/XMLSchema#decimal
http://dbpedia.org/ontology/wikiPageID	"43529398"^^http://www.w3.org/2001/XMLSchema#integer
http://dbpedia.org/ontology/location	http://dbpedia.org/resource/Roman_villa_of_Almoinhas
http://www.w3.org/ns/prov#wasDerivedFrom	http://en.wikipedia.org/wiki/Loures_(parish)?oldid=701646310
http://dbpedia.org/property/district	http://dbpedia.org/resource/Lisbon_District
http://xmlns.com/foaf/0.1/depiction	http://commons.wikimedia.org/wiki/Special:FilePath/Pt-lrslr1.png
http://dbpedia.org/property/patron	http://dbpedia.org/resource/Blessed_Virgin_Mary
http://purl.org/linguistics/gold/hypernym	http://dbpedia.org/resource/Parish
http://dbpedia.org/property/latd	"38.829000000000000625"^^http://www.w3.org/2001/XMLSchema#decimal
http://dbpedia.org/property/subregion	http://dbpedia.org/resource/Grande_Lisboa
http://dbpedia.org/ontology/abstract	"Loures es una freguesia portuguesa del concelho de Loures, con 24,91 km² de superficie y 24.237 habitantes (2001). Su densidad de población es de 973,0 hab/km²."@es
http://dbpedia.org/property/imageFlag	"Pt-lrslr1.png"^^http://www.w3.org/1999/02/22-rdf-syntax-ns#langString
http://www.w3.org/2000/01/rdf-schema#label	"Loures (freguesia)"@pt
http://xmlns.com/foaf/0.1/homepage	http://www.jf-loures.pt/
http://www.w3.org/1999/02/22-rdf-syntax-ns#type	http://dbpedia.org/ontology/Settlement
http://dbpedia.org/property/region	http://dbpedia.org/resource/Lisboa_Region
