#---Properties and values from: http://dbpedia.org/resource/Haule
Property	Value
http://xmlns.com/foaf/0.1/name	"Haule"@en
http://dbpedia.org/ontology/wikiPageExternalLink	http://www.friesarchiefnet.nl/genealogie.asp?partID=459#3e
http://dbpedia.org/ontology/wikiPageRevisionID	"541460099"^^http://www.w3.org/2001/XMLSchema#integer
http://www.w3.org/2003/01/geo/wgs84_pos#long	"6.3041667938232421875"^^http://www.w3.org/2001/XMLSchema#float
http://dbpedia.org/property/imageMap	"Map NL Eaststellingwerf De Haule.png"^^http://www.w3.org/1999/02/22-rdf-syntax-ns#langString
http://xmlns.com/foaf/0.1/isPrimaryTopicOf	http://en.wikipedia.org/wiki/Haule
http://dbpedia.org/property/subdivisionType	"Province"^^http://www.w3.org/1999/02/22-rdf-syntax-ns#langString
http://dbpedia.org/ontology/country	http://dbpedia.org/resource/Netherlands
http://dbpedia.org/property/populationTotal	"c. 611"^^http://www.w3.org/1999/02/22-rdf-syntax-ns#langString
http://dbpedia.org/property/populationAsOf	"2006"^^http://www.w3.org/2001/XMLSchema#integer
http://purl.org/dc/terms/subject	http://dbpedia.org/resource/Category:Populated_places_in_Friesland
http://dbpedia.org/ontology/isPartOf	http://dbpedia.org/resource/Friesland
http://www.w3.org/2000/01/rdf-schema#comment	"Haule est un village situé dans la commune néerlandaise d'Ooststellingwerf, dans la province de la Frise. Le 1er janvier 2008, le village comptait 629 habitants. 
* Portail des Pays-Bas Portail des Pays-Bas"@fr
http://dbpedia.org/ontology/type	http://dbpedia.org/resource/Village
http://xmlns.com/foaf/0.1/primaryTopic	http://en.wikipedia.org/wiki/Haule
http://www.w3.org/2002/07/owl#sameAs	http://www.wikidata.org/entity/Q3116978
http://www.w3.org/2003/01/geo/wgs84_pos#lat	"53.036945343017578125"^^http://www.w3.org/2001/XMLSchema#float
http://www.georss.org/georss/point	"53.036944444444444 6.304166666666666"
http://dbpedia.org/ontology/thumbnail	http://commons.wikimedia.org/wiki/Special:FilePath/Map_NL_Eaststellingwerf_De_Haule.png?width=300
http://dbpedia.org/ontology/wikiPageID	"19715709"^^http://www.w3.org/2001/XMLSchema#integer
http://www.w3.org/ns/prov#wasDerivedFrom	http://en.wikipedia.org/wiki/Haule?oldid=541460099
http://dbpedia.org/ontology/birthPlace	http://dbpedia.org/resource/Bob_de_Vries
http://xmlns.com/foaf/0.1/depiction	http://commons.wikimedia.org/wiki/Special:FilePath/Map_NL_Eaststellingwerf_De_Haule.png
http://purl.org/linguistics/gold/hypernym	http://dbpedia.org/resource/Village
http://dbpedia.org/ontology/abstract	"Haule (Fries: De Haule) is een lintdorp in de gemeente Ooststellingwerf, provincie Friesland (Nederland). Het ligt ten noorden van Oosterwolde, tussen deze plaats en Haulerwijk, en telt 611 inwoners (1 januari 2006). Het is een vanoudsher Friestalig dorp. De naam komt waarschijnlijk van havela, dat \"hoofd\" betekent en zou verwijzen naar de omstandigheid dat het gebied van het dorp hoger ligt dan de omgeving die veelal uit veen bestond. Aan beide zijden van Haule ligt een natuurgebied. Tussen Haule en Haulerwijk ligt het Blauwe Bos. Tussen Oosterwolde en Haule ligt de Haulerpolder."@nl
http://www.w3.org/2003/01/geo/wgs84_pos#geometry	"POINT(6.3041667938232 53.036945343018)"^^http://www.openlinksw.com/schemas/virtrdf#Geometry
http://www.w3.org/2000/01/rdf-schema#label	"Haule (Ooststellingwerf)"@nl
http://dbpedia.org/property/mapsize	"280"^^http://www.w3.org/2001/XMLSchema#integer
http://www.w3.org/1999/02/22-rdf-syntax-ns#type	http://dbpedia.org/class/yago/Object100002684
