#---Properties and values from: http://dbpedia.org/resource/Pedranópolis
Property	Value
http://dbpedia.org/property/lats	"51"^^http://www.w3.org/2001/XMLSchema#integer
http://dbpedia.org/ontology/wikiPageRevisionID	"720298008"^^http://www.w3.org/2001/XMLSchema#integer
http://dbpedia.org/property/latm	"14"^^http://www.w3.org/2001/XMLSchema#integer
http://dbpedia.org/property/latns	"S"^^http://www.w3.org/1999/02/22-rdf-syntax-ns#langString
http://dbpedia.org/property/imageMap	"SaoPaulo Municip Pedranopolis.svg"^^http://www.w3.org/1999/02/22-rdf-syntax-ns#langString
http://xmlns.com/foaf/0.1/isPrimaryTopicOf	http://en.wikipedia.org/wiki/Pedranópolis
http://dbpedia.org/property/longm	"6"^^http://www.w3.org/2001/XMLSchema#integer
http://dbpedia.org/property/populationTotal	"2570"^^http://www.w3.org/2001/XMLSchema#integer
http://dbpedia.org/property/longs	"37"^^http://www.w3.org/2001/XMLSchema#integer
http://dbpedia.org/property/populationAsOf	"2015"^^http://www.w3.org/2001/XMLSchema#integer
http://purl.org/dc/terms/subject	http://dbpedia.org/resource/Category:Municipalities_in_São_Paulo_(state)
http://dbpedia.org/property/state	"SP"^^http://www.w3.org/1999/02/22-rdf-syntax-ns#langString
http://www.w3.org/2000/01/rdf-schema#comment	"Pedranópolis è un comune del Brasile nello Stato di San Paolo, parte della mesoregione di São José do Rio Preto e della microregione di Fernandópolis."@it
http://dbpedia.org/property/longd	"50"^^http://www.w3.org/2001/XMLSchema#integer
http://xmlns.com/foaf/0.1/primaryTopic	http://en.wikipedia.org/wiki/Pedranópolis
http://www.w3.org/2002/07/owl#sameAs	http://wikidata.dbpedia.org/resource/Q952230
http://dbpedia.org/ontology/wikiPageRedirects	http://dbpedia.org/resource/Pedranopolis
http://dbpedia.org/ontology/thumbnail	http://commons.wikimedia.org/wiki/Special:FilePath/SaoPaulo_Municip_Pedranopolis.svg?width=300
http://dbpedia.org/ontology/wikiPageID	"1080390"^^http://www.w3.org/2001/XMLSchema#integer
http://dbpedia.org/property/areaTotal	"260"^^http://www.w3.org/2001/XMLSchema#integer
http://www.w3.org/ns/prov#wasDerivedFrom	http://en.wikipedia.org/wiki/Pedranópolis?oldid=720298008
http://xmlns.com/foaf/0.1/depiction	http://commons.wikimedia.org/wiki/Special:FilePath/SaoPaulo_Municip_Pedranopolis.svg
http://purl.org/linguistics/gold/hypernym	http://dbpedia.org/resource/Municipality
http://dbpedia.org/property/latd	"20"^^http://www.w3.org/2001/XMLSchema#integer
http://dbpedia.org/ontology/abstract	"Pedranópolis – miasto i gmina w Brazylii, w stanie São Paulo. Znajduje się w mezoregionie São José do Rio Preto i mikroregionie Fernandópolis."@pl
http://www.w3.org/2000/01/rdf-schema#label	"Педранополис"@ru
http://www.w3.org/1999/02/22-rdf-syntax-ns#type	http://dbpedia.org/class/yago/Tract108673395
