#---Properties and values from: http://dbpedia.org/resource/Feanwâldsterwâl,_Tytsjerksteradiel
Property	Value
http://xmlns.com/foaf/0.1/name	"Feanwâldsterwâl"@en
http://dbpedia.org/ontology/wikiPageExternalLink	http://www.veenwoudsterwal.nl/
http://dbpedia.org/ontology/wikiPageRevisionID	"725784531"^^http://www.w3.org/2001/XMLSchema#integer
http://dbpedia.org/property/settlementType	"Hamlet"^^http://www.w3.org/1999/02/22-rdf-syntax-ns#langString
http://www.w3.org/2003/01/geo/wgs84_pos#long	"5.9730553627014160156"^^http://www.w3.org/2001/XMLSchema#float
http://xmlns.com/foaf/0.1/isPrimaryTopicOf	http://en.wikipedia.org/wiki/Feanwâldsterwâl,_Tytsjerksteradiel
http://dbpedia.org/property/subdivisionType	"Province"^^http://www.w3.org/1999/02/22-rdf-syntax-ns#langString
http://dbpedia.org/ontology/country	http://dbpedia.org/resource/Netherlands
http://dbpedia.org/property/populationTotal	"c. 400"^^http://www.w3.org/1999/02/22-rdf-syntax-ns#langString
http://purl.org/dc/terms/subject	http://dbpedia.org/resource/Category:Tytsjerksteradiel
http://dbpedia.org/ontology/isPartOf	http://dbpedia.org/resource/Friesland
http://www.w3.org/2000/01/rdf-schema#comment	"Feanwâldsterwâl (Dutch: Veenwoudsterwal) is a hamlet in Tytsjerksteradiel in the province of Friesland, the Netherlands. The northern part of Feanwâldsterwâl is located in the adjacent municipality of Dantumadiel, (see Feanwâldsterwâl (Dantumadiel))."@en
http://xmlns.com/foaf/0.1/primaryTopic	http://en.wikipedia.org/wiki/Feanwâldsterwâl,_Tytsjerksteradiel
http://www.w3.org/2002/07/owl#sameAs	http://rdf.freebase.com/ns/m.04mx6xk
http://dbpedia.org/ontology/wikiPageRedirects	http://dbpedia.org/resource/Feanwaldsterwal,_Tytsjerksteradiel
http://www.w3.org/2003/01/geo/wgs84_pos#lat	"53.22833251953125"^^http://www.w3.org/2001/XMLSchema#float
http://www.georss.org/georss/point	"53.22833333333333 5.973055555555556"
http://dbpedia.org/ontology/wikiPageID	"19543613"^^http://www.w3.org/2001/XMLSchema#integer
http://www.w3.org/ns/prov#wasDerivedFrom	http://en.wikipedia.org/wiki/Feanwâldsterwâl,_Tytsjerksteradiel?oldid=725784531
http://purl.org/linguistics/gold/hypernym	http://dbpedia.org/resource/Hamlet
http://dbpedia.org/ontology/abstract	"Feanwâldsterwâl (Dutch: Veenwoudsterwal) is a hamlet in Tytsjerksteradiel in the province of Friesland, the Netherlands. The northern part of Feanwâldsterwâl is located in the adjacent municipality of Dantumadiel, (see Feanwâldsterwâl (Dantumadiel))."@en
http://www.w3.org/2003/01/geo/wgs84_pos#geometry	"POINT(5.9730553627014 53.228332519531)"^^http://www.openlinksw.com/schemas/virtrdf#Geometry
http://www.w3.org/2000/01/rdf-schema#label	"Feanwâldsterwâl, Tytsjerksteradiel"@en
http://dbpedia.org/property/mapsize	"280"^^http://www.w3.org/2001/XMLSchema#integer
http://www.w3.org/1999/02/22-rdf-syntax-ns#type	http://schema.org/Place
