#---Properties and values from: http://dbpedia.org/resource/Kolderwolde
Property	Value
http://xmlns.com/foaf/0.1/name	"Kolderwolde"@en
http://dbpedia.org/ontology/wikiPageRevisionID	"649908118"^^http://www.w3.org/2001/XMLSchema#integer
http://dbpedia.org/property/settlementType	"Village"^^http://www.w3.org/1999/02/22-rdf-syntax-ns#langString
http://www.w3.org/2003/01/geo/wgs84_pos#long	"5.5100002288818359375"^^http://www.w3.org/2001/XMLSchema#float
http://dbpedia.org/property/imageMap	"Map NL Gaasterlân Sleat Kolderwâlde.png"^^http://www.w3.org/1999/02/22-rdf-syntax-ns#langString
http://xmlns.com/foaf/0.1/isPrimaryTopicOf	http://en.wikipedia.org/wiki/Kolderwolde
http://dbpedia.org/property/subdivisionType	"Province"^^http://www.w3.org/1999/02/22-rdf-syntax-ns#langString
http://dbpedia.org/ontology/country	http://dbpedia.org/resource/Netherlands
http://dbpedia.org/property/populationTotal	"c. 70"^^http://www.w3.org/1999/02/22-rdf-syntax-ns#langString
http://purl.org/dc/terms/subject	http://dbpedia.org/resource/Category:Populated_places_in_Friesland
http://dbpedia.org/ontology/isPartOf	http://dbpedia.org/resource/Friesland
http://www.w3.org/2000/01/rdf-schema#comment	"Kolderwolde - wieś położona w północnej Holandii, we Fryzji, najmniejsza miejscowość w gminie Gaasterland-Sloten."@pl
http://xmlns.com/foaf/0.1/primaryTopic	http://en.wikipedia.org/wiki/Kolderwolde
http://www.w3.org/2002/07/owl#sameAs	http://pl.dbpedia.org/resource/Kolderwolde
http://www.w3.org/2003/01/geo/wgs84_pos#lat	"52.897220611572265625"^^http://www.w3.org/2001/XMLSchema#float
http://www.georss.org/georss/point	"52.897222222222226 5.51"
http://dbpedia.org/ontology/thumbnail	http://commons.wikimedia.org/wiki/Special:FilePath/Map_NL_Gaasterlân_Sleat_Kolderwâlde.png?width=300
http://dbpedia.org/ontology/wikiPageID	"16570552"^^http://www.w3.org/2001/XMLSchema#integer
http://www.w3.org/ns/prov#wasDerivedFrom	http://en.wikipedia.org/wiki/Kolderwolde?oldid=649908118
http://xmlns.com/foaf/0.1/depiction	http://commons.wikimedia.org/wiki/Special:FilePath/Map_NL_Gaasterlân_Sleat_Kolderwâlde.png
http://purl.org/linguistics/gold/hypernym	http://dbpedia.org/resource/Village
http://dbpedia.org/ontology/abstract	"Kolderwolde est un village situé dans la commune néerlandaise de De Fryske Marren, dans la province de Frise. Son nom en frison est Kolderwâlde."@fr
http://www.w3.org/2003/01/geo/wgs84_pos#geometry	"POINT(5.5100002288818 52.897220611572)"^^http://www.openlinksw.com/schemas/virtrdf#Geometry
http://www.w3.org/2000/01/rdf-schema#label	"Kolderwolde"@nl
http://dbpedia.org/property/mapsize	"280"^^http://www.w3.org/2001/XMLSchema#integer
http://www.w3.org/1999/02/22-rdf-syntax-ns#type	http://dbpedia.org/class/yago/YagoPermanentlyLocatedEntity
