#---Properties and values from: http://dbpedia.org/resource/Boavista_dos_Pinheiros
Property	Value
http://dbpedia.org/property/officialName	"Boavista dos Pinheiros"^^http://www.w3.org/1999/02/22-rdf-syntax-ns#langString
http://dbpedia.org/ontology/wikiPageRevisionID	"701642604"^^http://www.w3.org/2001/XMLSchema#integer
http://xmlns.com/foaf/0.1/isPrimaryTopicOf	http://en.wikipedia.org/wiki/Boavista_dos_Pinheiros
http://dbpedia.org/property/municipality	http://dbpedia.org/resource/Odemira
http://dbpedia.org/ontology/country	http://dbpedia.org/resource/Portugal
http://dbpedia.org/property/populationTotal	"1633"^^http://www.w3.org/2001/XMLSchema#integer
http://dbpedia.org/property/populationAsOf	"2011"^^http://www.w3.org/2001/XMLSchema#integer
http://purl.org/dc/terms/subject	http://dbpedia.org/resource/Category:Parishes_of_Odemira
http://dbpedia.org/ontology/wikiPageDisambiguates	http://dbpedia.org/resource/Pinheiro
http://www.w3.org/2000/01/rdf-schema#comment	"Boavista dos Pinheiros is een plaats (freguesia) in de Portugese gemeente Odemira en telt 1200 inwoners (2001). Het ligt vlak bij de hoofdplaats van de gemeente, langs de weg naar de Algarve."@nl
http://dbpedia.org/property/cim	http://dbpedia.org/resource/Alentejo_Litoral
http://dbpedia.org/property/longd	"-8.6660000000000003695"^^http://www.w3.org/2001/XMLSchema#decimal
http://xmlns.com/foaf/0.1/primaryTopic	http://en.wikipedia.org/wiki/Boavista_dos_Pinheiros
http://www.w3.org/2002/07/owl#sameAs	http://sws.geonames.org/8010913/
http://dbpedia.org/ontology/wikiPageRedirects	http://dbpedia.org/resource/Boavista_dos_pinheiros
http://dbpedia.org/ontology/wikiPageID	"1967034"^^http://www.w3.org/2001/XMLSchema#integer
http://dbpedia.org/property/areaTotal	"37.850000000000001421"^^http://www.w3.org/2001/XMLSchema#decimal
http://www.w3.org/ns/prov#wasDerivedFrom	http://en.wikipedia.org/wiki/Boavista_dos_Pinheiros?oldid=701642604
http://dbpedia.org/property/district	http://dbpedia.org/resource/Beja_District
http://purl.org/linguistics/gold/hypernym	http://dbpedia.org/resource/Parish
http://dbpedia.org/property/latd	"37.579999999999998295"^^http://www.w3.org/2001/XMLSchema#decimal
http://dbpedia.org/property/subregion	http://dbpedia.org/resource/Alentejo_Litoral
http://dbpedia.org/ontology/abstract	"Boavista dos Pinheiros ist ein Ort und eine Gemeinde Freguesia im Alentejo in Portugal im Kreis von Odemira, mit einer Fläche von 37,9 km² und 1637 Einwohnern (Stand 30. Juni 2011). Dies entspricht einer Bevölkerungsdichte von 43,2 Einw./km². Die Gemeinde von Boavista dos Pinheiros wurde erst am 12. Juni 2001 gegründet und wurde aus den Nachbargemeinden Santa Maria (Odemira) und São Salvador (Odemira). Alle drei Gemeinden liegen am Ufer des Flusses Mira."@de
http://www.w3.org/2000/01/rdf-schema#label	"Boavista dos Pinheiros"@de
http://www.w3.org/1999/02/22-rdf-syntax-ns#type	http://dbpedia.org/class/yago/Tract108673395
http://dbpedia.org/property/region	http://dbpedia.org/resource/Alentejo
