#---Properties and values from: http://dbpedia.org/resource/Jislum
Property	Value
http://xmlns.com/foaf/0.1/name	"Jislum"@en
http://dbpedia.org/ontology/wikiPageRevisionID	"649906848"^^http://www.w3.org/2001/XMLSchema#integer
http://dbpedia.org/property/imagesize	"280"^^http://www.w3.org/2001/XMLSchema#integer
http://dbpedia.org/property/imageSkyline	"Volhardingjislum.jpg"^^http://www.w3.org/1999/02/22-rdf-syntax-ns#langString
http://dbpedia.org/property/settlementType	"Village"^^http://www.w3.org/1999/02/22-rdf-syntax-ns#langString
http://www.w3.org/2003/01/geo/wgs84_pos#long	"5.8775000572204589844"^^http://www.w3.org/2001/XMLSchema#float
http://dbpedia.org/property/imageCaption	"Windmill De Volharding"^^http://www.w3.org/1999/02/22-rdf-syntax-ns#langString
http://dbpedia.org/property/imageMap	"Map NL Ferwerderadiel Jislum.png"^^http://www.w3.org/1999/02/22-rdf-syntax-ns#langString
http://xmlns.com/foaf/0.1/isPrimaryTopicOf	http://en.wikipedia.org/wiki/Jislum
http://dbpedia.org/property/subdivisionType	"Province"^^http://www.w3.org/1999/02/22-rdf-syntax-ns#langString
http://dbpedia.org/ontology/country	http://dbpedia.org/resource/Netherlands
http://dbpedia.org/property/populationTotal	"c. 72"^^http://www.w3.org/1999/02/22-rdf-syntax-ns#langString
http://purl.org/dc/terms/subject	http://dbpedia.org/resource/Category:Populated_places_in_Friesland
http://dbpedia.org/ontology/isPartOf	http://dbpedia.org/resource/Friesland
http://www.w3.org/2000/01/rdf-schema#comment	"Jislum est un village situé dans la commune néerlandaise de Ferwerderadiel, dans la province de la Frise. Son nom en néerlandais est Jislum. Le 1er janvier 2014, le village comptait 72 habitants. 
* Portail des Pays-Bas Portail des Pays-Bas"@fr
http://xmlns.com/foaf/0.1/primaryTopic	http://en.wikipedia.org/wiki/Jislum
http://www.w3.org/2002/07/owl#sameAs	http://wikidata.dbpedia.org/resource/Q3029800
http://www.w3.org/2003/01/geo/wgs84_pos#lat	"53.312778472900390625"^^http://www.w3.org/2001/XMLSchema#float
http://www.georss.org/georss/point	"53.312777777777775 5.8774999999999995"
http://dbpedia.org/ontology/thumbnail	http://commons.wikimedia.org/wiki/Special:FilePath/Volhardingjislum.jpg?width=300
http://dbpedia.org/ontology/wikiPageID	"16431535"^^http://www.w3.org/2001/XMLSchema#integer
http://www.w3.org/ns/prov#wasDerivedFrom	http://en.wikipedia.org/wiki/Jislum?oldid=649906848
http://xmlns.com/foaf/0.1/depiction	http://commons.wikimedia.org/wiki/Special:FilePath/Volhardingjislum.jpg
http://purl.org/linguistics/gold/hypernym	http://dbpedia.org/resource/Village
http://dbpedia.org/ontology/abstract	"Jislum est un village situé dans la commune néerlandaise de Ferwerderadiel, dans la province de la Frise. Son nom en néerlandais est Jislum. Le 1er janvier 2014, le village comptait 72 habitants. 
* Portail des Pays-Bas Portail des Pays-Bas"@fr
http://www.w3.org/2003/01/geo/wgs84_pos#geometry	"POINT(5.8775000572205 53.3127784729)"^^http://www.openlinksw.com/schemas/virtrdf#Geometry
http://www.w3.org/2000/01/rdf-schema#label	"Jislum"@fr
http://dbpedia.org/property/mapsize	"280"^^http://www.w3.org/2001/XMLSchema#integer
http://www.w3.org/1999/02/22-rdf-syntax-ns#type	http://dbpedia.org/class/yago/WikicatPopulatedPlacesInFriesland
