#---Properties and values from: http://dbpedia.org/resource/Upington
Property	Value
http://dbpedia.org/property/julPrecipitationDays	"0"^^http://www.w3.org/2001/XMLSchema#integer
http://xmlns.com/foaf/0.1/name	"Upington"@en
http://dbpedia.org/property/octRecordHighC	"40.5"^^http://www.w3.org/2001/XMLSchema#decimal
http://dbpedia.org/property/febRecordHighC	"42.299999999999997158"^^http://www.w3.org/2001/XMLSchema#decimal
http://dbpedia.org/ontology/wikiPageExternalLink	http://www.greenkalahari.co.za
http://dbpedia.org/property/augHighC	"22.899999999999998579"^^http://www.w3.org/2001/XMLSchema#decimal
http://dbpedia.org/property/junRecordHighC	"30.399999999999998579"^^http://www.w3.org/2001/XMLSchema#decimal
http://dbpedia.org/property/maySun	"290.5"^^http://www.w3.org/2001/XMLSchema#decimal
http://dbpedia.org/property/junLowC	"4.7999999999999998224"^^http://www.w3.org/2001/XMLSchema#decimal
http://dbpedia.org/property/aprRecordHighC	"38.100000000000001421"^^http://www.w3.org/2001/XMLSchema#decimal
http://dbpedia.org/property/yearRecordHighC	"43"^^http://www.w3.org/2001/XMLSchema#integer
http://dbpedia.org/ontology/deathPlace	http://dbpedia.org/resource/Scotty_Smith
http://dbpedia.org/property/sepSun	"300.19999999999998863"^^http://www.w3.org/2001/XMLSchema#decimal
http://dbpedia.org/property/augMeanC	"14"^^http://www.w3.org/2001/XMLSchema#integer
http://dbpedia.org/property/areaCode	"+27 54"^^http://www.w3.org/1999/02/22-rdf-syntax-ns#langString
http://dbpedia.org/property/octLowC	"12.900000000000000355"^^http://www.w3.org/2001/XMLSchema#decimal
http://dbpedia.org/property/aprLowC	"13.300000000000000711"^^http://www.w3.org/2001/XMLSchema#decimal
http://dbpedia.org/property/unitPrecipitationDays	"1.0"^^http://dbpedia.org/datatype/millimetre
http://dbpedia.org/property/location	"Upington"^^http://www.w3.org/1999/02/22-rdf-syntax-ns#langString
http://dbpedia.org/property/janRecordLowC	"6.7000000000000001776"^^http://www.w3.org/2001/XMLSchema#decimal
http://dbpedia.org/property/novHumidity	"31"^^http://www.w3.org/2001/XMLSchema#integer
http://dbpedia.org/property/febSun	"298.69999999999998863"^^http://www.w3.org/2001/XMLSchema#decimal
http://dbpedia.org/property/febHumidity	"39"^^http://www.w3.org/2001/XMLSchema#integer
http://dbpedia.org/property/julLowC	"4.0999999999999996447"^^http://www.w3.org/2001/XMLSchema#decimal
http://dbpedia.org/property/decHumidity	"30"^^http://www.w3.org/2001/XMLSchema#integer
http://dbpedia.org/property/janHumidity	"33"^^http://www.w3.org/2001/XMLSchema#integer
http://dbpedia.org/property/octSun	"328.89999999999997726"^^http://www.w3.org/2001/XMLSchema#decimal
http://dbpedia.org/ontology/postalCode	"8800"
http://dbpedia.org/property/marHighC	"32.100000000000001421"^^http://www.w3.org/2001/XMLSchema#decimal
http://dbpedia.org/property/julRecordLowC	"-7.7999999999999998224"^^http://www.w3.org/2001/XMLSchema#decimal
http://dbpedia.org/property/areaTotalKm	"580.79999999999995453"^^http://www.w3.org/2001/XMLSchema#decimal
http://dbpedia.org/property/district	"ZF Mgcawu"^^http://www.w3.org/1999/02/22-rdf-syntax-ns#langString
http://dbpedia.org/property/novPrecipitationDays	"2"^^http://www.w3.org/2001/XMLSchema#integer
http://dbpedia.org/property/junPrecipitationMm	"4"^^http://www.w3.org/2001/XMLSchema#integer
http://dbpedia.org/property/augHumidity	"39"^^http://www.w3.org/2001/XMLSchema#integer
http://dbpedia.org/property/janRecordHighC	"42.299999999999997158"^^http://www.w3.org/2001/XMLSchema#decimal
http://dbpedia.org/property/janMeanC	"27.800000000000000711"^^http://www.w3.org/2001/XMLSchema#decimal
http://dbpedia.org/property/novSun	"345.19999999999998863"^^http://www.w3.org/2001/XMLSchema#decimal
http://dbpedia.org/property/junPrecipitationDays	"1"^^http://www.w3.org/2001/XMLSchema#integer
http://dbpedia.org/property/yearHighC	"28.5"^^http://www.w3.org/2001/XMLSchema#decimal
http://xmlns.com/foaf/0.1/homepage	http://www.kharahais.gov.za/
http://dbpedia.org/property/yearMeanC	"20.399999999999998579"^^http://www.w3.org/2001/XMLSchema#decimal
http://dbpedia.org/property/febPrecipitationDays	"4"^^http://www.w3.org/2001/XMLSchema#integer
http://dbpedia.org/property/aprRecordLowC	"-1.6999999999999999556"^^http://www.w3.org/2001/XMLSchema#decimal
http://dbpedia.org/property/demographics2Info	"3.2"^^http://dbpedia.org/datatype/perCent
http://dbpedia.org/property/marPrecipitationMm	"37"^^http://www.w3.org/2001/XMLSchema#integer
http://dbpedia.org/property/mayMeanC	"15.699999999999999289"^^http://www.w3.org/2001/XMLSchema#decimal
http://dbpedia.org/property/aprMeanC	"20.199999999999999289"^^http://www.w3.org/2001/XMLSchema#decimal
http://dbpedia.org/ontology/wikiPageRevisionID	"737564918"^^http://www.w3.org/2001/XMLSchema#integer
http://dbpedia.org/property/aprPrecipitationMm	"26"^^http://www.w3.org/2001/XMLSchema#integer
http://dbpedia.org/property/novPrecipitationMm	"17"^^http://www.w3.org/2001/XMLSchema#integer
http://dbpedia.org/property/janHighC	"35.5"^^http://www.w3.org/2001/XMLSchema#decimal
http://dbpedia.org/property/mayHumidity	"49"^^http://www.w3.org/2001/XMLSchema#integer
http://dbpedia.org/property/governmentType	"Local Municipality"^^http://www.w3.org/1999/02/22-rdf-syntax-ns#langString
http://dbpedia.org/property/seat	http://dbpedia.org/resource/ZF_Mgcawu_District_Municipality
http://dbpedia.org/ontology/restingPlace	http://dbpedia.org/resource/Scotty_Smith
http://dbpedia.org/property/decPrecipitationDays	"2"^^http://www.w3.org/2001/XMLSchema#integer
http://dbpedia.org/property/municipality	"Khara Hais"^^http://www.w3.org/1999/02/22-rdf-syntax-ns#langString
http://dbpedia.org/property/aprSun	"283.5"^^http://www.w3.org/2001/XMLSchema#decimal
http://dbpedia.org/property/sepPrecipitationMm	"4"^^http://www.w3.org/2001/XMLSchema#integer
http://dbpedia.org/ontology/country	http://dbpedia.org/resource/South_Africa
http://dbpedia.org/property/longm	"14"^^http://www.w3.org/2001/XMLSchema#integer
http://dbpedia.org/property/longs	"7"^^http://www.w3.org/2001/XMLSchema#integer
http://dbpedia.org/property/northwest	http://dbpedia.org/resource/Marydale
http://dbpedia.org/property/percentOther	"1.1"^^http://dbpedia.org/datatype/perCent
http://dbpedia.org/property/leaderTitle	"Mayor"^^http://www.w3.org/1999/02/22-rdf-syntax-ns#langString
http://dbpedia.org/property/aprPrecipitationDays	"3"^^http://www.w3.org/2001/XMLSchema#integer
http://dbpedia.org/property/junHighC	"20.5"^^http://www.w3.org/2001/XMLSchema#decimal
http://dbpedia.org/property/decLowC	"18.600000000000001421"^^http://www.w3.org/2001/XMLSchema#decimal
http://dbpedia.org/property/marMeanC	"24.699999999999999289"^^http://www.w3.org/2001/XMLSchema#decimal
http://dbpedia.org/property/julRecordHighC	"29.5"^^http://www.w3.org/2001/XMLSchema#decimal
http://dbpedia.org/property/percentAsian	"0.6"^^http://dbpedia.org/datatype/perCent
http://dbpedia.org/property/decRecordHighC	"43"^^http://www.w3.org/2001/XMLSchema#integer
http://dbpedia.org/property/janSun	"352.89999999999997726"^^http://www.w3.org/2001/XMLSchema#decimal
http://dbpedia.org/property/longd	"21"^^http://www.w3.org/2001/XMLSchema#integer
http://dbpedia.org/property/janPrecipitationDays	"3"^^http://www.w3.org/2001/XMLSchema#integer
http://dbpedia.org/ontology/routeJunction	http://dbpedia.org/resource/N10_road_(South_Africa)
http://www.w3.org/2002/07/owl#sameAs	http://pl.dbpedia.org/resource/Upington
http://dbpedia.org/property/junRecordLowC	"-7.9000000000000003553"^^http://www.w3.org/2001/XMLSchema#decimal
http://dbpedia.org/property/mayRecordHighC	"33.700000000000002842"^^http://www.w3.org/2001/XMLSchema#decimal
http://dbpedia.org/property/singleLine	"Yes"^^http://www.w3.org/1999/02/22-rdf-syntax-ns#langString
http://dbpedia.org/property/decPrecipitationMm	"17"^^http://www.w3.org/2001/XMLSchema#integer
http://dbpedia.org/ontology/thumbnail	http://commons.wikimedia.org/wiki/Special:FilePath/Upington.jpg?width=300
http://dbpedia.org/property/yearLowC	"12.5"^^http://www.w3.org/2001/XMLSchema#decimal
http://dbpedia.org/ontology/nearestCity	http://dbpedia.org/resource/Kgalagadi_Transfrontier_Park
http://dbpedia.org/property/augLowC	"5.5999999999999996447"^^http://www.w3.org/2001/XMLSchema#decimal
http://dbpedia.org/property/percentBlack	"25.6"^^http://dbpedia.org/datatype/perCent
http://dbpedia.org/property/febMeanC	"26.899999999999998579"^^http://www.w3.org/2001/XMLSchema#decimal
http://dbpedia.org/property/yearSun	"3731.8000000000001819"^^http://www.w3.org/2001/XMLSchema#decimal
http://dbpedia.org/property/febPrecipitationMm	"35"^^http://www.w3.org/2001/XMLSchema#integer
http://dbpedia.org/property/junHumidity	"50"^^http://www.w3.org/2001/XMLSchema#integer
http://dbpedia.org/ontology/abstract	"Upington ist eine Stadt in der Gemeinde Dawid Kruiper, Distrikt ZF Mgcawu, in der Provinz Nordkap in Südafrika. 2011 hatte sie 57.220 Einwohner. Upington ist nach Thomas Upington benannt, der von 1884 bis 1886 Premierminister der Kapkolonie war. Upington entwickelte sich aus einer 1873 gegründeten Missionsstation."@de
http://dbpedia.org/property/sepPrecipitationDays	"1"^^http://www.w3.org/2001/XMLSchema#integer
http://www.w3.org/2000/01/rdf-schema#label	"Upington"@en
http://dbpedia.org/property/marRecordLowC	"4.7000000000000001776"^^http://www.w3.org/2001/XMLSchema#decimal
http://dbpedia.org/property/novRecordHighC	"42"^^http://www.w3.org/2001/XMLSchema#integer
http://dbpedia.org/property/julHighC	"20.800000000000000711"^^http://www.w3.org/2001/XMLSchema#decimal
http://dbpedia.org/property/lats	"22"^^http://www.w3.org/2001/XMLSchema#integer
http://dbpedia.org/property/novHighC	"32.700000000000002842"^^http://www.w3.org/2001/XMLSchema#decimal
http://dbpedia.org/property/novLowC	"16.300000000000000711"^^http://www.w3.org/2001/XMLSchema#decimal
http://dbpedia.org/property/febRecordLowC	"7.5999999999999996447"^^http://www.w3.org/2001/XMLSchema#decimal
http://dbpedia.org/property/latm	"27"^^http://www.w3.org/2001/XMLSchema#integer
http://dbpedia.org/property/julMeanC	"11.900000000000000355"^^http://www.w3.org/2001/XMLSchema#decimal
http://dbpedia.org/property/mayRecordLowC	"-5.2000000000000001776"^^http://www.w3.org/2001/XMLSchema#decimal
http://dbpedia.org/property/imageSkyline	"Upington.jpg"^^http://www.w3.org/1999/02/22-rdf-syntax-ns#langString
http://www.w3.org/2003/01/geo/wgs84_pos#long	"21.235277175903320312"^^http://www.w3.org/2001/XMLSchema#float
http://dbpedia.org/property/decSun	"367"^^http://www.w3.org/2001/XMLSchema#integer
http://dbpedia.org/property/date	"August 2010"^^http://www.w3.org/1999/02/22-rdf-syntax-ns#langString
http://dbpedia.org/property/novMeanC	"24.699999999999999289"^^http://www.w3.org/2001/XMLSchema#decimal
http://dbpedia.org/ontology/routeEnd	http://dbpedia.org/resource/R359_road_(South_Africa)
http://dbpedia.org/property/augRecordHighC	"33.600000000000001421"^^http://www.w3.org/2001/XMLSchema#decimal
http://dbpedia.org/property/source	"NOAA, Deutscher Wetterdienst"^^http://www.w3.org/1999/02/22-rdf-syntax-ns#langString
http://dbpedia.org/property/marHumidity	"44"^^http://www.w3.org/2001/XMLSchema#integer
http://dbpedia.org/property/sepRecordLowC	"-3.5"^^http://www.w3.org/2001/XMLSchema#decimal
http://dbpedia.org/property/julSun	"289.80000000000001137"^^http://www.w3.org/2001/XMLSchema#decimal
http://dbpedia.org/property/marLowC	"17.800000000000000711"^^http://www.w3.org/2001/XMLSchema#decimal
http://purl.org/dc/terms/subject	http://dbpedia.org/resource/Category:1884_establishments_in_the_Cape_Colony
http://dbpedia.org/property/febLowC	"19.5"^^http://www.w3.org/2001/XMLSchema#decimal
http://dbpedia.org/property/augPrecipitationDays	"1"^^http://www.w3.org/2001/XMLSchema#integer
http://dbpedia.org/property/octPrecipitationDays	"2"^^http://www.w3.org/2001/XMLSchema#integer
http://dbpedia.org/property/sepHumidity	"35"^^http://www.w3.org/2001/XMLSchema#integer
http://dbpedia.org/property/marSun	"297.5"^^http://www.w3.org/2001/XMLSchema#decimal
http://dbpedia.org/property/julPrecipitationMm	"2"^^http://www.w3.org/2001/XMLSchema#integer
http://dbpedia.org/property/birthPlace	http://dbpedia.org/resource/Andreas_Liebenberg
http://dbpedia.org/property/octPrecipitationMm	"9"^^http://www.w3.org/2001/XMLSchema#integer
http://dbpedia.org/property/decRecordLowC	"5.7000000000000001776"^^http://www.w3.org/2001/XMLSchema#decimal
http://dbpedia.org/property/leaderParty	http://dbpedia.org/resource/African_National_Congress
http://dbpedia.org/property/decMeanC	"26.899999999999998579"^^http://www.w3.org/2001/XMLSchema#decimal
http://dbpedia.org/property/augSun	"307.30000000000001137"^^http://www.w3.org/2001/XMLSchema#decimal
http://dbpedia.org/property/percentWhite	"10.1"^^http://dbpedia.org/datatype/perCent
http://dbpedia.org/property/decHighC	"34.700000000000002842"^^http://www.w3.org/2001/XMLSchema#decimal
http://dbpedia.org/property/sepHighC	"26.800000000000000711"^^http://www.w3.org/2001/XMLSchema#decimal
http://www.w3.org/ns/prov#wasDerivedFrom	http://en.wikipedia.org/wiki/Upington?oldid=737564918
http://dbpedia.org/property/mayPrecipitationMm	"10"^^http://www.w3.org/2001/XMLSchema#integer
http://dbpedia.org/property/octHighC	"29.600000000000001421"^^http://www.w3.org/2001/XMLSchema#decimal
http://dbpedia.org/property/novRecordLowC	"4.4000000000000003553"^^http://www.w3.org/2001/XMLSchema#decimal
http://dbpedia.org/property/sepMeanC	"18.100000000000001421"^^http://www.w3.org/2001/XMLSchema#decimal
http://dbpedia.org/property/octMeanC	"21.399999999999998579"^^http://www.w3.org/2001/XMLSchema#decimal
http://dbpedia.org/ontology/city	http://dbpedia.org/resource/N10_road_(South_Africa)
http://dbpedia.org/property/octRecordLowC	"-1.6999999999999999556"^^http://www.w3.org/2001/XMLSchema#decimal
http://dbpedia.org/property/latd	"28"^^http://www.w3.org/2001/XMLSchema#integer
http://dbpedia.org/property/augRecordLowC	"-7"^^http://www.w3.org/2001/XMLSchema#integer
http://dbpedia.org/property/mayLowC	"8.3000000000000007105"^^http://www.w3.org/2001/XMLSchema#decimal
http://dbpedia.org/property/yearPrecipitationMm	"189"^^http://www.w3.org/2001/XMLSchema#integer
http://dbpedia.org/property/yearHumidity	"40"^^http://www.w3.org/2001/XMLSchema#integer
http://dbpedia.org/property/province	"Northern Cape"^^http://www.w3.org/1999/02/22-rdf-syntax-ns#langString
http://dbpedia.org/property/aprHumidity	"49"^^http://www.w3.org/2001/XMLSchema#integer
http://www.w3.org/1999/02/22-rdf-syntax-ns#type	http://schema.org/Place
http://dbpedia.org/property/julHumidity	"45"^^http://www.w3.org/2001/XMLSchema#integer
http://dbpedia.org/ontology/garrison	http://dbpedia.org/resource/8_South_African_Infantry_Battalion
http://dbpedia.org/property/marPrecipitationDays	"4"^^http://www.w3.org/2001/XMLSchema#integer
http://dbpedia.org/property/febHighC	"34.399999999999998579"^^http://www.w3.org/2001/XMLSchema#decimal
http://dbpedia.org/property/sepRecordHighC	"39.299999999999997158"^^http://www.w3.org/2001/XMLSchema#decimal
http://dbpedia.org/property/imageCaption	"Aerial view of Upington's Central Business District"^^http://www.w3.org/1999/02/22-rdf-syntax-ns#langString
http://dbpedia.org/property/yearPrecipitationDays	"24"^^http://www.w3.org/2001/XMLSchema#integer
http://dbpedia.org/property/demographics2Title	http://dbpedia.org/resource/Xhosa_language
http://xmlns.com/foaf/0.1/isPrimaryTopicOf	http://en.wikipedia.org/wiki/Upington
http://dbpedia.org/property/junSun	"270.30000000000001137"^^http://www.w3.org/2001/XMLSchema#decimal
http://dbpedia.org/property/populationTotal	"74834"^^http://www.w3.org/2001/XMLSchema#integer
http://dbpedia.org/property/junMeanC	"12.099999999999999645"^^http://www.w3.org/2001/XMLSchema#decimal
http://dbpedia.org/property/populationAsOf	"2011"^^http://www.w3.org/2001/XMLSchema#integer
http://dbpedia.org/property/janLowC	"19.800000000000000711"^^http://www.w3.org/2001/XMLSchema#decimal
http://dbpedia.org/property/stadium	http://dbpedia.org/resource/1988_Santam_Bank_Trophy_Division_B
http://www.w3.org/2000/01/rdf-schema#comment	"Upington is een stad gelegen in de gemeente Dawid Kruiper in de Zuid-Afrikaanse provincie Noord-Kaap. Het is gelegen aan de oever van de Oranjerivier en is het bestuurlijke centrum van de gemeente Khara Hais. In de Zuid-Afrikaanse winter (Europese zomer) is het in Upington ongeveer 29 graden Celsius. Daarmee is ze de warmste stad van Zuid-Afrika. Upington ligt op een hoogte van 835 meter boven zeeniveau. Het is de dichtsbijzende stad bij de Augrabieswaterval, onbetwist de grootste van Zuid-Afrika's watervallen. Het landschap is erg droog maar de grond is vruchtbaar en de gewassen, zoals vruchten,groenten en tarwe, groeien in besproeide velden. Het gebied is het beste bekend om zijn druiven, rozijnen en wijnen van export kwaliteit, die gecultiveerd worden op de bevloeide velden gelegen aan "@nl
http://dbpedia.org/property/mayHighC	"24"^^http://www.w3.org/2001/XMLSchema#integer
http://xmlns.com/foaf/0.1/primaryTopic	http://en.wikipedia.org/wiki/Upington
http://dbpedia.org/property/aprHighC	"27.800000000000000711"^^http://www.w3.org/2001/XMLSchema#decimal
http://dbpedia.org/ontology/wikiPageRedirects	http://dbpedia.org/resource/Paballelo
http://dbpedia.org/property/yearRecordLowC	"-7.9000000000000003553"^^http://www.w3.org/2001/XMLSchema#decimal
http://dbpedia.org/property/mayPrecipitationDays	"1"^^http://www.w3.org/2001/XMLSchema#integer
http://dbpedia.org/property/augPrecipitationMm	"4"^^http://www.w3.org/2001/XMLSchema#integer
http://www.w3.org/2003/01/geo/wgs84_pos#lat	"28.456111907958984375"^^http://www.w3.org/2001/XMLSchema#float
http://www.georss.org/georss/point	"28.45611111111111 21.235277777777778"
http://dbpedia.org/ontology/wikiPageID	"668766"^^http://www.w3.org/2001/XMLSchema#integer
http://dbpedia.org/property/janPrecipitationMm	"24"^^http://www.w3.org/2001/XMLSchema#integer
http://dbpedia.org/ontology/location	http://dbpedia.org/resource/Generation_Kill_(miniseries)
http://dbpedia.org/ontology/birthPlace	http://dbpedia.org/resource/Pieter_Smith
http://dbpedia.org/property/northeast	http://dbpedia.org/resource/Kakamas
http://dbpedia.org/property/octHumidity	"33"^^http://www.w3.org/2001/XMLSchema#integer
http://dbpedia.org/property/leaderName	"Limakatso Koloi"^^http://www.w3.org/1999/02/22-rdf-syntax-ns#langString
http://dbpedia.org/property/metricFirst	"Yes"^^http://www.w3.org/1999/02/22-rdf-syntax-ns#langString
http://dbpedia.org/property/marRecordHighC	"40.700000000000002842"^^http://www.w3.org/2001/XMLSchema#decimal
http://xmlns.com/foaf/0.1/depiction	http://commons.wikimedia.org/wiki/Special:FilePath/Upington.jpg
http://purl.org/linguistics/gold/hypernym	http://dbpedia.org/resource/Town
http://dbpedia.org/property/establishedDate	"1873"^^http://www.w3.org/2001/XMLSchema#integer
http://dbpedia.org/property/percentColoured	"62.6"^^http://dbpedia.org/datatype/perCent
http://dbpedia.org/property/sepLowC	"9.4000000000000003553"^^http://www.w3.org/2001/XMLSchema#decimal
http://www.w3.org/2003/01/geo/wgs84_pos#geometry	"POINT(21.235277175903 28.456111907959)"^^http://www.openlinksw.com/schemas/virtrdf#Geometry
http://dbpedia.org/property/precipitationColour	"green"^^http://www.w3.org/1999/02/22-rdf-syntax-ns#langString
