#---Properties and values from: http://dbpedia.org/resource/Abaiara
Property	Value
http://www.w3.org/2002/07/owl#sameAs	http://pt.dbpedia.org/resource/Abaiara
http://dbpedia.org/ontology/wikiPageExternalLink	http://www.cdbrasil.cnpm.embrapa.br/ce/htm0/ce42_23.htm
http://dbpedia.org/ontology/wikiPageRevisionID	"742192797"^^http://www.w3.org/2001/XMLSchema#integer
http://dbpedia.org/ontology/wikiPageID	"818071"^^http://www.w3.org/2001/XMLSchema#integer
http://dbpedia.org/property/areaTotal	"178.80000000000001137"^^http://www.w3.org/2001/XMLSchema#decimal
http://dbpedia.org/property/latm	"21"^^http://www.w3.org/2001/XMLSchema#integer
http://dbpedia.org/property/latns	"S"^^http://www.w3.org/1999/02/22-rdf-syntax-ns#langString
http://www.w3.org/ns/prov#wasDerivedFrom	http://en.wikipedia.org/wiki/Abaiara?oldid=742192797
http://xmlns.com/foaf/0.1/isPrimaryTopicOf	http://en.wikipedia.org/wiki/Abaiara
http://purl.org/linguistics/gold/hypernym	http://dbpedia.org/resource/City
http://dbpedia.org/property/latd	"7"^^http://www.w3.org/2001/XMLSchema#integer
http://dbpedia.org/property/longm	"3"^^http://www.w3.org/2001/XMLSchema#integer
http://dbpedia.org/property/populationTotal	"10849"^^http://www.w3.org/2001/XMLSchema#integer
http://dbpedia.org/property/populationAsOf	"2010"^^http://www.w3.org/2001/XMLSchema#integer
http://purl.org/dc/terms/subject	http://dbpedia.org/resource/Category:Municipalities_in_Ceará
http://dbpedia.org/property/state	"CE"^^http://www.w3.org/1999/02/22-rdf-syntax-ns#langString
http://dbpedia.org/ontology/abstract	"Abaiara is een gemeente in de Braziliaanse deelstaat Ceará. De gemeente telt 11.077 inwoners (schatting 2009). De gemeente grenst aan Milagres, Brejo Santo en Missão Velha."@nl
http://www.w3.org/2000/01/rdf-schema#comment	"Abaiara è un comune del Brasile nello Stato del Ceará, parte della mesoregione del Sul Cearense e della microregione di Brejo Santo."@it
http://www.w3.org/2000/01/rdf-schema#label	"Abaiara"@en
http://dbpedia.org/property/longd	"39"^^http://www.w3.org/2001/XMLSchema#integer
http://xmlns.com/foaf/0.1/primaryTopic	http://en.wikipedia.org/wiki/Abaiara
http://www.w3.org/1999/02/22-rdf-syntax-ns#type	http://dbpedia.org/class/yago/Location100027167
