#---Properties and values from: http://dbpedia.org/resource/Alamanda,_Odisha
Property	Value
http://dbpedia.org/property/longew	"E"^^http://www.w3.org/1999/02/22-rdf-syntax-ns#langString
http://dbpedia.org/property/lats	"0"^^http://www.w3.org/2001/XMLSchema#integer
http://dbpedia.org/property/registrationPlate	"OR-"^^http://www.w3.org/1999/02/22-rdf-syntax-ns#langString
http://dbpedia.org/ontology/wikiPageExternalLink	http://odisha.gov.in
http://dbpedia.org/property/populationDensityKm	"auto"^^http://www.w3.org/1999/02/22-rdf-syntax-ns#langString
http://dbpedia.org/property/unitPref	"Metric"^^http://www.w3.org/1999/02/22-rdf-syntax-ns#langString
http://dbpedia.org/ontology/wikiPageRevisionID	"741951638"^^http://www.w3.org/2001/XMLSchema#integer
http://dbpedia.org/property/latm	"52"^^http://www.w3.org/2001/XMLSchema#integer
http://dbpedia.org/property/latns	"N"^^http://www.w3.org/1999/02/22-rdf-syntax-ns#langString
http://dbpedia.org/property/settlementType	"village."^^http://www.w3.org/1999/02/22-rdf-syntax-ns#langString
http://www.w3.org/2003/01/geo/wgs84_pos#long	"83.3166656494140625"^^http://www.w3.org/2001/XMLSchema#float
http://dbpedia.org/property/pushpinLabelPosition	"right"^^http://www.w3.org/1999/02/22-rdf-syntax-ns#langString
http://xmlns.com/foaf/0.1/isPrimaryTopicOf	http://en.wikipedia.org/wiki/Alamanda,_Odisha
http://dbpedia.org/property/subdivisionType	http://dbpedia.org/resource/List_of_districts_of_India
http://dbpedia.org/ontology/country	http://dbpedia.org/resource/India
http://dbpedia.org/property/longm	"19"^^http://www.w3.org/2001/XMLSchema#integer
http://dbpedia.org/property/demographics1Info	http://dbpedia.org/resource/Oriya_language
http://dbpedia.org/property/populationTotal	"there is approximately total population as 1200 around 150 house"^^http://www.w3.org/1999/02/22-rdf-syntax-ns#langString
http://dbpedia.org/property/longs	"0"^^http://www.w3.org/2001/XMLSchema#integer
http://purl.org/dc/terms/subject	http://dbpedia.org/resource/Category:Villages_in_Koraput_district
http://dbpedia.org/ontology/isPartOf	http://dbpedia.org/resource/Koraput_district
http://www.w3.org/2000/01/rdf-schema#comment	"koraput....odisha..india"@en
http://dbpedia.org/property/longd	"83"^^http://www.w3.org/2001/XMLSchema#integer
http://xmlns.com/foaf/0.1/primaryTopic	http://en.wikipedia.org/wiki/Alamanda,_Odisha
http://www.w3.org/2002/07/owl#sameAs	http://rdf.freebase.com/ns/m.080ds0r
http://dbpedia.org/property/demographics1Title	"Official"^^http://www.w3.org/1999/02/22-rdf-syntax-ns#langString
http://dbpedia.org/ontology/wikiPageRedirects	http://dbpedia.org/resource/Alamanda,_Orissa
http://www.w3.org/2003/01/geo/wgs84_pos#lat	"18.866666793823242188"^^http://www.w3.org/2001/XMLSchema#float
http://www.georss.org/georss/point	"18.866666666666667 83.31666666666666"
http://dbpedia.org/ontology/postalCode	"765013"
http://dbpedia.org/ontology/wikiPageID	"24747157"^^http://www.w3.org/2001/XMLSchema#integer
http://dbpedia.org/ontology/elevation	"223.0"^^http://www.w3.org/2001/XMLSchema#decimal
http://dbpedia.org/ontology/utcOffset	"+5:30"
http://www.w3.org/ns/prov#wasDerivedFrom	http://en.wikipedia.org/wiki/Alamanda,_Odisha?oldid=741951638
http://dbpedia.org/ontology/timeZone	http://dbpedia.org/resource/Indian_Standard_Time
http://dbpedia.org/property/coordinatesDisplay	"inline,title"^^http://www.w3.org/1999/02/22-rdf-syntax-ns#langString
http://dbpedia.org/property/pushpinMap	"India Orissa"^^http://www.w3.org/1999/02/22-rdf-syntax-ns#langString
http://purl.org/linguistics/gold/hypernym	http://dbpedia.org/resource/Village
http://dbpedia.org/property/latd	"18"^^http://www.w3.org/2001/XMLSchema#integer
http://dbpedia.org/property/demographicsType	"Languages"^^http://www.w3.org/1999/02/22-rdf-syntax-ns#langString
http://dbpedia.org/ontology/abstract	"koraput....odisha..india"@en
http://www.w3.org/2003/01/geo/wgs84_pos#geometry	"POINT(83.316665649414 18.866666793823)"^^http://www.openlinksw.com/schemas/virtrdf#Geometry
http://www.w3.org/2000/01/rdf-schema#label	"Alamanda, Odisha"@en
http://xmlns.com/foaf/0.1/homepage	http://odisha.gov.in
http://www.w3.org/1999/02/22-rdf-syntax-ns#type	http://www.w3.org/2002/07/owl#Thing
