#---Properties and values from: http://dbpedia.org/resource/Steynsburg
Property	Value
http://xmlns.com/foaf/0.1/name	"Steynsburg"@en
http://dbpedia.org/property/lats	"47"^^http://www.w3.org/2001/XMLSchema#integer
http://dbpedia.org/property/latm	"17"^^http://www.w3.org/2001/XMLSchema#integer
http://dbpedia.org/property/areaCode	"48"^^http://www.w3.org/2001/XMLSchema#integer
http://dbpedia.org/property/imageSkyline	"Steynsburg dorpsbeeld.JPG"^^http://www.w3.org/1999/02/22-rdf-syntax-ns#langString
http://www.w3.org/2003/01/geo/wgs84_pos#long	"25.822778701782226562"^^http://www.w3.org/2001/XMLSchema#float
http://dbpedia.org/property/width	"auto"^^http://www.w3.org/1999/02/22-rdf-syntax-ns#langString
http://dbpedia.org/property/west	"Middelburg 90 km"^^http://www.w3.org/1999/02/22-rdf-syntax-ns#langString
http://purl.org/dc/terms/subject	http://dbpedia.org/resource/Category:Populated_places_in_the_Gariep_Local_Municipality
http://dbpedia.org/property/leaderParty	http://dbpedia.org/resource/ANC
http://dbpedia.org/property/percentWhite	"3.9"^^http://dbpedia.org/datatype/perCent
http://dbpedia.org/ontology/postalCode	"5920"
http://dbpedia.org/ontology/elevation	"1450.0"^^http://www.w3.org/2001/XMLSchema#decimal
http://www.w3.org/ns/prov#wasDerivedFrom	http://en.wikipedia.org/wiki/Steynsburg?oldid=735112378
http://dbpedia.org/property/areaTotalKm	"17.399999999999998579"^^http://www.w3.org/2001/XMLSchema#decimal
http://dbpedia.org/property/district	"Joe Gqabi"^^http://www.w3.org/1999/02/22-rdf-syntax-ns#langString
http://dbpedia.org/ontology/city	http://dbpedia.org/resource/R56_road
http://dbpedia.org/property/latd	"31"^^http://www.w3.org/2001/XMLSchema#integer
http://dbpedia.org/property/southeast	http://dbpedia.org/resource/Queenstown,_Eastern_Cape
http://dbpedia.org/property/province	"Eastern Cape"^^http://www.w3.org/1999/02/22-rdf-syntax-ns#langString
http://www.w3.org/1999/02/22-rdf-syntax-ns#type	http://dbpedia.org/class/yago/WikicatPopulatedPlacesEstablishedIn1874
http://dbpedia.org/property/demographics2Info	"74.4"^^http://dbpedia.org/datatype/perCent
http://dbpedia.org/ontology/wikiPageRevisionID	"735112378"^^http://www.w3.org/2001/XMLSchema#integer
http://dbpedia.org/property/governmentType	"Local Municipality"^^http://www.w3.org/1999/02/22-rdf-syntax-ns#langString
http://dbpedia.org/property/north	"Gariep Dam"^^http://www.w3.org/1999/02/22-rdf-syntax-ns#langString
http://dbpedia.org/property/imageCaption	"View of Steynsburg"^^http://www.w3.org/1999/02/22-rdf-syntax-ns#langString
http://dbpedia.org/property/demographics2Title	http://dbpedia.org/resource/Xhosa_language
http://xmlns.com/foaf/0.1/isPrimaryTopicOf	http://en.wikipedia.org/wiki/Steynsburg
http://dbpedia.org/property/municipality	"Gariep"^^http://www.w3.org/1999/02/22-rdf-syntax-ns#langString
http://dbpedia.org/property/longm	"49"^^http://www.w3.org/2001/XMLSchema#integer
http://dbpedia.org/ontology/country	http://dbpedia.org/resource/South_Africa
http://dbpedia.org/property/populationTotal	"7212"^^http://www.w3.org/2001/XMLSchema#integer
http://dbpedia.org/property/populationAsOf	"2011"^^http://www.w3.org/2001/XMLSchema#integer
http://dbpedia.org/property/northwest	http://dbpedia.org/resource/Norvalspont
http://dbpedia.org/property/longs	"22"^^http://www.w3.org/2001/XMLSchema#integer
http://www.w3.org/2000/01/rdf-schema#comment	"Steynsburg is een klein dorp met 2500 inwoners, in de regio Oost-Kaap in Zuid-Afrika. Het dorp is gesticht in 1873 door Douwe Steyn."@nl
http://dbpedia.org/property/percentOther	"0.6"^^http://dbpedia.org/datatype/perCent
http://dbpedia.org/property/leaderTitle	"Councillor"^^http://www.w3.org/1999/02/22-rdf-syntax-ns#langString
http://dbpedia.org/property/south	"Hofmeyr 48 km"^^http://www.w3.org/1999/02/22-rdf-syntax-ns#langString
http://dbpedia.org/property/percentAsian	"0.2"^^http://dbpedia.org/datatype/perCent
http://dbpedia.org/property/longd	"25"^^http://www.w3.org/2001/XMLSchema#integer
http://xmlns.com/foaf/0.1/primaryTopic	http://en.wikipedia.org/wiki/Steynsburg
http://dbpedia.org/property/east	"Molteno 53 km"^^http://www.w3.org/1999/02/22-rdf-syntax-ns#langString
http://www.w3.org/2002/07/owl#sameAs	http://dbpedia.org/resource/Steynsburg
http://dbpedia.org/ontology/wikiPageRedirects	http://dbpedia.org/resource/Khayamnandi
http://www.w3.org/2003/01/geo/wgs84_pos#lat	"31.296388626098632812"^^http://www.w3.org/2001/XMLSchema#float
http://www.georss.org/georss/point	"31.296388888888888 25.822777777777777"
http://dbpedia.org/ontology/thumbnail	http://commons.wikimedia.org/wiki/Special:FilePath/Steynsburg_dorpsbeeld.JPG?width=300
http://dbpedia.org/ontology/wikiPageID	"25190716"^^http://www.w3.org/2001/XMLSchema#integer
http://dbpedia.org/ontology/location	http://dbpedia.org/resource/Steynsburg_Provincial_Hospital
http://dbpedia.org/ontology/birthPlace	http://dbpedia.org/resource/Felix_du_Plessis
http://dbpedia.org/property/percentBlack	"80.5"^^http://dbpedia.org/datatype/perCent
http://dbpedia.org/property/northeast	"Burgersdorp 64 km"^^http://www.w3.org/1999/02/22-rdf-syntax-ns#langString
http://dbpedia.org/property/centre	"Steynsburg"^^http://www.w3.org/1999/02/22-rdf-syntax-ns#langString
http://xmlns.com/foaf/0.1/depiction	http://commons.wikimedia.org/wiki/Special:FilePath/Steynsburg_dorpsbeeld.JPG
http://purl.org/linguistics/gold/hypernym	http://dbpedia.org/resource/Town
http://dbpedia.org/property/percentColoured	"14.7"^^http://dbpedia.org/datatype/perCent
http://dbpedia.org/property/southwest	http://dbpedia.org/resource/Cradock,_Eastern_Cape
http://dbpedia.org/ontology/abstract	"Steynsburg is een klein dorp met 2500 inwoners, in de regio Oost-Kaap in Zuid-Afrika. Het dorp is gesticht in 1873 door Douwe Steyn."@nl
http://www.w3.org/2003/01/geo/wgs84_pos#geometry	"POINT(25.822778701782 31.296388626099)"^^http://www.openlinksw.com/schemas/virtrdf#Geometry
http://www.w3.org/2000/01/rdf-schema#label	"Steynsburg"@nl
