#---Properties and values from: http://dbpedia.org/resource/Ceres,_Goiás
Property	Value
http://dbpedia.org/property/lats	"12"^^http://www.w3.org/2001/XMLSchema#integer
http://dbpedia.org/ontology/wikiPageExternalLink	http://www.frigoletto.com.br/GeoEcon/idhgo.htm
http://dbpedia.org/ontology/wikiPageRevisionID	"726183922"^^http://www.w3.org/2001/XMLSchema#integer
http://dbpedia.org/ontology/deathPlace	http://dbpedia.org/resource/Adib_Shishakli
http://dbpedia.org/property/latm	"18"^^http://www.w3.org/2001/XMLSchema#integer
http://dbpedia.org/property/latns	"S"^^http://www.w3.org/1999/02/22-rdf-syntax-ns#langString
http://dbpedia.org/property/imageMap	"Goias Municip Ceres.svg"^^http://www.w3.org/1999/02/22-rdf-syntax-ns#langString
http://xmlns.com/foaf/0.1/isPrimaryTopicOf	http://en.wikipedia.org/wiki/Ceres,_Goiás
http://dbpedia.org/property/microregion	http://dbpedia.org/resource/Ceres_Microregion
http://dbpedia.org/property/location	http://dbpedia.org/resource/1986_São_Paulo_FC_season
http://dbpedia.org/property/longm	"36"^^http://www.w3.org/2001/XMLSchema#integer
http://dbpedia.org/property/populationTotal	"18637"^^http://www.w3.org/2001/XMLSchema#integer
http://dbpedia.org/property/populationAsOf	"2007"^^http://www.w3.org/2001/XMLSchema#integer
http://dbpedia.org/property/longs	"19"^^http://www.w3.org/2001/XMLSchema#integer
http://dbpedia.org/ontology/wikiPageDisambiguates	http://dbpedia.org/resource/Ceres
http://purl.org/dc/terms/subject	http://dbpedia.org/resource/Category:Municipalities_in_Goiás
http://dbpedia.org/property/elevation	"571"^^http://www.w3.org/2001/XMLSchema#integer
http://dbpedia.org/property/state	"GO"^^http://www.w3.org/1999/02/22-rdf-syntax-ns#langString
http://www.w3.org/2000/01/rdf-schema#comment	"Серис (порт. Ceres) — муниципалитет в Бразилии, входит в штат Гояс. Составная часть мезорегиона Центр штата Гойас. Входит в экономико-статистический микрорегион Серис. Население составляет 18 637 человек на 2007 год. Занимает площадь 213,497км². Плотность населения - 88,8 чел./км². Праздник города — 4 сентября."@ru
http://dbpedia.org/property/longd	"49"^^http://www.w3.org/2001/XMLSchema#integer
http://xmlns.com/foaf/0.1/primaryTopic	http://en.wikipedia.org/wiki/Ceres,_Goiás
http://dbpedia.org/ontology/wikiPageRedirects	http://dbpedia.org/resource/Ceres,_Goias
http://www.w3.org/2002/07/owl#sameAs	http://it.dbpedia.org/resource/Ceres_(Goiás)
http://dbpedia.org/ontology/thumbnail	http://commons.wikimedia.org/wiki/Special:FilePath/Goias_Municip_Ceres.svg?width=300
http://dbpedia.org/property/areaTotal	"456.60000000000002274"^^http://www.w3.org/2001/XMLSchema#decimal
http://dbpedia.org/ontology/wikiPageID	"4114612"^^http://www.w3.org/2001/XMLSchema#integer
http://dbpedia.org/ontology/birthPlace	http://dbpedia.org/resource/Danilo_Dias
http://www.w3.org/ns/prov#wasDerivedFrom	http://en.wikipedia.org/wiki/Ceres,_Goiás?oldid=726183922
http://dbpedia.org/property/name	"Ceres"^^http://www.w3.org/1999/02/22-rdf-syntax-ns#langString
http://xmlns.com/foaf/0.1/depiction	http://commons.wikimedia.org/wiki/Special:FilePath/Goias_Municip_Ceres.svg
http://purl.org/linguistics/gold/hypernym	http://dbpedia.org/resource/Municipality
http://dbpedia.org/property/latd	"15"^^http://www.w3.org/2001/XMLSchema#integer
http://dbpedia.org/property/postalCode	"76300"^^http://www.w3.org/2001/XMLSchema#integer
http://dbpedia.org/ontology/abstract	"Ceres is a municipality in central Goiás state, Brazil. Located atop the Brazilian Highlands, it was one of the first agricultural colonies built in the state of Goiás."@en
http://www.w3.org/2000/01/rdf-schema#label	"Ceres (Goiás)"@pl
http://www.w3.org/1999/02/22-rdf-syntax-ns#type	http://dbpedia.org/class/yago/Location100027167
