#---Properties and values from: http://dbpedia.org/resource/Alamdo
Property	Value
http://dbpedia.org/property/longew	"E"^^http://www.w3.org/1999/02/22-rdf-syntax-ns#langString
http://xmlns.com/foaf/0.1/name	"Alamdo"@en
http://dbpedia.org/ontology/wikiPageExternalLink	http://encarta.msn.com/mapof_8103439/Alamdo.html
http://dbpedia.org/ontology/wikiPageRevisionID	"721207605"^^http://www.w3.org/2001/XMLSchema#integer
http://dbpedia.org/property/latm	"40"^^http://www.w3.org/2001/XMLSchema#integer
http://dbpedia.org/property/latns	"N"^^http://www.w3.org/1999/02/22-rdf-syntax-ns#langString
http://www.w3.org/2003/01/geo/wgs84_pos#long	"94.26667022705078125"^^http://www.w3.org/2001/XMLSchema#float
http://dbpedia.org/property/coordinatesRegion	"CN"^^http://www.w3.org/1999/02/22-rdf-syntax-ns#langString
http://xmlns.com/foaf/0.1/isPrimaryTopicOf	http://en.wikipedia.org/wiki/Alamdo
http://dbpedia.org/property/subdivisionType	http://dbpedia.org/resource/Administrative_divisions_of_the_People's_Republic_of_China
http://dbpedia.org/property/pushpinMapsize	"300"^^http://www.w3.org/2001/XMLSchema#integer
http://dbpedia.org/ontology/country	http://dbpedia.org/resource/People's_Republic_of_China
http://dbpedia.org/property/longm	"16"^^http://www.w3.org/2001/XMLSchema#integer
http://dbpedia.org/property/populationTotal	"*"^^http://www.w3.org/1999/02/22-rdf-syntax-ns#langString
http://purl.org/dc/terms/subject	http://dbpedia.org/resource/Category:Populated_places_in_Nyingchi
http://dbpedia.org/ontology/isPartOf	http://dbpedia.org/resource/Nyingchi_Prefecture
http://www.w3.org/2000/01/rdf-schema#comment	"Alamdo is a small town in Bomê County in the northern Nyingchi Prefecture, Tibet Autonomous Region, China, at 30°40′0″N 94°16′0″E﻿ / ﻿30.66667°N 94.26667°E. The old town lies at an altitude of 4,238 metres (13,907 feet) above sea level."@en
http://dbpedia.org/property/longd	"94"^^http://www.w3.org/2001/XMLSchema#integer
http://xmlns.com/foaf/0.1/primaryTopic	http://en.wikipedia.org/wiki/Alamdo
http://dbpedia.org/property/timezone	"+8"^^http://www.w3.org/1999/02/22-rdf-syntax-ns#langString
http://www.w3.org/2002/07/owl#sameAs	http://yago-knowledge.org/resource/Alamdo
http://dbpedia.org/property/populationBlank	http://dbpedia.org/resource/Standard_Tibetan
http://www.w3.org/2003/01/geo/wgs84_pos#lat	"30.666666030883789062"^^http://www.w3.org/2001/XMLSchema#float
http://www.georss.org/georss/point	"30.666666666666668 94.26666666666667"
http://dbpedia.org/ontology/wikiPageID	"5742613"^^http://www.w3.org/2001/XMLSchema#integer
http://dbpedia.org/ontology/elevation	"4238.8536000000003696"^^http://www.w3.org/2001/XMLSchema#decimal
http://www.w3.org/ns/prov#wasDerivedFrom	http://en.wikipedia.org/wiki/Alamdo?oldid=721207605
http://dbpedia.org/property/pushpinMap	"China Tibet"^^http://www.w3.org/1999/02/22-rdf-syntax-ns#langString
http://dbpedia.org/property/populationBlank2Title	http://dbpedia.org/resource/Chinese_Language
http://dbpedia.org/property/populationBlank1Title	http://dbpedia.org/resource/Nationalities_of_China
http://purl.org/linguistics/gold/hypernym	http://dbpedia.org/resource/Town
http://dbpedia.org/property/latd	"30"^^http://www.w3.org/2001/XMLSchema#integer
http://dbpedia.org/ontology/abstract	"Alamdo is a small town in Bomê County in the northern Nyingchi Prefecture, Tibet Autonomous Region, China, at 30°40′0″N 94°16′0″E﻿ / ﻿30.66667°N 94.26667°E. The old town lies at an altitude of 4,238 metres (13,907 feet) above sea level."@en
http://dbpedia.org/property/pushpinMapCaption	"Location within Tibet"^^http://www.w3.org/1999/02/22-rdf-syntax-ns#langString
http://www.w3.org/2003/01/geo/wgs84_pos#geometry	"POINT(94.266670227051 30.666666030884)"^^http://www.openlinksw.com/schemas/virtrdf#Geometry
http://www.w3.org/2000/01/rdf-schema#label	"Alamdo"@en
http://www.w3.org/1999/02/22-rdf-syntax-ns#type	http://dbpedia.org/class/yago/YagoGeoEntity
