#---Properties and values from: http://dbpedia.org/resource/Aquiraz
Property	Value
http://dbpedia.org/property/lats	"0"^^http://www.w3.org/2001/XMLSchema#integer
http://dbpedia.org/ontology/wikiPageExternalLink	http://www.aquiraz.ce.gov.br/
http://dbpedia.org/ontology/wikiPageRevisionID	"744684537"^^http://www.w3.org/2001/XMLSchema#integer
http://dbpedia.org/property/latm	"54"^^http://www.w3.org/2001/XMLSchema#integer
http://dbpedia.org/property/latns	"S"^^http://www.w3.org/1999/02/22-rdf-syntax-ns#langString
http://dbpedia.org/property/imageMap	"Ceara Municip Aquiraz.svg"^^http://www.w3.org/1999/02/22-rdf-syntax-ns#langString
http://xmlns.com/foaf/0.1/isPrimaryTopicOf	http://en.wikipedia.org/wiki/Aquiraz
http://dbpedia.org/property/longm	"22"^^http://www.w3.org/2001/XMLSchema#integer
http://dbpedia.org/property/populationTotal	"70938"^^http://www.w3.org/2001/XMLSchema#integer
http://dbpedia.org/property/longs	"59"^^http://www.w3.org/2001/XMLSchema#integer
http://purl.org/dc/terms/subject	http://dbpedia.org/resource/Category:Populated_coastal_places_in_Ceará
http://dbpedia.org/property/state	"CE"^^http://www.w3.org/1999/02/22-rdf-syntax-ns#langString
http://www.w3.org/2000/01/rdf-schema#comment	"Aquiraz is een gemeente in de Braziliaanse deelstaat Ceará. De gemeente telt 71.400 inwoners (schatting 2009)."@nl
http://dbpedia.org/property/longd	"38"^^http://www.w3.org/2001/XMLSchema#integer
http://xmlns.com/foaf/0.1/primaryTopic	http://en.wikipedia.org/wiki/Aquiraz
http://www.w3.org/2002/07/owl#sameAs	http://es.dbpedia.org/resource/Aquiraz
http://dbpedia.org/ontology/thumbnail	http://commons.wikimedia.org/wiki/Special:FilePath/Ceara_Municip_Aquiraz.svg?width=300
http://dbpedia.org/property/areaTotal	"480.97599999999999909"^^http://www.w3.org/2001/XMLSchema#decimal
http://dbpedia.org/ontology/wikiPageID	"15053201"^^http://www.w3.org/2001/XMLSchema#integer
http://dbpedia.org/ontology/nearestCity	http://dbpedia.org/resource/Batoque_Extractive_Reserve
http://www.w3.org/ns/prov#wasDerivedFrom	http://en.wikipedia.org/wiki/Aquiraz?oldid=744684537
http://dbpedia.org/property/name	"Aquiraz"^^http://www.w3.org/1999/02/22-rdf-syntax-ns#langString
http://xmlns.com/foaf/0.1/depiction	http://commons.wikimedia.org/wiki/Special:FilePath/Ceara_Municip_Aquiraz.svg
http://purl.org/linguistics/gold/hypernym	http://dbpedia.org/resource/Thirteenth
http://dbpedia.org/property/latd	"3"^^http://www.w3.org/2001/XMLSchema#integer
http://dbpedia.org/ontology/abstract	"Aquiraz es una ciudad del estado brasileño de Ceará y su primera capital, hasta el 13 de abril de 1726, cuando Fortaleza asumió la condición de ciudad principal. Está situada en la costa este de la costa de Ceará, a 27 km de Fortaleza, la ciudad de Aquiraz cuyo nombre significa \"agua de allá,\" mantiene sus raíces en las tradiciones de los colonizadores europeos, así como pruebas claras de la presencia de la India, sin olvidar la características más destacadas de la cultura africana extendido por todo la ciudad. La población es cercana a los 65 mil habitantes, situados sobre un área total de 483 km ². La ciudad fue creada por el decreto real del 13 de febrero de 1699, asentada de manera efectiva el 27 de junio de 1713. Por lo tanto, es la sede administrativa de la capitanía Siar Grande-en el año 1726."@es
http://www.w3.org/2000/01/rdf-schema#label	"Aquiraz"@nl
http://xmlns.com/foaf/0.1/homepage	http://www.aquiraz.ce.gov.br/
http://www.w3.org/1999/02/22-rdf-syntax-ns#type	http://dbpedia.org/ontology/Single
