#---Properties and values from: http://dbpedia.org/resource/Nazaré_da_Mata
Property	Value
http://dbpedia.org/property/lats	"31"^^http://www.w3.org/2001/XMLSchema#integer
http://dbpedia.org/ontology/wikiPageRevisionID	"722011300"^^http://www.w3.org/2001/XMLSchema#integer
http://dbpedia.org/property/latm	"44"^^http://www.w3.org/2001/XMLSchema#integer
http://dbpedia.org/property/latns	"S"^^http://www.w3.org/1999/02/22-rdf-syntax-ns#langString
http://dbpedia.org/property/imageMap	"Mapa de Nazaré da Mata .png"^^http://www.w3.org/1999/02/22-rdf-syntax-ns#langString
http://xmlns.com/foaf/0.1/isPrimaryTopicOf	http://en.wikipedia.org/wiki/Nazaré_da_Mata
http://dbpedia.org/property/longm	"13"^^http://www.w3.org/2001/XMLSchema#integer
http://dbpedia.org/property/populationTotal	"30185"^^http://www.w3.org/2001/XMLSchema#integer
http://dbpedia.org/property/populationAsOf	"2009"^^http://www.w3.org/2001/XMLSchema#integer
http://dbpedia.org/property/longs	"40"^^http://www.w3.org/2001/XMLSchema#integer
http://purl.org/dc/terms/subject	http://dbpedia.org/resource/Category:Municipalities_in_Pernambuco
http://dbpedia.org/property/elevation	"89"^^http://www.w3.org/2001/XMLSchema#integer
http://dbpedia.org/property/state	"PE"^^http://www.w3.org/1999/02/22-rdf-syntax-ns#langString
http://www.w3.org/2000/01/rdf-schema#comment	"Назаре-да-Мата (порт. Nazaré da Mata) — муниципалитет в Бразилии, входит в штат Пернамбуку. Составная часть мезорегиона Мата-Пернамбукана. Входит в экономико-статистический микрорегион Мата-Сетентриунал-Пернамбукана. Население составляет 30 647 человек на 2000 год. Занимает площадь 141,3 км². Плотность населения - 201 чел./км². Праздник города — 17 мая."@ru
http://dbpedia.org/property/longd	"35"^^http://www.w3.org/2001/XMLSchema#integer
http://xmlns.com/foaf/0.1/primaryTopic	http://en.wikipedia.org/wiki/Nazaré_da_Mata
http://www.w3.org/2002/07/owl#sameAs	http://sws.geonames.org/3393972/
http://dbpedia.org/ontology/wikiPageRedirects	http://dbpedia.org/resource/Nazare_da_Mata
http://dbpedia.org/ontology/thumbnail	http://commons.wikimedia.org/wiki/Special:FilePath/Mapa_de_Nazaré_da_Mata_(2).png?width=300
http://dbpedia.org/property/areaTotal	"150.80000000000001137"^^http://www.w3.org/2001/XMLSchema#decimal
http://dbpedia.org/ontology/wikiPageID	"2169475"^^http://www.w3.org/2001/XMLSchema#integer
http://www.w3.org/ns/prov#wasDerivedFrom	http://en.wikipedia.org/wiki/Nazaré_da_Mata?oldid=722011300
http://dbpedia.org/ontology/birthPlace	http://dbpedia.org/resource/Djalma_Henrique_da_Silva
http://dbpedia.org/property/name	"Nazaré da Mata"^^http://www.w3.org/1999/02/22-rdf-syntax-ns#langString
http://xmlns.com/foaf/0.1/depiction	http://commons.wikimedia.org/wiki/Special:FilePath/Mapa_de_Nazaré_da_Mata_(2).png
http://purl.org/linguistics/gold/hypernym	http://dbpedia.org/resource/City
http://dbpedia.org/property/latd	"7"^^http://www.w3.org/2001/XMLSchema#integer
http://dbpedia.org/ontology/abstract	"Nazaré da Mata is een gemeente in de Braziliaanse deelstaat Pernambuco. De gemeente telt 30.185 inwoners (schatting 2009). De gemeente grenst aan Aliança, Condado, Itaquitinga, Tracunhaém, Buenos Aires en Carpina."@nl
http://www.w3.org/2000/01/rdf-schema#label	"Nazaré da Mata"@en
http://www.w3.org/1999/02/22-rdf-syntax-ns#type	http://dbpedia.org/ontology/City
