#---Properties and values from: http://dbpedia.org/resource/Barra_do_Garças
Property	Value
http://dbpedia.org/property/lats	"24"^^http://www.w3.org/2001/XMLSchema#integer
http://dbpedia.org/ontology/wikiPageExternalLink	http://www.youtube.com/user/dresdo
http://dbpedia.org/ontology/wikiPageRevisionID	"721326142"^^http://www.w3.org/2001/XMLSchema#integer
http://dbpedia.org/property/latm	"53"^^http://www.w3.org/2001/XMLSchema#integer
http://dbpedia.org/property/latns	"S"^^http://www.w3.org/1999/02/22-rdf-syntax-ns#langString
http://dbpedia.org/property/imageMap	"MatoGrosso Municip BarradoGarcas.svg"^^http://www.w3.org/1999/02/22-rdf-syntax-ns#langString
http://xmlns.com/foaf/0.1/isPrimaryTopicOf	http://en.wikipedia.org/wiki/Barra_do_Garças
http://dbpedia.org/property/longm	"15"^^http://www.w3.org/2001/XMLSchema#integer
http://dbpedia.org/property/populationTotal	"50000"^^http://www.w3.org/2001/XMLSchema#integer
http://dbpedia.org/property/longs	"24"^^http://www.w3.org/2001/XMLSchema#integer
http://purl.org/dc/terms/subject	http://dbpedia.org/resource/Category:Municipalities_in_Mato_Grosso
http://dbpedia.org/property/state	"MT"^^http://www.w3.org/1999/02/22-rdf-syntax-ns#langString
http://dbpedia.org/ontology/wikiPageDisambiguates	http://dbpedia.org/resource/Barra_(disambiguation)
http://www.w3.org/2000/01/rdf-schema#comment	"Barra do Garças est une ville brésilienne de l'est du Mato Grosso. Enclavée entre deux chapadas (hauts plateaux) de la Serra do Roncador, chaîne montagneuse de cette partie de l'État, la ville est baignée par les rios Araguáia et Garças. Sa population en 2007 était estimée à 56 014 habitants et sa superficie est de 9 142 km2. Elle est située à une altitude de 318 mètres et se trouve à 550 km de Cuiabá, capitale du Mato Grosso. Barra do Garças possède un aéroport (code AITA : BPG)."@fr
http://dbpedia.org/property/longd	"52"^^http://www.w3.org/2001/XMLSchema#integer
http://xmlns.com/foaf/0.1/primaryTopic	http://en.wikipedia.org/wiki/Barra_do_Garças
http://www.w3.org/2002/07/owl#sameAs	http://rdf.freebase.com/ns/m.08gmxs
http://dbpedia.org/ontology/wikiPageRedirects	http://dbpedia.org/resource/Barra_do_Garcas
http://dbpedia.org/ontology/thumbnail	http://commons.wikimedia.org/wiki/Special:FilePath/MatoGrosso_Municip_BarradoGarcas.svg?width=300
http://dbpedia.org/ontology/wikiPageID	"2966762"^^http://www.w3.org/2001/XMLSchema#integer
http://www.w3.org/ns/prov#wasDerivedFrom	http://en.wikipedia.org/wiki/Barra_do_Garças?oldid=721326142
http://dbpedia.org/ontology/birthPlace	http://dbpedia.org/resource/Aender_Naves_Mesquita
http://dbpedia.org/property/name	"Barra do Garças"^^http://www.w3.org/1999/02/22-rdf-syntax-ns#langString
http://dbpedia.org/ontology/city	http://dbpedia.org/resource/Barra_do_Garças_Airport
http://xmlns.com/foaf/0.1/depiction	http://commons.wikimedia.org/wiki/Special:FilePath/MatoGrosso_Municip_BarradoGarcas.svg
http://purl.org/linguistics/gold/hypernym	http://dbpedia.org/resource/City
http://dbpedia.org/property/latd	"15"^^http://www.w3.org/2001/XMLSchema#integer
http://dbpedia.org/ontology/abstract	"Barra do Garças – miasto i gmina w Brazylii, w stanie Mato Grosso."@pl
http://www.w3.org/2000/01/rdf-schema#label	"Barra do Garças"@nl
http://dbpedia.org/ontology/ground	http://dbpedia.org/resource/Barra_do_Garças_Futebol_Clube
http://www.w3.org/1999/02/22-rdf-syntax-ns#type	http://dbpedia.org/class/yago/PhysicalEntity100001930
