#---Properties and values from: http://dbpedia.org/resource/Vrouwenparochie
Property	Value
http://xmlns.com/foaf/0.1/name	"Vrouwenparochie"@en
http://dbpedia.org/ontology/wikiPageExternalLink	http://www.froubuurt.nl/
http://dbpedia.org/ontology/wikiPageRevisionID	"650214838"^^http://www.w3.org/2001/XMLSchema#integer
http://dbpedia.org/property/settlementType	"Village"^^http://www.w3.org/1999/02/22-rdf-syntax-ns#langString
http://www.w3.org/2003/01/geo/wgs84_pos#long	"5.7002778053283691406"^^http://www.w3.org/2001/XMLSchema#float
http://dbpedia.org/property/imageMap	"Map NL Bilt Froubuorren.png"^^http://www.w3.org/1999/02/22-rdf-syntax-ns#langString
http://xmlns.com/foaf/0.1/isPrimaryTopicOf	http://en.wikipedia.org/wiki/Vrouwenparochie
http://dbpedia.org/property/subdivisionType	"Province"^^http://www.w3.org/1999/02/22-rdf-syntax-ns#langString
http://dbpedia.org/ontology/country	http://dbpedia.org/resource/Netherlands
http://dbpedia.org/property/populationTotal	"c. 620"^^http://www.w3.org/1999/02/22-rdf-syntax-ns#langString
http://purl.org/dc/terms/subject	http://dbpedia.org/resource/Category:Populated_places_in_Friesland
http://dbpedia.org/ontology/isPartOf	http://dbpedia.org/resource/Friesland
http://www.w3.org/2000/01/rdf-schema#comment	"Vrouwenparochie (Bildts: Froubuurt, Fries: Froubuorren) is een dorp in de gemeente Het Bildt, provincie Friesland (Nederland). Het ligt aan de N 393, ten oosten van Sint Annaparochie, en telt 718 inwoners (2014)."@nl
http://xmlns.com/foaf/0.1/primaryTopic	http://en.wikipedia.org/wiki/Vrouwenparochie
http://www.w3.org/2002/07/owl#sameAs	http://wikidata.dbpedia.org/resource/Q2757895
http://www.w3.org/2003/01/geo/wgs84_pos#lat	"53.27972412109375"^^http://www.w3.org/2001/XMLSchema#float
http://www.georss.org/georss/point	"53.27972222222222 5.700277777777778"
http://dbpedia.org/ontology/thumbnail	http://commons.wikimedia.org/wiki/Special:FilePath/Map_NL_Bilt_Froubuorren.png?width=300
http://dbpedia.org/ontology/wikiPageID	"16306148"^^http://www.w3.org/2001/XMLSchema#integer
http://www.w3.org/ns/prov#wasDerivedFrom	http://en.wikipedia.org/wiki/Vrouwenparochie?oldid=650214838
http://xmlns.com/foaf/0.1/depiction	http://commons.wikimedia.org/wiki/Special:FilePath/Map_NL_Bilt_Froubuorren.png
http://purl.org/linguistics/gold/hypernym	http://dbpedia.org/resource/Village
http://dbpedia.org/ontology/abstract	"Vrouwenparochie (Bildts: Froubuurt, Fries: Froubuorren) is een dorp in de gemeente Het Bildt, provincie Friesland (Nederland). Het ligt aan de N 393, ten oosten van Sint Annaparochie, en telt 718 inwoners (2014)."@nl
http://www.w3.org/2003/01/geo/wgs84_pos#geometry	"POINT(5.7002778053284 53.279724121094)"^^http://www.openlinksw.com/schemas/virtrdf#Geometry
http://www.w3.org/2000/01/rdf-schema#label	"Vrouwenparochie"@en
http://dbpedia.org/property/mapsize	"280"^^http://www.w3.org/2001/XMLSchema#integer
http://www.w3.org/1999/02/22-rdf-syntax-ns#type	http://schema.org/Place
