#---Properties and values from: http://dbpedia.org/resource/Pontalina
Property	Value
http://dbpedia.org/property/lats	"12"^^http://www.w3.org/2001/XMLSchema#integer
http://dbpedia.org/ontology/wikiPageExternalLink	http://www.seplan.go.gov.br/sepin/pub/anuario/2005/transporte/tab01_transporte.htm
http://dbpedia.org/ontology/wikiPageRevisionID	"721553386"^^http://www.w3.org/2001/XMLSchema#integer
http://dbpedia.org/property/latm	"31"^^http://www.w3.org/2001/XMLSchema#integer
http://dbpedia.org/property/latns	"S"^^http://www.w3.org/1999/02/22-rdf-syntax-ns#langString
http://dbpedia.org/property/imageMap	"Goias Municip Pontalina.svg"^^http://www.w3.org/1999/02/22-rdf-syntax-ns#langString
http://xmlns.com/foaf/0.1/isPrimaryTopicOf	http://en.wikipedia.org/wiki/Pontalina
http://dbpedia.org/property/microregion	http://dbpedia.org/resource/Meia_Ponte_Microregion
http://dbpedia.org/property/longm	"26"^^http://www.w3.org/2001/XMLSchema#integer
http://dbpedia.org/property/populationTotal	"16226"^^http://www.w3.org/2001/XMLSchema#integer
http://dbpedia.org/property/populationAsOf	"2007"^^http://www.w3.org/2001/XMLSchema#integer
http://dbpedia.org/property/longs	"21"^^http://www.w3.org/2001/XMLSchema#integer
http://purl.org/dc/terms/subject	http://dbpedia.org/resource/Category:Municipalities_in_Goiás
http://dbpedia.org/property/elevation	"610"^^http://www.w3.org/2001/XMLSchema#integer
http://dbpedia.org/property/state	"GO"^^http://www.w3.org/1999/02/22-rdf-syntax-ns#langString
http://www.w3.org/2000/01/rdf-schema#comment	"Pontalina è un comune del Brasile nello Stato del Goiás, parte della mesoregione del Sul Goiano e della microregione di Meia Ponte."@it
http://dbpedia.org/property/longd	"49"^^http://www.w3.org/2001/XMLSchema#integer
http://xmlns.com/foaf/0.1/primaryTopic	http://en.wikipedia.org/wiki/Pontalina
http://www.w3.org/2002/07/owl#sameAs	http://pt.dbpedia.org/resource/Pontalina
http://dbpedia.org/ontology/thumbnail	http://commons.wikimedia.org/wiki/Special:FilePath/Goias_Municip_Pontalina.svg?width=300
http://dbpedia.org/property/areaTotal	"1428.2000000000000455"^^http://www.w3.org/2001/XMLSchema#decimal
http://dbpedia.org/ontology/wikiPageID	"4226729"^^http://www.w3.org/2001/XMLSchema#integer
http://www.w3.org/ns/prov#wasDerivedFrom	http://en.wikipedia.org/wiki/Pontalina?oldid=721553386
http://dbpedia.org/ontology/birthPlace	http://dbpedia.org/resource/Paulo_Nunes
http://dbpedia.org/property/name	"Pontalina"^^http://www.w3.org/1999/02/22-rdf-syntax-ns#langString
http://xmlns.com/foaf/0.1/depiction	http://commons.wikimedia.org/wiki/Special:FilePath/Goias_Municip_Pontalina.svg
http://purl.org/linguistics/gold/hypernym	http://dbpedia.org/resource/Municipality
http://dbpedia.org/property/latd	"17"^^http://www.w3.org/2001/XMLSchema#integer
http://dbpedia.org/property/postalCode	"75620"^^http://www.w3.org/2001/XMLSchema#integer
http://dbpedia.org/ontology/abstract	"蓬塔利纳（葡萄牙语：Pontalina）是巴西戈亚斯州的一个市镇。总面积1428.184平方公里，总人口17383人，人口密度12.2人/平方公里。"@zh
http://www.w3.org/2000/01/rdf-schema#label	"Pontalina"@it
http://www.w3.org/1999/02/22-rdf-syntax-ns#type	http://dbpedia.org/class/yago/Region108630985
