#---Properties and values from: http://dbpedia.org/resource/Bloemhof
Property	Value
http://xmlns.com/foaf/0.1/name	"Bloemhof"@en
http://dbpedia.org/property/lats	"0"^^http://www.w3.org/2001/XMLSchema#integer
http://dbpedia.org/property/latm	"39"^^http://www.w3.org/2001/XMLSchema#integer
http://dbpedia.org/ontology/deathPlace	http://dbpedia.org/resource/Bles_Bridges
http://dbpedia.org/property/areaCode	"53"^^http://www.w3.org/2001/XMLSchema#integer
http://dbpedia.org/property/imageSkyline	"Station Bloemhof.JPG"^^http://www.w3.org/1999/02/22-rdf-syntax-ns#langString
http://www.w3.org/2003/01/geo/wgs84_pos#long	"25.590000152587890625"^^http://www.w3.org/2001/XMLSchema#float
http://dbpedia.org/property/west	http://dbpedia.org/resource/Taung
http://purl.org/dc/terms/subject	http://dbpedia.org/resource/Category:Populated_places_established_in_1864
http://dbpedia.org/property/birthPlace	http://dbpedia.org/resource/Willem_Louw
http://dbpedia.org/property/percentWhite	"5.5"^^http://dbpedia.org/datatype/perCent
http://www.w3.org/ns/prov#wasDerivedFrom	http://en.wikipedia.org/wiki/Bloemhof?oldid=676196055
http://dbpedia.org/property/areaTotalKm	"50.899999999999998579"^^http://www.w3.org/2001/XMLSchema#decimal
http://dbpedia.org/property/district	"Dr Ruth Segomotsi Mompati"^^http://www.w3.org/1999/02/22-rdf-syntax-ns#langString
http://dbpedia.org/ontology/city	http://dbpedia.org/resource/R34_road
http://dbpedia.org/property/latd	"27"^^http://www.w3.org/2001/XMLSchema#integer
http://dbpedia.org/property/southeast	"HoopstadWelkom"^^http://www.w3.org/1999/02/22-rdf-syntax-ns#langString
http://dbpedia.org/property/province	"North West"^^http://www.w3.org/1999/02/22-rdf-syntax-ns#langString
http://www.w3.org/1999/02/22-rdf-syntax-ns#type	http://dbpedia.org/class/yago/WikicatCitiesInSouthAfrica
http://dbpedia.org/property/demographics2Info	"14.6"^^http://dbpedia.org/datatype/perCent
http://dbpedia.org/ontology/garrison	http://dbpedia.org/resource/Bloemhof_Commando
http://dbpedia.org/ontology/wikiPageRevisionID	"676196055"^^http://www.w3.org/2001/XMLSchema#integer
http://dbpedia.org/property/imageCaption	"Bloemhof railway station"^^http://www.w3.org/1999/02/22-rdf-syntax-ns#langString
http://dbpedia.org/property/north	http://dbpedia.org/resource/Wolmaransstad
http://dbpedia.org/property/demographics2Title	http://dbpedia.org/resource/Xhosa_language
http://xmlns.com/foaf/0.1/isPrimaryTopicOf	http://en.wikipedia.org/wiki/Bloemhof
http://dbpedia.org/property/municipality	"Lekwa-Teemane"^^http://www.w3.org/1999/02/22-rdf-syntax-ns#langString
http://dbpedia.org/ontology/country	http://dbpedia.org/resource/South_Africa
http://dbpedia.org/property/longm	"35"^^http://www.w3.org/2001/XMLSchema#integer
http://dbpedia.org/property/populationTotal	"27904"^^http://www.w3.org/2001/XMLSchema#integer
http://dbpedia.org/property/longs	"24"^^http://www.w3.org/2001/XMLSchema#integer
http://dbpedia.org/property/populationAsOf	"2011"^^http://www.w3.org/2001/XMLSchema#integer
http://dbpedia.org/property/northwest	http://dbpedia.org/resource/Hoopstad
http://www.w3.org/2000/01/rdf-schema#comment	"Bloemhof - miasto, zamieszkane przez ok. 15 000 ludzi, w Republice Południowej Afryki, w Prowincji Północno-Zachodniej. Miasto leży nad rzeką Vaal. Zostało założone w roku 1864, po odkryciu w jego rejonie pokładów diamentów. Wcześniej na tym terenie położona była farma, należąca do Johna Barclaya."@pl
http://dbpedia.org/property/percentOther	"0.4"^^http://dbpedia.org/datatype/perCent
http://dbpedia.org/property/leaderTitle	"Councillor"^^http://www.w3.org/1999/02/22-rdf-syntax-ns#langString
http://dbpedia.org/property/south	http://dbpedia.org/resource/Hertzogville
http://dbpedia.org/property/percentAsian	"0.7"^^http://dbpedia.org/datatype/perCent
http://dbpedia.org/property/longd	"25"^^http://www.w3.org/2001/XMLSchema#integer
http://xmlns.com/foaf/0.1/primaryTopic	http://en.wikipedia.org/wiki/Bloemhof
http://dbpedia.org/ontology/routeJunction	http://dbpedia.org/resource/R34_road
http://dbpedia.org/ontology/wikiPageRedirects	http://dbpedia.org/resource/Bloemhof,_North_West
http://www.w3.org/2002/07/owl#sameAs	http://wikidata.dbpedia.org/resource/Q2633575
http://www.w3.org/2003/01/geo/wgs84_pos#lat	"27.649999618530273438"^^http://www.w3.org/2001/XMLSchema#float
http://www.georss.org/georss/point	"27.65 25.59"
http://dbpedia.org/ontology/thumbnail	http://commons.wikimedia.org/wiki/Special:FilePath/Station_Bloemhof.JPG?width=300
http://dbpedia.org/ontology/wikiPageID	"1496860"^^http://www.w3.org/2001/XMLSchema#integer
http://dbpedia.org/ontology/nearestCity	http://dbpedia.org/resource/Sandveld_Nature_Reserve
http://dbpedia.org/ontology/birthPlace	http://dbpedia.org/resource/Willem_Louw
http://dbpedia.org/property/percentBlack	"83.9"^^http://dbpedia.org/datatype/perCent
http://dbpedia.org/property/northeast	http://dbpedia.org/resource/Bothaville
http://dbpedia.org/property/centre	"Bloemhof"^^http://www.w3.org/1999/02/22-rdf-syntax-ns#langString
http://xmlns.com/foaf/0.1/depiction	http://commons.wikimedia.org/wiki/Special:FilePath/Station_Bloemhof.JPG
http://purl.org/linguistics/gold/hypernym	http://dbpedia.org/resource/Town
http://dbpedia.org/property/establishedDate	"1864"^^http://www.w3.org/2001/XMLSchema#integer
http://dbpedia.org/property/percentColoured	"9.5"^^http://dbpedia.org/datatype/perCent
http://dbpedia.org/ontology/abstract	"Bloemhof - miasto, zamieszkane przez ok. 15 000 ludzi, w Republice Południowej Afryki, w Prowincji Północno-Zachodniej. Miasto leży nad rzeką Vaal. Zostało założone w roku 1864, po odkryciu w jego rejonie pokładów diamentów. Wcześniej na tym terenie położona była farma, należąca do Johna Barclaya."@pl
http://dbpedia.org/property/southwest	http://dbpedia.org/resource/Wolmaransstad
http://www.w3.org/2003/01/geo/wgs84_pos#geometry	"POINT(25.590000152588 27.64999961853)"^^http://www.openlinksw.com/schemas/virtrdf#Geometry
http://www.w3.org/2000/01/rdf-schema#label	"Bloemhof"@it
