#---Properties and values from: http://dbpedia.org/resource/Sertã
Property	Value
http://dbpedia.org/ontology/wikiPageExternalLink	http://www.cm-serta.pt/
http://dbpedia.org/property/officialName	"Sertã"^^http://www.w3.org/1999/02/22-rdf-syntax-ns#langString
http://dbpedia.org/ontology/wikiPageRevisionID	"701649397"^^http://www.w3.org/2001/XMLSchema#integer
http://dbpedia.org/property/blank1NameSec	"Municipal holiday"^^http://www.w3.org/1999/02/22-rdf-syntax-ns#langString
http://dbpedia.org/property/areaCode	"274"^^http://www.w3.org/2001/XMLSchema#integer
http://dbpedia.org/property/imageMap	"LocalSerta.svg"^^http://www.w3.org/1999/02/22-rdf-syntax-ns#langString
http://dbpedia.org/property/website	"Official website"^^http://www.w3.org/1999/02/22-rdf-syntax-ns#langString
http://xmlns.com/foaf/0.1/isPrimaryTopicOf	http://en.wikipedia.org/wiki/Sertã
http://dbpedia.org/property/municipality	http://dbpedia.org/resource/Cernache_do_Bonjardim,_Nesperal_e_Palhais
http://dbpedia.org/property/location	http://dbpedia.org/resource/2016–17_Taça_de_Portugal
http://dbpedia.org/property/populationTotal	"15880"^^http://www.w3.org/2001/XMLSchema#integer
http://dbpedia.org/property/populationAsOf	"2011"^^http://www.w3.org/2001/XMLSchema#integer
http://purl.org/dc/terms/subject	http://dbpedia.org/resource/Category:Municipalities_of_Portugal
http://dbpedia.org/property/parishes	"[[#Parishes"^^http://www.w3.org/1999/02/22-rdf-syntax-ns#langString
http://www.w3.org/2000/01/rdf-schema#comment	"塞尔唐（葡萄牙语：Sertã）是葡萄牙布朗库堡区的一座城市。 葡萄牙  這是關於葡萄牙的小作品。你可以通过编辑或修订扩充其内容。"@zh
http://dbpedia.org/property/cim	http://dbpedia.org/resource/Médio_Tejo
http://dbpedia.org/property/imageShield	"SRT.png"^^http://www.w3.org/1999/02/22-rdf-syntax-ns#langString
http://dbpedia.org/property/longd	"8.0999999999999996447"^^http://www.w3.org/2001/XMLSchema#decimal
http://xmlns.com/foaf/0.1/primaryTopic	http://en.wikipedia.org/wiki/Sertã
http://dbpedia.org/ontology/wikiPageRedirects	http://dbpedia.org/resource/Serta_Municipality
http://www.w3.org/2002/07/owl#sameAs	http://pt.dbpedia.org/resource/Sertã
http://dbpedia.org/property/leaderParty	http://dbpedia.org/resource/Portuguese_Socialist_Party
http://dbpedia.org/ontology/thumbnail	http://commons.wikimedia.org/wiki/Special:FilePath/Pt-srt1.png?width=300
http://dbpedia.org/property/blank1InfoSec	http://dbpedia.org/resource/Nuno_Álvares_Pereira
http://dbpedia.org/ontology/wikiPageID	"863744"^^http://www.w3.org/2001/XMLSchema#integer
http://dbpedia.org/property/elevationM	"250"^^http://www.w3.org/2001/XMLSchema#integer
http://dbpedia.org/ontology/location	http://dbpedia.org/resource/Cabril_Dam
http://www.w3.org/ns/prov#wasDerivedFrom	http://en.wikipedia.org/wiki/Sertã?oldid=701649397
http://dbpedia.org/property/leaderName	http://dbpedia.org/resource/José_Paulo_Barata_Farinha
http://dbpedia.org/property/areaTotalKm	"446.73000000000001819"^^http://www.w3.org/2001/XMLSchema#decimal
http://dbpedia.org/property/district	http://dbpedia.org/resource/Castelo_Branco_District
http://dbpedia.org/property/populationDemonym	"Sertanense"^^http://www.w3.org/1999/02/22-rdf-syntax-ns#langString
http://xmlns.com/foaf/0.1/depiction	http://commons.wikimedia.org/wiki/Special:FilePath/Pt-srt1.png
http://purl.org/linguistics/gold/hypernym	http://dbpedia.org/resource/Municipality
http://dbpedia.org/property/latd	"39.799999999999997158"^^http://www.w3.org/2001/XMLSchema#decimal
http://dbpedia.org/property/subregion	http://dbpedia.org/resource/Pinhal_Interior_Sul
http://dbpedia.org/property/postalCode	"6100"^^http://www.w3.org/2001/XMLSchema#integer
http://dbpedia.org/ontology/abstract	"塞尔唐（葡萄牙语：Sertã）是葡萄牙布朗库堡区的一座城市。 葡萄牙  這是關於葡萄牙的小作品。你可以通过编辑或修订扩充其内容。"@zh
http://dbpedia.org/property/imageFlag	"Pt-srt1.png"^^http://www.w3.org/1999/02/22-rdf-syntax-ns#langString
http://www.w3.org/2000/01/rdf-schema#label	"Sertã"@it
http://dbpedia.org/ontology/ground	http://dbpedia.org/resource/Sertanense_F.C.
http://xmlns.com/foaf/0.1/homepage	http://www.cm-serta.pt/
http://www.w3.org/1999/02/22-rdf-syntax-ns#type	http://dbpedia.org/class/yago/WikicatPopulatedPlacesInCasteloBrancoDistrict
http://dbpedia.org/property/region	http://dbpedia.org/resource/Centro_Region,_Portugal
