#---Properties and values from: http://dbpedia.org/resource/Stellenbosch
Property	Value
http://xmlns.com/foaf/0.1/name	"Stellenbosch"@en
http://dbpedia.org/property/lats	"12"^^http://www.w3.org/2001/XMLSchema#integer
http://dbpedia.org/ontology/wikiPageExternalLink	http://www.stellenbosch.travel/
http://dbpedia.org/ontology/deathPlace	http://dbpedia.org/resource/Anton_Rupert
http://dbpedia.org/property/latm	"55"^^http://www.w3.org/2001/XMLSchema#integer
http://dbpedia.org/property/areaCode	"21"^^http://www.w3.org/2001/XMLSchema#integer
http://dbpedia.org/property/imageSkyline	"StellenboschWC-Aerial.jpg"^^http://www.w3.org/1999/02/22-rdf-syntax-ns#langString
http://www.w3.org/2003/01/geo/wgs84_pos#long	"18.8600006103515625"^^http://www.w3.org/2001/XMLSchema#float
http://dbpedia.org/ontology/routeEnd	http://dbpedia.org/resource/R304_road
http://purl.org/dc/terms/subject	http://dbpedia.org/resource/Category:1679_establishments_in_the_Dutch_Empire
http://dbpedia.org/property/winnerOrigin	http://dbpedia.org/resource/Idols_South_Africa_(season_1)
http://dbpedia.org/property/residence	http://dbpedia.org/resource/Oliver_Bekker
http://dbpedia.org/property/birthPlace	http://dbpedia.org/resource/Ferdie_Bergh
http://dbpedia.org/property/percentWhite	"26.5"^^http://dbpedia.org/datatype/perCent
http://dbpedia.org/ontology/elevation	"136.0"^^http://www.w3.org/2001/XMLSchema#decimal
http://www.w3.org/ns/prov#wasDerivedFrom	http://en.wikipedia.org/wiki/Stellenbosch?oldid=740812465
http://dbpedia.org/property/areaTotalKm	"21.5"^^http://www.w3.org/2001/XMLSchema#decimal
http://dbpedia.org/ontology/city	http://dbpedia.org/resource/Paul_Roos_Gymnasium
http://dbpedia.org/property/latd	"33"^^http://www.w3.org/2001/XMLSchema#integer
http://xmlns.com/foaf/0.1/nick	"Eikestad (\"City of Oaks\")"@en
http://dbpedia.org/property/province	"Western Cape"^^http://www.w3.org/1999/02/22-rdf-syntax-ns#langString
http://www.w3.org/1999/02/22-rdf-syntax-ns#type	http://dbpedia.org/class/yago/WikicatPopulatedPlacesInTheStellenboschLocalMunicipality
http://dbpedia.org/property/demographics2Info	"8.6"^^http://dbpedia.org/datatype/perCent
http://dbpedia.org/ontology/garrison	http://dbpedia.org/resource/Stellenbosch_Commando
http://dbpedia.org/property/venue	http://dbpedia.org/resource/New_Zealand_women's_cricket_team_in_South_Africa_in_2016–17
http://dbpedia.org/ontology/wikiPageRevisionID	"740812465"^^http://www.w3.org/2001/XMLSchema#integer
http://dbpedia.org/property/deathPlace	http://dbpedia.org/resource/Paul_Roos_(rugby_player)
http://dbpedia.org/ontology/district	http://dbpedia.org/resource/Cape_Winelands
http://dbpedia.org/property/imageCaption	"Stellenbosch with Great Drakenstein and Stellenbosch Mountains beyond"^^http://www.w3.org/1999/02/22-rdf-syntax-ns#langString
http://dbpedia.org/property/seat	http://dbpedia.org/resource/Stellenbosch_Local_Municipality
http://dbpedia.org/property/demographics2Title	http://dbpedia.org/resource/Xhosa_language
http://xmlns.com/foaf/0.1/isPrimaryTopicOf	http://en.wikipedia.org/wiki/Stellenbosch
http://dbpedia.org/ontology/hometown	http://dbpedia.org/resource/Canticum_Novum
http://dbpedia.org/property/municipality	"Stellenbosch"^^http://www.w3.org/1999/02/22-rdf-syntax-ns#langString
http://dbpedia.org/ontology/country	http://dbpedia.org/resource/South_Africa
http://dbpedia.org/property/longm	"51"^^http://www.w3.org/2001/XMLSchema#integer
http://dbpedia.org/property/populationTotal	"155733"^^http://www.w3.org/2001/XMLSchema#integer
http://dbpedia.org/property/longs	"36"^^http://www.w3.org/2001/XMLSchema#integer
http://dbpedia.org/property/populationAsOf	"2011"^^http://www.w3.org/2001/XMLSchema#integer
http://dbpedia.org/property/stadium	http://dbpedia.org/resource/2012_IRB_Junior_World_Championship
http://dbpedia.org/property/hostCity	http://dbpedia.org/resource/2015_South_African_Athletics_Championships
http://www.w3.org/2000/01/rdf-schema#comment	"斯泰倫博斯是南非的城鎮，位於該國西南部，由西開普省負責管轄，距離開普敦約50公里，始建於1679年，面積30.41平方公里，海拔高度136米，2001年人口44,160，人口密度每平方公里約1,500人。斯泰伦博斯是西开普省第二古老的欧洲移民定居点，在开普敦之后。"@zh
http://dbpedia.org/property/percentOther	"0.9"^^http://dbpedia.org/datatype/perCent
http://dbpedia.org/property/leaderTitle	"Councillor"^^http://www.w3.org/1999/02/22-rdf-syntax-ns#langString
http://dbpedia.org/property/percentAsian	"0.4"^^http://dbpedia.org/datatype/perCent
http://dbpedia.org/property/longd	"18"^^http://www.w3.org/2001/XMLSchema#integer
http://xmlns.com/foaf/0.1/primaryTopic	http://en.wikipedia.org/wiki/Stellenbosch
http://dbpedia.org/property/constituency	http://dbpedia.org/resource/Henry_Allan_Fagan
http://dbpedia.org/ontology/residence	http://dbpedia.org/resource/Izak_van_der_Merwe
http://dbpedia.org/ontology/routeJunction	http://dbpedia.org/resource/R310_road_(South_Africa)
http://dbpedia.org/ontology/wikiPageRedirects	http://dbpedia.org/resource/Green_Oaks,_Western_Cape
http://www.w3.org/2002/07/owl#sameAs	http://data.nytimes.com/N83500980016095471491
http://dbpedia.org/ontology/broadcastArea	http://dbpedia.org/resource/MFM_92.6
http://www.w3.org/2003/01/geo/wgs84_pos#lat	"33.9199981689453125"^^http://www.w3.org/2001/XMLSchema#float
http://www.georss.org/georss/point	"33.92 18.86"
http://dbpedia.org/ontology/thumbnail	http://commons.wikimedia.org/wiki/Special:FilePath/StellenboschWC-Aerial.jpg?width=300
http://dbpedia.org/ontology/locationCity	http://dbpedia.org/resource/Steinhoff_International
http://dbpedia.org/ontology/wikiPageID	"452252"^^http://www.w3.org/2001/XMLSchema#integer
http://dbpedia.org/ontology/nearestCity	http://dbpedia.org/resource/Assegaaibosch_Nature_Reserve
http://dbpedia.org/ontology/location	http://dbpedia.org/resource/Distell_Group_Limited
http://dbpedia.org/property/hqLocationCity	http://dbpedia.org/resource/Capitec_Bank
http://dbpedia.org/ontology/birthPlace	http://dbpedia.org/resource/Ferdie_Bergh
http://dbpedia.org/property/percentBlack	"36.7"^^http://dbpedia.org/datatype/perCent
http://xmlns.com/foaf/0.1/depiction	http://commons.wikimedia.org/wiki/Special:FilePath/StellenboschWC-Aerial.jpg
http://purl.org/linguistics/gold/hypernym	http://dbpedia.org/resource/Town
http://dbpedia.org/property/establishedDate	"1679"^^http://www.w3.org/2001/XMLSchema#integer
http://dbpedia.org/property/percentColoured	"35.4"^^http://dbpedia.org/datatype/perCent
http://dbpedia.org/ontology/abstract	"Стелленбос (англ. и африк. Stellenbosch, (транскрипция — африк. stɛlənˈbos, ˈstɛlənbos и англ. ˈstɛlənbɒs) также африк. Eikestad — город дубов) — город в Западной Капской провинции Южно-Африканской Республики. Расположен приблизительно в 50 километрах к востоку от Кейптауна. Место второго (после Капстада) европейского поселения в Южной Африке, заложенного губернатором Капской колонии Симоном ван дер Стелом в 1679 г. Город стоит на реке Эрсте (африк. Eersterivier — первая река) в долине, окружённой горами. В городе располагается Стелленбосский университет (осн. в 1863 г.), центр африканерской культуры и научной мысли. Преподавание ведётся в основном на африкаанс. Центр крупнейшего в Южной Африке винодельческого региона."@ru
http://www.w3.org/2003/01/geo/wgs84_pos#geometry	"POINT(18.860000610352 33.919998168945)"^^http://www.openlinksw.com/schemas/virtrdf#Geometry
http://www.w3.org/2000/01/rdf-schema#label	"Stellenbosch"@pl
http://dbpedia.org/ontology/region	http://dbpedia.org/resource/Jan_Hendrik_Hofmeyr_(Onze_Jan)
