#---Properties and values from: http://dbpedia.org/resource/Atwima_Nwabiagya_District
Property	Value
http://dbpedia.org/property/longew	"W"^^http://www.w3.org/1999/02/22-rdf-syntax-ns#langString
http://xmlns.com/foaf/0.1/name	"Atwima Nwabiagya District"@en
http://dbpedia.org/ontology/wikiPageExternalLink	http://www.ghanaweb.com/GhanaHomePage/NewsArchive/artikel.php?ID=46982
http://dbpedia.org/ontology/wikiPageRevisionID	"730850499"^^http://www.w3.org/2001/XMLSchema#integer
http://dbpedia.org/property/mapCaption	"Districts of Ashanti"^^http://www.w3.org/1999/02/22-rdf-syntax-ns#langString
http://dbpedia.org/property/latm	"40"^^http://www.w3.org/2001/XMLSchema#integer
http://dbpedia.org/property/latns	"N"^^http://www.w3.org/1999/02/22-rdf-syntax-ns#langString
http://www.w3.org/2003/01/geo/wgs84_pos#long	"-1.816666722297668457"^^http://www.w3.org/2001/XMLSchema#float
http://dbpedia.org/property/coordinatesRegion	"GH"^^http://www.w3.org/1999/02/22-rdf-syntax-ns#langString
http://dbpedia.org/property/imageMap	"Ashanti districts.png"^^http://www.w3.org/1999/02/22-rdf-syntax-ns#langString
http://dbpedia.org/property/id	"ygh"^^http://www.w3.org/1999/02/22-rdf-syntax-ns#langString
http://dbpedia.org/property/date	"July 2016"^^http://www.w3.org/1999/02/22-rdf-syntax-ns#langString
http://xmlns.com/foaf/0.1/isPrimaryTopicOf	http://en.wikipedia.org/wiki/Atwima_Nwabiagya_District
http://dbpedia.org/property/subdivisionType	"Capital"^^http://www.w3.org/1999/02/22-rdf-syntax-ns#langString
http://dbpedia.org/property/longm	"49"^^http://www.w3.org/2001/XMLSchema#integer
http://dbpedia.org/ontology/country	http://dbpedia.org/resource/Ghana
http://dbpedia.org/property/populationTotal	"—"^^http://www.w3.org/1999/02/22-rdf-syntax-ns#langString
http://dbpedia.org/property/populationAsOf	"2012"^^http://www.w3.org/2001/XMLSchema#integer
http://dbpedia.org/ontology/isPartOf	http://dbpedia.org/resource/Asamang
http://purl.org/dc/terms/subject	http://dbpedia.org/resource/Category:Districts_of_Ashanti_Region
http://www.w3.org/2000/01/rdf-schema#comment	"مقاطعة أتويما نوابياجيا (بالإنجليزية: Atwima Nwabiagya District) هي district of Ghana تقع في غانا في Nkawie. يقدر عدد سكانها بـ — نسمة ومساحتها 2,411 كم2 ."@ar
http://dbpedia.org/property/bot	"InternetArchiveBot"^^http://www.w3.org/1999/02/22-rdf-syntax-ns#langString
http://dbpedia.org/ontology/type	http://dbpedia.org/resource/Districts_of_Ghana
http://dbpedia.org/property/longd	"1"^^http://www.w3.org/2001/XMLSchema#integer
http://xmlns.com/foaf/0.1/primaryTopic	http://en.wikipedia.org/wiki/Atwima_Nwabiagya_District
http://dbpedia.org/ontology/leaderTitle	"District Executive"@en
http://dbpedia.org/property/timezone	"GMT"^^http://www.w3.org/1999/02/22-rdf-syntax-ns#langString
http://www.w3.org/2002/07/owl#sameAs	http://yago-knowledge.org/resource/Atwima_Nwabiagya_District
http://www.w3.org/2003/01/geo/wgs84_pos#lat	"6.6666665077209472656"^^http://www.w3.org/2001/XMLSchema#float
http://www.georss.org/georss/point	"6.666666666666667 -1.8166666666666667"
http://dbpedia.org/ontology/thumbnail	http://commons.wikimedia.org/wiki/Special:FilePath/Ashanti_districts.png?width=300
http://dbpedia.org/ontology/areaTotal	"2411000000.0"^^http://www.w3.org/2001/XMLSchema#decimal
http://dbpedia.org/ontology/wikiPageID	"4150393"^^http://www.w3.org/2001/XMLSchema#integer
http://dbpedia.org/ontology/utcOffset	"+0"
http://www.w3.org/ns/prov#wasDerivedFrom	http://en.wikipedia.org/wiki/Atwima_Nwabiagya_District?oldid=730850499
http://dbpedia.org/ontology/PopulatedPlace/areaTotal	"2411.0"^^http://dbpedia.org/datatype/squareKilometre
http://dbpedia.org/property/coordinatesDisplay	"inline,title"^^http://www.w3.org/1999/02/22-rdf-syntax-ns#langString
http://dbpedia.org/property/pushpinMap	"Ghana"^^http://www.w3.org/1999/02/22-rdf-syntax-ns#langString
http://xmlns.com/foaf/0.1/depiction	http://commons.wikimedia.org/wiki/Special:FilePath/Ashanti_districts.png
http://purl.org/linguistics/gold/hypernym	http://dbpedia.org/resource/Districts
http://dbpedia.org/property/fixAttempted	"yes"^^http://www.w3.org/1999/02/22-rdf-syntax-ns#langString
http://dbpedia.org/property/latd	"6"^^http://www.w3.org/2001/XMLSchema#integer
http://dbpedia.org/ontology/abstract	"阿特威瑪恩瓦比亞吉亞縣（英语：Atwima Nwabiagya District），前稱阿特威瑪縣（Atwima District），為迦納阿散蒂地區轄下27縣區中之一縣。其區域面積763.4平方公里，2010年人口149,025人。尼卡威（Nkawie）為該縣的首府。2003年，該縣部分區域藉由時任總統約翰·阿吉耶庫姆·庫福爾於2003年11月12日下的政令中被拆分出，拆分出的區域則設立新縣阿特威瑪寬沃馬縣和阿特威瑪恩龐努阿縣。"@zh
http://www.w3.org/2003/01/geo/wgs84_pos#geometry	"POINT(-1.8166667222977 6.6666665077209)"^^http://www.openlinksw.com/schemas/virtrdf#Geometry
http://dbpedia.org/property/title	"Districts of Ghana"^^http://www.w3.org/1999/02/22-rdf-syntax-ns#langString
http://www.w3.org/2000/01/rdf-schema#label	"Atwima Nwabiagya District"@de
http://www.w3.org/1999/02/22-rdf-syntax-ns#type	http://dbpedia.org/class/yago/Object100002684
