#---Properties and values from: http://dbpedia.org/resource/Ovçar,_Mitrovica
Property	Value
http://dbpedia.org/property/longew	"E"^^http://www.w3.org/1999/02/22-rdf-syntax-ns#langString
http://xmlns.com/foaf/0.1/name	"Ovçar/Ovčare"@en
http://dbpedia.org/property/lats	"51"^^http://www.w3.org/2001/XMLSchema#integer
http://dbpedia.org/ontology/wikiPageRevisionID	"643550581"^^http://www.w3.org/2001/XMLSchema#integer
http://dbpedia.org/property/latm	"0"^^http://www.w3.org/2001/XMLSchema#integer
http://dbpedia.org/property/latns	"N"^^http://www.w3.org/1999/02/22-rdf-syntax-ns#langString
http://www.w3.org/2003/01/geo/wgs84_pos#long	"20.90694427490234375"^^http://www.w3.org/2001/XMLSchema#float
http://dbpedia.org/property/coordinatesRegion	"RS-KM"^^http://www.w3.org/1999/02/22-rdf-syntax-ns#langString
http://dbpedia.org/property/pushpinLabelPosition	"left"^^http://www.w3.org/1999/02/22-rdf-syntax-ns#langString
http://xmlns.com/foaf/0.1/isPrimaryTopicOf	http://en.wikipedia.org/wiki/Ovçar,_Mitrovica
http://dbpedia.org/property/subdivisionType	"Country"^^http://www.w3.org/1999/02/22-rdf-syntax-ns#langString
http://dbpedia.org/ontology/country	http://dbpedia.org/resource/Kosovo
http://dbpedia.org/property/longm	"54"^^http://www.w3.org/2001/XMLSchema#integer
http://dbpedia.org/property/populationTotal	"none"^^http://www.w3.org/1999/02/22-rdf-syntax-ns#langString
http://dbpedia.org/property/longs	"25"^^http://www.w3.org/2001/XMLSchema#integer
http://dbpedia.org/property/populationAsOf	"2011"^^http://www.w3.org/2001/XMLSchema#integer
http://purl.org/dc/terms/subject	http://dbpedia.org/resource/Category:Villages_in_Mitrovica,_Kosovo
http://dbpedia.org/ontology/isPartOf	http://dbpedia.org/resource/District_of_Mitrovica
http://www.w3.org/2000/01/rdf-schema#comment	"Ovçar en albanais et Ovčare en serbe latin (en serbe cyrillique : Овчаре) est une localité du Kosovo située dans la commune/municipalité de Mitrovicë/Kosovska Mitrovica et dans le district de Mitrovicë/Kosovska Mitrovica. Selon le recensement kosovar de 2011, elle ne compte plus aucun habitant."@fr
http://dbpedia.org/ontology/type	http://dbpedia.org/resource/Village
http://dbpedia.org/property/longd	"20"^^http://www.w3.org/2001/XMLSchema#integer
http://xmlns.com/foaf/0.1/primaryTopic	http://en.wikipedia.org/wiki/Ovçar,_Mitrovica
http://dbpedia.org/ontology/leaderTitle	"Mayor"@en
http://www.w3.org/2002/07/owl#sameAs	http://fr.dbpedia.org/resource/Ovčare_(Kosovska_Mitrovica)
http://dbpedia.org/ontology/wikiPageRedirects	http://dbpedia.org/resource/Ovcar,_Mitrovica
http://www.w3.org/2003/01/geo/wgs84_pos#lat	"43.01416778564453125"^^http://www.w3.org/2001/XMLSchema#float
http://www.georss.org/georss/point	"43.01416666666667 20.906944444444445"
http://dbpedia.org/ontology/wikiPageID	"44843569"^^http://www.w3.org/2001/XMLSchema#integer
http://dbpedia.org/ontology/elevation	"721.0"^^http://www.w3.org/2001/XMLSchema#decimal
http://dbpedia.org/ontology/utcOffset	"+1"
http://www.w3.org/ns/prov#wasDerivedFrom	http://en.wikipedia.org/wiki/Ovçar,_Mitrovica?oldid=643550581
http://dbpedia.org/ontology/timeZone	http://dbpedia.org/resource/Central_European_Time
http://dbpedia.org/property/coordinatesDisplay	"inline,title"^^http://www.w3.org/1999/02/22-rdf-syntax-ns#langString
http://dbpedia.org/property/pushpinMap	"Kosovo"^^http://www.w3.org/1999/02/22-rdf-syntax-ns#langString
http://purl.org/linguistics/gold/hypernym	http://dbpedia.org/resource/Village
http://dbpedia.org/property/latd	"43"^^http://www.w3.org/2001/XMLSchema#integer
http://dbpedia.org/ontology/abstract	"Ovçar en albanais et Ovčare en serbe latin (en serbe cyrillique : Овчаре) est une localité du Kosovo située dans la commune/municipalité de Mitrovicë/Kosovska Mitrovica et dans le district de Mitrovicë/Kosovska Mitrovica. Selon le recensement kosovar de 2011, elle ne compte plus aucun habitant."@fr
http://dbpedia.org/property/pushpinMapCaption	"Location in Kosovo"^^http://www.w3.org/1999/02/22-rdf-syntax-ns#langString
http://www.w3.org/2003/01/geo/wgs84_pos#geometry	"POINT(20.906944274902 43.014167785645)"^^http://www.openlinksw.com/schemas/virtrdf#Geometry
http://www.w3.org/2000/01/rdf-schema#label	"Ovçar, Mitrovica"@en
http://dbpedia.org/property/nativeNameLang	"sr"^^http://www.w3.org/1999/02/22-rdf-syntax-ns#langString
http://www.w3.org/1999/02/22-rdf-syntax-ns#type	http://dbpedia.org/ontology/Village
