#---Properties and values from: http://dbpedia.org/resource/Formoso
Property	Value
http://dbpedia.org/property/lats	"16"^^http://www.w3.org/2001/XMLSchema#integer
http://dbpedia.org/ontology/wikiPageExternalLink	http://www.ibge.gov.br/
http://dbpedia.org/ontology/wikiPageRevisionID	"721789442"^^http://www.w3.org/2001/XMLSchema#integer
http://dbpedia.org/property/latm	"39"^^http://www.w3.org/2001/XMLSchema#integer
http://dbpedia.org/property/latns	"S"^^http://www.w3.org/1999/02/22-rdf-syntax-ns#langString
http://dbpedia.org/property/imageMap	"Goias Municip Formoso.svg"^^http://www.w3.org/1999/02/22-rdf-syntax-ns#langString
http://xmlns.com/foaf/0.1/isPrimaryTopicOf	http://en.wikipedia.org/wiki/Formoso
http://dbpedia.org/property/microregion	http://dbpedia.org/resource/Porangatu_Microregion
http://dbpedia.org/property/longm	"52"^^http://www.w3.org/2001/XMLSchema#integer
http://dbpedia.org/property/populationTotal	"5241"^^http://www.w3.org/2001/XMLSchema#integer
http://dbpedia.org/property/populationAsOf	"2007"^^http://www.w3.org/2001/XMLSchema#integer
http://dbpedia.org/property/longs	"31"^^http://www.w3.org/2001/XMLSchema#integer
http://purl.org/dc/terms/subject	http://dbpedia.org/resource/Category:Municipalities_in_Goiás
http://dbpedia.org/property/elevation	"569"^^http://www.w3.org/2001/XMLSchema#integer
http://dbpedia.org/property/state	"GO"^^http://www.w3.org/1999/02/22-rdf-syntax-ns#langString
http://dbpedia.org/ontology/wikiPageDisambiguates	http://dbpedia.org/resource/Formoso_(disambiguation)
http://www.w3.org/2000/01/rdf-schema#comment	"Formoso is a municipality in north Goiás state, Brazil. The population was 5,241 (2007) in a total area of 844 km². Highway connections from Goiânia are made by GO-080 / Nerópolis / São Francisco de Goiás / BR-153 / Jaraguá / GO-080 / Goianésia / Barro Alto / GO-342 / BR-080 / BR-153 / Uruaçu / Santa Tereza de Goiás / GO-241. Formoso is surrounded by the following municipalities: 
* north: Santa Tereza de Goiás and Trombas 
* east: Campinorte and Minaçu 
* west: Estrela do Norte  
* south: Campinorte and Mara Rosa"@en
http://dbpedia.org/property/longd	"48"^^http://www.w3.org/2001/XMLSchema#integer
http://xmlns.com/foaf/0.1/primaryTopic	http://en.wikipedia.org/wiki/Formoso
http://www.w3.org/2002/07/owl#sameAs	http://rdf.freebase.com/ns/m.0c24dk
http://dbpedia.org/ontology/wikiPageRedirects	http://dbpedia.org/resource/Formoso,_Goias,_Brazil
http://dbpedia.org/ontology/thumbnail	http://commons.wikimedia.org/wiki/Special:FilePath/Goias_Municip_Formoso.svg?width=300
http://dbpedia.org/property/areaTotal	"844"^^http://www.w3.org/2001/XMLSchema#integer
http://dbpedia.org/ontology/wikiPageID	"4433732"^^http://www.w3.org/2001/XMLSchema#integer
http://www.w3.org/2002/07/owl#differentFrom	http://dbpedia.org/resource/Formosa,_Goiás
http://www.w3.org/ns/prov#wasDerivedFrom	http://en.wikipedia.org/wiki/Formoso?oldid=721789442
http://dbpedia.org/ontology/birthPlace	http://dbpedia.org/resource/Heslley_Couto
http://dbpedia.org/property/name	"Formoso"^^http://www.w3.org/1999/02/22-rdf-syntax-ns#langString
http://xmlns.com/foaf/0.1/depiction	http://commons.wikimedia.org/wiki/Special:FilePath/Goias_Municip_Formoso.svg
http://purl.org/linguistics/gold/hypernym	http://dbpedia.org/resource/Municipality
http://dbpedia.org/property/latd	"13"^^http://www.w3.org/2001/XMLSchema#integer
http://dbpedia.org/property/postalCode	"76470"^^http://www.w3.org/2001/XMLSchema#integer
http://dbpedia.org/ontology/abstract	"Formoso is een gemeente in de Braziliaanse deelstaat Goiás. De gemeente telt 8.000 inwoners (schatting 2009)."@nl
http://www.w3.org/2000/01/rdf-schema#label	"福莫苏"@zh
http://www.w3.org/1999/02/22-rdf-syntax-ns#type	http://dbpedia.org/class/yago/Object100002684
