#---Properties and values from: http://dbpedia.org/resource/Tondela
Property	Value
http://dbpedia.org/ontology/wikiPageExternalLink	http://www.tondela.org
http://dbpedia.org/property/officialName	"Tondela"^^http://www.w3.org/1999/02/22-rdf-syntax-ns#langString
http://dbpedia.org/ontology/wikiPageRevisionID	"736376140"^^http://www.w3.org/2001/XMLSchema#integer
http://dbpedia.org/property/latm	"31"^^http://www.w3.org/2001/XMLSchema#integer
http://dbpedia.org/property/wordnet_type	http://www.w3.org/2006/03/wn/wn20/instances/synset-township-noun-1
http://dbpedia.org/property/areaCode	"232"^^http://www.w3.org/2001/XMLSchema#integer
http://dbpedia.org/property/website	http://www.cm-tondela.pt
http://xmlns.com/foaf/0.1/isPrimaryTopicOf	http://en.wikipedia.org/wiki/Tondela
http://dbpedia.org/property/municipality	http://dbpedia.org/resource/Campo_de_Besteiros
http://dbpedia.org/property/location	http://dbpedia.org/resource/2011–12_Taça_de_Portugal
http://dbpedia.org/property/longm	"5"^^http://www.w3.org/2001/XMLSchema#integer
http://dbpedia.org/property/populationTotal	"28946"^^http://www.w3.org/2001/XMLSchema#integer
http://dbpedia.org/property/populationAsOf	"2011"^^http://www.w3.org/2001/XMLSchema#integer
http://dbpedia.org/property/stadium	http://dbpedia.org/resource/2013–14_Taça_de_Portugal
http://purl.org/dc/terms/subject	http://dbpedia.org/resource/Category:Populated_places_in_Viseu_District
http://dbpedia.org/property/parishes	"[[#Geography"^^http://www.w3.org/1999/02/22-rdf-syntax-ns#langString
http://www.w3.org/2000/01/rdf-schema#comment	"Tondela (Portuguese pronunciation: [tõˈdɛlɐ]) is a municipality in the central Portuguese subregion of Dão-Lafões. The population in 2011 was 28,946, in an area of 371.22 km²."@en
http://dbpedia.org/property/cim	http://dbpedia.org/resource/Viseu_Dão_Lafões
http://dbpedia.org/property/imageShield	"TND1.png"^^http://www.w3.org/1999/02/22-rdf-syntax-ns#langString
http://dbpedia.org/property/longd	"8"^^http://www.w3.org/2001/XMLSchema#integer
http://xmlns.com/foaf/0.1/primaryTopic	http://en.wikipedia.org/wiki/Tondela
http://www.w3.org/2002/07/owl#sameAs	http://linkedgeodata.org/triplify/node25256123
http://dbpedia.org/property/imageLocation	"LocalTondela.svg"^^http://www.w3.org/1999/02/22-rdf-syntax-ns#langString
http://dbpedia.org/ontology/wikiPageRedirects	http://dbpedia.org/resource/Tondela_Municipality
http://dbpedia.org/property/leaderParty	http://dbpedia.org/resource/Social_Democratic_Party_(Portugal)
http://dbpedia.org/ontology/thumbnail	http://commons.wikimedia.org/wiki/Special:FilePath/Pt-tnd3.png?width=300
http://dbpedia.org/ontology/wikiPageID	"3547959"^^http://www.w3.org/2001/XMLSchema#integer
http://dbpedia.org/property/areaTotal	"371.22000000000002728"^^http://www.w3.org/2001/XMLSchema#decimal
http://dbpedia.org/ontology/location	http://dbpedia.org/resource/Estádio_João_Cardoso
http://dbpedia.org/ontology/birthPlace	http://dbpedia.org/resource/Nuno_Claro
http://www.w3.org/ns/prov#wasDerivedFrom	http://en.wikipedia.org/wiki/Tondela?oldid=736376140
http://dbpedia.org/property/leaderName	"José António Gomes Jesus"^^http://www.w3.org/1999/02/22-rdf-syntax-ns#langString
http://dbpedia.org/property/district	http://dbpedia.org/resource/Viseu_District
http://xmlns.com/foaf/0.1/depiction	http://commons.wikimedia.org/wiki/Special:FilePath/Pt-tnd3.png
http://dbpedia.org/property/patron	http://dbpedia.org/resource/Blessed_Virgin_Mary
http://purl.org/linguistics/gold/hypernym	http://dbpedia.org/resource/Municipality
http://dbpedia.org/property/latd	"40"^^http://www.w3.org/2001/XMLSchema#integer
http://dbpedia.org/property/subregion	http://dbpedia.org/resource/Dão-Lafões
http://dbpedia.org/property/postalCode	"3464"^^http://www.w3.org/2001/XMLSchema#integer
http://dbpedia.org/ontology/abstract	"通德拉（Tondela）是葡萄牙的一座城市。面積371.2平方公里。人口有31,026人。管轄有26個堂區。在行政區劃上屬於維塞烏區。"@zh
http://dbpedia.org/property/imageFlag	"Pt-tnd3.png"^^http://www.w3.org/1999/02/22-rdf-syntax-ns#langString
http://www.w3.org/2000/01/rdf-schema#label	"Tondela"@pt
http://dbpedia.org/ontology/ground	http://dbpedia.org/resource/C.D._Tondela
http://dbpedia.org/ontology/team	http://dbpedia.org/resource/Phil_Jackson_Ibargüen__6
http://xmlns.com/foaf/0.1/homepage	http://www.cm-tondela.pt
http://www.w3.org/1999/02/22-rdf-syntax-ns#type	http://dbpedia.org/class/yago/YagoGeoEntity
http://dbpedia.org/property/region	http://dbpedia.org/resource/Centro_Region,_Portugal
