#---Properties and values from: http://dbpedia.org/resource/Nawer-Valley
Property	Value
http://dbpedia.org/property/longew	"E"^^http://www.w3.org/1999/02/22-rdf-syntax-ns#langString
http://xmlns.com/foaf/0.1/name	"नावर टिक्कर"@en
http://dbpedia.org/property/registrationPlate	"HP-10"^^http://www.w3.org/1999/02/22-rdf-syntax-ns#langString
http://dbpedia.org/property/populationDensityKm	"auto"^^http://www.w3.org/1999/02/22-rdf-syntax-ns#langString
http://dbpedia.org/property/unitPref	"Metric"^^http://www.w3.org/1999/02/22-rdf-syntax-ns#langString
http://dbpedia.org/ontology/wikiPageRevisionID	"740791088"^^http://www.w3.org/2001/XMLSchema#integer
http://dbpedia.org/property/latns	"N"^^http://www.w3.org/1999/02/22-rdf-syntax-ns#langString
http://dbpedia.org/property/settlementType	"city"^^http://www.w3.org/1999/02/22-rdf-syntax-ns#langString
http://www.w3.org/2003/01/geo/wgs84_pos#long	"77.75189971923828125"^^http://www.w3.org/2001/XMLSchema#float
http://dbpedia.org/property/pushpinLabelPosition	"middle"^^http://www.w3.org/1999/02/22-rdf-syntax-ns#langString
http://xmlns.com/foaf/0.1/isPrimaryTopicOf	http://en.wikipedia.org/wiki/Nawer-Valley
http://dbpedia.org/property/postalCodeType	http://dbpedia.org/resource/Postal_Index_Number
http://dbpedia.org/property/subdivisionType	"Country"^^http://www.w3.org/1999/02/22-rdf-syntax-ns#langString
http://dbpedia.org/ontology/country	http://dbpedia.org/resource/India
http://dbpedia.org/property/populationTotal	"-"^^http://www.w3.org/1999/02/22-rdf-syntax-ns#langString
http://dbpedia.org/property/demographics1Info	http://dbpedia.org/resource/Hindi_language
http://dbpedia.org/property/populationAsOf	"2010"^^http://www.w3.org/2001/XMLSchema#integer
http://purl.org/dc/terms/subject	http://dbpedia.org/resource/Category:Cities_and_towns_in_Shimla_district
http://dbpedia.org/ontology/isPartOf	http://dbpedia.org/resource/Shimla_district
http://www.w3.org/2000/01/rdf-schema#comment	"Nawer Tikkar नावर टिक्कर (Nawer Valley) is a sub-tehsil in Rohru Tehsil in Shimla District of Himachal Pradesh State, India. It is located 66 km towards East from District headquarters Shimla. 66 km from State capital Shimla Nawer Tikkar Pin code is 171203 and postal head office is Tikkar. Nawer Tikkar is surrounded by Nankhari Tehsil towards west, Chauhara Tehsil towards North, Jubbal Kotkhai Tehsil towards west, Narkanda Tehsil towards west. Shimla, Solan, Nahan, Kalka are the nearby Cities to Nawer Tikkar. Pahari is the Local Language here."@en
http://dbpedia.org/property/longd	"77.75190000000000623"^^http://www.w3.org/2001/XMLSchema#decimal
http://xmlns.com/foaf/0.1/primaryTopic	http://en.wikipedia.org/wiki/Nawer-Valley
http://www.w3.org/2002/07/owl#sameAs	http://dbpedia.org/resource/Nawer-Valley
http://dbpedia.org/property/demographics1Title	"Official"^^http://www.w3.org/1999/02/22-rdf-syntax-ns#langString
http://www.w3.org/2003/01/geo/wgs84_pos#lat	"31.201999664306640625"^^http://www.w3.org/2001/XMLSchema#float
http://www.georss.org/georss/point	"31.202 77.7519"
http://dbpedia.org/ontology/postalCode	"171203"
http://dbpedia.org/ontology/elevation	"1744.0"^^http://www.w3.org/2001/XMLSchema#decimal
http://dbpedia.org/ontology/wikiPageID	"50951822"^^http://www.w3.org/2001/XMLSchema#integer
http://dbpedia.org/ontology/utcOffset	"+5:30"
http://www.w3.org/ns/prov#wasDerivedFrom	http://en.wikipedia.org/wiki/Nawer-Valley?oldid=740791088
http://dbpedia.org/ontology/timeZone	http://dbpedia.org/resource/Indian_Standard_Time
http://dbpedia.org/property/coordinatesDisplay	"inline,title"^^http://www.w3.org/1999/02/22-rdf-syntax-ns#langString
http://dbpedia.org/property/pushpinMap	"India Himachal Pradesh#India"^^http://www.w3.org/1999/02/22-rdf-syntax-ns#langString
http://dbpedia.org/property/latd	"31.202000000000001734"^^http://www.w3.org/2001/XMLSchema#decimal
http://dbpedia.org/property/demographicsType	"Languages"^^http://www.w3.org/1999/02/22-rdf-syntax-ns#langString
http://dbpedia.org/ontology/abstract	"Nawer Tikkar नावर टिक्कर (Nawer Valley) is a sub-tehsil in Rohru Tehsil in Shimla District of Himachal Pradesh State, India. It is located 66 km towards East from District headquarters Shimla. 66 km from State capital Shimla Nawer Tikkar Pin code is 171203 and postal head office is Tikkar. Nawer Tikkar is surrounded by Nankhari Tehsil towards west, Chauhara Tehsil towards North, Jubbal Kotkhai Tehsil towards west, Narkanda Tehsil towards west. Shimla, Solan, Nahan, Kalka are the nearby Cities to Nawer Tikkar. Pahari is the Local Language here. Nearby villages include Daroti, Khangta, Gujandli, Kashani, Thana dhanoti etc. Here is a beautiful tourist attraction name Deorighat About 10 K.M from Tikkar."@en
http://dbpedia.org/property/pushpinMapCaption	"Location in Himachal Pradesh, India"^^http://www.w3.org/1999/02/22-rdf-syntax-ns#langString
http://www.w3.org/2003/01/geo/wgs84_pos#geometry	"POINT(77.751899719238 31.201999664307)"^^http://www.openlinksw.com/schemas/virtrdf#Geometry
http://www.w3.org/2000/01/rdf-schema#label	"Nawer-Valley"@en
http://www.w3.org/1999/02/22-rdf-syntax-ns#type	http://www.w3.org/2002/07/owl#Thing
