#---Properties and values from: http://dbpedia.org/resource/Stephenville,_Texas
Property	Value
http://dbpedia.org/property/longew	"W"^^http://www.w3.org/1999/02/22-rdf-syntax-ns#langString
http://xmlns.com/foaf/0.1/name	"Stephenville, Texas"@en
http://dbpedia.org/property/lats	"13"^^http://www.w3.org/2001/XMLSchema#integer
http://dbpedia.org/ontology/wikiPageExternalLink	http://www.empiretribune.com
http://dbpedia.org/property/timezoneDst	"CDT"^^http://www.w3.org/1999/02/22-rdf-syntax-ns#langString
http://dbpedia.org/property/latm	"13"^^http://www.w3.org/2001/XMLSchema#integer
http://dbpedia.org/property/latns	"N"^^http://www.w3.org/1999/02/22-rdf-syntax-ns#langString
http://dbpedia.org/ontology/deathPlace	http://dbpedia.org/resource/Clinton_Howard_Swindle
http://dbpedia.org/property/imageSkyline	"Stephenville Texas.jpg"^^http://www.w3.org/1999/02/22-rdf-syntax-ns#langString
http://www.w3.org/2003/01/geo/wgs84_pos#long	"-98.2136077880859375"^^http://www.w3.org/2001/XMLSchema#float
http://dbpedia.org/property/subdivisionType	http://dbpedia.org/resource/List_of_countries
http://dbpedia.org/property/location	http://dbpedia.org/resource/List_of_Lambda_Chi_Alpha_chapters
http://dbpedia.org/ontology/largestCity	http://dbpedia.org/resource/Erath_County,_Texas
http://dbpedia.org/ontology/populationTotal	"17123"^^http://www.w3.org/2001/XMLSchema#nonNegativeInteger
http://dbpedia.org/ontology/wikiPageDisambiguates	http://dbpedia.org/resource/Stephenville
http://purl.org/dc/terms/subject	http://dbpedia.org/resource/Category:Cities_in_Erath_County,_Texas
http://dbpedia.org/ontology/PopulatedPlace/populationDensity	"556.1415491645391"^^http://dbpedia.org/datatype/inhabitantsPerSquareKilometre
http://dbpedia.org/ontology/isPartOf	http://dbpedia.org/resource/Erath_County,_Texas
http://dbpedia.org/property/birthPlace	http://dbpedia.org/resource/Red_Snapp
http://dbpedia.org/ontology/postalCode	"76401-76402"
http://dbpedia.org/ontology/leaderName	http://dbpedia.org/resource/Mayor
http://dbpedia.org/ontology/areaTotal	"30790000.0"^^http://www.w3.org/2001/XMLSchema#decimal
http://dbpedia.org/ontology/elevation	"388.0"^^http://www.w3.org/2001/XMLSchema#decimal
http://dbpedia.org/property/blankName	http://dbpedia.org/resource/Federal_Information_Processing_Standard
http://www.w3.org/ns/prov#wasDerivedFrom	http://en.wikipedia.org/wiki/Stephenville,_Texas?oldid=729675675
http://dbpedia.org/ontology/timeZone	http://dbpedia.org/resource/North_American_Central_Time_Zone
http://dbpedia.org/ontology/areaCode	"254"
http://dbpedia.org/property/siteCityst	http://dbpedia.org/resource/Ernest_Hawkins_(coach)
http://dbpedia.org/ontology/areaLand	"30790000.0"^^http://www.w3.org/2001/XMLSchema#decimal
http://dbpedia.org/ontology/city	http://dbpedia.org/resource/KXTR-LP
http://dbpedia.org/property/latd	"32"^^http://www.w3.org/2001/XMLSchema#integer
http://dbpedia.org/property/blankInfo	"48"^^http://www.w3.org/2001/XMLSchema#integer
http://dbpedia.org/ontology/foundationPlace	http://dbpedia.org/resource/Gatti's_Pizza
http://xmlns.com/foaf/0.1/nick	"The \"Ville\""@en
http://dbpedia.org/property/mapsize	"250"^^http://www.w3.org/2001/XMLSchema#integer
http://xmlns.com/foaf/0.1/homepage	http://www.stephenvilletx.gov/
http://www.w3.org/1999/02/22-rdf-syntax-ns#type	http://dbpedia.org/ontology/City
http://dbpedia.org/property/unitPref	"Imperial"^^http://www.w3.org/1999/02/22-rdf-syntax-ns#langString
http://dbpedia.org/ontology/wikiPageRevisionID	"729675675"^^http://www.w3.org/2001/XMLSchema#integer
http://dbpedia.org/property/mapCaption	"Location of Stephenville, Texas"^^http://www.w3.org/1999/02/22-rdf-syntax-ns#langString
http://dbpedia.org/property/deathPlace	http://dbpedia.org/resource/Luther_Burleson
http://dbpedia.org/property/city	http://dbpedia.org/resource/National_Register_of_Historic_Places_listings_in_Erath_County,_Texas
http://dbpedia.org/property/imageCaption	"Erath County Courthouse"^^http://www.w3.org/1999/02/22-rdf-syntax-ns#langString
http://dbpedia.org/property/imageMap	"Erath County Stephenville.svg"^^http://www.w3.org/1999/02/22-rdf-syntax-ns#langString
http://dbpedia.org/property/blank1Info	"1347894"^^http://www.w3.org/2001/XMLSchema#integer
http://dbpedia.org/ontology/hometown	http://dbpedia.org/resource/Lee_Roy_Parnell
http://xmlns.com/foaf/0.1/isPrimaryTopicOf	http://en.wikipedia.org/wiki/Stephenville,_Texas
http://dbpedia.org/ontology/areaWater	"0.0"^^http://www.w3.org/2001/XMLSchema#decimal
http://dbpedia.org/property/postalCodeType	"ZIP codes"^^http://www.w3.org/1999/02/22-rdf-syntax-ns#langString
http://dbpedia.org/ontology/countySeat	http://dbpedia.org/resource/Erath_County,_Texas
http://dbpedia.org/ontology/country	http://dbpedia.org/resource/United_States
http://dbpedia.org/property/longm	"12"^^http://www.w3.org/2001/XMLSchema#integer
http://dbpedia.org/property/populationTotal	"16058"^^http://www.w3.org/2001/XMLSchema#integer
http://dbpedia.org/property/longs	"49"^^http://www.w3.org/2001/XMLSchema#integer
http://dbpedia.org/property/populationAsOf	"2010"^^http://www.w3.org/2001/XMLSchema#integer
http://www.w3.org/2000/01/rdf-schema#comment	"Stephenville is a city in and the county seat of Erath County, Texas, United States. The population was 17,123 at the 2010 census. Founded in 1856, it is home to Tarleton State University. Stephenville is among several communities that call themselves the \"Cowboy Capital of the World\"."@en
http://dbpedia.org/ontology/populationDensity	"556.14154916453912847"^^http://www.w3.org/2001/XMLSchema#decimal
http://dbpedia.org/ontology/type	http://dbpedia.org/resource/City
http://dbpedia.org/property/longd	"98"^^http://www.w3.org/2001/XMLSchema#integer
http://xmlns.com/foaf/0.1/primaryTopic	http://en.wikipedia.org/wiki/Stephenville,_Texas
http://dbpedia.org/ontology/leaderTitle	"City Manager"@en
http://dbpedia.org/ontology/residence	http://dbpedia.org/resource/Ruth_Buzzi
http://dbpedia.org/ontology/routeJunction	http://dbpedia.org/resource/U.S._Route_377_in_Texas
http://dbpedia.org/ontology/wikiPageRedirects	http://dbpedia.org/resource/History_of_Stephenville,_Texas
http://www.w3.org/2002/07/owl#sameAs	http://pt.dbpedia.org/resource/Stephenville
http://dbpedia.org/property/coordinatesType	"region:US_type:city"^^http://www.w3.org/1999/02/22-rdf-syntax-ns#langString
http://dbpedia.org/ontology/broadcastArea	http://dbpedia.org/resource/KESS-FM
http://www.w3.org/2003/01/geo/wgs84_pos#lat	"32.22027587890625"^^http://www.w3.org/2001/XMLSchema#float
http://www.georss.org/georss/point	"32.22027777777778 -98.2136111111111"
http://dbpedia.org/ontology/thumbnail	http://commons.wikimedia.org/wiki/Special:FilePath/Stephenville_Texas.jpg?width=300
http://dbpedia.org/ontology/governmentType	http://dbpedia.org/resource/Council-manager_government
http://dbpedia.org/ontology/wikiPageID	"135852"^^http://www.w3.org/2001/XMLSchema#integer
http://dbpedia.org/ontology/utcOffset	"-5"
http://dbpedia.org/property/hometown	http://dbpedia.org/resource/Jarrett_Stidham
http://dbpedia.org/ontology/birthPlace	http://dbpedia.org/resource/Jesse_Winters
http://dbpedia.org/ontology/PopulatedPlace/areaTotal	"30.79"^^http://dbpedia.org/datatype/squareKilometre
http://dbpedia.org/property/leaderName	"Patrick Bridges"^^http://www.w3.org/1999/02/22-rdf-syntax-ns#langString
http://dbpedia.org/property/coordinatesDisplay	"inline,title"^^http://www.w3.org/1999/02/22-rdf-syntax-ns#langString
http://dbpedia.org/property/blank1Name	"GNIS feature ID"^^http://www.w3.org/1999/02/22-rdf-syntax-ns#langString
http://xmlns.com/foaf/0.1/depiction	http://commons.wikimedia.org/wiki/Special:FilePath/Stephenville_Texas.jpg
http://purl.org/linguistics/gold/hypernym	http://dbpedia.org/resource/City
http://dbpedia.org/ontology/abstract	"Stephenville is a city in and the county seat of Erath County, Texas, United States. The population was 17,123 at the 2010 census. Founded in 1856, it is home to Tarleton State University. Stephenville is among several communities that call themselves the \"Cowboy Capital of the World\"."@en
http://www.w3.org/2003/01/geo/wgs84_pos#geometry	"POINT(-98.213607788086 32.220275878906)"^^http://www.openlinksw.com/schemas/virtrdf#Geometry
http://www.w3.org/2000/01/rdf-schema#label	"Stephenville (Texas)"@es
