#---Properties and values from: http://dbpedia.org/resource/Pokrom
Property	Value
http://dbpedia.org/property/longew	"W"^^http://www.w3.org/1999/02/22-rdf-syntax-ns#langString
http://xmlns.com/foaf/0.1/name	"Pokrom"@en
http://dbpedia.org/property/unitPref	"Imperial"^^http://www.w3.org/1999/02/22-rdf-syntax-ns#langString
http://dbpedia.org/ontology/wikiPageRevisionID	"704133542"^^http://www.w3.org/2001/XMLSchema#integer
http://dbpedia.org/property/imagesize	"300"^^http://www.w3.org/2001/XMLSchema#integer
http://dbpedia.org/property/latm	"49"^^http://www.w3.org/2001/XMLSchema#integer
http://dbpedia.org/property/latns	"N"^^http://www.w3.org/1999/02/22-rdf-syntax-ns#langString
http://www.w3.org/2003/01/geo/wgs84_pos#long	"-0.31666666269302368164"^^http://www.w3.org/2001/XMLSchema#float
http://dbpedia.org/property/coordinatesRegion	"GH"^^http://www.w3.org/1999/02/22-rdf-syntax-ns#langString
http://dbpedia.org/property/pushpinLabelPosition	"bottom"^^http://www.w3.org/1999/02/22-rdf-syntax-ns#langString
http://xmlns.com/foaf/0.1/isPrimaryTopicOf	http://en.wikipedia.org/wiki/Pokrom
http://dbpedia.org/property/subdivisionType	"Region"^^http://www.w3.org/1999/02/22-rdf-syntax-ns#langString
http://dbpedia.org/property/longm	"19"^^http://www.w3.org/2001/XMLSchema#integer
http://dbpedia.org/property/populationTotal	"—"^^http://www.w3.org/1999/02/22-rdf-syntax-ns#langString
http://dbpedia.org/property/populationAsOf	"2013"^^http://www.w3.org/2001/XMLSchema#integer
http://purl.org/dc/terms/subject	http://dbpedia.org/resource/Category:Populated_places_in_the_Eastern_Region_(Ghana)
http://dbpedia.org/ontology/isPartOf	http://dbpedia.org/resource/Eastern_Region,_Ghana
http://www.w3.org/2000/01/rdf-schema#comment	"Pokrom is a village in the Akuapim South Municipal district, a district in the Eastern Region of Ghana."@en
http://dbpedia.org/ontology/type	http://dbpedia.org/resource/Village
http://dbpedia.org/property/longd	"0"^^http://www.w3.org/2001/XMLSchema#integer
http://xmlns.com/foaf/0.1/primaryTopic	http://en.wikipedia.org/wiki/Pokrom
http://www.w3.org/2002/07/owl#sameAs	http://dbpedia.org/resource/Pokrom
http://www.w3.org/2003/01/geo/wgs84_pos#lat	"5.8166666030883789062"^^http://www.w3.org/2001/XMLSchema#float
http://www.georss.org/georss/point	"5.816666666666666 -0.31666666666666665"
http://dbpedia.org/ontology/wikiPageID	"36024494"^^http://www.w3.org/2001/XMLSchema#integer
http://www.w3.org/2002/07/owl#differentFrom	http://dbpedia.org/resource/Pogrom
http://www.w3.org/ns/prov#wasDerivedFrom	http://en.wikipedia.org/wiki/Pokrom?oldid=704133542
http://dbpedia.org/ontology/timeZone	http://dbpedia.org/resource/Greenwich_Mean_Time
http://dbpedia.org/property/pushpinMap	"Ghana"^^http://www.w3.org/1999/02/22-rdf-syntax-ns#langString
http://dbpedia.org/property/populationBlank2Title	http://dbpedia.org/resource/Demonym
http://dbpedia.org/property/populationBlank1Title	"Ethnicities"^^http://www.w3.org/1999/02/22-rdf-syntax-ns#langString
http://purl.org/linguistics/gold/hypernym	http://dbpedia.org/resource/Village
http://dbpedia.org/property/latd	"5"^^http://www.w3.org/2001/XMLSchema#integer
http://dbpedia.org/ontology/abstract	"Pokrom is a village in the Akuapim South Municipal district, a district in the Eastern Region of Ghana."@en
http://dbpedia.org/property/pushpinMapCaption	"Location of Pokrom in Eastern Region"^^http://www.w3.org/1999/02/22-rdf-syntax-ns#langString
http://www.w3.org/2003/01/geo/wgs84_pos#geometry	"POINT(-0.31666666269302 5.8166666030884)"^^http://www.openlinksw.com/schemas/virtrdf#Geometry
http://www.w3.org/2000/01/rdf-schema#label	"Pokrom"@en
http://www.w3.org/1999/02/22-rdf-syntax-ns#type	http://dbpedia.org/ontology/Location
