#---Properties and values from: http://dbpedia.org/resource/Zrinski_Topolovac
Property	Value
http://dbpedia.org/ontology/wikiPageRevisionID	"657851467"^^http://www.w3.org/2001/XMLSchema#integer
http://www.w3.org/2003/01/geo/wgs84_pos#long	"16.71666717529296875"^^http://www.w3.org/2001/XMLSchema#float
http://xmlns.com/foaf/0.1/isPrimaryTopicOf	http://en.wikipedia.org/wiki/Zrinski_Topolovac
http://dbpedia.org/property/location	http://dbpedia.org/resource/Zrinski_Topolovac_shooting
http://dbpedia.org/property/populationTotal	"890"^^http://www.w3.org/2001/XMLSchema#integer
http://dbpedia.org/property/populationAsOf	"2011"^^http://www.w3.org/2001/XMLSchema#integer
http://purl.org/dc/terms/subject	http://dbpedia.org/resource/Category:Municipalities_of_Croatia
http://dbpedia.org/ontology/wikiPageDisambiguates	http://dbpedia.org/resource/Topolovac
http://www.w3.org/2000/01/rdf-schema#comment	"Zrinski Topolovac  è un comune della Croazia di 1.000 abitanti della regione di Bjelovar e della Bilogora."@it
http://dbpedia.org/property/long	"16.710000000000000853"^^http://www.w3.org/2001/XMLSchema#decimal
http://xmlns.com/foaf/0.1/primaryTopic	http://en.wikipedia.org/wiki/Zrinski_Topolovac
http://dbpedia.org/property/birthPlace	http://dbpedia.org/resource/Vinko_Pintarić
http://www.w3.org/2002/07/owl#sameAs	http://rdf.freebase.com/ns/m.02662q2
http://dbpedia.org/ontology/wikiPageRedirects	http://dbpedia.org/resource/Zrinski_Topolovec
http://www.w3.org/2003/01/geo/wgs84_pos#lat	"46.03333282470703125"^^http://www.w3.org/2001/XMLSchema#float
http://www.georss.org/georss/point	"46.03333333333333 16.716666666666665"
http://dbpedia.org/ontology/wikiPageID	"7589037"^^http://www.w3.org/2001/XMLSchema#integer
http://dbpedia.org/ontology/birthPlace	http://dbpedia.org/resource/Vinko_Pintarić
http://www.w3.org/ns/prov#wasDerivedFrom	http://en.wikipedia.org/wiki/Zrinski_Topolovac?oldid=657851467
http://dbpedia.org/property/caption	"Location of Zrinski Topolovac in Croatia"^^http://www.w3.org/1999/02/22-rdf-syntax-ns#langString
http://purl.org/linguistics/gold/hypernym	http://dbpedia.org/resource/Village
http://dbpedia.org/ontology/abstract	"Zrinski Topolovac is a village and municipality in Bjelovar-Bilogora County, Croatia. There are 890 inhabitants, of whom 99.89% are Croats."@en
http://www.w3.org/2003/01/geo/wgs84_pos#geometry	"POINT(16.716667175293 46.033332824707)"^^http://www.openlinksw.com/schemas/virtrdf#Geometry
http://www.w3.org/2000/01/rdf-schema#label	"Zrinski Topolovac"@fr
http://www.w3.org/1999/02/22-rdf-syntax-ns#type	http://dbpedia.org/class/yago/YagoPermanentlyLocatedEntity
http://dbpedia.org/property/lat	"46.030000000000001137"^^http://www.w3.org/2001/XMLSchema#decimal
