#---Properties and values from: http://dbpedia.org/resource/Tokoroa
Property	Value
http://dbpedia.org/property/longew	"E"^^http://www.w3.org/1999/02/22-rdf-syntax-ns#langString
http://xmlns.com/foaf/0.1/name	"Tokoroa, New Zealand"@en
http://dbpedia.org/ontology/wikiPageExternalLink	http://www.southwaikato.info/
http://dbpedia.org/ontology/wikiPageRevisionID	"737603503"^^http://www.w3.org/2001/XMLSchema#integer
http://dbpedia.org/ontology/routeStart	http://dbpedia.org/resource/New_Zealand_State_Highway_32
http://dbpedia.org/ontology/deathPlace	http://dbpedia.org/resource/Mary_Edith_Scott
http://dbpedia.org/property/latm	"14"^^http://www.w3.org/2001/XMLSchema#integer
http://dbpedia.org/property/latns	"S"^^http://www.w3.org/1999/02/22-rdf-syntax-ns#langString
http://dbpedia.org/property/imageSkyline	"Tokoroa .jpg"^^http://www.w3.org/1999/02/22-rdf-syntax-ns#langString
http://www.w3.org/2003/01/geo/wgs84_pos#long	"175.866668701171875"^^http://www.w3.org/2001/XMLSchema#float
http://dbpedia.org/property/coordinatesRegion	"NZ"^^http://www.w3.org/1999/02/22-rdf-syntax-ns#langString
http://dbpedia.org/property/imageCaption	"Tokoroa in autumn"^^http://www.w3.org/1999/02/22-rdf-syntax-ns#langString
http://dbpedia.org/property/pushpinLabelPosition	"left"^^http://www.w3.org/1999/02/22-rdf-syntax-ns#langString
http://xmlns.com/foaf/0.1/isPrimaryTopicOf	http://en.wikipedia.org/wiki/Tokoroa
http://dbpedia.org/property/postalCodeType	http://dbpedia.org/resource/Postcodes_in_New_Zealand
http://dbpedia.org/ontology/hometown	http://dbpedia.org/resource/The_Politicians
http://dbpedia.org/property/subdivisionType	http://dbpedia.org/resource/Districts_of_New_Zealand
http://dbpedia.org/ontology/country	http://dbpedia.org/resource/New_Zealand
http://dbpedia.org/property/longm	"52"^^http://www.w3.org/2001/XMLSchema#integer
http://dbpedia.org/property/populationTotal	"|R"^^http://www.w3.org/1999/02/22-rdf-syntax-ns#langString
http://dbpedia.org/property/stadium	http://dbpedia.org/resource/Ranfurly_Shield_2000–08
http://purl.org/dc/terms/subject	http://dbpedia.org/resource/Category:Tokoroa
http://dbpedia.org/ontology/isPartOf	http://dbpedia.org/resource/South_Waikato_District
http://www.w3.org/2000/01/rdf-schema#comment	"Tokoroa (en maori : Te Kaokaoroa o Patetere) est la troisième ville la plus étendue de la région de Waikato au nord de la Nouvelle-Zélande. Située à 30 km au Sud-ouest de Rotorua, près de la forêt de Mamaku Ranges (en), elle se situe à mi-chemin entre Taupo et Hamilton sur la New Zealand State Highway network (en). En 2006, la population s'établit à 13 600 habitants, un déclin significatif par rapport à 2001 où la ville comptait alors 14 950 habitants."@fr
http://dbpedia.org/property/longd	"175"^^http://www.w3.org/2001/XMLSchema#integer
http://xmlns.com/foaf/0.1/primaryTopic	http://en.wikipedia.org/wiki/Tokoroa
http://dbpedia.org/property/birthPlace	http://dbpedia.org/resource/Walter_Little_(rugby_player)
http://www.w3.org/2002/07/owl#sameAs	http://dbpedia.org/resource/Tokoroa
http://dbpedia.org/ontology/wikiPageRedirects	http://dbpedia.org/resource/Te_Moana-Nui
http://www.w3.org/2003/01/geo/wgs84_pos#lat	"-38.233333587646484375"^^http://www.w3.org/2001/XMLSchema#float
http://www.georss.org/georss/point	"-38.233333333333334 175.86666666666667"
http://dbpedia.org/ontology/thumbnail	http://commons.wikimedia.org/wiki/Special:FilePath/Tokoroa_(May_2012).jpg?width=300
http://dbpedia.org/ontology/postalCode	"3420"
http://dbpedia.org/ontology/wikiPageID	"846593"^^http://www.w3.org/2001/XMLSchema#integer
http://dbpedia.org/ontology/location	http://dbpedia.org/resource/Tokoroa_Aerodrome
http://dbpedia.org/ontology/birthPlace	http://dbpedia.org/resource/Jenny_Morris_(musician)
http://www.w3.org/ns/prov#wasDerivedFrom	http://en.wikipedia.org/wiki/Tokoroa?oldid=737603503
http://dbpedia.org/property/pushpinMap	"New Zealand"^^http://www.w3.org/1999/02/22-rdf-syntax-ns#langString
http://dbpedia.org/ontology/city	http://dbpedia.org/resource/Radio_Forestland
http://xmlns.com/foaf/0.1/depiction	http://commons.wikimedia.org/wiki/Special:FilePath/Tokoroa_(May_2012).jpg
http://purl.org/linguistics/gold/hypernym	http://dbpedia.org/resource/Town
http://dbpedia.org/property/latd	"38"^^http://www.w3.org/2001/XMLSchema#integer
http://dbpedia.org/ontology/abstract	"Tokoroa (Māori: Te Kaokaoroa o Patetere) is the fifth-largest town in the Waikato region of the North Island of New Zealand and largest settlement in the South Waikato District. Located 30 km southwest of Rotorua, close to the foot of the Mamaku Ranges, it is midway between Taupo and Hamilton on State Highway One. Its 2006 census population was 13,600, a significant decline from the 2001 figure of 14,950. Other notable South Waikato towns and settlements are Putaruru, Tirau and Arapuni."@en
http://www.w3.org/2003/01/geo/wgs84_pos#geometry	"POINT(175.86666870117 -38.233333587646)"^^http://www.openlinksw.com/schemas/virtrdf#Geometry
http://www.w3.org/2000/01/rdf-schema#label	"Tokoroa"@pl
http://www.w3.org/1999/02/22-rdf-syntax-ns#type	http://www.wikidata.org/entity/Q486972
