#---Properties and values from: http://dbpedia.org/resource/Ribeirão_Bonito
Property	Value
http://dbpedia.org/property/lats	"0"^^http://www.w3.org/2001/XMLSchema#integer
http://dbpedia.org/ontology/wikiPageRevisionID	"720305785"^^http://www.w3.org/2001/XMLSchema#integer
http://dbpedia.org/property/latm	"4"^^http://www.w3.org/2001/XMLSchema#integer
http://dbpedia.org/property/latns	"S"^^http://www.w3.org/1999/02/22-rdf-syntax-ns#langString
http://dbpedia.org/property/imageMap	"SaoPaulo Municip RibeiraoBonito.svg"^^http://www.w3.org/1999/02/22-rdf-syntax-ns#langString
http://xmlns.com/foaf/0.1/isPrimaryTopicOf	http://en.wikipedia.org/wiki/Ribeirão_Bonito
http://dbpedia.org/property/longm	"10"^^http://www.w3.org/2001/XMLSchema#integer
http://dbpedia.org/property/populationTotal	"12909"^^http://www.w3.org/2001/XMLSchema#integer
http://dbpedia.org/property/longs	"34"^^http://www.w3.org/2001/XMLSchema#integer
http://dbpedia.org/property/populationAsOf	"2015"^^http://www.w3.org/2001/XMLSchema#integer
http://purl.org/dc/terms/subject	http://dbpedia.org/resource/Category:Municipalities_in_São_Paulo_(state)
http://dbpedia.org/property/state	"SP"^^http://www.w3.org/1999/02/22-rdf-syntax-ns#langString
http://dbpedia.org/ontology/wikiPageDisambiguates	http://dbpedia.org/resource/Ribeirão
http://www.w3.org/2000/01/rdf-schema#comment	"Ribeirão Bonito est une municipalité brésilienne de l'État de São Paulo et la Microrégion de São Carlos."@fr
http://dbpedia.org/property/longd	"48"^^http://www.w3.org/2001/XMLSchema#integer
http://xmlns.com/foaf/0.1/primaryTopic	http://en.wikipedia.org/wiki/Ribeirão_Bonito
http://www.w3.org/2002/07/owl#sameAs	http://sws.geonames.org/6322508/
http://dbpedia.org/ontology/wikiPageRedirects	http://dbpedia.org/resource/Ribeirao_Bonito
http://dbpedia.org/ontology/thumbnail	http://commons.wikimedia.org/wiki/Special:FilePath/SaoPaulo_Municip_RibeiraoBonito.svg?width=300
http://dbpedia.org/ontology/wikiPageID	"6493720"^^http://www.w3.org/2001/XMLSchema#integer
http://dbpedia.org/property/areaTotal	"472"^^http://www.w3.org/2001/XMLSchema#integer
http://www.w3.org/ns/prov#wasDerivedFrom	http://en.wikipedia.org/wiki/Ribeirão_Bonito?oldid=720305785
http://dbpedia.org/ontology/birthPlace	http://dbpedia.org/resource/João_Silvério_Trevisan
http://xmlns.com/foaf/0.1/depiction	http://commons.wikimedia.org/wiki/Special:FilePath/SaoPaulo_Municip_RibeiraoBonito.svg
http://purl.org/linguistics/gold/hypernym	http://dbpedia.org/resource/Municipality
http://dbpedia.org/property/latd	"22"^^http://www.w3.org/2001/XMLSchema#integer
http://dbpedia.org/ontology/abstract	"Ribeirão Bonito es un municipio brasileño del estado de São Paulo. Se localiza a una latitud 22º04'00\" sur y a una longitud 48º10'34\" oeste, estando a una altitud de 590 metros. Su población estimada en 2006 era de 11.924 habitantes."@es
http://www.w3.org/2000/01/rdf-schema#label	"Ribeirão Bonito"@pl
http://www.w3.org/1999/02/22-rdf-syntax-ns#type	http://dbpedia.org/class/yago/PhysicalEntity100001930
