#---Properties and values from: http://dbpedia.org/resource/Hoopstad
Property	Value
http://xmlns.com/foaf/0.1/name	"Hoopstad"@en
http://dbpedia.org/property/latm	"50"^^http://www.w3.org/2001/XMLSchema#integer
http://dbpedia.org/property/areaCode	"53"^^http://www.w3.org/2001/XMLSchema#integer
http://dbpedia.org/property/imageSkyline	"Hoopstad Church, Church Street, Hoopstad.jpg"^^http://www.w3.org/1999/02/22-rdf-syntax-ns#langString
http://www.w3.org/2003/01/geo/wgs84_pos#long	"25.916666030883789062"^^http://www.w3.org/2001/XMLSchema#float
http://dbpedia.org/property/west	http://dbpedia.org/resource/Wesselsbron
http://purl.org/dc/terms/subject	http://dbpedia.org/resource/Category:Populated_places_in_the_Tswelopele_Local_Municipality
http://dbpedia.org/property/percentWhite	"5.5"^^http://dbpedia.org/datatype/perCent
http://www.w3.org/ns/prov#wasDerivedFrom	http://en.wikipedia.org/wiki/Hoopstad?oldid=676196019
http://dbpedia.org/property/areaTotalKm	"30.199999999999999289"^^http://www.w3.org/2001/XMLSchema#decimal
http://dbpedia.org/property/district	"Lejweleputswa"^^http://www.w3.org/1999/02/22-rdf-syntax-ns#langString
http://dbpedia.org/ontology/city	http://dbpedia.org/resource/R59_road
http://dbpedia.org/property/latd	"27"^^http://www.w3.org/2001/XMLSchema#integer
http://dbpedia.org/property/southeast	http://dbpedia.org/resource/Bultfontein
http://dbpedia.org/property/province	"Free State"^^http://www.w3.org/1999/02/22-rdf-syntax-ns#langString
http://www.w3.org/1999/02/22-rdf-syntax-ns#type	http://dbpedia.org/class/yago/Object100002684
http://dbpedia.org/property/demographics2Info	"52.0"^^http://dbpedia.org/datatype/perCent
http://dbpedia.org/ontology/garrison	http://dbpedia.org/resource/Hoopstad_Commando
http://dbpedia.org/ontology/wikiPageRevisionID	"676196019"^^http://www.w3.org/2001/XMLSchema#integer
http://dbpedia.org/property/imageCaption	"Hoopstad Church"^^http://www.w3.org/1999/02/22-rdf-syntax-ns#langString
http://dbpedia.org/property/north	http://dbpedia.org/resource/Wolmaransstad
http://dbpedia.org/property/demographics2Title	"Other"^^http://www.w3.org/1999/02/22-rdf-syntax-ns#langString
http://xmlns.com/foaf/0.1/isPrimaryTopicOf	http://en.wikipedia.org/wiki/Hoopstad
http://dbpedia.org/property/municipality	"Tswelopele"^^http://www.w3.org/1999/02/22-rdf-syntax-ns#langString
http://dbpedia.org/ontology/country	http://dbpedia.org/resource/South_Africa
http://dbpedia.org/property/longm	"55"^^http://www.w3.org/2001/XMLSchema#integer
http://dbpedia.org/property/populationTotal	"16033"^^http://www.w3.org/2001/XMLSchema#integer
http://dbpedia.org/property/northwest	http://dbpedia.org/resource/Bloemhof
http://dbpedia.org/property/populationAsOf	"2011"^^http://www.w3.org/2001/XMLSchema#integer
http://www.w3.org/2000/01/rdf-schema#comment	"Hoopstad is een plaats in de Zuid-Afrikaanse provincie Vrijstaat.Hoopstad telt ongeveer 1300 inwoners. Hoopstad en Hopetown zijn verschillende plaatsen."@nl
http://dbpedia.org/property/percentOther	"0.3"^^http://dbpedia.org/datatype/perCent
http://dbpedia.org/property/leaderTitle	"Councillor"^^http://www.w3.org/1999/02/22-rdf-syntax-ns#langString
http://dbpedia.org/property/percentAsian	"0.4"^^http://dbpedia.org/datatype/perCent
http://dbpedia.org/property/longd	"25"^^http://www.w3.org/2001/XMLSchema#integer
http://xmlns.com/foaf/0.1/primaryTopic	http://en.wikipedia.org/wiki/Hoopstad
http://dbpedia.org/ontology/residence	http://dbpedia.org/resource/Amanda_Coetzer
http://dbpedia.org/property/east	http://dbpedia.org/resource/Wesselsbron
http://dbpedia.org/ontology/routeJunction	http://dbpedia.org/resource/R59_road
http://www.w3.org/2002/07/owl#sameAs	http://sws.geonames.org/995573/
http://dbpedia.org/ontology/wikiPageRedirects	http://dbpedia.org/resource/Tikwana
http://www.w3.org/2003/01/geo/wgs84_pos#lat	"27.833333969116210938"^^http://www.w3.org/2001/XMLSchema#float
http://www.georss.org/georss/point	"27.833333333333332 25.916666666666668"
http://dbpedia.org/ontology/thumbnail	http://commons.wikimedia.org/wiki/Special:FilePath/Hoopstad_Church,_Church_Street,_Hoopstad.jpg?width=300
http://dbpedia.org/ontology/wikiPageID	"1417096"^^http://www.w3.org/2001/XMLSchema#integer
http://dbpedia.org/ontology/birthPlace	http://dbpedia.org/resource/Albert_van_den_Berg
http://dbpedia.org/property/percentBlack	"91.9"^^http://dbpedia.org/datatype/perCent
http://dbpedia.org/property/northeast	http://dbpedia.org/resource/Bothaville
http://dbpedia.org/property/centre	"Hoopstad"^^http://www.w3.org/1999/02/22-rdf-syntax-ns#langString
http://xmlns.com/foaf/0.1/depiction	http://commons.wikimedia.org/wiki/Special:FilePath/Hoopstad_Church,_Church_Street,_Hoopstad.jpg
http://dbpedia.org/property/establishedDate	"1873"^^http://www.w3.org/2001/XMLSchema#integer
http://dbpedia.org/property/percentColoured	"2.0"^^http://dbpedia.org/datatype/perCent
http://dbpedia.org/property/southwest	http://dbpedia.org/resource/Hertzogville
http://dbpedia.org/ontology/abstract	"Hoopstad - miasto w Republice Południowej Afryki, w Prowincji Północno-Zachodniej. W mieście żyje 14 000 ludzi (2009). Zostało założone w 1876 roku."@pl
http://www.w3.org/2003/01/geo/wgs84_pos#geometry	"POINT(25.916666030884 27.833333969116)"^^http://www.openlinksw.com/schemas/virtrdf#Geometry
http://www.w3.org/2000/01/rdf-schema#label	"Hoopstad"@nl
