#---Properties and values from: http://dbpedia.org/resource/Colos_(Odemira)
Property	Value
http://dbpedia.org/property/officialName	"Colos"^^http://www.w3.org/1999/02/22-rdf-syntax-ns#langString
http://dbpedia.org/ontology/wikiPageRevisionID	"689448548"^^http://www.w3.org/2001/XMLSchema#integer
http://xmlns.com/foaf/0.1/isPrimaryTopicOf	http://en.wikipedia.org/wiki/Colos_(Odemira)
http://dbpedia.org/property/municipality	http://dbpedia.org/resource/Odemira
http://dbpedia.org/ontology/country	http://dbpedia.org/resource/Portugal
http://dbpedia.org/property/populationTotal	"1061"^^http://www.w3.org/2001/XMLSchema#integer
http://dbpedia.org/property/populationAsOf	"2011"^^http://www.w3.org/2001/XMLSchema#integer
http://purl.org/dc/terms/subject	http://dbpedia.org/resource/Category:Parishes_of_Odemira
http://dbpedia.org/ontology/wikiPageDisambiguates	http://dbpedia.org/resource/Colos
http://www.w3.org/2000/01/rdf-schema#comment	"Colos é uma freguesia portuguesa do concelho de Odemira, com 106,29 km² de área e 1 005 habitantes (2011). A sua densidade populacional é de 9,5 hab/km²."@pt
http://dbpedia.org/property/cim	http://dbpedia.org/resource/Alentejo_Litoral
http://dbpedia.org/property/longd	"-8.4589999999999996305"^^http://www.w3.org/2001/XMLSchema#decimal
http://xmlns.com/foaf/0.1/primaryTopic	http://en.wikipedia.org/wiki/Colos_(Odemira)
http://dbpedia.org/ontology/wikiPageRedirects	http://dbpedia.org/resource/Colos_Parish
http://www.w3.org/2002/07/owl#sameAs	http://yago-knowledge.org/resource/Colos_(Odemira)
http://dbpedia.org/ontology/wikiPageID	"13897275"^^http://www.w3.org/2001/XMLSchema#integer
http://dbpedia.org/property/areaTotal	"109.76999999999999602"^^http://www.w3.org/2001/XMLSchema#decimal
http://www.w3.org/ns/prov#wasDerivedFrom	http://en.wikipedia.org/wiki/Colos_(Odemira)?oldid=689448548
http://dbpedia.org/property/district	http://dbpedia.org/resource/Beja_District
http://purl.org/linguistics/gold/hypernym	http://dbpedia.org/resource/Parish
http://dbpedia.org/property/latd	"37.734000000000001762"^^http://www.w3.org/2001/XMLSchema#decimal
http://dbpedia.org/property/subregion	http://dbpedia.org/resource/Alentejo_Litoral
http://dbpedia.org/ontology/abstract	"Colos es una freguesia portuguesa del concelho de Odemira, con 106,29 km² de superficie y 1.243 habitantes (2001). Su densidad de población es de 11,7 hab/km²."@es
http://www.w3.org/2000/01/rdf-schema#label	"Colos (Odemira)"@de
http://www.w3.org/1999/02/22-rdf-syntax-ns#type	http://www.w3.org/2002/07/owl#Thing
http://dbpedia.org/property/region	http://dbpedia.org/resource/Alentejo
