#---Properties and values from: http://dbpedia.org/resource/Cerenova
Property	Value
http://dbpedia.org/property/longew	"E"^^http://www.w3.org/1999/02/22-rdf-syntax-ns#langString
http://dbpedia.org/ontology/wikiPageExternalLink	http://maps.google.com/maps?t=k&hl=en&ie=UTF8&om=1&ll=41.978156,12.04535&spn=0.0186,0.039997&z=15
http://dbpedia.org/ontology/wikiPageRevisionID	"670433893"^^http://www.w3.org/2001/XMLSchema#integer
http://dbpedia.org/property/latm	"0"^^http://www.w3.org/2001/XMLSchema#integer
http://dbpedia.org/property/latns	"N"^^http://www.w3.org/1999/02/22-rdf-syntax-ns#langString
http://dbpedia.org/property/areaCode	"6"^^http://www.w3.org/2001/XMLSchema#integer
http://xmlns.com/foaf/0.1/isPrimaryTopicOf	http://en.wikipedia.org/wiki/Cerenova
http://dbpedia.org/property/longm	"6"^^http://www.w3.org/2001/XMLSchema#integer
http://dbpedia.org/property/populationTotal	"7957"^^http://www.w3.org/2001/XMLSchema#integer
http://dbpedia.org/property/populationAsOf	"2001-10-21"^^http://www.w3.org/2001/XMLSchema#date
http://purl.org/dc/terms/subject	http://dbpedia.org/resource/Category:Cities_and_towns_in_Lazio
http://www.w3.org/2000/01/rdf-schema#comment	"Marina di Cerveteri is een plaats (frazione) in de Italiaanse gemeente Cerveteri."@nl
http://dbpedia.org/property/imageShield	"Cerveteri-Stemma.png"^^http://www.w3.org/1999/02/22-rdf-syntax-ns#langString
http://dbpedia.org/property/longd	"12"^^http://www.w3.org/2001/XMLSchema#integer
http://xmlns.com/foaf/0.1/primaryTopic	http://en.wikipedia.org/wiki/Cerenova
http://dbpedia.org/ontology/frazioni	http://dbpedia.org/resource/Cerveteri
http://www.w3.org/2002/07/owl#sameAs	http://nl.dbpedia.org/resource/Cerenova
http://dbpedia.org/ontology/thumbnail	http://commons.wikimedia.org/wiki/Special:FilePath/Cerveteri-Stemma.png?width=300
http://dbpedia.org/ontology/wikiPageID	"11133640"^^http://www.w3.org/2001/XMLSchema#integer
http://www.w3.org/ns/prov#wasDerivedFrom	http://en.wikipedia.org/wiki/Cerenova?oldid=670433893
http://dbpedia.org/property/name	"Marina di Cerveteri"^^http://www.w3.org/1999/02/22-rdf-syntax-ns#langString
http://dbpedia.org/property/saint	http://dbpedia.org/resource/Francis_of_Assisi
http://xmlns.com/foaf/0.1/depiction	http://commons.wikimedia.org/wiki/Special:FilePath/Cerveteri-Stemma.png
http://purl.org/linguistics/gold/hypernym	http://dbpedia.org/resource/Locality
http://dbpedia.org/property/latd	"42"^^http://www.w3.org/2001/XMLSchema#integer
http://dbpedia.org/property/nativeName	"Cerenova"^^http://www.w3.org/1999/02/22-rdf-syntax-ns#langString
http://dbpedia.org/property/postalCode	"52"^^http://www.w3.org/2001/XMLSchema#integer
http://dbpedia.org/ontology/abstract	"Cerenova Costantica è una località del litorale laziale a 40 km da Roma lungo la via Aurelia, che insieme a Campo di Mare compone la frazione di Marina di Cerveteri; confina con Ladispoli lungo via di Fontana Morella e con Furbara, altra frazione del comune di Cerveteri."@it
http://dbpedia.org/property/shieldSize	"70"^^http://www.w3.org/2001/XMLSchema#integer
http://www.w3.org/2000/01/rdf-schema#label	"Cerenova"@nl
http://dbpedia.org/property/province	http://dbpedia.org/resource/Province_of_Rome
http://www.w3.org/1999/02/22-rdf-syntax-ns#type	http://dbpedia.org/ontology/Settlement
http://dbpedia.org/property/region	http://dbpedia.org/resource/Lazio
