#---Properties and values from: http://dbpedia.org/resource/Hangács
Property	Value
http://dbpedia.org/property/longew	"E"^^http://www.w3.org/1999/02/22-rdf-syntax-ns#langString
http://dbpedia.org/property/lats	"24.359999999999999432"^^http://www.w3.org/2001/XMLSchema#decimal
http://dbpedia.org/property/officialName	"Hangács"^^http://www.w3.org/1999/02/22-rdf-syntax-ns#langString
http://dbpedia.org/ontology/wikiPageRevisionID	"685619489"^^http://www.w3.org/2001/XMLSchema#integer
http://dbpedia.org/property/latm	"17"^^http://www.w3.org/2001/XMLSchema#integer
http://dbpedia.org/property/latns	"N"^^http://www.w3.org/1999/02/22-rdf-syntax-ns#langString
http://dbpedia.org/property/areaCode	"46"^^http://www.w3.org/2001/XMLSchema#integer
http://dbpedia.org/property/county	"Borsod-Abaúj-Zemplén"^^http://www.w3.org/1999/02/22-rdf-syntax-ns#langString
http://xmlns.com/foaf/0.1/isPrimaryTopicOf	http://en.wikipedia.org/wiki/Hangács
http://dbpedia.org/property/longm	"49"^^http://www.w3.org/2001/XMLSchema#integer
http://dbpedia.org/property/populationTotal	"653"^^http://www.w3.org/2001/XMLSchema#integer
http://dbpedia.org/property/rank	"Village"^^http://www.w3.org/1999/02/22-rdf-syntax-ns#langString
http://dbpedia.org/property/kshCode	"11226"^^http://www.w3.org/2001/XMLSchema#integer
http://dbpedia.org/property/longs	"46.340000000000003411"^^http://www.w3.org/2001/XMLSchema#decimal
http://dbpedia.org/property/populationAsOf	"2009"^^http://www.w3.org/2001/XMLSchema#integer
http://purl.org/dc/terms/subject	http://dbpedia.org/resource/Category:Populated_places_in_Borsod-Abaúj-Zemplén_County
http://www.w3.org/2000/01/rdf-schema#comment	"Hangács – wieś i gmina w północno-wschodniej części Węgier, w pobliżu miasta Edelény. Miejscowość leży na obszarze Średniogórza Północnowęgierskiego, w pobliżu granicy ze Słowacją. Administracyjnie gmina należy do powiatu Edelény, wchodzącego w skład komitatu Borsod-Abaúj-Zemplén i jest jedną z jego 46 gmin."@pl
http://dbpedia.org/property/longd	"20"^^http://www.w3.org/2001/XMLSchema#integer
http://xmlns.com/foaf/0.1/primaryTopic	http://en.wikipedia.org/wiki/Hangács
http://dbpedia.org/ontology/wikiPageRedirects	http://dbpedia.org/resource/Hangacs
http://www.w3.org/2002/07/owl#sameAs	http://www.wikidata.org/entity/Q1006937
http://dbpedia.org/ontology/wikiPageID	"25267858"^^http://www.w3.org/2001/XMLSchema#integer
http://www.w3.org/ns/prov#wasDerivedFrom	http://en.wikipedia.org/wiki/Hangács?oldid=685619489
http://dbpedia.org/property/areaTotalKm	"22.530000000000001137"^^http://www.w3.org/2001/XMLSchema#decimal
http://purl.org/linguistics/gold/hypernym	http://dbpedia.org/resource/Village
http://dbpedia.org/property/latd	"48"^^http://www.w3.org/2001/XMLSchema#integer
http://dbpedia.org/property/subregion	http://dbpedia.org/resource/Edelény
http://dbpedia.org/property/postalCode	"3795"^^http://www.w3.org/2001/XMLSchema#integer
http://dbpedia.org/ontology/abstract	"洪加奇（匈牙利语：Hangács），是匈牙利包尔绍德-奥包乌伊-曾普伦州所辖的一个村。总面积22.53平方公里，总人口600，人口密度26.6人/平方公里（2011年1月1日）。"@zh
http://www.w3.org/2000/01/rdf-schema#label	"洪加奇"@zh
http://www.w3.org/1999/02/22-rdf-syntax-ns#type	http://dbpedia.org/class/yago/Object100002684
