#---Properties and values from: http://dbpedia.org/resource/Hantumhuizen
Property	Value
http://xmlns.com/foaf/0.1/name	"Hantumhuizen"@en
http://dbpedia.org/ontology/wikiPageRevisionID	"649902272"^^http://www.w3.org/2001/XMLSchema#integer
http://dbpedia.org/property/settlementType	"Village"^^http://www.w3.org/1999/02/22-rdf-syntax-ns#langString
http://www.w3.org/2003/01/geo/wgs84_pos#long	"5.9972224235534667969"^^http://www.w3.org/2001/XMLSchema#float
http://dbpedia.org/property/imageMap	"Map NL Dongeradiel Hantumhuzen.png"^^http://www.w3.org/1999/02/22-rdf-syntax-ns#langString
http://xmlns.com/foaf/0.1/isPrimaryTopicOf	http://en.wikipedia.org/wiki/Hantumhuizen
http://dbpedia.org/property/subdivisionType	"Country"^^http://www.w3.org/1999/02/22-rdf-syntax-ns#langString
http://dbpedia.org/ontology/country	http://dbpedia.org/resource/Netherlands
http://dbpedia.org/property/populationTotal	"c. 100"^^http://www.w3.org/1999/02/22-rdf-syntax-ns#langString
http://purl.org/dc/terms/subject	http://dbpedia.org/resource/Category:Populated_places_in_Friesland
http://dbpedia.org/ontology/isPartOf	http://dbpedia.org/resource/Friesland
http://www.w3.org/2000/01/rdf-schema#comment	"Hantumhuizen (Fries: Hantumhuzen) is een terpdorp in de gemeente Dongeradeel in de Nederlandse provincie Friesland."@nl
http://xmlns.com/foaf/0.1/primaryTopic	http://en.wikipedia.org/wiki/Hantumhuizen
http://www.w3.org/2002/07/owl#sameAs	http://wikidata.dbpedia.org/resource/Q746772
http://www.w3.org/2003/01/geo/wgs84_pos#lat	"53.371944427490234375"^^http://www.w3.org/2001/XMLSchema#float
http://www.georss.org/georss/point	"53.371944444444445 5.997222222222222"
http://dbpedia.org/ontology/thumbnail	http://commons.wikimedia.org/wiki/Special:FilePath/Map_NL_Dongeradiel_Hantumhuzen.png?width=300
http://dbpedia.org/ontology/wikiPageID	"16435952"^^http://www.w3.org/2001/XMLSchema#integer
http://www.w3.org/ns/prov#wasDerivedFrom	http://en.wikipedia.org/wiki/Hantumhuizen?oldid=649902272
http://xmlns.com/foaf/0.1/depiction	http://commons.wikimedia.org/wiki/Special:FilePath/Map_NL_Dongeradiel_Hantumhuzen.png
http://purl.org/linguistics/gold/hypernym	http://dbpedia.org/resource/Village
http://dbpedia.org/ontology/abstract	"Hantumhuizen (West Frisian: Hantumhuzen) is a small village in Dongeradeel in the province of Friesland, the Netherlands. It had a population of around 100 in 2004."@en
http://www.w3.org/2003/01/geo/wgs84_pos#geometry	"POINT(5.9972224235535 53.37194442749)"^^http://www.openlinksw.com/schemas/virtrdf#Geometry
http://www.w3.org/2000/01/rdf-schema#label	"Hantumhuizen"@nl
http://dbpedia.org/property/mapsize	"280"^^http://www.w3.org/2001/XMLSchema#integer
http://www.w3.org/1999/02/22-rdf-syntax-ns#type	http://dbpedia.org/class/yago/AdministrativeDistrict108491826
