#---Properties and values from: http://dbpedia.org/resource/Padre_Bernardo
Property	Value
http://dbpedia.org/property/lats	"16"^^http://www.w3.org/2001/XMLSchema#integer
http://dbpedia.org/ontology/wikiPageExternalLink	http://www.ibge.gov.br/
http://dbpedia.org/ontology/wikiPageRevisionID	"721537314"^^http://www.w3.org/2001/XMLSchema#integer
http://dbpedia.org/property/latm	"21"^^http://www.w3.org/2001/XMLSchema#integer
http://dbpedia.org/property/latns	"S"^^http://www.w3.org/1999/02/22-rdf-syntax-ns#langString
http://dbpedia.org/property/imageMap	"Goias Municip PadreBernardo.svg"^^http://www.w3.org/1999/02/22-rdf-syntax-ns#langString
http://xmlns.com/foaf/0.1/isPrimaryTopicOf	http://en.wikipedia.org/wiki/Padre_Bernardo
http://dbpedia.org/property/microregion	http://dbpedia.org/resource/Entorno_do_Distrito_Federal_Microregion
http://dbpedia.org/property/longm	"30"^^http://www.w3.org/2001/XMLSchema#integer
http://dbpedia.org/property/populationTotal	"25969"^^http://www.w3.org/2001/XMLSchema#integer
http://dbpedia.org/property/populationAsOf	"2007"^^http://www.w3.org/2001/XMLSchema#integer
http://dbpedia.org/property/longs	"38"^^http://www.w3.org/2001/XMLSchema#integer
http://purl.org/dc/terms/subject	http://dbpedia.org/resource/Category:Municipalities_in_Goiás
http://dbpedia.org/property/elevation	"629"^^http://www.w3.org/2001/XMLSchema#integer
http://dbpedia.org/property/state	"GO"^^http://www.w3.org/1999/02/22-rdf-syntax-ns#langString
http://www.w3.org/2000/01/rdf-schema#comment	"Padre Bernardo é um município brasileiro do estado de Goiás. Localizado na Microrregião do Entorno do Distrito Federal e na Mesorregião do Leste Goiano. O município possui segundo o censo de 2013 do Instituto Brasileiro de Geografia e Estatística uma população de 30 059 habitantes."@pt
http://dbpedia.org/property/longd	"40"^^http://www.w3.org/2001/XMLSchema#integer
http://xmlns.com/foaf/0.1/primaryTopic	http://en.wikipedia.org/wiki/Padre_Bernardo
http://www.w3.org/2002/07/owl#sameAs	http://sws.geonames.org/6317839/
http://dbpedia.org/ontology/thumbnail	http://commons.wikimedia.org/wiki/Special:FilePath/Goias_Municip_PadreBernardo.svg?width=300
http://dbpedia.org/property/areaTotal	"3137.9000000000000909"^^http://www.w3.org/2001/XMLSchema#decimal
http://dbpedia.org/ontology/wikiPageID	"4114516"^^http://www.w3.org/2001/XMLSchema#integer
http://www.w3.org/ns/prov#wasDerivedFrom	http://en.wikipedia.org/wiki/Padre_Bernardo?oldid=721537314
http://dbpedia.org/property/name	"Padre Bernardo"^^http://www.w3.org/1999/02/22-rdf-syntax-ns#langString
http://xmlns.com/foaf/0.1/depiction	http://commons.wikimedia.org/wiki/Special:FilePath/Goias_Municip_PadreBernardo.svg
http://purl.org/linguistics/gold/hypernym	http://dbpedia.org/resource/Municipality
http://dbpedia.org/property/latd	"15"^^http://www.w3.org/2001/XMLSchema#integer
http://dbpedia.org/property/postalCode	"73700"^^http://www.w3.org/2001/XMLSchema#integer
http://dbpedia.org/ontology/abstract	"Padre Bernardo is a municipality located in the state of Goiás, Brazil."@en
http://www.w3.org/2000/01/rdf-schema#label	"Padre Bernardo"@en
http://www.w3.org/1999/02/22-rdf-syntax-ns#type	http://dbpedia.org/class/yago/YagoLegalActorGeo
