#---Properties and values from: http://dbpedia.org/resource/Marvão
Property	Value
http://dbpedia.org/property/longew	"W"^^http://www.w3.org/1999/02/22-rdf-syntax-ns#langString
http://dbpedia.org/property/lats	"39"^^http://www.w3.org/2001/XMLSchema#integer
http://dbpedia.org/ontology/wikiPageExternalLink	http://www.alentejo-property.com/marvao-alentejo-portugal
http://dbpedia.org/property/blank1NameSec	"Municipal holiday"^^http://www.w3.org/1999/02/22-rdf-syntax-ns#langString
http://dbpedia.org/property/latm	"23"^^http://www.w3.org/2001/XMLSchema#integer
http://dbpedia.org/property/latns	"N"^^http://www.w3.org/1999/02/22-rdf-syntax-ns#langString
http://dbpedia.org/property/imageSkyline	"Marvão 27.jpg"^^http://www.w3.org/1999/02/22-rdf-syntax-ns#langString
http://purl.org/dc/terms/subject	http://dbpedia.org/resource/Category:Populated_places_in_Portalegre_District
http://dbpedia.org/property/parishes	"[[#Parishes"^^http://www.w3.org/1999/02/22-rdf-syntax-ns#langString
http://dbpedia.org/property/etymology	http://dbpedia.org/resource/Castle_of_Marvão
http://dbpedia.org/property/cim	http://dbpedia.org/resource/Alto_Alentejo_(intermunicipal_community)
http://dbpedia.org/property/leaderParty	http://dbpedia.org/resource/Social_Democratic_Party_(Portugal)
http://dbpedia.org/property/blank1InfoSec	"--09-08"^^http://www.w3.org/2001/XMLSchema#gMonthDay
http://www.w3.org/ns/prov#wasDerivedFrom	http://en.wikipedia.org/wiki/Marvão?oldid=741099196
http://dbpedia.org/ontology/municipality	http://dbpedia.org/resource/Castle_of_Marvão
http://dbpedia.org/property/areaTotalKm	"154.90000000000000568"^^http://www.w3.org/2001/XMLSchema#decimal
http://dbpedia.org/property/district	http://dbpedia.org/resource/Portalegre_District
http://dbpedia.org/property/latd	"39"^^http://www.w3.org/2001/XMLSchema#integer
http://dbpedia.org/property/subregion	http://dbpedia.org/resource/Alto_Alentejo_Subregion
http://xmlns.com/foaf/0.1/homepage	http://www.cm-marvao.pt
http://www.w3.org/1999/02/22-rdf-syntax-ns#type	http://dbpedia.org/class/yago/WikicatNUTS3StatisticalRegionsOfPortugal
http://dbpedia.org/property/region	http://dbpedia.org/resource/Alentejo
http://dbpedia.org/property/officialName	"Marvão"^^http://www.w3.org/1999/02/22-rdf-syntax-ns#langString
http://dbpedia.org/ontology/wikiPageRevisionID	"741099196"^^http://www.w3.org/2001/XMLSchema#integer
http://dbpedia.org/property/website	http://www.cm-marvao.pt
http://dbpedia.org/property/imageCaption	"Marvão as seen from its castle"^^http://www.w3.org/1999/02/22-rdf-syntax-ns#langString
http://dbpedia.org/property/imageMap	"LocalMarvao.svg"^^http://www.w3.org/1999/02/22-rdf-syntax-ns#langString
http://xmlns.com/foaf/0.1/isPrimaryTopicOf	http://en.wikipedia.org/wiki/Marvão
http://dbpedia.org/property/longm	"22"^^http://www.w3.org/2001/XMLSchema#integer
http://dbpedia.org/property/populationTotal	"3512"^^http://www.w3.org/2001/XMLSchema#integer
http://dbpedia.org/property/longs	"36"^^http://www.w3.org/2001/XMLSchema#integer
http://dbpedia.org/property/populationAsOf	"2011"^^http://www.w3.org/2001/XMLSchema#integer
http://www.w3.org/2000/01/rdf-schema#comment	"Marvão (1.  
* RINVIA T:IPA) è un comune portoghese di 4.029 abitanti situato nel distretto di Portalegre. Il villaggio, le cui case sono tutte dipinte di bianco, è posto sulla cima di un monte e completamente circondato dalle mura di un castello, dalla cui muragli è possibile una visione a 360° degli altopiani circostanti, portoghesi e spagnoli. Il villaggio e la cima del monte ove esso è situato sono inclusi nella lista dei candidati a Patrimonio dell'Umanità dell'UNESCO dal 2000."@it
http://dbpedia.org/property/imageShield	"MRV.png"^^http://www.w3.org/1999/02/22-rdf-syntax-ns#langString
http://dbpedia.org/ontology/place	http://dbpedia.org/resource/Battle_of_Marvão
http://dbpedia.org/property/longd	"7"^^http://www.w3.org/2001/XMLSchema#integer
http://xmlns.com/foaf/0.1/primaryTopic	http://en.wikipedia.org/wiki/Marvão
http://dbpedia.org/ontology/wikiPageRedirects	http://dbpedia.org/resource/Marvao_Municipality
http://www.w3.org/2002/07/owl#sameAs	http://fr.dbpedia.org/resource/Marvão
http://dbpedia.org/ontology/thumbnail	http://commons.wikimedia.org/wiki/Special:FilePath/Pt-mrv1.png?width=300
http://dbpedia.org/ontology/wikiPageID	"4238360"^^http://www.w3.org/2001/XMLSchema#integer
http://dbpedia.org/ontology/birthPlace	http://dbpedia.org/resource/Jaime_Martins_Barata
http://dbpedia.org/property/leaderName	http://dbpedia.org/resource/Vitor_Martins_Frutuoso
http://xmlns.com/foaf/0.1/depiction	http://commons.wikimedia.org/wiki/Special:FilePath/Pt-mrv1.png
http://purl.org/linguistics/gold/hypernym	http://dbpedia.org/resource/Municipality
http://dbpedia.org/ontology/abstract	"Marvão est une ville fortifiée impressionnante du Haut Alentejo au Portugal, au sommet de la serra de Sapoio. Elle fait face à la ville espagnole de Valencia de Alcantara.Elle appartient au district de Portalegre, région de l'Alentejo dans la province du Haut Alentejo. Située en haut d'un rocher à plus de 860 mètres d'altitude, on ne distingue pas les remparts de la pierre, dans cette ville médiévale paisible que le visiteur découvre dans les ruelles escarpées aux nombreuses marches. Le château fort a été construit au XIIIe siècle puis repris au XVIIe siècle. Le chemin de ronde est en parfait état. À ses pieds se trouvent les ruines de la cité romaine Ammaia. 
* Portail du Portugal Portail du Portugal"@fr
http://dbpedia.org/property/imageFlag	"Pt-mrv1.png"^^http://www.w3.org/1999/02/22-rdf-syntax-ns#langString
http://www.w3.org/2000/01/rdf-schema#label	"Marvão"@it
