#---Properties and values from: http://dbpedia.org/resource/Feanwâldsterwâl,_Dantumadiel
Property	Value
http://xmlns.com/foaf/0.1/name	"Feanwâldsterwâl"@en
http://dbpedia.org/ontology/wikiPageRevisionID	"649752575"^^http://www.w3.org/2001/XMLSchema#integer
http://dbpedia.org/property/settlementType	"Village"^^http://www.w3.org/1999/02/22-rdf-syntax-ns#langString
http://www.w3.org/2003/01/geo/wgs84_pos#long	"5.977222442626953125"^^http://www.w3.org/2001/XMLSchema#float
http://xmlns.com/foaf/0.1/isPrimaryTopicOf	http://en.wikipedia.org/wiki/Feanwâldsterwâl,_Dantumadiel
http://dbpedia.org/property/subdivisionType	"Country"^^http://www.w3.org/1999/02/22-rdf-syntax-ns#langString
http://dbpedia.org/ontology/country	http://dbpedia.org/resource/Netherlands
http://dbpedia.org/property/populationTotal	"c. 400"^^http://www.w3.org/1999/02/22-rdf-syntax-ns#langString
http://purl.org/dc/terms/subject	http://dbpedia.org/resource/Category:Populated_places_in_Friesland
http://dbpedia.org/ontology/isPartOf	http://dbpedia.org/resource/Friesland
http://www.w3.org/2000/01/rdf-schema#comment	"Veenwoudsterwal (officieel, Fries: Feanwâldsterwâl) is een dorp in de Nederlandse provincie Friesland, gelegen tussen Leeuwarden en Groningen. Het valt gedeeltelijk onder de gemeente Dantumadeel en gedeeltelijk onder de gemeente Tietjerksteradeel. Het dorp wordt ook wel kortweg De Wâl genoemd en vroeger geduid als Diepswal. In 2011 kreeg het de dorpsstatus en kent zo'n 400 inwoners. 
*       
*       
*"@nl
http://xmlns.com/foaf/0.1/primaryTopic	http://en.wikipedia.org/wiki/Feanwâldsterwâl,_Dantumadiel
http://dbpedia.org/ontology/wikiPageRedirects	http://dbpedia.org/resource/Feanwaldsterwal,_Dantumadiel
http://www.w3.org/2002/07/owl#sameAs	http://fr.dbpedia.org/resource/Feanwâldsterwâl
http://www.w3.org/2003/01/geo/wgs84_pos#lat	"53.228054046630859375"^^http://www.w3.org/2001/XMLSchema#float
http://www.georss.org/georss/point	"53.22805555555556 5.977222222222222"
http://dbpedia.org/ontology/wikiPageID	"16550700"^^http://www.w3.org/2001/XMLSchema#integer
http://www.w3.org/ns/prov#wasDerivedFrom	http://en.wikipedia.org/wiki/Feanwâldsterwâl,_Dantumadiel?oldid=649752575
http://purl.org/linguistics/gold/hypernym	http://dbpedia.org/resource/Village
http://dbpedia.org/ontology/abstract	"Feanwâldsterwâl (Dutch: Veenwoudsterwal) is a village in the Dantumadiel municipality of Friesland, the Netherlands. it had a population of around 400 in 2006. The southern part of Feanwâldsterwâl lies in the adjacent municipality of Tytsjerksteradiel (see Feanwâldsterwâl (Tytsjerksteradiel))."@en
http://www.w3.org/2003/01/geo/wgs84_pos#geometry	"POINT(5.977222442627 53.228054046631)"^^http://www.openlinksw.com/schemas/virtrdf#Geometry
http://www.w3.org/2000/01/rdf-schema#label	"Veenwoudsterwal"@nl
http://dbpedia.org/property/mapsize	"280"^^http://www.w3.org/2001/XMLSchema#integer
http://www.w3.org/1999/02/22-rdf-syntax-ns#type	http://dbpedia.org/class/yago/AdministrativeDistrict108491826
