#---Properties and values from: http://dbpedia.org/resource/Abrantes_(São_Vicente_e_São_João)_e_Alferrarede
Property	Value
http://dbpedia.org/property/officialName	"Abrantes"^^http://www.w3.org/1999/02/22-rdf-syntax-ns#langString
http://dbpedia.org/ontology/wikiPageRevisionID	"689446889"^^http://www.w3.org/2001/XMLSchema#integer
http://xmlns.com/foaf/0.1/isPrimaryTopicOf	http://en.wikipedia.org/wiki/Abrantes_(São_Vicente_e_São_João)_e_Alferrarede
http://dbpedia.org/property/municipality	http://dbpedia.org/resource/Abrantes
http://dbpedia.org/ontology/country	http://dbpedia.org/resource/Portugal
http://dbpedia.org/property/populationTotal	"17205"^^http://www.w3.org/2001/XMLSchema#integer
http://dbpedia.org/property/populationAsOf	"2011"^^http://www.w3.org/2001/XMLSchema#integer
http://purl.org/dc/terms/subject	http://dbpedia.org/resource/Category:Parishes_of_Abrantes
http://www.w3.org/2000/01/rdf-schema#comment	"Abrantes (São Vicente e São João) e Alferrarede (oficialmente: União das Freguesias de Abrantes (São Vicente e São João) e Alferrarede) é uma freguesia portuguesa do concelho de Abrantes com 64,47 km² de área e 17 205 habitantes (2011)."@pt
http://dbpedia.org/property/cim	http://dbpedia.org/resource/Médio_Tejo
http://dbpedia.org/property/longd	"-8.1999999999999992895"^^http://www.w3.org/2001/XMLSchema#decimal
http://xmlns.com/foaf/0.1/primaryTopic	http://en.wikipedia.org/wiki/Abrantes_(São_Vicente_e_São_João)_e_Alferrarede
http://dbpedia.org/ontology/wikiPageRedirects	http://dbpedia.org/resource/Abrantes_(Sao_Vicente_e_Sao_Joao)_e_Alferrarede
http://www.w3.org/2002/07/owl#sameAs	http://pt.dbpedia.org/resource/Abrantes_(São_Vicente_e_São_João)_e_Alferrarede
http://dbpedia.org/property/areaTotal	"64.469999999999998863"^^http://www.w3.org/2001/XMLSchema#decimal
http://dbpedia.org/ontology/wikiPageID	"43215092"^^http://www.w3.org/2001/XMLSchema#integer
http://www.w3.org/ns/prov#wasDerivedFrom	http://en.wikipedia.org/wiki/Abrantes_(São_Vicente_e_São_João)_e_Alferrarede?oldid=689446889
http://dbpedia.org/property/district	http://dbpedia.org/resource/Santarém_District
http://purl.org/linguistics/gold/hypernym	http://dbpedia.org/resource/Parish
http://dbpedia.org/property/latd	"39.469999999999998863"^^http://www.w3.org/2001/XMLSchema#decimal
http://dbpedia.org/property/subregion	http://dbpedia.org/resource/Médio_Tejo
http://dbpedia.org/ontology/abstract	"Abrantes (São Vicente e São João) e Alferrarede (oficialmente: União das Freguesias de Abrantes (São Vicente e São João) e Alferrarede) é uma freguesia portuguesa do concelho de Abrantes com 64,47 km² de área e 17 205 habitantes (2011)."@pt
http://www.w3.org/2000/01/rdf-schema#label	"Abrantes (São Vicente e São João) e Alferrarede"@en
http://www.w3.org/1999/02/22-rdf-syntax-ns#type	http://dbpedia.org/ontology/Settlement
http://dbpedia.org/property/region	http://dbpedia.org/resource/Centro_Region,_Portugal
