#---Properties and values from: http://dbpedia.org/resource/Aragoiânia
Property	Value
http://dbpedia.org/property/lats	"51"^^http://www.w3.org/2001/XMLSchema#integer
http://dbpedia.org/ontology/wikiPageExternalLink	http://www.frigoletto.com.br/GeoEcon/idhgo.htm
http://dbpedia.org/ontology/wikiPageRevisionID	"721534503"^^http://www.w3.org/2001/XMLSchema#integer
http://dbpedia.org/property/latm	"54"^^http://www.w3.org/2001/XMLSchema#integer
http://dbpedia.org/property/latns	"S"^^http://www.w3.org/1999/02/22-rdf-syntax-ns#langString
http://dbpedia.org/property/imageMap	"Goias Municip Aragoiania.svg"^^http://www.w3.org/1999/02/22-rdf-syntax-ns#langString
http://xmlns.com/foaf/0.1/isPrimaryTopicOf	http://en.wikipedia.org/wiki/Aragoiânia
http://dbpedia.org/property/microregion	http://dbpedia.org/resource/Goiânia_Microregion
http://dbpedia.org/property/longm	"27"^^http://www.w3.org/2001/XMLSchema#integer
http://dbpedia.org/property/populationTotal	"7243"^^http://www.w3.org/2001/XMLSchema#integer
http://dbpedia.org/property/populationAsOf	"2007"^^http://www.w3.org/2001/XMLSchema#integer
http://dbpedia.org/property/longs	"9"^^http://www.w3.org/2001/XMLSchema#integer
http://purl.org/dc/terms/subject	http://dbpedia.org/resource/Category:Municipalities_in_Goiás
http://dbpedia.org/property/elevation	"859"^^http://www.w3.org/2001/XMLSchema#integer
http://dbpedia.org/property/state	"GO"^^http://www.w3.org/1999/02/22-rdf-syntax-ns#langString
http://www.w3.org/2000/01/rdf-schema#comment	"Aragoiânia é um município brasileiro do interior do estado de Goiás, Região Centro-Oeste do país. Sua população estimada em 2004 era de 7.320 habitantes."@pt
http://dbpedia.org/property/longd	"49"^^http://www.w3.org/2001/XMLSchema#integer
http://xmlns.com/foaf/0.1/primaryTopic	http://en.wikipedia.org/wiki/Aragoiânia
http://www.w3.org/2002/07/owl#sameAs	http://sws.geonames.org/6323910/
http://dbpedia.org/ontology/wikiPageRedirects	http://dbpedia.org/resource/Aragoiania
http://dbpedia.org/ontology/thumbnail	http://commons.wikimedia.org/wiki/Special:FilePath/Goias_Municip_Aragoiania.svg?width=300
http://dbpedia.org/property/areaTotal	"290.10000000000002274"^^http://www.w3.org/2001/XMLSchema#decimal
http://dbpedia.org/ontology/wikiPageID	"4060505"^^http://www.w3.org/2001/XMLSchema#integer
http://www.w3.org/ns/prov#wasDerivedFrom	http://en.wikipedia.org/wiki/Aragoiânia?oldid=721534503
http://dbpedia.org/property/name	"Aragoiânia"^^http://www.w3.org/1999/02/22-rdf-syntax-ns#langString
http://xmlns.com/foaf/0.1/depiction	http://commons.wikimedia.org/wiki/Special:FilePath/Goias_Municip_Aragoiania.svg
http://purl.org/linguistics/gold/hypernym	http://dbpedia.org/resource/Municipality
http://dbpedia.org/property/latd	"16"^^http://www.w3.org/2001/XMLSchema#integer
http://dbpedia.org/property/postalCode	"75360"^^http://www.w3.org/2001/XMLSchema#integer
http://dbpedia.org/ontology/abstract	"Aragoiânia ist eine Gemeinde (município) im brasilianischen Bundesstaat Goiás. Sie gehört zur Metropolregion Goiânia."@de
http://www.w3.org/2000/01/rdf-schema#label	"Aragoiânia"@de
http://www.w3.org/1999/02/22-rdf-syntax-ns#type	http://dbpedia.org/class/yago/YagoPermanentlyLocatedEntity
