#---Properties and values from: http://dbpedia.org/resource/Pedrinhas_Paulista
Property	Value
http://dbpedia.org/property/lats	"54"^^http://www.w3.org/2001/XMLSchema#integer
http://dbpedia.org/ontology/wikiPageRevisionID	"720298083"^^http://www.w3.org/2001/XMLSchema#integer
http://dbpedia.org/property/latm	"48"^^http://www.w3.org/2001/XMLSchema#integer
http://dbpedia.org/property/latns	"S"^^http://www.w3.org/1999/02/22-rdf-syntax-ns#langString
http://dbpedia.org/property/imageMap	"SaoPaulo Municip PedrinhasPaulista.svg"^^http://www.w3.org/1999/02/22-rdf-syntax-ns#langString
http://xmlns.com/foaf/0.1/isPrimaryTopicOf	http://en.wikipedia.org/wiki/Pedrinhas_Paulista
http://dbpedia.org/property/longm	"47"^^http://www.w3.org/2001/XMLSchema#integer
http://dbpedia.org/property/populationTotal	"3071"^^http://www.w3.org/2001/XMLSchema#integer
http://dbpedia.org/property/longs	"38"^^http://www.w3.org/2001/XMLSchema#integer
http://dbpedia.org/property/populationAsOf	"2015"^^http://www.w3.org/2001/XMLSchema#integer
http://purl.org/dc/terms/subject	http://dbpedia.org/resource/Category:Municipalities_in_São_Paulo_(state)
http://dbpedia.org/property/state	"SP"^^http://www.w3.org/1999/02/22-rdf-syntax-ns#langString
http://www.w3.org/2000/01/rdf-schema#comment	"Pedrinhas Paulista è un comune del Brasile nello Stato di San Paolo, parte della mesoregione di Assis e della microregione omonima."@it
http://dbpedia.org/property/longd	"50"^^http://www.w3.org/2001/XMLSchema#integer
http://xmlns.com/foaf/0.1/primaryTopic	http://en.wikipedia.org/wiki/Pedrinhas_Paulista
http://www.w3.org/2002/07/owl#sameAs	http://dbpedia.org/resource/Pedrinhas_Paulista
http://dbpedia.org/ontology/thumbnail	http://commons.wikimedia.org/wiki/Special:FilePath/SaoPaulo_Municip_PedrinhasPaulista.svg?width=300
http://dbpedia.org/ontology/wikiPageID	"1083973"^^http://www.w3.org/2001/XMLSchema#integer
http://dbpedia.org/property/areaTotal	"153"^^http://www.w3.org/2001/XMLSchema#integer
http://www.w3.org/ns/prov#wasDerivedFrom	http://en.wikipedia.org/wiki/Pedrinhas_Paulista?oldid=720298083
http://xmlns.com/foaf/0.1/depiction	http://commons.wikimedia.org/wiki/Special:FilePath/SaoPaulo_Municip_PedrinhasPaulista.svg
http://purl.org/linguistics/gold/hypernym	http://dbpedia.org/resource/Municipality
http://dbpedia.org/property/latd	"22"^^http://www.w3.org/2001/XMLSchema#integer
http://dbpedia.org/ontology/abstract	"Педриньяс-Паулиста (порт. Pedrinhas Paulista) — муниципалитет в Бразилии, входит в штат Сан-Паулу. Составная часть мезорегиона Ассис. Входит в экономико-статистический микрорегион Асис. Население составляет 3067 человек на 2006 год. Занимает площадь 152,173 км². Плотность населения — 20,2 чел./км²."@ru
http://www.w3.org/2000/01/rdf-schema#label	"Pedrinhas Paulista"@fr
http://www.w3.org/1999/02/22-rdf-syntax-ns#type	http://dbpedia.org/ontology/Settlement
