#---Properties and values from: http://dbpedia.org/resource/Brežec_pri_Podgorju
Property	Value
http://dbpedia.org/property/longew	"E"^^http://www.w3.org/1999/02/22-rdf-syntax-ns#langString
http://xmlns.com/foaf/0.1/name	"Brežec pri Podgorju"@en
http://dbpedia.org/property/lats	"45.030000000000001137"^^http://www.w3.org/2001/XMLSchema#decimal
http://dbpedia.org/ontology/wikiPageExternalLink	http://www.geopedia.si/Geopedia_en.html#L5567_F10101433_T1193_vF_b4_x416541.25_y41303.5_s15
http://dbpedia.org/ontology/wikiPageRevisionID	"661994181"^^http://www.w3.org/2001/XMLSchema#integer
http://dbpedia.org/property/imagesize	"250"^^http://www.w3.org/2001/XMLSchema#integer
http://dbpedia.org/property/latm	"30"^^http://www.w3.org/2001/XMLSchema#integer
http://dbpedia.org/property/latns	"N"^^http://www.w3.org/1999/02/22-rdf-syntax-ns#langString
http://www.w3.org/2003/01/geo/wgs84_pos#long	"13.91886138916015625"^^http://www.w3.org/2001/XMLSchema#float
http://dbpedia.org/property/coordinatesRegion	"SI"^^http://www.w3.org/1999/02/22-rdf-syntax-ns#langString
http://dbpedia.org/property/pushpinLabelPosition	"bottom"^^http://www.w3.org/1999/02/22-rdf-syntax-ns#langString
http://xmlns.com/foaf/0.1/isPrimaryTopicOf	http://en.wikipedia.org/wiki/Brežec_pri_Podgorju
http://dbpedia.org/property/subdivisionType	http://dbpedia.org/resource/Statistical_regions_of_Slovenia
http://dbpedia.org/property/longm	"55"^^http://www.w3.org/2001/XMLSchema#integer
http://dbpedia.org/ontology/country	http://dbpedia.org/resource/Slovenia
http://dbpedia.org/property/populationTotal	"no permanent residents"^^http://www.w3.org/1999/02/22-rdf-syntax-ns#langString
http://dbpedia.org/property/populationAsOf	"2002"^^http://www.w3.org/2001/XMLSchema#integer
http://dbpedia.org/property/longs	"7.9000000000000003553"^^http://www.w3.org/2001/XMLSchema#decimal
http://purl.org/dc/terms/subject	http://dbpedia.org/resource/Category:Populated_places_in_the_City_Municipality_of_Koper
http://dbpedia.org/ontology/isPartOf	http://dbpedia.org/resource/Coastal–Karst_Statistical_Region
http://www.w3.org/2000/01/rdf-schema#comment	"Brežec pri Podgorju is een plaats in Slovenië en maakt deel uit van de Sloveense gemeente Koper in de NUTS-3-regio Obalnokraška."@nl
http://dbpedia.org/property/longd	"13"^^http://www.w3.org/2001/XMLSchema#integer
http://xmlns.com/foaf/0.1/primaryTopic	http://en.wikipedia.org/wiki/Brežec_pri_Podgorju
http://www.w3.org/2002/07/owl#sameAs	http://wikidata.dbpedia.org/resource/Q2417722
http://dbpedia.org/ontology/wikiPageRedirects	http://dbpedia.org/resource/Brezec_pri_Podgorju
http://www.w3.org/2003/01/geo/wgs84_pos#lat	"45.512508392333984375"^^http://www.w3.org/2001/XMLSchema#float
http://www.georss.org/georss/point	"45.51250833333334 13.918861111111111"
http://dbpedia.org/ontology/elevation	"376.89999999999997726"^^http://www.w3.org/2001/XMLSchema#decimal
http://dbpedia.org/ontology/areaTotal	"1140000.0"^^http://www.w3.org/2001/XMLSchema#decimal
http://dbpedia.org/ontology/wikiPageID	"16715790"^^http://www.w3.org/2001/XMLSchema#integer
http://www.w3.org/ns/prov#wasDerivedFrom	http://en.wikipedia.org/wiki/Brežec_pri_Podgorju?oldid=661994181
http://dbpedia.org/ontology/PopulatedPlace/areaTotal	"1.14"^^http://dbpedia.org/datatype/squareKilometre
http://dbpedia.org/property/coordinatesDisplay	"inline,title"^^http://www.w3.org/1999/02/22-rdf-syntax-ns#langString
http://dbpedia.org/property/pushpinMap	"Slovenia"^^http://www.w3.org/1999/02/22-rdf-syntax-ns#langString
http://purl.org/linguistics/gold/hypernym	http://dbpedia.org/resource/Settlement
http://dbpedia.org/property/latd	"45"^^http://www.w3.org/2001/XMLSchema#integer
http://dbpedia.org/ontology/abstract	"Brežec pri Podgorju (pronounced [ˈbɾeːʒəts pɾi pɔdˈɡoːɾju]; Italian: Bressez) is a small settlement with no permanent residents in the City Municipality of Koper in the Littoral region of Slovenia."@en
http://dbpedia.org/property/pushpinMapCaption	"Location in Slovenia"^^http://www.w3.org/1999/02/22-rdf-syntax-ns#langString
http://www.w3.org/2003/01/geo/wgs84_pos#geometry	"POINT(13.91886138916 45.512508392334)"^^http://www.openlinksw.com/schemas/virtrdf#Geometry
http://www.w3.org/2000/01/rdf-schema#label	"Brežec pri Podgorju"@en
http://www.w3.org/1999/02/22-rdf-syntax-ns#type	http://dbpedia.org/class/yago/WikicatPopulatedPlacesInTheMunicipalityOfKoper
