#---Properties and values from: http://dbpedia.org/resource/Snakkerburen
Property	Value
http://www.w3.org/2002/07/owl#sameAs	http://rdf.freebase.com/ns/m.03ylvxq
http://xmlns.com/foaf/0.1/name	"Snakkerburen"@en
http://www.w3.org/2003/01/geo/wgs84_pos#lat	"53.21666717529296875"^^http://www.w3.org/2001/XMLSchema#float
http://www.georss.org/georss/point	"53.21666666666667 5.8"
http://dbpedia.org/ontology/wikiPageRevisionID	"725932914"^^http://www.w3.org/2001/XMLSchema#integer
http://dbpedia.org/ontology/wikiPageID	"16674936"^^http://www.w3.org/2001/XMLSchema#integer
http://www.w3.org/ns/prov#wasDerivedFrom	http://en.wikipedia.org/wiki/Snakkerburen?oldid=725932914
http://dbpedia.org/property/settlementType	"Village"^^http://www.w3.org/1999/02/22-rdf-syntax-ns#langString
http://www.w3.org/2003/01/geo/wgs84_pos#long	"5.8000001907348632812"^^http://www.w3.org/2001/XMLSchema#float
http://xmlns.com/foaf/0.1/isPrimaryTopicOf	http://en.wikipedia.org/wiki/Snakkerburen
http://dbpedia.org/property/subdivisionType	"Country"^^http://www.w3.org/1999/02/22-rdf-syntax-ns#langString
http://purl.org/linguistics/gold/hypernym	http://dbpedia.org/resource/Village
http://dbpedia.org/ontology/country	http://dbpedia.org/resource/Netherlands
http://dbpedia.org/property/populationTotal	"c. 220"^^http://www.w3.org/1999/02/22-rdf-syntax-ns#langString
http://purl.org/dc/terms/subject	http://dbpedia.org/resource/Category:Populated_places_in_Friesland
http://dbpedia.org/ontology/abstract	"Snakkerburen (Fries: Snakkerbuorren ) is een dorp in de gemeente Leeuwarden, provincie Friesland (Nederland). Het ligt ten noorden van de stad Leeuwarden en ten zuiden van Lekkum, aan de Dokkumer Ee en telt ongeveer 215 inwoners (1 januari 2007). Snakkerburen vormt samen met de dorpen Miedum en Lekkum al eeuwenlang één gemeenschap. De drie dorpen worden ook wel De Trije Doarpen genoemd. Er bestaan vele samenwerkingen tussen de dorpen, vooral op het vlak van cultuur. Zo bestaat onder andere een gezamenlijke dorpsblad, genaamd De Kobbeflecht. De drie dorpen hebben ook één dorpsvereniging, Dorpsbelang die zich inzet voor de belangen van de dorpsbewoners. Snakkerburen kent een eigen dorpstuin, het Hof van Eeden, deze wordt beheerd door de \"Stichting Doarpstún Snakkerburen\". De gemeentelijke naamgevingscommissie maakte overigens in juni 2007 duidelijk dat Snakkerburen ten onrechte als dorp wordt aangemerkt, maar altijd een buurtschap is geweest. Dit zou blijken uit een document uit 1975."@nl
http://dbpedia.org/ontology/isPartOf	http://dbpedia.org/resource/Friesland
http://www.w3.org/2000/01/rdf-schema#comment	"Snakkerburen (West Frisian: Snakkerbuorren) is a village in Leeuwarden in the province of Friesland, the Netherlands. It had a population of around 220 in 2004."@en
http://www.w3.org/2003/01/geo/wgs84_pos#geometry	"POINT(5.8000001907349 53.216667175293)"^^http://www.openlinksw.com/schemas/virtrdf#Geometry
http://www.w3.org/2000/01/rdf-schema#label	"Snakkerburen"@fr
http://dbpedia.org/property/mapsize	"280"^^http://www.w3.org/2001/XMLSchema#integer
http://xmlns.com/foaf/0.1/primaryTopic	http://en.wikipedia.org/wiki/Snakkerburen
http://www.w3.org/1999/02/22-rdf-syntax-ns#type	http://dbpedia.org/class/yago/YagoLegalActorGeo
