#---Properties and values from: http://dbpedia.org/resource/Pompeia,_São_Paulo
Property	Value
http://dbpedia.org/property/longew	"W"^^http://www.w3.org/1999/02/22-rdf-syntax-ns#langString
http://dbpedia.org/property/lats	"31"^^http://www.w3.org/2001/XMLSchema#integer
http://dbpedia.org/ontology/wikiPageExternalLink	http://www.pompeia.sp.gov.br
http://dbpedia.org/ontology/wikiPageRevisionID	"731318916"^^http://www.w3.org/2001/XMLSchema#integer
http://dbpedia.org/property/latm	"6"^^http://www.w3.org/2001/XMLSchema#integer
http://dbpedia.org/property/latns	"S"^^http://www.w3.org/1999/02/22-rdf-syntax-ns#langString
http://dbpedia.org/property/imageMap	"SaoPaulo Municip Pompeia.svg"^^http://www.w3.org/1999/02/22-rdf-syntax-ns#langString
http://xmlns.com/foaf/0.1/isPrimaryTopicOf	http://en.wikipedia.org/wiki/Pompeia,_São_Paulo
http://dbpedia.org/property/longm	"10"^^http://www.w3.org/2001/XMLSchema#integer
http://dbpedia.org/property/populationTotal	"21375"^^http://www.w3.org/2001/XMLSchema#integer
http://dbpedia.org/property/longs	"18"^^http://www.w3.org/2001/XMLSchema#integer
http://dbpedia.org/property/populationAsOf	"2015"^^http://www.w3.org/2001/XMLSchema#integer
http://purl.org/dc/terms/subject	http://dbpedia.org/resource/Category:Pompeia,_São_Paulo
http://dbpedia.org/property/elevation	"597"^^http://www.w3.org/2001/XMLSchema#integer
http://dbpedia.org/property/state	"SP"^^http://www.w3.org/1999/02/22-rdf-syntax-ns#langString
http://www.w3.org/2000/01/rdf-schema#comment	"Помпея (порт. Pompéia) — муниципалитет в Бразилии, входит в штат Сан-Паулу. Составная часть мезорегиона Марилия. Входит в экономико-статистический микрорегион Марилия. Население составляет 18 862 человека на 2006 год. Занимает площадь 786,406 км². Плотность населения — 24,0 чел./км²."@ru
http://dbpedia.org/property/longd	"50"^^http://www.w3.org/2001/XMLSchema#integer
http://xmlns.com/foaf/0.1/primaryTopic	http://en.wikipedia.org/wiki/Pompeia,_São_Paulo
http://dbpedia.org/ontology/wikiPageRedirects	http://dbpedia.org/resource/Pompeia,_Sao_Paulo
http://www.w3.org/2002/07/owl#sameAs	http://wikidata.dbpedia.org/resource/Q1759694
http://dbpedia.org/property/leaderParty	http://dbpedia.org/resource/Progressive_Party_(Brazil)
http://dbpedia.org/ontology/thumbnail	http://commons.wikimedia.org/wiki/Special:FilePath/SaoPaulo_Municip_Pompeia.svg?width=300
http://dbpedia.org/ontology/wikiPageID	"1130591"^^http://www.w3.org/2001/XMLSchema#integer
http://dbpedia.org/property/areaTotal	"784"^^http://www.w3.org/2001/XMLSchema#integer
http://dbpedia.org/ontology/birthPlace	http://dbpedia.org/resource/Juniti_Saito
http://www.w3.org/ns/prov#wasDerivedFrom	http://en.wikipedia.org/wiki/Pompeia,_São_Paulo?oldid=731318916
http://dbpedia.org/property/leaderName	"Oscar Yasuda"^^http://www.w3.org/1999/02/22-rdf-syntax-ns#langString
http://dbpedia.org/property/name	"Pompeia"^^http://www.w3.org/1999/02/22-rdf-syntax-ns#langString
http://xmlns.com/foaf/0.1/depiction	http://commons.wikimedia.org/wiki/Special:FilePath/SaoPaulo_Municip_Pompeia.svg
http://purl.org/linguistics/gold/hypernym	http://dbpedia.org/resource/Municipality
http://dbpedia.org/property/latd	"22"^^http://www.w3.org/2001/XMLSchema#integer
http://dbpedia.org/ontology/abstract	"Pompéia es un municipio brasilero del estado de São Paulo. Se localiza a una latitud 22º06'31\" sur y a una longitud 50º10'18\" oeste, estando a una altitud de 597 metros. Su población estimada en 2004 era de 18.651 habitantes."@es
http://www.w3.org/2000/01/rdf-schema#label	"Pompeia (São Paulo)"@pt
http://www.w3.org/1999/02/22-rdf-syntax-ns#type	http://dbpedia.org/class/yago/Object100002684
