#---Properties and values from: http://dbpedia.org/resource/Ribeirão_Branco
Property	Value
http://dbpedia.org/property/lats	"15"^^http://www.w3.org/2001/XMLSchema#integer
http://dbpedia.org/ontology/wikiPageRevisionID	"720305816"^^http://www.w3.org/2001/XMLSchema#integer
http://dbpedia.org/property/latm	"13"^^http://www.w3.org/2001/XMLSchema#integer
http://dbpedia.org/property/latns	"S"^^http://www.w3.org/1999/02/22-rdf-syntax-ns#langString
http://dbpedia.org/property/imageMap	"SaoPaulo Municip RibeiraoBranco.svg"^^http://www.w3.org/1999/02/22-rdf-syntax-ns#langString
http://xmlns.com/foaf/0.1/isPrimaryTopicOf	http://en.wikipedia.org/wiki/Ribeirão_Branco
http://dbpedia.org/property/longm	"45"^^http://www.w3.org/2001/XMLSchema#integer
http://dbpedia.org/property/populationTotal	"17646"^^http://www.w3.org/2001/XMLSchema#integer
http://dbpedia.org/property/populationAsOf	"2015"^^http://www.w3.org/2001/XMLSchema#integer
http://dbpedia.org/property/longs	"56"^^http://www.w3.org/2001/XMLSchema#integer
http://dbpedia.org/ontology/wikiPageDisambiguates	http://dbpedia.org/resource/Ribeirão
http://purl.org/dc/terms/subject	http://dbpedia.org/resource/Category:Municipalities_in_São_Paulo_(state)
http://dbpedia.org/property/state	"SP"^^http://www.w3.org/1999/02/22-rdf-syntax-ns#langString
http://www.w3.org/2000/01/rdf-schema#comment	"Рибейран-Бранку (порт. Ribeirão Branco) — муниципалитет в Бразилии, входит в штат Сан-Паулу. Составная часть мезорегиона Итапетининга. Входит в экономико-статистический микрорегион Капан-Бониту. Население составляет 22 674 человека на 2006 год. Занимает площадь 697,813 км². Плотность населения - 32,5 чел./км²."@ru
http://dbpedia.org/property/longd	"48"^^http://www.w3.org/2001/XMLSchema#integer
http://xmlns.com/foaf/0.1/primaryTopic	http://en.wikipedia.org/wiki/Ribeirão_Branco
http://www.w3.org/2002/07/owl#sameAs	http://pl.dbpedia.org/resource/Ribeirão_Branco
http://dbpedia.org/ontology/wikiPageRedirects	http://dbpedia.org/resource/Ribeirao_Branco
http://dbpedia.org/ontology/thumbnail	http://commons.wikimedia.org/wiki/Special:FilePath/SaoPaulo_Municip_RibeiraoBranco.svg?width=300
http://dbpedia.org/property/areaTotal	"697.5"^^http://www.w3.org/2001/XMLSchema#decimal
http://dbpedia.org/ontology/wikiPageID	"6493729"^^http://www.w3.org/2001/XMLSchema#integer
http://www.w3.org/ns/prov#wasDerivedFrom	http://en.wikipedia.org/wiki/Ribeirão_Branco?oldid=720305816
http://xmlns.com/foaf/0.1/depiction	http://commons.wikimedia.org/wiki/Special:FilePath/SaoPaulo_Municip_RibeiraoBranco.svg
http://purl.org/linguistics/gold/hypernym	http://dbpedia.org/resource/Municipality
http://dbpedia.org/property/latd	"24"^^http://www.w3.org/2001/XMLSchema#integer
http://dbpedia.org/ontology/abstract	"Ribeirão Branco est une municipalité brésilienne de l'État de São Paulo et la Microrégion de Capão Bonito. 
* Portail de l'État de São Paulo Portail de l'État de São Paulo"@fr
http://www.w3.org/2000/01/rdf-schema#label	"Ribeirão Branco"@fr
http://www.w3.org/1999/02/22-rdf-syntax-ns#type	http://dbpedia.org/class/yago/Location100027167
