#---Properties and values from: http://dbpedia.org/resource/Pombal,_Portugal
Property	Value
http://dbpedia.org/property/longew	"W"^^http://www.w3.org/1999/02/22-rdf-syntax-ns#langString
http://dbpedia.org/ontology/wikiPageExternalLink	http://www.flickr.com/photos/vitor107/sets/1419706/
http://dbpedia.org/property/officialName	"Pombal"^^http://www.w3.org/1999/02/22-rdf-syntax-ns#langString
http://dbpedia.org/ontology/wikiPageRevisionID	"701647783"^^http://www.w3.org/2001/XMLSchema#integer
http://dbpedia.org/property/blank1NameSec	"Municipal holiday"^^http://www.w3.org/1999/02/22-rdf-syntax-ns#langString
http://dbpedia.org/property/latm	"55"^^http://www.w3.org/2001/XMLSchema#integer
http://dbpedia.org/property/latns	"N"^^http://www.w3.org/1999/02/22-rdf-syntax-ns#langString
http://dbpedia.org/ontology/deathPlace	http://dbpedia.org/resource/João_de_Barros
http://dbpedia.org/property/website	http://www.cm-pombal.pt/
http://dbpedia.org/property/imageMap	"LocalPombal.svg"^^http://www.w3.org/1999/02/22-rdf-syntax-ns#langString
http://xmlns.com/foaf/0.1/isPrimaryTopicOf	http://en.wikipedia.org/wiki/Pombal,_Portugal
http://dbpedia.org/property/municipality	http://dbpedia.org/resource/Guia,_Ilha_e_Mata_Mourisca
http://dbpedia.org/property/longm	"37"^^http://www.w3.org/2001/XMLSchema#integer
http://dbpedia.org/property/populationTotal	"55217"^^http://www.w3.org/2001/XMLSchema#integer
http://dbpedia.org/property/populationAsOf	"2011"^^http://www.w3.org/2001/XMLSchema#integer
http://purl.org/dc/terms/subject	http://dbpedia.org/resource/Category:Municipalities_of_Portugal
http://dbpedia.org/property/parishes	"[[#Parishes"^^http://www.w3.org/1999/02/22-rdf-syntax-ns#langString
http://dbpedia.org/property/stadium	http://dbpedia.org/resource/2001–02_Taça_de_Portugal
http://www.w3.org/2000/01/rdf-schema#comment	"蓬巴爾是葡萄牙的城鎮，位於該國中部，由萊里亞區負責管轄，始建於1174年，面積626平方公里，2011年人口55,217，該城鎮人口密度每平方公里88.21人。"@zh
http://dbpedia.org/property/cim	http://dbpedia.org/resource/Região_de_Leiria
http://dbpedia.org/property/imageShield	"PBL1.png"^^http://www.w3.org/1999/02/22-rdf-syntax-ns#langString
http://dbpedia.org/ontology/place	http://dbpedia.org/resource/Battle_of_Pombal
http://dbpedia.org/property/longd	"8"^^http://www.w3.org/2001/XMLSchema#integer
http://xmlns.com/foaf/0.1/primaryTopic	http://en.wikipedia.org/wiki/Pombal,_Portugal
http://www.w3.org/2002/07/owl#sameAs	http://yago-knowledge.org/resource/Pombal_Municipality
http://dbpedia.org/property/leaderParty	http://dbpedia.org/resource/Social_Democratic_Party_(Portugal)
http://dbpedia.org/property/blank1InfoSec	"--11-11"^^http://www.w3.org/2001/XMLSchema#gMonthDay
http://dbpedia.org/ontology/thumbnail	http://commons.wikimedia.org/wiki/Special:FilePath/Pt-pbl3.png?width=300
http://dbpedia.org/ontology/wikiPageID	"1523988"^^http://www.w3.org/2001/XMLSchema#integer
http://www.w3.org/ns/prov#wasDerivedFrom	http://en.wikipedia.org/wiki/Pombal,_Portugal?oldid=701647783
http://dbpedia.org/ontology/birthPlace	http://dbpedia.org/resource/Pedro_Roma
http://dbpedia.org/property/leaderName	http://dbpedia.org/resource/Luís_Diogo_de_Paiva_Morão_Alves_Mateus
http://dbpedia.org/property/areaTotalKm	"626"^^http://www.w3.org/2001/XMLSchema#integer
http://dbpedia.org/property/district	http://dbpedia.org/resource/Leiria_District
http://xmlns.com/foaf/0.1/depiction	http://commons.wikimedia.org/wiki/Special:FilePath/Pt-pbl3.png
http://purl.org/linguistics/gold/hypernym	http://dbpedia.org/resource/City
http://dbpedia.org/property/latd	"39"^^http://www.w3.org/2001/XMLSchema#integer
http://dbpedia.org/property/subregion	http://dbpedia.org/resource/Pinhal_Litoral
http://dbpedia.org/ontology/abstract	"25بك هذه المقالة تحتاج للمزيد من الوصلات للمقالات الأخرى للمساعدة في ترابط مقالات الموسوعة. فضلًا ساعد في تحسين هذه المقالة بإضافة وصلات إلى المقالات المتعلقة بها الموجودة في النص الحالي. (يوليو 2016) بومبال هي مدينة من مدن البرتغال. يبلغ عدد سكانها 55,217 نسمة وذلك حسب إحصائيات سنة 2011. تبلغ مساحتها 626.00 كم²."@ar
http://dbpedia.org/property/imageFlag	"Pt-pbl3.png"^^http://www.w3.org/1999/02/22-rdf-syntax-ns#langString
http://www.w3.org/2000/01/rdf-schema#label	"蓬巴爾 (葡萄牙)"@zh
http://dbpedia.org/ontology/ground	http://dbpedia.org/resource/Instituto_D._João_V
http://xmlns.com/foaf/0.1/homepage	http://www.cm-pombal.pt/
http://www.w3.org/1999/02/22-rdf-syntax-ns#type	http://dbpedia.org/class/yago/Region108630985
http://dbpedia.org/property/region	http://dbpedia.org/resource/Centro_Region,_Portugal
