#---Properties and values from: http://dbpedia.org/resource/De_Aar
Property	Value
http://xmlns.com/foaf/0.1/name	"De Aar"@en
http://dbpedia.org/property/lats	"0"^^http://www.w3.org/2001/XMLSchema#integer
http://dbpedia.org/ontology/wikiPageExternalLink	http://www.citypopulation.de/SouthAfrica-UA.html#Stadt_alpha
http://dbpedia.org/property/latm	"39"^^http://www.w3.org/2001/XMLSchema#integer
http://dbpedia.org/property/areaCode	"53"^^http://www.w3.org/2001/XMLSchema#integer
http://dbpedia.org/property/imageSkyline	"St. Pauls Church, De Aar.JPG"^^http://www.w3.org/1999/02/22-rdf-syntax-ns#langString
http://www.w3.org/2003/01/geo/wgs84_pos#long	"24.016666412353515625"^^http://www.w3.org/2001/XMLSchema#float
http://dbpedia.org/property/west	http://dbpedia.org/resource/Britstown
http://purl.org/dc/terms/subject	http://dbpedia.org/resource/Category:Populated_places_established_in_1903
http://dbpedia.org/property/percentWhite	"8.3"^^http://dbpedia.org/datatype/perCent
http://dbpedia.org/ontology/elevation	"1286.0"^^http://www.w3.org/2001/XMLSchema#decimal
http://www.w3.org/ns/prov#wasDerivedFrom	http://en.wikipedia.org/wiki/De_Aar?oldid=704131299
http://dbpedia.org/property/areaTotalKm	"85.5"^^http://www.w3.org/2001/XMLSchema#decimal
http://dbpedia.org/property/district	"Pixley ka Seme"^^http://www.w3.org/1999/02/22-rdf-syntax-ns#langString
http://dbpedia.org/ontology/city	http://dbpedia.org/resource/R48_road
http://dbpedia.org/property/latd	"30"^^http://www.w3.org/2001/XMLSchema#integer
http://dbpedia.org/property/southeast	http://dbpedia.org/resource/Strydenburg
http://dbpedia.org/property/province	"Northern Cape"^^http://www.w3.org/1999/02/22-rdf-syntax-ns#langString
http://www.w3.org/1999/02/22-rdf-syntax-ns#type	http://dbpedia.org/class/yago/Region108630985
http://dbpedia.org/property/demographics2Info	"69.3"^^http://dbpedia.org/datatype/perCent
http://dbpedia.org/ontology/garrison	http://dbpedia.org/resource/De_Aar_Commando
http://dbpedia.org/ontology/wikiPageRevisionID	"704131299"^^http://www.w3.org/2001/XMLSchema#integer
http://dbpedia.org/ontology/routeStart	http://dbpedia.org/resource/R48_road
http://dbpedia.org/property/imageCaption	"St. Pauls Church, De Aar"^^http://www.w3.org/1999/02/22-rdf-syntax-ns#langString
http://dbpedia.org/property/north	http://dbpedia.org/resource/Hopetown,_Northern_Cape
http://dbpedia.org/property/seat	http://dbpedia.org/resource/Pixley_ka_Seme_District_Municipality
http://dbpedia.org/property/demographics2Title	http://dbpedia.org/resource/English_language
http://xmlns.com/foaf/0.1/isPrimaryTopicOf	http://en.wikipedia.org/wiki/De_Aar
http://dbpedia.org/property/municipality	"Emthanjeni"^^http://www.w3.org/1999/02/22-rdf-syntax-ns#langString
http://dbpedia.org/ontology/country	http://dbpedia.org/resource/South_Africa
http://dbpedia.org/property/longm	"1"^^http://www.w3.org/2001/XMLSchema#integer
http://dbpedia.org/property/populationTotal	"29990"^^http://www.w3.org/2001/XMLSchema#integer
http://dbpedia.org/property/longs	"0"^^http://www.w3.org/2001/XMLSchema#integer
http://dbpedia.org/property/populationAsOf	"2011"^^http://www.w3.org/2001/XMLSchema#integer
http://dbpedia.org/property/northwest	http://dbpedia.org/resource/Hanover,_Northern_Cape
http://dbpedia.org/property/stadium	http://dbpedia.org/resource/1992_Currie_Cup_Rural_A_&_B
http://www.w3.org/2000/01/rdf-schema#comment	"De Aar (artère en néerlandais) est une ville d'Afrique du Sud, située dans la province du Cap-Nord. Elle est gérée par la municipalité locale de Emthanjeni au sein du district municipal de Pixley ka Seme. Située sur la ligne de chemin de fer entre Kimberley et Le Cap, De Aar est le deuxième plus important nœud ferroviaire du pays. Sa situation fut particulièrement stratégique pour les Britanniques durant la Seconde Guerre des Boers."@fr
http://dbpedia.org/property/percentOther	"0.6"^^http://dbpedia.org/datatype/perCent
http://dbpedia.org/property/leaderTitle	"Councillor"^^http://www.w3.org/1999/02/22-rdf-syntax-ns#langString
http://dbpedia.org/property/south	http://dbpedia.org/resource/Hopetown
http://dbpedia.org/property/percentAsian	"0.6"^^http://dbpedia.org/datatype/perCent
http://dbpedia.org/property/longd	"24"^^http://www.w3.org/2001/XMLSchema#integer
http://xmlns.com/foaf/0.1/primaryTopic	http://en.wikipedia.org/wiki/De_Aar
http://dbpedia.org/property/east	http://dbpedia.org/resource/Britstown
http://dbpedia.org/ontology/wikiPageRedirects	http://dbpedia.org/resource/Nonzwakazi
http://www.w3.org/2002/07/owl#sameAs	http://dbpedia.org/resource/De_Aar
http://www.w3.org/2003/01/geo/wgs84_pos#lat	"30.649999618530273438"^^http://www.w3.org/2001/XMLSchema#float
http://www.georss.org/georss/point	"30.65 24.016666666666666"
http://dbpedia.org/ontology/thumbnail	http://commons.wikimedia.org/wiki/Special:FilePath/St._Pauls_Church,_De_Aar.JPG?width=300
http://dbpedia.org/ontology/wikiPageID	"3580302"^^http://www.w3.org/2001/XMLSchema#integer
http://dbpedia.org/ontology/location	http://dbpedia.org/resource/De_Aar_Solar_Power
http://dbpedia.org/ontology/birthPlace	http://dbpedia.org/resource/PJ_Vermeulen
http://dbpedia.org/property/percentBlack	"33.2"^^http://dbpedia.org/datatype/perCent
http://dbpedia.org/property/northeast	http://dbpedia.org/resource/Deelfontein
http://dbpedia.org/property/centre	"De Aar"^^http://www.w3.org/1999/02/22-rdf-syntax-ns#langString
http://xmlns.com/foaf/0.1/depiction	http://commons.wikimedia.org/wiki/Special:FilePath/St._Pauls_Church,_De_Aar.JPG
http://purl.org/linguistics/gold/hypernym	http://dbpedia.org/resource/Town
http://dbpedia.org/property/establishedDate	"1903"^^http://www.w3.org/2001/XMLSchema#integer
http://dbpedia.org/property/percentColoured	"57.3"^^http://dbpedia.org/datatype/perCent
http://dbpedia.org/ontology/abstract	"De Aar (deutsch ‚Die Ader‘, nach einer Wasserader) ist mit 23.760 Einwohnern (Stand: 2011) eine der größten Städte der Provinz Nordkap in Südafrika. Die Stadt ist einer der wichtigsten Eisenbahnknotenpunkte Südafrikas. Hier kreuzen sich die Bahnstrecke von Kapstadt über Kimberley nach Johannesburg und Pretoria und die Strecke von Windhoek über Upington nach Port Elizabeth und East London. Ferner führt die Nationalstraße N10 vorbei De Aar ist Sitz des römisch-katholischen Bistums De Aar. Die Diözese erstreckt sich nach Süden bis in die Gegend von Graaff-Reinet und im Norden bis Hopetown. Olive Schreiner, Autorin und Feministin, besaß ein Haus in De Aar und lebte dort zwischen 1907 und 1913. Das Haus wird mittlerweile als Restaurant genutzt."@de
http://dbpedia.org/property/southwest	http://dbpedia.org/resource/Petrusville
http://www.w3.org/2003/01/geo/wgs84_pos#geometry	"POINT(24.016666412354 30.64999961853)"^^http://www.openlinksw.com/schemas/virtrdf#Geometry
http://www.w3.org/2000/01/rdf-schema#label	"德阿爾"@zh
