#---Properties and values from: http://dbpedia.org/resource/Allanridge
Property	Value
http://xmlns.com/foaf/0.1/name	"Allanridge"@en
http://dbpedia.org/property/demographics2Info	"71.2"^^http://dbpedia.org/datatype/perCent
http://dbpedia.org/property/lats	"16"^^http://www.w3.org/2001/XMLSchema#integer
http://dbpedia.org/ontology/wikiPageRevisionID	"737509578"^^http://www.w3.org/2001/XMLSchema#integer
http://dbpedia.org/property/latm	"45"^^http://www.w3.org/2001/XMLSchema#integer
http://dbpedia.org/property/areaCode	"57"^^http://www.w3.org/2001/XMLSchema#integer
http://www.w3.org/2003/01/geo/wgs84_pos#long	"26.636667251586914062"^^http://www.w3.org/2001/XMLSchema#float
http://dbpedia.org/property/governmentType	"Municipality"^^http://www.w3.org/1999/02/22-rdf-syntax-ns#langString
http://dbpedia.org/property/demographics2Title	http://dbpedia.org/resource/Xhosa_language
http://xmlns.com/foaf/0.1/isPrimaryTopicOf	http://en.wikipedia.org/wiki/Allanridge
http://dbpedia.org/property/municipality	"Matjhabeng"^^http://www.w3.org/1999/02/22-rdf-syntax-ns#langString
http://dbpedia.org/ontology/country	http://dbpedia.org/resource/South_Africa
http://dbpedia.org/property/longm	"38"^^http://www.w3.org/2001/XMLSchema#integer
http://dbpedia.org/property/populationTotal	"19337"^^http://www.w3.org/2001/XMLSchema#integer
http://dbpedia.org/property/longs	"12"^^http://www.w3.org/2001/XMLSchema#integer
http://dbpedia.org/property/populationAsOf	"2011"^^http://www.w3.org/2001/XMLSchema#integer
http://purl.org/dc/terms/subject	http://dbpedia.org/resource/Category:Populated_places_established_in_1947
http://www.w3.org/2000/01/rdf-schema#comment	"Allanridge is een plaats in de Zuid-Afrikaanse provincie Vrijstaat.Allanridge telt ongeveer 2500 inwoners."@nl
http://dbpedia.org/property/percentOther	"0.1"^^http://dbpedia.org/datatype/perCent
http://dbpedia.org/property/leaderTitle	"Mayor"^^http://www.w3.org/1999/02/22-rdf-syntax-ns#langString
http://dbpedia.org/property/percentAsian	"0.2"^^http://dbpedia.org/datatype/perCent
http://dbpedia.org/property/longd	"26"^^http://www.w3.org/2001/XMLSchema#integer
http://xmlns.com/foaf/0.1/primaryTopic	http://en.wikipedia.org/wiki/Allanridge
http://www.w3.org/2002/07/owl#sameAs	http://sws.geonames.org/1023287/
http://dbpedia.org/ontology/wikiPageRedirects	http://dbpedia.org/resource/Nyakallong
http://dbpedia.org/property/leaderParty	http://dbpedia.org/resource/ANC
http://dbpedia.org/property/percentWhite	"5.3"^^http://dbpedia.org/datatype/perCent
http://www.w3.org/2003/01/geo/wgs84_pos#lat	"27.754444122314453125"^^http://www.w3.org/2001/XMLSchema#float
http://www.georss.org/georss/point	"27.754444444444445 26.636666666666667"
http://dbpedia.org/ontology/wikiPageID	"1417009"^^http://www.w3.org/2001/XMLSchema#integer
http://www.w3.org/ns/prov#wasDerivedFrom	http://en.wikipedia.org/wiki/Allanridge?oldid=737509578
http://dbpedia.org/property/percentBlack	"94.0"^^http://dbpedia.org/datatype/perCent
http://dbpedia.org/property/leaderName	"Sebenzile Ngangelizwe"^^http://www.w3.org/1999/02/22-rdf-syntax-ns#langString
http://dbpedia.org/property/areaTotalKm	"31.699999999999999289"^^http://www.w3.org/2001/XMLSchema#decimal
http://dbpedia.org/property/district	"Lejweleputswa"^^http://www.w3.org/1999/02/22-rdf-syntax-ns#langString
http://purl.org/linguistics/gold/hypernym	http://dbpedia.org/resource/Town
http://dbpedia.org/property/latd	"27"^^http://www.w3.org/2001/XMLSchema#integer
http://dbpedia.org/property/establishedDate	"1947"^^http://www.w3.org/2001/XMLSchema#integer
http://dbpedia.org/property/percentColoured	"0.3"^^http://dbpedia.org/datatype/perCent
http://dbpedia.org/ontology/abstract	"Allanridge - miasto, zamieszkane przez ok. 37 800 ludzi, w Republice Południowej Afryki, w prowincji Wolne Państwo. Mieszkańcy miasta utrzymują się głównie z wydobycia złota. Miasto jest położone w dystrykcie Lejweleputswa, zostało założone w 1947 roku, nazwane zaś imieniem Allana Robertsa, który zapoczątkował w tym rejonie wydobycie złota. W odległości 3 km położone jest osiedle Nyakallong, stworzone w czasie apartheidu dla czarnych pracowników kopalni."@pl
http://www.w3.org/2003/01/geo/wgs84_pos#geometry	"POINT(26.636667251587 27.754444122314)"^^http://www.openlinksw.com/schemas/virtrdf#Geometry
http://www.w3.org/2000/01/rdf-schema#label	"Allanridge"@nl
http://dbpedia.org/property/province	"Free State"^^http://www.w3.org/1999/02/22-rdf-syntax-ns#langString
http://www.w3.org/1999/02/22-rdf-syntax-ns#type	http://dbpedia.org/class/yago/WikicatTownshipsInTheFreeState(SouthAfricanProvince)
