#---Properties and values from: http://dbpedia.org/resource/Harkema
Property	Value
http://xmlns.com/foaf/0.1/name	"Harkema"@en
http://dbpedia.org/ontology/wikiPageExternalLink	http://www.mooiharkema.nl/
http://dbpedia.org/ontology/wikiPageRevisionID	"644104574"^^http://www.w3.org/2001/XMLSchema#integer
http://dbpedia.org/property/settlementType	"Village"^^http://www.w3.org/1999/02/22-rdf-syntax-ns#langString
http://dbpedia.org/property/imageMap	"Map NL Achtkarspelen De Harkema.png"^^http://www.w3.org/1999/02/22-rdf-syntax-ns#langString
http://xmlns.com/foaf/0.1/isPrimaryTopicOf	http://en.wikipedia.org/wiki/Harkema
http://dbpedia.org/property/subdivisionType	"Province"^^http://www.w3.org/1999/02/22-rdf-syntax-ns#langString
http://dbpedia.org/property/location	http://dbpedia.org/resource/2009–10_Feyenoord_season
http://dbpedia.org/ontology/country	http://dbpedia.org/resource/Netherlands
http://dbpedia.org/property/populationTotal	"c. 4200"^^http://www.w3.org/1999/02/22-rdf-syntax-ns#langString
http://purl.org/dc/terms/subject	http://dbpedia.org/resource/Category:Achtkarspelen
http://dbpedia.org/ontology/isPartOf	http://dbpedia.org/resource/Friesland
http://www.w3.org/2000/01/rdf-schema#comment	"Harkema (también llamado: De Harkema) es un pueblo formado por 4203 habitantes (enero de 2012) en el municipio de Achtkarspelen en el este de Frisia en el Países Bajos. Después de Buitenpost y Surhuisterveen es el tercero pueblo más grande del municipio."@es
http://xmlns.com/foaf/0.1/primaryTopic	http://en.wikipedia.org/wiki/Harkema
http://www.w3.org/2002/07/owl#sameAs	http://www.wikidata.org/entity/Q1025092
http://dbpedia.org/ontology/thumbnail	http://commons.wikimedia.org/wiki/Special:FilePath/Map_NL_Achtkarspelen_De_Harkema.png?width=300
http://dbpedia.org/ontology/wikiPageID	"6926046"^^http://www.w3.org/2001/XMLSchema#integer
http://dbpedia.org/ontology/birthPlace	http://dbpedia.org/resource/Pieter_Weening
http://www.w3.org/ns/prov#wasDerivedFrom	http://en.wikipedia.org/wiki/Harkema?oldid=644104574
http://xmlns.com/foaf/0.1/depiction	http://commons.wikimedia.org/wiki/Special:FilePath/Map_NL_Achtkarspelen_De_Harkema.png
http://purl.org/linguistics/gold/hypernym	http://dbpedia.org/resource/Village
http://dbpedia.org/ontology/abstract	"Harkema (West Frisian: De Harkema) is a village in the municipality of Achtkarspelen, Friesland province, the Netherlands. Harkema is in the eastern part of Friesland, 9 km north of Drachten. As of 18 December 2008, the village had a population of 4,228. Harkema is home to the amateur football club, the Harkemase Boys. Cyclist Pieter Weening, who was the first Frisian to win a stage in the Tour de France, is from Harkema."@en
http://www.w3.org/2000/01/rdf-schema#label	"Harkema"@nl
http://dbpedia.org/property/mapsize	"280"^^http://www.w3.org/2001/XMLSchema#integer
http://dbpedia.org/ontology/ground	http://dbpedia.org/resource/Harkemase_Boys
http://www.w3.org/1999/02/22-rdf-syntax-ns#type	http://dbpedia.org/ontology/Location
