#---Properties and values from: http://dbpedia.org/resource/Guildwood
Property	Value
http://dbpedia.org/property/longew	"W"^^http://www.w3.org/1999/02/22-rdf-syntax-ns#langString
http://xmlns.com/foaf/0.1/name	"Guildwood"@en
http://dbpedia.org/property/lats	"51"^^http://www.w3.org/2001/XMLSchema#integer
http://dbpedia.org/ontology/wikiPageExternalLink	http://www.guildwood.on.ca/
http://dbpedia.org/property/latm	"44"^^http://www.w3.org/2001/XMLSchema#integer
http://dbpedia.org/property/latns	"N"^^http://www.w3.org/1999/02/22-rdf-syntax-ns#langString
http://dbpedia.org/property/imageSkyline	"Guildwood Parkway at Navarre.jpg"^^http://www.w3.org/1999/02/22-rdf-syntax-ns#langString
http://www.w3.org/2003/01/geo/wgs84_pos#long	"-79.1994476318359375"^^http://www.w3.org/2001/XMLSchema#float
http://dbpedia.org/property/subdivisionType	"Province"^^http://www.w3.org/1999/02/22-rdf-syntax-ns#langString
http://dbpedia.org/property/west	http://dbpedia.org/resource/Scarborough_Village
http://purl.org/dc/terms/subject	http://dbpedia.org/resource/Category:Neighbourhoods_in_Toronto
http://dbpedia.org/ontology/isPartOf	http://dbpedia.org/resource/Toronto
http://dbpedia.org/ontology/leaderName	http://dbpedia.org/resource/John_McKay_(politician)
http://www.w3.org/ns/prov#wasDerivedFrom	http://en.wikipedia.org/wiki/Guildwood?oldid=744818244
http://dbpedia.org/property/latd	"43"^^http://www.w3.org/2001/XMLSchema#integer
http://dbpedia.org/property/establishedTitle	"Changed Municipality"^^http://www.w3.org/1999/02/22-rdf-syntax-ns#langString
http://dbpedia.org/property/mapsize	"250"^^http://www.w3.org/2001/XMLSchema#integer
http://www.w3.org/1999/02/22-rdf-syntax-ns#type	http://dbpedia.org/class/yago/AdministrativeDistrict108491826
http://dbpedia.org/ontology/wikiPageRevisionID	"744818244"^^http://www.w3.org/2001/XMLSchema#integer
http://dbpedia.org/property/mapCaption	"Location of Guildwood within Toronto"^^http://www.w3.org/1999/02/22-rdf-syntax-ns#langString
http://dbpedia.org/property/settlementType	"Neighbourhood"^^http://www.w3.org/1999/02/22-rdf-syntax-ns#langString
http://dbpedia.org/property/coordinatesRegion	"CA-ON"^^http://www.w3.org/1999/02/22-rdf-syntax-ns#langString
http://dbpedia.org/property/north	http://dbpedia.org/resource/Woburn,_Toronto
http://dbpedia.org/property/imageMap	"Guildwood map.PNG"^^http://www.w3.org/1999/02/22-rdf-syntax-ns#langString
http://dbpedia.org/property/imageCaption	"Guildwood Parkway"^^http://www.w3.org/1999/02/22-rdf-syntax-ns#langString
http://xmlns.com/foaf/0.1/isPrimaryTopicOf	http://en.wikipedia.org/wiki/Guildwood
http://dbpedia.org/property/longm	"11"^^http://www.w3.org/2001/XMLSchema#integer
http://dbpedia.org/ontology/country	http://dbpedia.org/resource/Canada
http://dbpedia.org/property/populationTotal	"Population is 5,267 residents in 2006 and 5,912 residents  in 2011. Population growth 12% between 2006-2011.

Statistics Canada,2006; Statistics Canada 2011"^^http://www.w3.org/1999/02/22-rdf-syntax-ns#langString
http://dbpedia.org/property/longs	"58"^^http://www.w3.org/2001/XMLSchema#integer
http://www.w3.org/2000/01/rdf-schema#comment	"Guildwood, also known as Guildwood Village, is a residential neighbourhood in Scarborough, Toronto, Ontario, Canada. It is located along the Scarborough Bluffs, south of Kingston Road, from Grey Abbey Trail in the east (though in the past, Morningside Avenue was the eastern boundary) to the end of Sylvan Avenue in the west."@en
http://dbpedia.org/property/south	http://dbpedia.org/resource/Woburn,_Toronto
http://dbpedia.org/property/longd	"79"^^http://www.w3.org/2001/XMLSchema#integer
http://xmlns.com/foaf/0.1/primaryTopic	http://en.wikipedia.org/wiki/Guildwood
http://dbpedia.org/ontology/leaderTitle	"Councillor"@en
http://dbpedia.org/property/east	http://dbpedia.org/resource/Scarborough_Village
http://www.w3.org/2002/07/owl#sameAs	http://wikidata.dbpedia.org/resource/Q5615890
http://dbpedia.org/ontology/wikiPageRedirects	http://dbpedia.org/resource/Guildwood_Parkway
http://www.w3.org/2003/01/geo/wgs84_pos#lat	"43.74944305419921875"^^http://www.w3.org/2001/XMLSchema#float
http://www.georss.org/georss/point	"43.74944444444444 -79.20555555555555"
http://dbpedia.org/ontology/thumbnail	http://commons.wikimedia.org/wiki/Special:FilePath/Guildwood_Parkway_at_Navarre.jpg?width=300
http://dbpedia.org/ontology/wikiPageID	"1137366"^^http://www.w3.org/2001/XMLSchema#integer
http://xmlns.com/foaf/0.1/depiction	http://commons.wikimedia.org/wiki/Special:FilePath/Guildwood_Parkway_at_Navarre.jpg
http://purl.org/linguistics/gold/hypernym	http://dbpedia.org/resource/Neighbourhood
http://dbpedia.org/property/center	"Guildwood"^^http://www.w3.org/1999/02/22-rdf-syntax-ns#langString
http://dbpedia.org/property/establishedDate	"1998"^^http://www.w3.org/2001/XMLSchema#integer
http://dbpedia.org/ontology/abstract	"Guildwood, also known as Guildwood Village, is a residential neighbourhood in Scarborough, Toronto, Ontario, Canada. It is located along the Scarborough Bluffs, south of Kingston Road, from Grey Abbey Trail in the east (though in the past, Morningside Avenue was the eastern boundary) to the end of Sylvan Avenue in the west."@en
http://www.w3.org/2003/01/geo/wgs84_pos#geometry	"POINT(-79.199447631836 43.747501373291)"^^http://www.openlinksw.com/schemas/virtrdf#Geometry
http://www.w3.org/2000/01/rdf-schema#label	"Guildwood"@en
