#---Properties and values from: http://dbpedia.org/resource/Guisande_e_Oliveira_(São_Pedro)
Property	Value
http://dbpedia.org/ontology/wikiPageRedirects	http://dbpedia.org/resource/Guisande_e_Oliveira_(Sao_Pedro)
http://www.w3.org/2002/07/owl#sameAs	http://rdf.freebase.com/ns/m.043q8w_
http://dbpedia.org/property/officialName	"Guisande e Oliveira"^^http://www.w3.org/1999/02/22-rdf-syntax-ns#langString
http://dbpedia.org/ontology/thumbnail	http://commons.wikimedia.org/wiki/Special:FilePath/Igreja_Guisande.jpg?width=300
http://dbpedia.org/ontology/wikiPageRevisionID	"701645770"^^http://www.w3.org/2001/XMLSchema#integer
http://dbpedia.org/property/areaTotal	"4.7099999999999999645"^^http://www.w3.org/2001/XMLSchema#decimal
http://dbpedia.org/ontology/wikiPageID	"17184937"^^http://www.w3.org/2001/XMLSchema#integer
http://www.w3.org/ns/prov#wasDerivedFrom	http://en.wikipedia.org/wiki/Guisande_e_Oliveira_(São_Pedro)?oldid=701645770
http://xmlns.com/foaf/0.1/isPrimaryTopicOf	http://en.wikipedia.org/wiki/Guisande_e_Oliveira_(São_Pedro)
http://dbpedia.org/property/municipality	http://dbpedia.org/resource/Braga_Municipality
http://xmlns.com/foaf/0.1/depiction	http://commons.wikimedia.org/wiki/Special:FilePath/Igreja_Guisande.jpg
http://purl.org/linguistics/gold/hypernym	http://dbpedia.org/resource/Parish
http://dbpedia.org/property/latd	"41.482999999999996987"^^http://www.w3.org/2001/XMLSchema#decimal
http://dbpedia.org/ontology/country	http://dbpedia.org/resource/Portugal
http://dbpedia.org/property/populationTotal	"1053"^^http://www.w3.org/2001/XMLSchema#integer
http://dbpedia.org/property/populationAsOf	"2011"^^http://www.w3.org/2001/XMLSchema#integer
http://purl.org/dc/terms/subject	http://dbpedia.org/resource/Category:Parishes_of_Braga
http://dbpedia.org/ontology/abstract	"Guisande is een plaats (freguesia) in de Portugese gemeente Braga en telt 453 inwoners (2001)."@nl
http://www.w3.org/2000/01/rdf-schema#comment	"Guisande ist ein Ort und eine ehemalige Gemeinde (Freguesia) im Norden Portugals. Guisande gehört zum Kreis Braga im gleichnamigen Distrikt Braga. Die Gemeinde hatte eine Fläche von 2,5 km² und 538 Einwohner (Stand 30. Juni 2011). Der Ort ist nur gering urbanisiert. Am 29. September 2013 wurden die Gemeinden Guisande und Oliveira (São Pedro) zur neuen Gemeinde União das Freguesias de Guisande e Oliveira (São Pedro) zusammengeschlossen. Guisande ist Sitz dieser neu gebildeten Gemeinde."@de
http://www.w3.org/2000/01/rdf-schema#label	"Гизанде (Брага)"@ru
http://dbpedia.org/property/longd	"-8.44599999999999973"^^http://www.w3.org/2001/XMLSchema#decimal
http://xmlns.com/foaf/0.1/primaryTopic	http://en.wikipedia.org/wiki/Guisande_e_Oliveira_(São_Pedro)
http://www.w3.org/1999/02/22-rdf-syntax-ns#type	http://dbpedia.org/class/yago/Parish108223688
