#---Properties and values from: http://dbpedia.org/resource/Mirante
Property	Value
http://dbpedia.org/property/lats	"31"^^http://www.w3.org/2001/XMLSchema#integer
http://dbpedia.org/ontology/wikiPageRevisionID	"720104537"^^http://www.w3.org/2001/XMLSchema#integer
http://dbpedia.org/property/latm	"14"^^http://www.w3.org/2001/XMLSchema#integer
http://dbpedia.org/property/latns	"S"^^http://www.w3.org/1999/02/22-rdf-syntax-ns#langString
http://dbpedia.org/property/imageMap	"Bahia Municip Mirante.svg"^^http://www.w3.org/1999/02/22-rdf-syntax-ns#langString
http://xmlns.com/foaf/0.1/isPrimaryTopicOf	http://en.wikipedia.org/wiki/Mirante
http://dbpedia.org/property/longm	"46"^^http://www.w3.org/2001/XMLSchema#integer
http://dbpedia.org/property/populationTotal	"9902"^^http://www.w3.org/2001/XMLSchema#integer
http://dbpedia.org/property/populationAsOf	"2015"^^http://www.w3.org/2001/XMLSchema#integer
http://dbpedia.org/property/longs	"22"^^http://www.w3.org/2001/XMLSchema#integer
http://purl.org/dc/terms/subject	http://dbpedia.org/resource/Category:Municipalities_in_Bahia
http://dbpedia.org/property/state	"BA"^^http://www.w3.org/1999/02/22-rdf-syntax-ns#langString
http://www.w3.org/2000/01/rdf-schema#comment	"Mirante is a municipality in the state of Bahia in Brazil. The population is 9,902 (2015 est.) in an area of 1173 km²."@en
http://dbpedia.org/property/longd	"40"^^http://www.w3.org/2001/XMLSchema#integer
http://xmlns.com/foaf/0.1/primaryTopic	http://en.wikipedia.org/wiki/Mirante
http://www.w3.org/2002/07/owl#sameAs	http://nl.dbpedia.org/resource/Mirante_(Bahia)
http://dbpedia.org/ontology/thumbnail	http://commons.wikimedia.org/wiki/Special:FilePath/Bahia_Municip_Mirante.svg?width=300
http://dbpedia.org/property/areaTotal	"1173"^^http://www.w3.org/2001/XMLSchema#integer
http://dbpedia.org/ontology/wikiPageID	"1058059"^^http://www.w3.org/2001/XMLSchema#integer
http://www.w3.org/ns/prov#wasDerivedFrom	http://en.wikipedia.org/wiki/Mirante?oldid=720104537
http://xmlns.com/foaf/0.1/depiction	http://commons.wikimedia.org/wiki/Special:FilePath/Bahia_Municip_Mirante.svg
http://purl.org/linguistics/gold/hypernym	http://dbpedia.org/resource/Municipality
http://dbpedia.org/property/latd	"14"^^http://www.w3.org/2001/XMLSchema#integer
http://dbpedia.org/ontology/abstract	"Mirante est une municipalité de l'État de Bahia au Brésil. Selon le recensement de 2010, la population est estimée à 10 512 habitants, pour une superficie de 927,826 km². Mirante appartient à la Microrégion de Vitória da Conquista dans la Mésorégion du Centre-Sud de Bahia."@fr
http://www.w3.org/2000/01/rdf-schema#label	"Mirante"@en
http://www.w3.org/1999/02/22-rdf-syntax-ns#type	http://dbpedia.org/class/yago/YagoLegalActorGeo
