#---Properties and values from: http://dbpedia.org/resource/Mbibana
Property	Value
http://xmlns.com/foaf/0.1/name	"Mbibana"@en
http://dbpedia.org/property/demographics2Info	"ZU%"^^http://www.w3.org/1999/02/22-rdf-syntax-ns#langString
http://dbpedia.org/ontology/wikiPageExternalLink	http://census.adrianfrith.com/place/81303
http://dbpedia.org/ontology/wikiPageRevisionID	"587415239"^^http://www.w3.org/2001/XMLSchema#integer
http://dbpedia.org/property/areaFootnotes	"ref | |name=census2001"^^http://www.w3.org/1999/02/22-rdf-syntax-ns#langString
http://www.w3.org/2003/01/geo/wgs84_pos#long	"28.895000457763671875"^^http://www.w3.org/2001/XMLSchema#float
http://dbpedia.org/property/demographics2Title	http://dbpedia.org/resource/Sotho_language
http://xmlns.com/foaf/0.1/isPrimaryTopicOf	http://en.wikipedia.org/wiki/Mbibana
http://dbpedia.org/property/municipality	"Dr JS Moroka"^^http://www.w3.org/1999/02/22-rdf-syntax-ns#langString
http://dbpedia.org/ontology/country	http://dbpedia.org/resource/South_Africa
http://dbpedia.org/property/populationTotal	"6098"^^http://www.w3.org/2001/XMLSchema#integer
http://dbpedia.org/property/populationAsOf	"2001"^^http://www.w3.org/2001/XMLSchema#integer
http://purl.org/dc/terms/subject	http://dbpedia.org/resource/Category:Populated_places_in_the_Dr_JS_Moroka_Local_Municipality
http://www.w3.org/2000/01/rdf-schema#comment	"Mbibana is a town in  Nkangala District Municipality in the Mpumalanga province of South Africa."@en
http://dbpedia.org/property/leaderTitle	"Councillor"^^http://www.w3.org/1999/02/22-rdf-syntax-ns#langString
http://dbpedia.org/property/longd	"28.894999999999999574"^^http://www.w3.org/2001/XMLSchema#decimal
http://xmlns.com/foaf/0.1/primaryTopic	http://en.wikipedia.org/wiki/Mbibana
http://www.w3.org/2002/07/owl#sameAs	http://www.wikidata.org/entity/Q6799686
http://dbpedia.org/property/percentWhite	"0.1"^^http://dbpedia.org/datatype/perCent
http://www.w3.org/2003/01/geo/wgs84_pos#lat	"25.173000335693359375"^^http://www.w3.org/2001/XMLSchema#float
http://www.georss.org/georss/point	"25.173 28.895"
http://dbpedia.org/ontology/wikiPageID	"35206343"^^http://www.w3.org/2001/XMLSchema#integer
http://www.w3.org/ns/prov#wasDerivedFrom	http://en.wikipedia.org/wiki/Mbibana?oldid=587415239
http://dbpedia.org/property/percentBlack	"99.6"^^http://dbpedia.org/datatype/perCent
http://dbpedia.org/property/areaTotalKm	"16.730000000000000426"^^http://www.w3.org/2001/XMLSchema#decimal
http://dbpedia.org/property/district	"Nkangala"^^http://www.w3.org/1999/02/22-rdf-syntax-ns#langString
http://purl.org/linguistics/gold/hypernym	http://dbpedia.org/resource/Town
http://dbpedia.org/property/latd	"25.172999999999998266"^^http://www.w3.org/2001/XMLSchema#decimal
http://dbpedia.org/property/percentColoured	"0.2"^^http://dbpedia.org/datatype/perCent
http://dbpedia.org/ontology/abstract	"Mbibana is a town in  Nkangala District Municipality in the Mpumalanga province of South Africa."@en
http://www.w3.org/2003/01/geo/wgs84_pos#geometry	"POINT(28.895000457764 25.173000335693)"^^http://www.openlinksw.com/schemas/virtrdf#Geometry
http://www.w3.org/2000/01/rdf-schema#label	"Mbibana"@en
http://dbpedia.org/property/province	"Mpumalanga"^^http://www.w3.org/1999/02/22-rdf-syntax-ns#langString
http://www.w3.org/1999/02/22-rdf-syntax-ns#type	http://www.w3.org/2002/07/owl#Thing
