#---Properties and values from: http://dbpedia.org/resource/Zevenhuizen,_Tytsjerksteradiel
Property	Value
http://xmlns.com/foaf/0.1/name	"Zevenhuizen"@en
http://dbpedia.org/ontology/wikiPageRevisionID	"547915140"^^http://www.w3.org/2001/XMLSchema#integer
http://www.w3.org/2003/01/geo/wgs84_pos#long	"5.9083333015441894531"^^http://www.w3.org/2001/XMLSchema#float
http://xmlns.com/foaf/0.1/isPrimaryTopicOf	http://en.wikipedia.org/wiki/Zevenhuizen,_Tytsjerksteradiel
http://dbpedia.org/property/subdivisionType	"Country"^^http://www.w3.org/1999/02/22-rdf-syntax-ns#langString
http://dbpedia.org/ontology/country	http://dbpedia.org/resource/Netherlands
http://dbpedia.org/property/populationTotal	"?"^^http://www.w3.org/1999/02/22-rdf-syntax-ns#langString
http://purl.org/dc/terms/subject	http://dbpedia.org/resource/Category:Tytsjerksteradiel
http://dbpedia.org/ontology/isPartOf	http://dbpedia.org/resource/Friesland
http://dbpedia.org/ontology/wikiPageDisambiguates	http://dbpedia.org/resource/Zevenhuizen
http://www.w3.org/2000/01/rdf-schema#comment	"Zevenhuizen is a hamlet in the north of the Netherlands. It is located in Tytsjerksteradiel, Friesland."@en
http://dbpedia.org/ontology/type	http://dbpedia.org/resource/Hamlet_(place)
http://xmlns.com/foaf/0.1/primaryTopic	http://en.wikipedia.org/wiki/Zevenhuizen,_Tytsjerksteradiel
http://www.w3.org/2002/07/owl#sameAs	http://yago-knowledge.org/resource/Zevenhuizen,_Tytsjerksteradiel
http://dbpedia.org/ontology/wikiPageRedirects	http://dbpedia.org/resource/Zevenhuizen_(Tytsjerksteradiel)
http://www.w3.org/2003/01/geo/wgs84_pos#lat	"53.258335113525390625"^^http://www.w3.org/2001/XMLSchema#float
http://www.georss.org/georss/point	"53.25833333333333 5.908333333333333"
http://dbpedia.org/ontology/wikiPageID	"19543337"^^http://www.w3.org/2001/XMLSchema#integer
http://www.w3.org/ns/prov#wasDerivedFrom	http://en.wikipedia.org/wiki/Zevenhuizen,_Tytsjerksteradiel?oldid=547915140
http://purl.org/linguistics/gold/hypernym	http://dbpedia.org/resource/Hamlet
http://dbpedia.org/ontology/abstract	"Zevenhuizen is a hamlet in the north of the Netherlands. It is located in Tytsjerksteradiel, Friesland."@en
http://www.w3.org/2003/01/geo/wgs84_pos#geometry	"POINT(5.9083333015442 53.258335113525)"^^http://www.openlinksw.com/schemas/virtrdf#Geometry
http://www.w3.org/2000/01/rdf-schema#label	"Zevenhuizen, Tytsjerksteradiel"@en
http://dbpedia.org/property/mapsize	"280"^^http://www.w3.org/2001/XMLSchema#integer
http://www.w3.org/1999/02/22-rdf-syntax-ns#type	http://dbpedia.org/class/yago/District108552138
