#---Properties and values from: http://dbpedia.org/resource/Santa_Marta_do_Bouro
Property	Value
http://dbpedia.org/property/officialName	"Santa Marta do Bouro"^^http://www.w3.org/1999/02/22-rdf-syntax-ns#langString
http://dbpedia.org/ontology/wikiPageRevisionID	"701649079"^^http://www.w3.org/2001/XMLSchema#integer
http://xmlns.com/foaf/0.1/isPrimaryTopicOf	http://en.wikipedia.org/wiki/Santa_Marta_do_Bouro
http://dbpedia.org/property/municipality	http://dbpedia.org/resource/Amares
http://dbpedia.org/ontology/country	http://dbpedia.org/resource/Portugal
http://dbpedia.org/property/populationTotal	"490"^^http://www.w3.org/2001/XMLSchema#integer
http://dbpedia.org/property/populationAsOf	"2011"^^http://www.w3.org/2001/XMLSchema#integer
http://purl.org/dc/terms/subject	http://dbpedia.org/resource/Category:Parishes_of_Amares
http://www.w3.org/2000/01/rdf-schema#comment	"Santa Marta do Bouro es una freguesia portuguesa del concelho de Amares, con 9,61 km² de superficie y 565 habitantes (2001). Su densidad de población es de 58,8 hab/km²."@es
http://dbpedia.org/property/cim	http://dbpedia.org/resource/Cávado_(intermunicipal_community)
http://dbpedia.org/property/longd	"-8.2894000000000005457"^^http://www.w3.org/2001/XMLSchema#decimal
http://xmlns.com/foaf/0.1/primaryTopic	http://en.wikipedia.org/wiki/Santa_Marta_do_Bouro
http://dbpedia.org/ontology/wikiPageRedirects	http://dbpedia.org/resource/Santa_Marta_do_Bouro_(Amares)
http://www.w3.org/2002/07/owl#sameAs	http://www.wikidata.org/entity/Q608902
http://dbpedia.org/property/areaTotal	"9.5"^^http://www.w3.org/2001/XMLSchema#decimal
http://dbpedia.org/ontology/wikiPageID	"24716020"^^http://www.w3.org/2001/XMLSchema#integer
http://www.w3.org/ns/prov#wasDerivedFrom	http://en.wikipedia.org/wiki/Santa_Marta_do_Bouro?oldid=701649079
http://dbpedia.org/property/district	http://dbpedia.org/resource/Braga_District
http://purl.org/linguistics/gold/hypernym	http://dbpedia.org/resource/Parish
http://dbpedia.org/property/latd	"41.663100000000000023"^^http://www.w3.org/2001/XMLSchema#decimal
http://dbpedia.org/property/subregion	http://dbpedia.org/resource/Cávado_Subregion
http://dbpedia.org/ontology/abstract	"Santa Marta do Bouro ist eine Gemeinde im Norden Portugals. Santa Marta do Bouro gehört zum Kreis Amares im Distrikt Braga, besitzt eine Fläche von 9,5 km² und hat 490 Einwohner (Stand 30. Juni 2011)."@de
http://www.w3.org/2000/01/rdf-schema#label	"Santa Marta do Bouro"@es
http://www.w3.org/1999/02/22-rdf-syntax-ns#type	http://schema.org/Place
http://dbpedia.org/property/region	http://dbpedia.org/resource/Norte_Region,_Portugal
