#---Properties and values from: http://dbpedia.org/resource/Abony
Property	Value
http://dbpedia.org/ontology/wikiPageExternalLink	https://web.archive.org/web/20090208024708/http:/www.szeporszag.hu:80/Abony.html
http://dbpedia.org/property/officialName	"Abony"^^http://www.w3.org/1999/02/22-rdf-syntax-ns#langString
http://dbpedia.org/ontology/wikiPageRevisionID	"742284711"^^http://www.w3.org/2001/XMLSchema#integer
http://dbpedia.org/property/areaCode	"53"^^http://www.w3.org/2001/XMLSchema#integer
http://dbpedia.org/property/imageSkyline	"35"^^http://www.w3.org/2001/XMLSchema#integer
http://dbpedia.org/property/website	"www.abony.hu"^^http://www.w3.org/1999/02/22-rdf-syntax-ns#langString
http://dbpedia.org/property/imageCaption	"Aerial view"^^http://www.w3.org/1999/02/22-rdf-syntax-ns#langString
http://dbpedia.org/property/county	"Pest"^^http://www.w3.org/1999/02/22-rdf-syntax-ns#langString
http://xmlns.com/foaf/0.1/isPrimaryTopicOf	http://en.wikipedia.org/wiki/Abony
http://dbpedia.org/ontology/headquarter	http://dbpedia.org/resource/Party_of_the_Hungarian_Interest
http://dbpedia.org/property/elevationMinM	"90"^^http://www.w3.org/2001/XMLSchema#integer
http://dbpedia.org/property/populationTotal	"15681"^^http://www.w3.org/2001/XMLSchema#integer
http://dbpedia.org/property/populationAsOf	"2008"^^http://www.w3.org/2001/XMLSchema#integer
http://dbpedia.org/property/kshCode	"27872"^^http://www.w3.org/2001/XMLSchema#integer
http://purl.org/dc/terms/subject	http://dbpedia.org/resource/Category:Populated_places_in_Pest_County
http://dbpedia.org/property/kshDate	"2008-01-01"^^http://www.w3.org/2001/XMLSchema#date
http://www.w3.org/2000/01/rdf-schema#comment	"Abony – miasto na Węgrzech, w Komitacie Pest, w powiecie Cegléd."@pl
http://dbpedia.org/property/imageShield	"Coa_Hungary_Town_Abony_big.svg"^^http://www.w3.org/1999/02/22-rdf-syntax-ns#langString
http://dbpedia.org/property/longd	"20.009689999999999088"^^http://www.w3.org/2001/XMLSchema#decimal
http://xmlns.com/foaf/0.1/primaryTopic	http://en.wikipedia.org/wiki/Abony
http://www.w3.org/2002/07/owl#sameAs	http://wikidata.dbpedia.org/resource/Q480421
http://dbpedia.org/ontology/wikiPageRedirects	http://dbpedia.org/resource/Abony,_Hungary
http://dbpedia.org/ontology/thumbnail	http://commons.wikimedia.org/wiki/Special:FilePath/035_Abony,_Hungary.jpg?width=300
http://dbpedia.org/ontology/wikiPageID	"11448691"^^http://www.w3.org/2001/XMLSchema#integer
http://dbpedia.org/ontology/birthPlace	http://dbpedia.org/resource/Gyula_Háy
http://www.w3.org/ns/prov#wasDerivedFrom	http://en.wikipedia.org/wiki/Abony?oldid=742284711
http://dbpedia.org/property/areaTotalKm	"127.96999999999999886"^^http://www.w3.org/2001/XMLSchema#decimal
http://xmlns.com/foaf/0.1/depiction	http://commons.wikimedia.org/wiki/Special:FilePath/035_Abony,_Hungary.jpg
http://purl.org/linguistics/gold/hypernym	http://dbpedia.org/resource/Town
http://dbpedia.org/property/latd	"47.18943999999999761"^^http://www.w3.org/2001/XMLSchema#decimal
http://dbpedia.org/property/subregion	http://dbpedia.org/resource/Cegléd
http://dbpedia.org/property/postalCode	"2740"^^http://www.w3.org/2001/XMLSchema#integer
http://dbpedia.org/ontology/abstract	"А́бонь (венг. Abony) — город в центральной части Венгрии, в медье Пешт. Население — 15 814 человек (2001). Площадь города — 127,97 км². Плотность населения — 123,58 чел./км². Город Абонь, как и вся Венгрия, находится в часовом поясе, обозначаемом по международному стандарту как Central European Time (CET). Смещение относительно UTC составляет +1:00 (CET, зимнее время) / +2:00 (CEST, летнее время), так как в этом часовом поясе действует переход на летнее время. Почтовый индекс — 2740. Телефонный код (+36)53."@ru
http://www.w3.org/2000/01/rdf-schema#label	"奥博尼"@zh
http://dbpedia.org/ontology/team	http://dbpedia.org/resource/Gergely_Nagy
http://dbpedia.org/property/elevationMaxM	"100"^^http://www.w3.org/2001/XMLSchema#integer
http://www.w3.org/2000/01/rdf-schema#seeAlso	http://dbpedia.org/resource/Hungary
http://xmlns.com/foaf/0.1/homepage	http://www.abony.hu
http://www.w3.org/1999/02/22-rdf-syntax-ns#type	http://dbpedia.org/class/yago/District108552138
