#---Properties and values from: http://dbpedia.org/resource/Pires_do_Rio
Property	Value
http://dbpedia.org/property/lats	"5"^^http://www.w3.org/2001/XMLSchema#integer
http://dbpedia.org/ontology/wikiPageExternalLink	http://www.piresdorio.go.gov.br/
http://dbpedia.org/ontology/wikiPageRevisionID	"721470831"^^http://www.w3.org/2001/XMLSchema#integer
http://dbpedia.org/property/latm	"18"^^http://www.w3.org/2001/XMLSchema#integer
http://dbpedia.org/property/latns	"S"^^http://www.w3.org/1999/02/22-rdf-syntax-ns#langString
http://dbpedia.org/property/imageMap	"Goias Municip PiresdoRio.svg"^^http://www.w3.org/1999/02/22-rdf-syntax-ns#langString
http://xmlns.com/foaf/0.1/isPrimaryTopicOf	http://en.wikipedia.org/wiki/Pires_do_Rio
http://dbpedia.org/property/longm	"16"^^http://www.w3.org/2001/XMLSchema#integer
http://dbpedia.org/property/populationTotal	"27928"^^http://www.w3.org/2001/XMLSchema#integer
http://dbpedia.org/property/populationAsOf	"2009"^^http://www.w3.org/2001/XMLSchema#integer
http://dbpedia.org/property/longs	"48"^^http://www.w3.org/2001/XMLSchema#integer
http://dbpedia.org/ontology/wikiPageDisambiguates	http://dbpedia.org/resource/Pires
http://purl.org/dc/terms/subject	http://dbpedia.org/resource/Category:Municipalities_in_Goiás
http://dbpedia.org/property/elevation	"758"^^http://www.w3.org/2001/XMLSchema#integer
http://dbpedia.org/property/state	"GO"^^http://www.w3.org/1999/02/22-rdf-syntax-ns#langString
http://www.w3.org/2000/01/rdf-schema#comment	"Pires do Rio è un comune del Brasile nello Stato del Goiás, parte della mesoregione del Sul Goiano e della microregione di Pires do Rio."@it
http://dbpedia.org/property/longd	"48"^^http://www.w3.org/2001/XMLSchema#integer
http://xmlns.com/foaf/0.1/primaryTopic	http://en.wikipedia.org/wiki/Pires_do_Rio
http://www.w3.org/2002/07/owl#sameAs	http://rdf.freebase.com/ns/m.0b6cf9
http://dbpedia.org/ontology/thumbnail	http://commons.wikimedia.org/wiki/Special:FilePath/Goias_Municip_PiresdoRio.svg?width=300
http://dbpedia.org/property/areaTotal	"10736"^^http://www.w3.org/2001/XMLSchema#integer
http://dbpedia.org/ontology/wikiPageID	"3909945"^^http://www.w3.org/2001/XMLSchema#integer
http://dbpedia.org/ontology/birthPlace	http://dbpedia.org/resource/Fábio_Pena
http://www.w3.org/ns/prov#wasDerivedFrom	http://en.wikipedia.org/wiki/Pires_do_Rio?oldid=721470831
http://dbpedia.org/property/name	"Pires do Rio"^^http://www.w3.org/1999/02/22-rdf-syntax-ns#langString
http://xmlns.com/foaf/0.1/depiction	http://commons.wikimedia.org/wiki/Special:FilePath/Goias_Municip_PiresdoRio.svg
http://purl.org/linguistics/gold/hypernym	http://dbpedia.org/resource/Municipality
http://dbpedia.org/property/latd	"17"^^http://www.w3.org/2001/XMLSchema#integer
http://dbpedia.org/property/postalCode	"75200"^^http://www.w3.org/2001/XMLSchema#integer
http://dbpedia.org/ontology/abstract	"Pires do Rio is a municipality in Goiás state, Brazil. It is a prosperous town and a major producer of poultry."@en
http://www.w3.org/2000/01/rdf-schema#label	"滨河皮里斯"@zh
http://www.w3.org/1999/02/22-rdf-syntax-ns#type	http://dbpedia.org/class/yago/WikicatPopulatedPlacesInGoiás
