#---Properties and values from: http://dbpedia.org/resource/Columbretes_Islands
Property	Value
http://dbpedia.org/property/longew	"E"^^http://www.w3.org/1999/02/22-rdf-syntax-ns#langString
http://xmlns.com/foaf/0.1/name	"Columbretes"@en
http://dbpedia.org/property/lats	"53"^^http://www.w3.org/2001/XMLSchema#integer
http://dbpedia.org/ontology/wikiPageExternalLink	http://www.mapa.es/rmarinas/index_rm.htm
http://dbpedia.org/property/latm	"53"^^http://www.w3.org/2001/XMLSchema#integer
http://dbpedia.org/property/latns	"N"^^http://www.w3.org/1999/02/22-rdf-syntax-ns#langString
http://www.w3.org/2003/01/geo/wgs84_pos#long	"0.68527776002883911133"^^http://www.w3.org/2001/XMLSchema#float
http://dbpedia.org/property/subdivisionType	http://dbpedia.org/resource/Provinces_of_Spain
http://purl.org/dc/terms/subject	http://dbpedia.org/resource/Category:Uninhabited_islands_of_Spain
http://dbpedia.org/ontology/isPartOf	http://dbpedia.org/resource/Castelló_de_la_Plana
http://dbpedia.org/ontology/postalCode	"12100"
http://dbpedia.org/ontology/areaTotal	"190000.0"^^http://www.w3.org/2001/XMLSchema#decimal
http://www.w3.org/ns/prov#wasDerivedFrom	http://en.wikipedia.org/wiki/Columbretes_Islands?oldid=721354825
http://dbpedia.org/ontology/timeZone	http://dbpedia.org/resource/Central_European_Time
http://dbpedia.org/property/areaCodeType	http://dbpedia.org/resource/Telephone_numbers_in_Spain
http://dbpedia.org/property/latd	"39"^^http://www.w3.org/2001/XMLSchema#integer
http://xmlns.com/foaf/0.1/homepage	http://parquesnaturales.gva.es/i/espnaturales.htm
http://www.w3.org/1999/02/22-rdf-syntax-ns#type	http://dbpedia.org/class/yago/YagoGeoEntity
http://dbpedia.org/ontology/wikiPageRevisionID	"721354825"^^http://www.w3.org/2001/XMLSchema#integer
http://dbpedia.org/property/mapCaption	"Columbretes Islands map"^^http://www.w3.org/1999/02/22-rdf-syntax-ns#langString
http://dbpedia.org/property/coordinatesRegion	"ES"^^http://www.w3.org/1999/02/22-rdf-syntax-ns#langString
http://dbpedia.org/property/imageCaption	"View of the Columbrete Grande island natural port, with La Ferrera islet on the background"^^http://www.w3.org/1999/02/22-rdf-syntax-ns#langString
http://dbpedia.org/property/imageMap	"Mapa IllesColumbretes.png"^^http://www.w3.org/1999/02/22-rdf-syntax-ns#langString
http://xmlns.com/foaf/0.1/isPrimaryTopicOf	http://en.wikipedia.org/wiki/Columbretes_Islands
http://dbpedia.org/property/postalCodeType	http://dbpedia.org/resource/List_of_postal_codes_in_Spain
http://dbpedia.org/ontology/country	http://dbpedia.org/resource/Spain
http://dbpedia.org/property/longm	"41"^^http://www.w3.org/2001/XMLSchema#integer
http://dbpedia.org/property/populationTotal	"no permanent population"^^http://www.w3.org/1999/02/22-rdf-syntax-ns#langString
http://dbpedia.org/property/longs	"7"^^http://www.w3.org/2001/XMLSchema#integer
http://dbpedia.org/property/populationAsOf	"2009"^^http://www.w3.org/2001/XMLSchema#integer
http://www.w3.org/2000/01/rdf-schema#comment	"科倫布雷特斯群島是西班牙的群島，位於地中海，距離奧羅佩薩德爾馬爾49公里，由25座島嶼組成，總面積0.19平方公里，最高點海拔高度67米，群島上無人居住。"@zh
http://dbpedia.org/ontology/type	http://dbpedia.org/resource/List_of_islands_of_Spain
http://dbpedia.org/property/longd	"0"^^http://www.w3.org/2001/XMLSchema#integer
http://xmlns.com/foaf/0.1/primaryTopic	http://en.wikipedia.org/wiki/Columbretes_Islands
http://www.w3.org/2002/07/owl#sameAs	http://www.wikidata.org/entity/Q746202
http://dbpedia.org/property/coordinatesType	"region:ES_type:city"^^http://www.w3.org/1999/02/22-rdf-syntax-ns#langString
http://dbpedia.org/ontology/wikiPageRedirects	http://dbpedia.org/resource/Columbretes_islands
http://www.w3.org/2003/01/geo/wgs84_pos#lat	"39.8980560302734375"^^http://www.w3.org/2001/XMLSchema#float
http://www.georss.org/georss/point	"39.89805555555556 0.6852777777777778"
http://dbpedia.org/ontology/thumbnail	http://commons.wikimedia.org/wiki/Special:FilePath/Mapa_IllesColumbretes.png?width=300
http://dbpedia.org/ontology/wikiPageID	"2676630"^^http://www.w3.org/2001/XMLSchema#integer
http://dbpedia.org/ontology/utcOffset	"+2"
http://dbpedia.org/ontology/PopulatedPlace/areaTotal	"0.19"^^http://dbpedia.org/datatype/squareKilometre
http://dbpedia.org/property/coordinatesDisplay	"inline"^^http://www.w3.org/1999/02/22-rdf-syntax-ns#langString
http://dbpedia.org/property/pushpinMap	"Spain"^^http://www.w3.org/1999/02/22-rdf-syntax-ns#langString
http://xmlns.com/foaf/0.1/depiction	http://commons.wikimedia.org/wiki/Special:FilePath/Mapa_IllesColumbretes.png
http://purl.org/linguistics/gold/hypernym	http://dbpedia.org/resource/Group
http://dbpedia.org/ontology/maximumElevation	"67.0"^^http://www.w3.org/2001/XMLSchema#decimal
http://dbpedia.org/ontology/abstract	"コルンブレテス諸島（カタルーニャ語: Islas Columbretes）またはコルンブレッツ諸島（バレンシア語 : Els Columbrets, IPA: [eɫs kolumˈbɾets]）は、地中海北西部のバレアレス海に浮かぶ火山性の無人島4島を中心とする諸島。イベリア半島の49km沖合に位置し、スペイン・バレンシア州カステリョン県カステリョン・デ・ラ・プラナに属する。"@ja
http://dbpedia.org/property/pushpinMapCaption	"Location in Spain"^^http://www.w3.org/1999/02/22-rdf-syntax-ns#langString
http://www.w3.org/2003/01/geo/wgs84_pos#geometry	"POINT(0.68527776002884 39.898056030273)"^^http://www.openlinksw.com/schemas/virtrdf#Geometry
http://www.w3.org/2000/01/rdf-schema#label	"科倫布雷特斯群島"@zh
