#---Properties and values from: http://dbpedia.org/resource/Mato_Queimado
Property	Value
http://dbpedia.org/property/longew	"W"^^http://www.w3.org/1999/02/22-rdf-syntax-ns#langString
http://dbpedia.org/property/lats	"21"^^http://www.w3.org/2001/XMLSchema#integer
http://dbpedia.org/ontology/wikiPageExternalLink	http://www.matoqueimado.rs.gov.br
http://dbpedia.org/ontology/wikiPageRevisionID	"720407869"^^http://www.w3.org/2001/XMLSchema#integer
http://dbpedia.org/property/latm	"15"^^http://www.w3.org/2001/XMLSchema#integer
http://dbpedia.org/property/latns	"S"^^http://www.w3.org/1999/02/22-rdf-syntax-ns#langString
http://dbpedia.org/property/imageMap	"RioGrandedoSul Municip MatoQueimado.svg"^^http://www.w3.org/1999/02/22-rdf-syntax-ns#langString
http://xmlns.com/foaf/0.1/isPrimaryTopicOf	http://en.wikipedia.org/wiki/Mato_Queimado
http://dbpedia.org/property/microregion	"Cerro Largo"^^http://www.w3.org/1999/02/22-rdf-syntax-ns#langString
http://dbpedia.org/property/longm	"36"^^http://www.w3.org/2001/XMLSchema#integer
http://dbpedia.org/property/populationTotal	"1798"^^http://www.w3.org/2001/XMLSchema#integer
http://dbpedia.org/property/longs	"57"^^http://www.w3.org/2001/XMLSchema#integer
http://dbpedia.org/property/populationAsOf	"2015"^^http://www.w3.org/2001/XMLSchema#integer
http://purl.org/dc/terms/subject	http://dbpedia.org/resource/Category:Municipalities_in_Rio_Grande_do_Sul
http://dbpedia.org/property/state	"RS"^^http://www.w3.org/1999/02/22-rdf-syntax-ns#langString
http://www.w3.org/2000/01/rdf-schema#comment	"Mato Queimado é um município brasileiro do estado do Rio Grande do Sul. Sua população estimada em 2010 era de 1.799 habitantes."@pt
http://dbpedia.org/property/longd	"54"^^http://www.w3.org/2001/XMLSchema#integer
http://xmlns.com/foaf/0.1/primaryTopic	http://en.wikipedia.org/wiki/Mato_Queimado
http://www.w3.org/2002/07/owl#sameAs	http://wikidata.dbpedia.org/resource/Q1785815
http://dbpedia.org/ontology/wikiPageRedirects	http://dbpedia.org/resource/Mato_Queimado,_Rio_Grande_do_Sul,_Brazil
http://dbpedia.org/ontology/thumbnail	http://commons.wikimedia.org/wiki/Special:FilePath/RioGrandedoSul_Municip_MatoQueimado.svg?width=300
http://dbpedia.org/ontology/wikiPageID	"10190750"^^http://www.w3.org/2001/XMLSchema#integer
http://dbpedia.org/property/areaTotal	"114.64000000000000057"^^http://www.w3.org/2001/XMLSchema#decimal
http://www.w3.org/ns/prov#wasDerivedFrom	http://en.wikipedia.org/wiki/Mato_Queimado?oldid=720407869
http://dbpedia.org/property/mesoregion	"Noroeste Rio-Grandense"^^http://www.w3.org/1999/02/22-rdf-syntax-ns#langString
http://xmlns.com/foaf/0.1/depiction	http://commons.wikimedia.org/wiki/Special:FilePath/RioGrandedoSul_Municip_MatoQueimado.svg
http://purl.org/linguistics/gold/hypernym	http://dbpedia.org/resource/Municipality
http://dbpedia.org/property/latd	"28"^^http://www.w3.org/2001/XMLSchema#integer
http://dbpedia.org/ontology/abstract	"马图凯马杜（葡萄牙语：Mato Queimado）是巴西南大河州的一个市镇。总面积114.635平方公里，总人口1865人，人口密度16.3人/平方公里。"@zh
http://www.w3.org/2000/01/rdf-schema#label	"Mato Queimado"@pt
http://www.w3.org/1999/02/22-rdf-syntax-ns#type	http://dbpedia.org/class/yago/City108524735
