#---Properties and values from: http://dbpedia.org/resource/Piraju
Property	Value
http://dbpedia.org/property/lats	"37"^^http://www.w3.org/2001/XMLSchema#integer
http://dbpedia.org/ontology/wikiPageExternalLink	https://www.facebook.com/empiraju
http://dbpedia.org/ontology/wikiPageRevisionID	"720298467"^^http://www.w3.org/2001/XMLSchema#integer
http://dbpedia.org/property/latm	"11"^^http://www.w3.org/2001/XMLSchema#integer
http://dbpedia.org/property/latns	"S"^^http://www.w3.org/1999/02/22-rdf-syntax-ns#langString
http://dbpedia.org/property/imageSkyline	"Vista_parcial_Piraju_REFON.jpg"^^http://www.w3.org/1999/02/22-rdf-syntax-ns#langString
http://dbpedia.org/property/imageMap	"SaoPaulo Municip Piraju.svg"^^http://www.w3.org/1999/02/22-rdf-syntax-ns#langString
http://xmlns.com/foaf/0.1/isPrimaryTopicOf	http://en.wikipedia.org/wiki/Piraju
http://dbpedia.org/property/longm	"23"^^http://www.w3.org/2001/XMLSchema#integer
http://dbpedia.org/property/populationTotal	"29664"^^http://www.w3.org/2001/XMLSchema#integer
http://dbpedia.org/property/longs	"2"^^http://www.w3.org/2001/XMLSchema#integer
http://dbpedia.org/property/populationAsOf	"2015"^^http://www.w3.org/2001/XMLSchema#integer
http://purl.org/dc/terms/subject	http://dbpedia.org/resource/Category:Municipalities_in_São_Paulo_(state)
http://dbpedia.org/property/state	"SP"^^http://www.w3.org/1999/02/22-rdf-syntax-ns#langString
http://www.w3.org/2000/01/rdf-schema#comment	"皮拉茹（葡萄牙语：Piraju）是巴西圣保罗州的一个市镇。总面积505.225平方公里，总人口29398人，人口密度58.2人/平方公里。"@zh
http://dbpedia.org/property/longd	"49"^^http://www.w3.org/2001/XMLSchema#integer
http://xmlns.com/foaf/0.1/primaryTopic	http://en.wikipedia.org/wiki/Piraju
http://www.w3.org/2002/07/owl#sameAs	http://nl.dbpedia.org/resource/Piraju
http://dbpedia.org/ontology/wikiPageRedirects	http://dbpedia.org/resource/Piraju,_Brazil
http://dbpedia.org/ontology/thumbnail	http://commons.wikimedia.org/wiki/Special:FilePath/Vista_parcial_Piraju_REFON.jpg?width=300
http://dbpedia.org/ontology/wikiPageID	"1090439"^^http://www.w3.org/2001/XMLSchema#integer
http://dbpedia.org/property/areaTotal	"504.5"^^http://www.w3.org/2001/XMLSchema#decimal
http://dbpedia.org/ontology/birthPlace	http://dbpedia.org/resource/Charles_Corrêa
http://www.w3.org/ns/prov#wasDerivedFrom	http://en.wikipedia.org/wiki/Piraju?oldid=720298467
http://xmlns.com/foaf/0.1/depiction	http://dbpedia.org/resource/Grey_monjita
http://purl.org/linguistics/gold/hypernym	http://dbpedia.org/resource/Municipality
http://dbpedia.org/property/latd	"23"^^http://www.w3.org/2001/XMLSchema#integer
http://dbpedia.org/ontology/abstract	"Piraju is a municipality in the state of São Paulo in Brazil. The population is 29,664 (2015 est.) in an area of 504.5 km². The elevation is 646 m. This place name comes from the Tupi language, meaning \"yellow fish\"."@en
http://www.w3.org/2000/01/rdf-schema#label	"Piraju"@fr
http://www.w3.org/1999/02/22-rdf-syntax-ns#type	http://dbpedia.org/class/yago/Region108630985
