#---Properties and values from: http://dbpedia.org/resource/Haukipudas
Property	Value
http://dbpedia.org/property/longew	"E"^^http://www.w3.org/1999/02/22-rdf-syntax-ns#langString
http://dbpedia.org/ontology/wikiPageExternalLink	http://www.haukipudas.fi/
http://dbpedia.org/property/latm	"11"^^http://www.w3.org/2001/XMLSchema#integer
http://dbpedia.org/property/latns	"N"^^http://www.w3.org/1999/02/22-rdf-syntax-ns#langString
http://dbpedia.org/property/imageSkyline	"Haukipudas-Church Bellfry 2006 04 30.JPG"^^http://www.w3.org/1999/02/22-rdf-syntax-ns#langString
http://purl.org/dc/terms/subject	http://dbpedia.org/resource/Category:Populated_places_established_in_1866
http://www.w3.org/ns/prov#wasDerivedFrom	http://en.wikipedia.org/wiki/Haukipudas?oldid=718195113
http://dbpedia.org/property/name	"Haukipudas"^^http://www.w3.org/1999/02/22-rdf-syntax-ns#langString
http://dbpedia.org/property/areaTotalKm	"1023.6200000000000045"^^http://www.w3.org/2001/XMLSchema#decimal
http://dbpedia.org/property/latd	"65"^^http://www.w3.org/2001/XMLSchema#integer
http://dbpedia.org/property/subregion	"Oulu sub-region"^^http://www.w3.org/1999/02/22-rdf-syntax-ns#langString
http://dbpedia.org/property/establishedTitle	http://dbpedia.org/resource/Charter
http://dbpedia.org/property/province	http://dbpedia.org/resource/Oulu_Province
http://xmlns.com/foaf/0.1/homepage	http://www.haukipudas.fi/
http://dbpedia.org/property/finnishOfficial	"1"^^http://www.w3.org/2001/XMLSchema#integer
http://www.w3.org/1999/02/22-rdf-syntax-ns#type	http://dbpedia.org/class/yago/Region108630985
http://dbpedia.org/property/region	http://dbpedia.org/resource/Northern_Ostrobothnia
http://dbpedia.org/property/officialName	"Haukiputaan kunta"^^http://www.w3.org/1999/02/22-rdf-syntax-ns#langString
http://dbpedia.org/ontology/wikiPageRevisionID	"718195113"^^http://www.w3.org/2001/XMLSchema#integer
http://dbpedia.org/property/countryAdminDivisions	http://dbpedia.org/resource/Lönkytin
http://dbpedia.org/property/mapCaption	"Location of Haukipudas in Finland"^^http://www.w3.org/1999/02/22-rdf-syntax-ns#langString
http://dbpedia.org/property/settlementType	"Municipality"^^http://www.w3.org/1999/02/22-rdf-syntax-ns#langString
http://dbpedia.org/property/imageMap	"Haukipudas.sijainti.suomi.2008.svg"^^http://www.w3.org/1999/02/22-rdf-syntax-ns#langString
http://dbpedia.org/property/website	http://www.haukipudas.fi/
http://dbpedia.org/property/imageCaption	"The church and the belfry of Haukipudas"^^http://www.w3.org/1999/02/22-rdf-syntax-ns#langString
http://xmlns.com/foaf/0.1/isPrimaryTopicOf	http://en.wikipedia.org/wiki/Haukipudas
http://dbpedia.org/property/longm	"21"^^http://www.w3.org/2001/XMLSchema#integer
http://dbpedia.org/property/populationTotal	"19053"^^http://www.w3.org/2001/XMLSchema#integer
http://dbpedia.org/property/populationAsOf	"2012"^^http://www.w3.org/2001/XMLSchema#integer
http://www.w3.org/2000/01/rdf-schema#comment	". Haukipudas es un barrio de Oulu y anterior municipio de Ostrobothnia del Norte, Finlandia. Su costa se extiende desde el Golfo de Botnia. Posee una población de 18.115 habitantes (2007) y ocupa un área de 446,22 km², de los cuales 9,63 km² están cubiertos de agua. Su densidad de población es de 37,4 habitantes por km². En el 2013, junto con los municipios de Yli-Ii, Kiiminki y Oulunsalo, se unió a Oulu."@es
http://dbpedia.org/property/leaderTitle	"Municipality manager"^^http://www.w3.org/1999/02/22-rdf-syntax-ns#langString
http://dbpedia.org/property/areaAsOf	"2011-01-01"^^http://www.w3.org/2001/XMLSchema#date
http://dbpedia.org/property/imageShield	"Haukipudas.vaakuna.svg"^^http://www.w3.org/1999/02/22-rdf-syntax-ns#langString
http://dbpedia.org/property/longd	"25"^^http://www.w3.org/2001/XMLSchema#integer
http://xmlns.com/foaf/0.1/primaryTopic	http://en.wikipedia.org/wiki/Haukipudas
http://www.w3.org/2002/07/owl#sameAs	http://dbpedia.org/resource/Haukipudas
http://dbpedia.org/ontology/thumbnail	http://commons.wikimedia.org/wiki/Special:FilePath/Haukipudas-Church_Bellfry_2006_04_30.JPG?width=300
http://dbpedia.org/ontology/wikiPageID	"774365"^^http://www.w3.org/2001/XMLSchema#integer
http://dbpedia.org/ontology/location	http://dbpedia.org/resource/Rivinletto_Light
http://dbpedia.org/property/areaWaterKm	"224.94999999999998863"^^http://www.w3.org/2001/XMLSchema#decimal
http://dbpedia.org/ontology/birthPlace	http://dbpedia.org/resource/Lea_Laven
http://dbpedia.org/property/leaderName	http://dbpedia.org/resource/Jarmo_Ronkainen
http://dbpedia.org/property/coordinatesDisplay	"inline,title"^^http://www.w3.org/1999/02/22-rdf-syntax-ns#langString
http://xmlns.com/foaf/0.1/depiction	http://commons.wikimedia.org/wiki/Special:FilePath/Haukipudas-Church_Bellfry_2006_04_30.JPG
http://purl.org/linguistics/gold/hypernym	http://dbpedia.org/resource/Town
http://dbpedia.org/property/areaLandKm	"798.66999999999995907"^^http://www.w3.org/2001/XMLSchema#decimal
http://dbpedia.org/property/establishedDate	"1866"^^http://www.w3.org/2001/XMLSchema#integer
http://dbpedia.org/ontology/abstract	"Ха́укипудас (фин. Haukipudas) — община в Финляндии, в провинции Северная Остроботния. Расположена на побережье Ботнического залива; через общину протекает река Кииминкийоки. Площадь составляет 1023,62 км², из которых 5882,61 км² занято водой."@ru
http://www.w3.org/2000/01/rdf-schema#label	"Haukipudas"@nl
http://dbpedia.org/ontology/ground	http://dbpedia.org/resource/Haukiputaan_Pallo
