#---Properties and values from: http://dbpedia.org/resource/Sertã_(parish)
Property	Value
http://dbpedia.org/ontology/wikiPageExternalLink	http://www.jf-cernachebonjardim.pt/
http://dbpedia.org/property/officialName	"Sertã"^^http://www.w3.org/1999/02/22-rdf-syntax-ns#langString
http://dbpedia.org/ontology/wikiPageRevisionID	"701649399"^^http://www.w3.org/2001/XMLSchema#integer
http://xmlns.com/foaf/0.1/isPrimaryTopicOf	http://en.wikipedia.org/wiki/Sertã_(parish)
http://dbpedia.org/property/municipality	http://dbpedia.org/resource/Sertã
http://dbpedia.org/ontology/country	http://dbpedia.org/resource/Portugal
http://dbpedia.org/property/populationTotal	"6196"^^http://www.w3.org/2001/XMLSchema#integer
http://dbpedia.org/property/populationAsOf	"2011"^^http://www.w3.org/2001/XMLSchema#integer
http://purl.org/dc/terms/subject	http://dbpedia.org/resource/Category:Parishes_of_Sertã
http://www.w3.org/2000/01/rdf-schema#comment	"A Sertã é uma freguesia portuguesa do concelho da Sertã, com 81,71 km² de área e cerca de 6 196 habitantes (densidade: 75,8 hab./km²) em 2001. É a freguesia sede do concelho do mesmo nome, e tem por limites, a nortoeste, o Carvalhal, a norte e a nordeste o Troviscal, a leste o Figueiredo e a Várzea dos Cavaleiros, a sul o Marmeleiro e a Cumeada, a sudoeste os Palhais, e a oeste o Nesperal, o Cabeçudo e o Castelo. Tem por orago São Pedro."@pt
http://dbpedia.org/property/cim	http://dbpedia.org/resource/Médio_Tejo
http://dbpedia.org/property/longd	"-8.0980000000000007532"^^http://www.w3.org/2001/XMLSchema#decimal
http://xmlns.com/foaf/0.1/primaryTopic	http://en.wikipedia.org/wiki/Sertã_(parish)
http://www.w3.org/2002/07/owl#sameAs	http://es.dbpedia.org/resource/Sertã_(freguesia)
http://dbpedia.org/ontology/wikiPageRedirects	http://dbpedia.org/resource/Serta_(parish)
http://dbpedia.org/ontology/wikiPageID	"3205398"^^http://www.w3.org/2001/XMLSchema#integer
http://dbpedia.org/property/areaTotal	"80.849999999999994316"^^http://www.w3.org/2001/XMLSchema#decimal
http://www.w3.org/ns/prov#wasDerivedFrom	http://en.wikipedia.org/wiki/Sertã_(parish)?oldid=701649399
http://dbpedia.org/property/district	http://dbpedia.org/resource/Castelo_Branco_District
http://purl.org/linguistics/gold/hypernym	http://dbpedia.org/resource/Parish
http://dbpedia.org/property/latd	"39.807999999999999829"^^http://www.w3.org/2001/XMLSchema#decimal
http://dbpedia.org/property/subregion	http://dbpedia.org/resource/Pinhal_Interior_Sul
http://dbpedia.org/ontology/abstract	"A Sertã é uma freguesia portuguesa do concelho da Sertã, com 81,71 km² de área e cerca de 6 196 habitantes (densidade: 75,8 hab./km²) em 2001. É a freguesia sede do concelho do mesmo nome, e tem por limites, a nortoeste, o Carvalhal, a norte e a nordeste o Troviscal, a leste o Figueiredo e a Várzea dos Cavaleiros, a sul o Marmeleiro e a Cumeada, a sudoeste os Palhais, e a oeste o Nesperal, o Cabeçudo e o Castelo. Tem por orago São Pedro."@pt
http://www.w3.org/2000/01/rdf-schema#label	"Sertã (freguesia)"@nl
http://xmlns.com/foaf/0.1/homepage	http://www.jf-cernachebonjardim.pt/
http://www.w3.org/1999/02/22-rdf-syntax-ns#type	http://www.w3.org/2002/07/owl#Thing
http://dbpedia.org/property/region	http://dbpedia.org/resource/Centro_Region,_Portugal
