#---Properties and values from: http://dbpedia.org/resource/Goibo
Property	Value
http://dbpedia.org/property/longew	"E"^^http://www.w3.org/1999/02/22-rdf-syntax-ns#langString
http://xmlns.com/foaf/0.1/name	"རྒོད་པོ་"@en
http://dbpedia.org/ontology/wikiPageRevisionID	"704280241"^^http://www.w3.org/2001/XMLSchema#integer
http://dbpedia.org/property/latm	"11"^^http://www.w3.org/2001/XMLSchema#integer
http://dbpedia.org/property/latns	"N"^^http://www.w3.org/1999/02/22-rdf-syntax-ns#langString
http://www.w3.org/2003/01/geo/wgs84_pos#long	"98.866668701171875"^^http://www.w3.org/2001/XMLSchema#float
http://dbpedia.org/property/coordinatesRegion	"CN"^^http://www.w3.org/1999/02/22-rdf-syntax-ns#langString
http://xmlns.com/foaf/0.1/isPrimaryTopicOf	http://en.wikipedia.org/wiki/Goibo
http://dbpedia.org/property/subdivisionType	http://dbpedia.org/resource/Human_settlement
http://dbpedia.org/property/longm	"52"^^http://www.w3.org/2001/XMLSchema#integer
http://dbpedia.org/ontology/country	http://dbpedia.org/resource/People's_Republic_of_China
http://dbpedia.org/property/populationTotal	"*"^^http://www.w3.org/1999/02/22-rdf-syntax-ns#langString
http://purl.org/dc/terms/subject	http://dbpedia.org/resource/Category:Township-level_divisions_of_Tibet
http://dbpedia.org/ontology/isPartOf	http://dbpedia.org/resource/Tibet_Autonomous_Region
http://www.w3.org/2000/01/rdf-schema#comment	"Goibo is a township in Markam County in the Tibet Autonomous Region of China."@en
http://dbpedia.org/property/longd	"98"^^http://www.w3.org/2001/XMLSchema#integer
http://xmlns.com/foaf/0.1/primaryTopic	http://en.wikipedia.org/wiki/Goibo
http://dbpedia.org/property/timezone	"+8"^^http://www.w3.org/1999/02/22-rdf-syntax-ns#langString
http://www.w3.org/2002/07/owl#sameAs	http://www.wikidata.org/entity/Q5577629
http://dbpedia.org/ontology/synonym	"Göpo"
http://dbpedia.org/property/populationBlank	http://dbpedia.org/resource/Standard_Tibetan
http://www.w3.org/2003/01/geo/wgs84_pos#lat	"30.183332443237304688"^^http://www.w3.org/2001/XMLSchema#float
http://www.georss.org/georss/point	"30.183333333333334 98.86666666666666"
http://dbpedia.org/ontology/wikiPageID	"13281830"^^http://www.w3.org/2001/XMLSchema#integer
http://www.w3.org/ns/prov#wasDerivedFrom	http://en.wikipedia.org/wiki/Goibo?oldid=704280241
http://dbpedia.org/property/pushpinMap	"China"^^http://www.w3.org/1999/02/22-rdf-syntax-ns#langString
http://dbpedia.org/property/populationBlank2Title	http://dbpedia.org/resource/Chinese_Language
http://dbpedia.org/property/populationBlank1Title	http://dbpedia.org/resource/Nationalities_of_China
http://purl.org/linguistics/gold/hypernym	http://dbpedia.org/resource/Township
http://dbpedia.org/property/latd	"30"^^http://www.w3.org/2001/XMLSchema#integer
http://dbpedia.org/ontology/abstract	"戈波乡，是[[|]][[|]][[|]][[|]]下辖的一个乡镇级行政单位。"@zh
http://dbpedia.org/property/pushpinMapCaption	"Location within Tibet"^^http://www.w3.org/1999/02/22-rdf-syntax-ns#langString
http://www.w3.org/2003/01/geo/wgs84_pos#geometry	"POINT(98.866668701172 30.183332443237)"^^http://www.openlinksw.com/schemas/virtrdf#Geometry
http://www.w3.org/2000/01/rdf-schema#label	"غوابو"@ar
http://www.w3.org/1999/02/22-rdf-syntax-ns#type	http://dbpedia.org/ontology/Settlement
