#---Properties and values from: http://dbpedia.org/resource/Araguacema
Property	Value
http://dbpedia.org/property/lats	"14"^^http://www.w3.org/2001/XMLSchema#integer
http://dbpedia.org/ontology/wikiPageRevisionID	"725378635"^^http://www.w3.org/2001/XMLSchema#integer
http://dbpedia.org/property/latm	"48"^^http://www.w3.org/2001/XMLSchema#integer
http://dbpedia.org/property/latns	"S"^^http://www.w3.org/1999/02/22-rdf-syntax-ns#langString
http://dbpedia.org/property/imageMap	"Tocantins Municip Araguacema.svg"^^http://www.w3.org/1999/02/22-rdf-syntax-ns#langString
http://xmlns.com/foaf/0.1/isPrimaryTopicOf	http://en.wikipedia.org/wiki/Araguacema
http://dbpedia.org/property/longm	"33"^^http://www.w3.org/2001/XMLSchema#integer
http://dbpedia.org/property/populationTotal	"6863"^^http://www.w3.org/2001/XMLSchema#integer
http://dbpedia.org/property/longs	"21"^^http://www.w3.org/2001/XMLSchema#integer
http://dbpedia.org/property/populationAsOf	"2015"^^http://www.w3.org/2001/XMLSchema#integer
http://purl.org/dc/terms/subject	http://dbpedia.org/resource/Category:Municipalities_in_Tocantins
http://dbpedia.org/property/state	"TO"^^http://www.w3.org/1999/02/22-rdf-syntax-ns#langString
http://www.w3.org/2000/01/rdf-schema#comment	"Araguacema is a municipality located in the Brazilian state of Tocantins. Its population was 6,863 (2015) and its area is 2,778 km²."@en
http://dbpedia.org/property/longd	"49"^^http://www.w3.org/2001/XMLSchema#integer
http://xmlns.com/foaf/0.1/primaryTopic	http://en.wikipedia.org/wiki/Araguacema
http://www.w3.org/2002/07/owl#sameAs	http://es.dbpedia.org/resource/Araguacema
http://dbpedia.org/ontology/thumbnail	http://commons.wikimedia.org/wiki/Special:FilePath/Tocantins_Municip_Araguacema.svg?width=300
http://dbpedia.org/ontology/wikiPageID	"9038528"^^http://www.w3.org/2001/XMLSchema#integer
http://dbpedia.org/property/areaTotal	"2778"^^http://www.w3.org/2001/XMLSchema#integer
http://www.w3.org/ns/prov#wasDerivedFrom	http://en.wikipedia.org/wiki/Araguacema?oldid=725378635
http://xmlns.com/foaf/0.1/depiction	http://commons.wikimedia.org/wiki/Special:FilePath/Tocantins_Municip_Araguacema.svg
http://purl.org/linguistics/gold/hypernym	http://dbpedia.org/resource/Municipality
http://dbpedia.org/property/latd	"8"^^http://www.w3.org/2001/XMLSchema#integer
http://dbpedia.org/ontology/abstract	"Araguacema es un municipio brasileño del estado del Tocantins. Se localiza a una latitud 08º48'13\" sur y a una longitud 49º33'23\" oeste, y se encuentra a una altitud de 159 metros. Su población estimada en 2004 era de 5 830 habitantes. El municipio recibe miles de turistas de várias localidades del país en el mes julio para su temporada de playa en las márgenes del río Araguaia, la playa más famosa de esta región es la Gaivota que está en frente a la ciudad.Posee un área de 2789,9  km²."@es
http://www.w3.org/2000/01/rdf-schema#label	"Araguacema"@it
http://www.w3.org/1999/02/22-rdf-syntax-ns#type	http://dbpedia.org/class/yago/Object100002684
