#---Properties and values from: http://dbpedia.org/resource/Wupperthal
Property	Value
http://xmlns.com/foaf/0.1/name	"Wupperthal"@en
http://dbpedia.org/property/lats	"27"^^http://www.w3.org/2001/XMLSchema#integer
http://dbpedia.org/ontology/wikiPageExternalLink	http://www.tourismwupperthal.co.za
http://dbpedia.org/ontology/wikiPageRevisionID	"742247962"^^http://www.w3.org/2001/XMLSchema#integer
http://dbpedia.org/property/latm	"16"^^http://www.w3.org/2001/XMLSchema#integer
http://dbpedia.org/property/imageSkyline	"0"^^http://www.w3.org/2001/XMLSchema#integer
http://www.w3.org/2003/01/geo/wgs84_pos#long	"19.20916748046875"^^http://www.w3.org/2001/XMLSchema#float
http://dbpedia.org/property/imageCaption	"Church in Wuppertal"^^http://www.w3.org/1999/02/22-rdf-syntax-ns#langString
http://xmlns.com/foaf/0.1/isPrimaryTopicOf	http://en.wikipedia.org/wiki/Wupperthal
http://dbpedia.org/property/municipality	"Cederberg"^^http://www.w3.org/1999/02/22-rdf-syntax-ns#langString
http://dbpedia.org/property/postal2Code	"8138"^^http://www.w3.org/2001/XMLSchema#integer
http://dbpedia.org/property/longm	"12"^^http://www.w3.org/2001/XMLSchema#integer
http://dbpedia.org/ontology/country	http://dbpedia.org/resource/South_Africa
http://dbpedia.org/property/populationTotal	"1568"^^http://www.w3.org/2001/XMLSchema#integer
http://dbpedia.org/property/longs	"33"^^http://www.w3.org/2001/XMLSchema#integer
http://purl.org/dc/terms/subject	http://dbpedia.org/resource/Category:History_of_the_South_Africa_Province_of_the_Moravian_Church
http://www.w3.org/2000/01/rdf-schema#comment	"Wupperthal (auch Wuppertal) ist eine Kleinstadt mit etwa 4000 Einwohnern in der Gemeinde Cederberg, Distrikt West Coast, Provinz Westkap in Südafrika. Sie liegt in einem Tal der Zederberge in der Provinz Westkap, knapp 200 Kilometer nordöstlich von Kapstadt. Gegründet wurde der Ort 1829 im Auftrag der Rheinischen Missionsgesellschaft von Theobald von Wurmb und Johann Gottlieb Leipoldt aus dem im Tal der Wupper gelegenen Barmen. In seinem Tagebuch schrieb Leipoldt zur Namensgebung: „Wir haben den Namen Riedmond in Wupperthal verwandelt zum Andenken an unser liebes deutsches Wuppertal.“"@de
http://dbpedia.org/property/leaderTitle	"Councillor"^^http://www.w3.org/1999/02/22-rdf-syntax-ns#langString
http://dbpedia.org/property/longd	"19"^^http://www.w3.org/2001/XMLSchema#integer
http://xmlns.com/foaf/0.1/primaryTopic	http://en.wikipedia.org/wiki/Wupperthal
http://dbpedia.org/ontology/wikiPageRedirects	http://dbpedia.org/resource/Wuppertal,_Western_Cape
http://www.w3.org/2002/07/owl#sameAs	http://www.wikidata.org/entity/Q440672
http://www.w3.org/2003/01/geo/wgs84_pos#lat	"32.274166107177734375"^^http://www.w3.org/2001/XMLSchema#float
http://www.georss.org/georss/point	"32.274166666666666 19.20916666666667"
http://dbpedia.org/ontology/postalCode	"8138"
http://dbpedia.org/ontology/thumbnail	http://commons.wikimedia.org/wiki/Special:FilePath/00000-Church-Wuppertal-s.jpg?width=300
http://dbpedia.org/ontology/wikiPageID	"369130"^^http://www.w3.org/2001/XMLSchema#integer
http://www.w3.org/ns/prov#wasDerivedFrom	http://en.wikipedia.org/wiki/Wupperthal?oldid=742247962
http://dbpedia.org/property/district	"West Coast"^^http://www.w3.org/1999/02/22-rdf-syntax-ns#langString
http://xmlns.com/foaf/0.1/depiction	http://commons.wikimedia.org/wiki/Special:FilePath/00000-Church-Wuppertal-s.jpg
http://purl.org/linguistics/gold/hypernym	http://dbpedia.org/resource/Town
http://dbpedia.org/property/latd	"32"^^http://www.w3.org/2001/XMLSchema#integer
http://dbpedia.org/ontology/abstract	"Wupperthal (auch Wuppertal) ist eine Kleinstadt mit etwa 4000 Einwohnern in der Gemeinde Cederberg, Distrikt West Coast, Provinz Westkap in Südafrika. Sie liegt in einem Tal der Zederberge in der Provinz Westkap, knapp 200 Kilometer nordöstlich von Kapstadt. Gegründet wurde der Ort 1829 im Auftrag der Rheinischen Missionsgesellschaft von Theobald von Wurmb und Johann Gottlieb Leipoldt aus dem im Tal der Wupper gelegenen Barmen. In seinem Tagebuch schrieb Leipoldt zur Namensgebung: „Wir haben den Namen Riedmond in Wupperthal verwandelt zum Andenken an unser liebes deutsches Wuppertal.“ Die ehemalige Missionsstation ist bis heute regionales Zentrum mit Post, Schule, Klinik, Pfarrei, Geschäften und einer Schuh- und Handschuhfabrik, in der die traditionellen Veldskoene (Feldschuhe) hergestellt werden. Von besonderer wirtschaftlicher Bedeutung ist der in der Region angebaute Rooibostee. In der Nähe von Wupperthal gibt es Felszeichnungen der San. 2000 wurde ein Wanderweg angelegt, der in zwei Tagen vorbei an alten San-Zeichnungen, einem großen Wasserfall und Felsformationen von Wupperthal über Eselbank nach Langkloof führt. Wupperthal ist durch eine Straße über den Pakhuis-Pass mit der Distriktshauptstadt Clanwilliam verbunden."@de
http://www.w3.org/2003/01/geo/wgs84_pos#geometry	"POINT(19.209167480469 32.274166107178)"^^http://www.openlinksw.com/schemas/virtrdf#Geometry
http://www.w3.org/2000/01/rdf-schema#label	"Wupperthal"@de
http://dbpedia.org/property/province	"Western Cape"^^http://www.w3.org/1999/02/22-rdf-syntax-ns#langString
http://www.w3.org/1999/02/22-rdf-syntax-ns#type	http://dbpedia.org/class/yago/Tract108673395
