#---Properties and values from: http://dbpedia.org/resource/Taguaí
Property	Value
http://dbpedia.org/property/lats	"7"^^http://www.w3.org/2001/XMLSchema#integer
http://dbpedia.org/ontology/wikiPageRevisionID	"720307819"^^http://www.w3.org/2001/XMLSchema#integer
http://dbpedia.org/property/latm	"27"^^http://www.w3.org/2001/XMLSchema#integer
http://dbpedia.org/property/latns	"S"^^http://www.w3.org/1999/02/22-rdf-syntax-ns#langString
http://dbpedia.org/property/imageMap	"SaoPaulo Municip Taguai.svg"^^http://www.w3.org/1999/02/22-rdf-syntax-ns#langString
http://xmlns.com/foaf/0.1/isPrimaryTopicOf	http://en.wikipedia.org/wiki/Taguaí
http://dbpedia.org/property/longm	"24"^^http://www.w3.org/2001/XMLSchema#integer
http://dbpedia.org/property/populationTotal	"12586"^^http://www.w3.org/2001/XMLSchema#integer
http://dbpedia.org/property/longs	"32"^^http://www.w3.org/2001/XMLSchema#integer
http://dbpedia.org/property/populationAsOf	"2015"^^http://www.w3.org/2001/XMLSchema#integer
http://purl.org/dc/terms/subject	http://dbpedia.org/resource/Category:Municipalities_in_São_Paulo_(state)
http://dbpedia.org/property/state	"SP"^^http://www.w3.org/1999/02/22-rdf-syntax-ns#langString
http://www.w3.org/2000/01/rdf-schema#comment	"Тагуаи (порт. Taguaí) — муниципалитет в Бразилии, входит в штат Сан-Паулу. Составная часть мезорегиона Ассис. Входит в экономико-статистический микрорегион Ориньюс. Население составляет 8237 человек на 2006 год. Занимает площадь 145,800 км². Плотность населения — 56,5 чел./км²."@ru
http://dbpedia.org/property/longd	"49"^^http://www.w3.org/2001/XMLSchema#integer
http://xmlns.com/foaf/0.1/primaryTopic	http://en.wikipedia.org/wiki/Taguaí
http://www.w3.org/2002/07/owl#sameAs	http://dbpedia.org/resource/Taguaí
http://dbpedia.org/ontology/wikiPageRedirects	http://dbpedia.org/resource/Taguai
http://dbpedia.org/ontology/thumbnail	http://commons.wikimedia.org/wiki/Special:FilePath/SaoPaulo_Municip_Taguai.svg?width=300
http://dbpedia.org/ontology/wikiPageID	"6514357"^^http://www.w3.org/2001/XMLSchema#integer
http://dbpedia.org/property/areaTotal	"145"^^http://www.w3.org/2001/XMLSchema#integer
http://www.w3.org/ns/prov#wasDerivedFrom	http://en.wikipedia.org/wiki/Taguaí?oldid=720307819
http://xmlns.com/foaf/0.1/depiction	http://commons.wikimedia.org/wiki/Special:FilePath/SaoPaulo_Municip_Taguai.svg
http://purl.org/linguistics/gold/hypernym	http://dbpedia.org/resource/Municipality
http://dbpedia.org/property/latd	"23"^^http://www.w3.org/2001/XMLSchema#integer
http://dbpedia.org/ontology/abstract	"Taguaí is een gemeente in de Braziliaanse deelstaat São Paulo. De gemeente telt 10.849 inwoners (schatting 2009). De gemeente grenst aan Fartura, Tejupá, Coronel Macedo en Taquarituba."@nl
http://www.w3.org/2000/01/rdf-schema#label	"Taguaí"@it
http://www.w3.org/1999/02/22-rdf-syntax-ns#type	http://dbpedia.org/class/yago/YagoLegalActorGeo
