#---Properties and values from: http://dbpedia.org/resource/Snæfellsbær
Property	Value
http://dbpedia.org/property/populationDensity	"2.4700000000000001954"^^http://www.w3.org/2001/XMLSchema#decimal
http://dbpedia.org/ontology/wikiPageExternalLink	http://snb.is
http://dbpedia.org/ontology/wikiPageRevisionID	"662747670"^^http://www.w3.org/2001/XMLSchema#integer
http://www.w3.org/2003/01/geo/wgs84_pos#long	"-23.704999923706054688"^^http://www.w3.org/2001/XMLSchema#float
http://dbpedia.org/property/website	http://snb.is
http://xmlns.com/foaf/0.1/isPrimaryTopicOf	http://en.wikipedia.org/wiki/Snæfellsbær
http://dbpedia.org/property/populationTotal	"1691"^^http://www.w3.org/2001/XMLSchema#integer
http://dbpedia.org/ontology/isPartOf	http://dbpedia.org/resource/Búðir
http://purl.org/dc/terms/subject	http://dbpedia.org/resource/Category:Populated_places_in_Western_Region_(Iceland)
http://www.w3.org/2000/01/rdf-schema#comment	"Snæfellsbær is a municipality located in western Iceland, in the southwestern part of the Snæfellsnes Peninsula Its administrative centre is Ólafsvík and the majority of the residents live in Ólafsvík, Rif and Hellissandur."@en
http://xmlns.com/foaf/0.1/primaryTopic	http://en.wikipedia.org/wiki/Snæfellsbær
http://dbpedia.org/property/constituency	http://dbpedia.org/resource/Northwest_Constituency
http://www.w3.org/2002/07/owl#sameAs	http://www.wikidata.org/entity/Q2296228
http://dbpedia.org/ontology/wikiPageRedirects	http://dbpedia.org/resource/Snaefellsbaer
http://dbpedia.org/property/mayor	"Kristinn Jónasson"^^http://www.w3.org/1999/02/22-rdf-syntax-ns#langString
http://www.w3.org/2003/01/geo/wgs84_pos#lat	"64.89800262451171875"^^http://www.w3.org/2001/XMLSchema#float
http://www.georss.org/georss/point	"64.898 -23.705"
http://dbpedia.org/ontology/thumbnail	http://commons.wikimedia.org/wiki/Special:FilePath/Snaefellsbaer_map.png?width=300
http://dbpedia.org/property/number	"3714"^^http://www.w3.org/2001/XMLSchema#integer
http://dbpedia.org/ontology/wikiPageID	"14860310"^^http://www.w3.org/2001/XMLSchema#integer
http://dbpedia.org/property/areaTotal	"684"^^http://www.w3.org/2001/XMLSchema#integer
http://www.w3.org/ns/prov#wasDerivedFrom	http://en.wikipedia.org/wiki/Snæfellsbær?oldid=662747670
http://dbpedia.org/property/name	"Snæfellsbær"^^http://www.w3.org/1999/02/22-rdf-syntax-ns#langString
http://dbpedia.org/property/caption	"Location of the municipality"^^http://www.w3.org/1999/02/22-rdf-syntax-ns#langString
http://xmlns.com/foaf/0.1/depiction	http://commons.wikimedia.org/wiki/Special:FilePath/Snaefellsbaer_map.png
http://dbpedia.org/property/postalCodes	"355356360"^^http://www.w3.org/2001/XMLSchema#integer
http://purl.org/linguistics/gold/hypernym	http://dbpedia.org/resource/Municipality
http://dbpedia.org/ontology/abstract	"De gemeente Snæfellsbær ligt in het westen van IJsland in de Vesturland regio op het schiereiland Snæfellsnes. Snæfellsbær heeft 1.722 inwoners (2013). De grootste plaatsen zijn Ólafsvík (1.010 inwoners), Hellissandur en Rif (samen 549 inwoners). De gemeente ontstond op 11 juni 1994 door de fusie van de stad Ólafsvík (Ólafsvíkurbær) met de drie omliggende gemeenten Staðarsveit, Breiðuvíkurhreppur und Neshreppur."@nl
http://www.w3.org/2003/01/geo/wgs84_pos#geometry	"POINT(-23.704999923706 64.898002624512)"^^http://www.openlinksw.com/schemas/virtrdf#Geometry
http://www.w3.org/2000/01/rdf-schema#label	"Snæfellsbær"@fr
http://xmlns.com/foaf/0.1/homepage	http://snb.is
http://www.w3.org/1999/02/22-rdf-syntax-ns#type	http://dbpedia.org/class/yago/Object100002684
http://dbpedia.org/property/region	http://dbpedia.org/resource/Western_Region_(Iceland)
