#---Properties and values from: http://dbpedia.org/resource/Monsaraz
Property	Value
http://dbpedia.org/ontology/wikiPageExternalLink	http://sabin.ro/gallery/monsaraz
http://dbpedia.org/property/officialName	"Monsaraz"^^http://www.w3.org/1999/02/22-rdf-syntax-ns#langString
http://dbpedia.org/ontology/wikiPageRevisionID	"704835564"^^http://www.w3.org/2001/XMLSchema#integer
http://dbpedia.org/property/areaCode	"266"^^http://www.w3.org/2001/XMLSchema#integer
http://dbpedia.org/property/imageSkyline	"Blick auf Monsaraz bei Evora.jpg"^^http://www.w3.org/1999/02/22-rdf-syntax-ns#langString
http://dbpedia.org/property/imageCaption	"A view from the hilltop of Monte Xarez, showing the Castle of Monsaraz"^^http://www.w3.org/1999/02/22-rdf-syntax-ns#langString
http://xmlns.com/foaf/0.1/isPrimaryTopicOf	http://en.wikipedia.org/wiki/Monsaraz
http://dbpedia.org/property/municipality	http://dbpedia.org/resource/Reguengos_de_Monsaraz
http://dbpedia.org/ontology/country	http://dbpedia.org/resource/Portugal
http://dbpedia.org/property/populationTotal	"782"^^http://www.w3.org/2001/XMLSchema#integer
http://dbpedia.org/property/populationAsOf	"2011"^^http://www.w3.org/2001/XMLSchema#integer
http://purl.org/dc/terms/subject	http://dbpedia.org/resource/Category:Parishes_of_Reguengos_de_Monsaraz
http://www.w3.org/2000/01/rdf-schema#comment	"Монсара́ш (порт. Monsaraz) — фрегезия (район) в муниципалитете Регенгуш-де-Монсараш округа Эвора в Португалии. Территория — 88,29 км². Население — 977 жителей. Плотность населения — 11,1 чел/км²."@ru
http://dbpedia.org/property/cim	http://dbpedia.org/resource/Alentejo_Central
http://dbpedia.org/property/imageShield	"RMZ-monsaraz.png"^^http://www.w3.org/1999/02/22-rdf-syntax-ns#langString
http://dbpedia.org/property/longd	"-7.3810000000000002274"^^http://www.w3.org/2001/XMLSchema#decimal
http://xmlns.com/foaf/0.1/primaryTopic	http://en.wikipedia.org/wiki/Monsaraz
http://dbpedia.org/ontology/wikiPageRedirects	http://dbpedia.org/resource/Monsaraz_(parish)
http://www.w3.org/2002/07/owl#sameAs	http://rdf.freebase.com/ns/m.07h887
http://dbpedia.org/ontology/postalCode	"7200"
http://dbpedia.org/ontology/thumbnail	http://commons.wikimedia.org/wiki/Special:FilePath/Blick_auf_Monsaraz_bei_Evora.jpg?width=300
http://dbpedia.org/ontology/elevation	"195.0"^^http://www.w3.org/2001/XMLSchema#decimal
http://dbpedia.org/property/areaTotal	"88.290000000000006253"^^http://www.w3.org/2001/XMLSchema#decimal
http://dbpedia.org/ontology/wikiPageID	"2486367"^^http://www.w3.org/2001/XMLSchema#integer
http://www.w3.org/ns/prov#wasDerivedFrom	http://en.wikipedia.org/wiki/Monsaraz?oldid=704835564
http://dbpedia.org/property/district	http://dbpedia.org/resource/Évora_District
http://xmlns.com/foaf/0.1/depiction	http://commons.wikimedia.org/wiki/Special:FilePath/Blick_auf_Monsaraz_bei_Evora.jpg
http://dbpedia.org/property/patron	http://dbpedia.org/resource/Blessed_Virgin_Mary
http://purl.org/linguistics/gold/hypernym	http://dbpedia.org/resource/Parish
http://dbpedia.org/property/latd	"38.444000000000002615"^^http://www.w3.org/2001/XMLSchema#decimal
http://dbpedia.org/property/subregion	http://dbpedia.org/resource/Alentejo_Central
http://dbpedia.org/ontology/abstract	"Monsaraz é uma freguesia portuguesa do concelho de Reguengos de Monsaraz, com 88,29 km² de área e 782 habitantes (2011). A sua densidade populacional é de 8,9 h/km². Antiga sede de concelho, transferida pela primeira vez em 1838 e definitivamente em 1851 para a então vila de Reguengos de Monsaraz, hoje cidade. É importante não confundir Reguengos de Monsaraz com Monsaraz. São duas localidades distintas separadas por cerca de 15 quilómetros. A vila de Monsaraz foi conquistada aos mouros, em 1167, pelos homens de Geraldo Sem Pavor. O primeiro foral veio a ser concedido por D. Afonso III, em 15 de Janeiro de 1276. O castelo de Monsaraz desempenhou ao longo dos séculos o papel de sentinela do Guadiana, vigiando a fronteira com Castela. A vila chegou a administrar três freguesias: a Matriz de Santa Maria da Lagoa, Santiago e São Bartolomeu. Foi sede do concelho até 1838, quando esta função passou para a freguesia de Reguengos. Tem como Presidente desde 2005, Jorge Miguel Martins Berjano Nunes, um dos mais jovens autarcas do Pais, eleito com apenas 24 anos. Em 2007 Monsaraz foi uma das finalistas na escolha das 7 Maravilhas de Portugal."@pt
http://www.w3.org/2000/01/rdf-schema#label	"Monsaraz"@nl
http://xmlns.com/foaf/0.1/homepage	http://www.monsaraz.pt/
http://www.w3.org/1999/02/22-rdf-syntax-ns#type	http://dbpedia.org/class/yago/YagoPermanentlyLocatedEntity
http://dbpedia.org/property/region	http://dbpedia.org/resource/Alentejo
