#---Properties and values from: http://dbpedia.org/resource/Cezarina
Property	Value
http://dbpedia.org/property/lats	"15"^^http://www.w3.org/2001/XMLSchema#integer
http://dbpedia.org/ontology/wikiPageExternalLink	http://www.frigoletto.com.br/GeoEcon/idhgo.htm
http://dbpedia.org/ontology/wikiPageRevisionID	"721574275"^^http://www.w3.org/2001/XMLSchema#integer
http://dbpedia.org/property/latm	"58"^^http://www.w3.org/2001/XMLSchema#integer
http://dbpedia.org/property/latns	"S"^^http://www.w3.org/1999/02/22-rdf-syntax-ns#langString
http://dbpedia.org/property/imageMap	"Goias Municip Cezarina.svg"^^http://www.w3.org/1999/02/22-rdf-syntax-ns#langString
http://xmlns.com/foaf/0.1/isPrimaryTopicOf	http://en.wikipedia.org/wiki/Cezarina
http://dbpedia.org/property/microregion	http://dbpedia.org/resource/Vale_do_Rio_dos_Bois
http://dbpedia.org/property/longm	"45"^^http://www.w3.org/2001/XMLSchema#integer
http://dbpedia.org/property/populationTotal	"7361"^^http://www.w3.org/2001/XMLSchema#integer
http://dbpedia.org/property/longs	"58"^^http://www.w3.org/2001/XMLSchema#integer
http://dbpedia.org/property/populationAsOf	"2007"^^http://www.w3.org/2001/XMLSchema#integer
http://purl.org/dc/terms/subject	http://dbpedia.org/resource/Category:Municipalities_in_Goiás
http://dbpedia.org/property/elevation	"596"^^http://www.w3.org/2001/XMLSchema#integer
http://dbpedia.org/property/state	"GO"^^http://www.w3.org/1999/02/22-rdf-syntax-ns#langString
http://www.w3.org/2000/01/rdf-schema#comment	"Cezarina é um município brasileiro do estado de Goiás. Sua população estimada em 2010 era de 7.548 habitantes."@pt
http://dbpedia.org/property/longd	"49"^^http://www.w3.org/2001/XMLSchema#integer
http://xmlns.com/foaf/0.1/primaryTopic	http://en.wikipedia.org/wiki/Cezarina
http://www.w3.org/2002/07/owl#sameAs	http://www.wikidata.org/entity/Q857569
http://dbpedia.org/ontology/thumbnail	http://commons.wikimedia.org/wiki/Special:FilePath/Goias_Municip_Cezarina.svg?width=300
http://dbpedia.org/ontology/wikiPageID	"4295787"^^http://www.w3.org/2001/XMLSchema#integer
http://dbpedia.org/property/areaTotal	"417.19999999999998863"^^http://www.w3.org/2001/XMLSchema#decimal
http://www.w3.org/ns/prov#wasDerivedFrom	http://en.wikipedia.org/wiki/Cezarina?oldid=721574275
http://dbpedia.org/property/name	"Cezarina"^^http://www.w3.org/1999/02/22-rdf-syntax-ns#langString
http://xmlns.com/foaf/0.1/depiction	http://commons.wikimedia.org/wiki/Special:FilePath/Goias_Municip_Cezarina.svg
http://purl.org/linguistics/gold/hypernym	http://dbpedia.org/resource/Municipality
http://dbpedia.org/property/latd	"16"^^http://www.w3.org/2001/XMLSchema#integer
http://dbpedia.org/property/postalCode	"76195"^^http://www.w3.org/2001/XMLSchema#integer
http://dbpedia.org/ontology/abstract	"Cezarina is a municipality in central Goiás state, Brazil."@en
http://www.w3.org/2000/01/rdf-schema#label	"Cezarina"@nl
http://www.w3.org/1999/02/22-rdf-syntax-ns#type	http://dbpedia.org/class/yago/WikicatPopulatedPlacesInGoiás
