#---Properties and values from: http://dbpedia.org/resource/Prospect_Creek,_Alaska
Property	Value
http://xmlns.com/foaf/0.1/name	"Prospect Creek, Alaska"@en
http://dbpedia.org/property/junLowF	"42"^^http://www.w3.org/2001/XMLSchema#integer
http://dbpedia.org/property/octRecordHighF	"55"^^http://www.w3.org/2001/XMLSchema#integer
http://dbpedia.org/ontology/wikiPageExternalLink	http://www.dggs.dnr.state.ak.us/webpubs/dggs/pn/text/pn005.PDF
http://dbpedia.org/property/octLowF	"7.4000000000000003553"^^http://www.w3.org/2001/XMLSchema#decimal
http://dbpedia.org/property/aprRecordHighF	"56"^^http://www.w3.org/2001/XMLSchema#integer
http://dbpedia.org/property/latns	"N"^^http://www.w3.org/1999/02/22-rdf-syntax-ns#langString
http://dbpedia.org/property/aprLowF	"6.4000000000000003553"^^http://www.w3.org/2001/XMLSchema#decimal
http://dbpedia.org/property/junRecordHighF	"92"^^http://www.w3.org/2001/XMLSchema#integer
http://dbpedia.org/property/augSnowInch	"0"^^http://www.w3.org/2001/XMLSchema#integer
http://dbpedia.org/property/augHighF	"65.099999999999994316"^^http://www.w3.org/2001/XMLSchema#decimal
http://dbpedia.org/property/yearRecordHighF	"92"^^http://www.w3.org/2001/XMLSchema#integer
http://dbpedia.org/property/febRecordHighF	"39"^^http://www.w3.org/2001/XMLSchema#integer
http://dbpedia.org/property/location	"Prospect Creek Camp, Alaska"^^http://www.w3.org/1999/02/22-rdf-syntax-ns#langString
http://dbpedia.org/ontology/isPartOf	http://dbpedia.org/resource/Alaska
http://dbpedia.org/ontology/wikiPageDisambiguates	http://dbpedia.org/resource/Prospect_Creek
http://dbpedia.org/property/julPrecipitationInch	"1.7600000000000000089"^^http://www.w3.org/2001/XMLSchema#decimal
http://dbpedia.org/property/julLowF	"46"^^http://www.w3.org/2001/XMLSchema#integer
http://dbpedia.org/property/marHighF	"15.5"^^http://www.w3.org/2001/XMLSchema#decimal
http://dbpedia.org/ontology/elevation	"309.0"^^http://www.w3.org/2001/XMLSchema#decimal
http://dbpedia.org/property/janRecordLowF	"-80"^^http://www.w3.org/2001/XMLSchema#integer
http://dbpedia.org/ontology/timeZone	http://dbpedia.org/resource/Alaska_Time_Zone
http://dbpedia.org/property/julRecordLowF	"31"^^http://www.w3.org/2001/XMLSchema#integer
http://dbpedia.org/property/febPrecipitationInch	"0.47999999999999998224"^^http://www.w3.org/2001/XMLSchema#decimal
http://dbpedia.org/property/janRecordHighF	"36"^^http://www.w3.org/2001/XMLSchema#integer
http://dbpedia.org/property/yearPrecipitationInch	"13.199999999999999289"^^http://www.w3.org/2001/XMLSchema#decimal
http://dbpedia.org/property/junSnowInch	"trace"^^http://www.w3.org/1999/02/22-rdf-syntax-ns#langString
http://dbpedia.org/property/junPrecipitationInch	"2.3399999999999998579"^^http://www.w3.org/2001/XMLSchema#decimal
http://dbpedia.org/property/yearHighF	"31.399999999999998579"^^http://www.w3.org/2001/XMLSchema#decimal
http://dbpedia.org/property/novPrecipitationInch	"0.93999999999999994671"^^http://www.w3.org/2001/XMLSchema#decimal
http://dbpedia.org/property/janHighF	"-6.7999999999999998224"^^http://www.w3.org/2001/XMLSchema#decimal
http://dbpedia.org/property/janSnowInch	"8.6999999999999992895"^^http://www.w3.org/2001/XMLSchema#decimal
http://dbpedia.org/property/aprRecordLowF	"-43"^^http://www.w3.org/2001/XMLSchema#integer
http://dbpedia.org/ontology/wikiPageRevisionID	"735185260"^^http://www.w3.org/2001/XMLSchema#integer
http://dbpedia.org/property/janPrecipitationInch	"0.38000000000000000444"^^http://www.w3.org/2001/XMLSchema#decimal
http://dbpedia.org/property/coordinatesRegion	"US-AK"^^http://www.w3.org/1999/02/22-rdf-syntax-ns#langString
http://dbpedia.org/property/decLowF	"-21.199999999999999289"^^http://www.w3.org/2001/XMLSchema#decimal
http://dbpedia.org/property/longm	"38"^^http://www.w3.org/2001/XMLSchema#integer
http://dbpedia.org/ontology/country	http://dbpedia.org/resource/United_States
http://dbpedia.org/property/julRecordHighF	"88"^^http://www.w3.org/2001/XMLSchema#integer
http://dbpedia.org/property/decRecordHighF	"32"^^http://www.w3.org/2001/XMLSchema#integer
http://dbpedia.org/property/febSnowInch	"8"^^http://www.w3.org/2001/XMLSchema#integer
http://dbpedia.org/property/longs	"38"^^http://www.w3.org/2001/XMLSchema#integer
http://dbpedia.org/property/aprPrecipitationInch	"0.2000000000000000111"^^http://www.w3.org/2001/XMLSchema#decimal
http://dbpedia.org/property/junHighF	"64.400000000000005684"^^http://www.w3.org/2001/XMLSchema#decimal
http://dbpedia.org/property/longd	"150"^^http://www.w3.org/2001/XMLSchema#integer
http://dbpedia.org/property/sepSnowInch	"2.1000000000000000888"^^http://www.w3.org/2001/XMLSchema#decimal
http://dbpedia.org/property/marSnowInch	"8.6999999999999992895"^^http://www.w3.org/2001/XMLSchema#decimal
http://dbpedia.org/property/decSnowInch	"14.099999999999999645"^^http://www.w3.org/2001/XMLSchema#decimal
http://www.w3.org/2002/07/owl#sameAs	http://www.wikidata.org/entity/Q3407723
http://dbpedia.org/property/decPrecipitationInch	"0.56999999999999995115"^^http://www.w3.org/2001/XMLSchema#decimal
http://dbpedia.org/property/sepPrecipitationInch	"2.3399999999999998579"^^http://www.w3.org/2001/XMLSchema#decimal
http://dbpedia.org/property/singleLine	"yes"^^http://www.w3.org/1999/02/22-rdf-syntax-ns#langString
http://dbpedia.org/property/yearLowF	"9.4000000000000003553"^^http://www.w3.org/2001/XMLSchema#decimal
http://dbpedia.org/ontology/thumbnail	http://commons.wikimedia.org/wiki/Special:FilePath/Prospect_Creek.JPG?width=300
http://dbpedia.org/property/junRecordLowF	"20"^^http://www.w3.org/2001/XMLSchema#integer
http://dbpedia.org/property/mayRecordHighF	"76"^^http://www.w3.org/2001/XMLSchema#integer
http://dbpedia.org/ontology/utcOffset	"-8"
http://dbpedia.org/property/augLowF	"40.100000000000001421"^^http://www.w3.org/2001/XMLSchema#decimal
http://dbpedia.org/property/maySnowInch	"0.10000000000000000555"^^http://www.w3.org/2001/XMLSchema#decimal
http://dbpedia.org/property/yearSnowInch	"77.299999999999997158"^^http://www.w3.org/2001/XMLSchema#decimal
http://dbpedia.org/ontology/abstract	"Prospect Creek è una località dell'Alaska, sopra il Circolo Polare Artico, oramai solamente base scientifica visto che il clima non permetteva la vita su un territorio così aspro, stepposo e ghiacciato."@it
http://www.w3.org/2000/01/rdf-schema#label	"Prospect Creek (Alaska)"@fr
http://dbpedia.org/property/novHighF	"7.5"^^http://www.w3.org/2001/XMLSchema#decimal
http://dbpedia.org/property/longew	"W"^^http://www.w3.org/1999/02/22-rdf-syntax-ns#langString
http://dbpedia.org/property/augRecordHighF	"87"^^http://www.w3.org/2001/XMLSchema#integer
http://dbpedia.org/property/febRecordLowF	"-73"^^http://www.w3.org/2001/XMLSchema#integer
http://dbpedia.org/property/lats	"48"^^http://www.w3.org/2001/XMLSchema#integer
http://dbpedia.org/property/julHighF	"69.700000000000002842"^^http://www.w3.org/2001/XMLSchema#decimal
http://dbpedia.org/property/novRecordHighF	"46"^^http://www.w3.org/2001/XMLSchema#integer
http://dbpedia.org/property/novLowF	"-10"^^http://www.w3.org/2001/XMLSchema#integer
http://dbpedia.org/property/timezoneDst	"AKDT"^^http://www.w3.org/1999/02/22-rdf-syntax-ns#langString
http://dbpedia.org/property/latm	"48"^^http://www.w3.org/2001/XMLSchema#integer
http://dbpedia.org/property/imageSkyline	"Prospect_Creek.JPG"^^http://www.w3.org/1999/02/22-rdf-syntax-ns#langString
http://www.w3.org/2003/01/geo/wgs84_pos#long	"-150.643890380859375"^^http://www.w3.org/2001/XMLSchema#float
http://dbpedia.org/property/marRecordLowF	"−62"^^http://www.w3.org/1999/02/22-rdf-syntax-ns#langString
http://dbpedia.org/property/source	"Prospect Creek Camp, Alaska weather data"^^http://www.w3.org/1999/02/22-rdf-syntax-ns#langString
http://dbpedia.org/property/febLowF	"-23.5"^^http://www.w3.org/2001/XMLSchema#decimal
http://dbpedia.org/property/subdivisionType	http://dbpedia.org/resource/List_of_countries
http://dbpedia.org/property/novRecordLowF	"−56"^^http://www.w3.org/1999/02/22-rdf-syntax-ns#langString
http://dbpedia.org/property/octPrecipitationInch	"1.1399999999999999023"^^http://www.w3.org/2001/XMLSchema#decimal
http://purl.org/dc/terms/subject	http://dbpedia.org/resource/Category:Ghost_towns_in_Alaska
http://dbpedia.org/property/mayRecordLowF	"-10"^^http://www.w3.org/2001/XMLSchema#integer
http://dbpedia.org/property/augPrecipitationInch	"1.9799999999999999822"^^http://www.w3.org/2001/XMLSchema#decimal
http://dbpedia.org/property/sepRecordLowF	"3"^^http://www.w3.org/2001/XMLSchema#integer
http://dbpedia.org/property/marLowF	"-10.699999999999999289"^^http://www.w3.org/2001/XMLSchema#decimal
http://dbpedia.org/property/octSnowInch	"15"^^http://www.w3.org/2001/XMLSchema#integer
http://dbpedia.org/ontology/leaderName	http://dbpedia.org/resource/Benjamin_Nageak
http://dbpedia.org/property/decRecordLowF	"−70"^^http://www.w3.org/1999/02/22-rdf-syntax-ns#langString
http://dbpedia.org/ontology/areaTotal	"125000000.0"^^http://www.w3.org/2001/XMLSchema#decimal
http://dbpedia.org/property/octHighF	"25.600000000000001421"^^http://www.w3.org/2001/XMLSchema#decimal
http://www.w3.org/ns/prov#wasDerivedFrom	http://en.wikipedia.org/wiki/Prospect_Creek,_Alaska?oldid=735185260
http://dbpedia.org/property/decHighF	"−3.9"^^http://www.w3.org/1999/02/22-rdf-syntax-ns#langString
http://dbpedia.org/property/sepHighF	"50.200000000000002842"^^http://www.w3.org/2001/XMLSchema#decimal
http://dbpedia.org/ontology/areaCode	"907"
http://dbpedia.org/ontology/city	http://dbpedia.org/resource/Prospect_Creek_Airport
http://dbpedia.org/property/augRecordLowF	"17"^^http://www.w3.org/2001/XMLSchema#integer
http://dbpedia.org/property/octRecordLowF	"−41"^^http://www.w3.org/1999/02/22-rdf-syntax-ns#langString
http://dbpedia.org/property/latd	"66"^^http://www.w3.org/2001/XMLSchema#integer
http://dbpedia.org/property/julSnowInch	"0"^^http://www.w3.org/2001/XMLSchema#integer
http://dbpedia.org/property/mayLowF	"30.800000000000000711"^^http://www.w3.org/2001/XMLSchema#decimal
http://www.w3.org/1999/02/22-rdf-syntax-ns#type	http://dbpedia.org/class/yago/Region108630985
http://dbpedia.org/property/novSnowInch	"15.699999999999999289"^^http://www.w3.org/2001/XMLSchema#decimal
http://dbpedia.org/property/febHighF	"1.1000000000000000888"^^http://www.w3.org/2001/XMLSchema#decimal
http://dbpedia.org/property/janLowF	"-22.899999999999998579"^^http://www.w3.org/2001/XMLSchema#decimal
http://dbpedia.org/property/imageCaption	"Prospect Creek as viewed from a nearby hillside"^^http://www.w3.org/1999/02/22-rdf-syntax-ns#langString
http://dbpedia.org/property/pushpinLabelPosition	"left"^^http://www.w3.org/1999/02/22-rdf-syntax-ns#langString
http://dbpedia.org/property/sepRecordHighF	"76"^^http://www.w3.org/2001/XMLSchema#integer
http://xmlns.com/foaf/0.1/isPrimaryTopicOf	http://en.wikipedia.org/wiki/Prospect_Creek,_Alaska
http://dbpedia.org/property/aprHighF	"33.5"^^http://www.w3.org/2001/XMLSchema#decimal
http://dbpedia.org/property/marPrecipitationInch	"0.36999999999999999556"^^http://www.w3.org/2001/XMLSchema#decimal
http://dbpedia.org/property/populationTotal	"Uninhabited"^^http://www.w3.org/1999/02/22-rdf-syntax-ns#langString
http://dbpedia.org/property/populationAsOf	"2000"^^http://www.w3.org/2001/XMLSchema#integer
http://www.w3.org/2000/01/rdf-schema#comment	"Prospect Creek è una località dell'Alaska, sopra il Circolo Polare Artico, oramai solamente base scientifica visto che il clima non permetteva la vita su un territorio così aspro, stepposo e ghiacciato."@it
http://dbpedia.org/property/mayHighF	"55"^^http://www.w3.org/2001/XMLSchema#integer
http://dbpedia.org/ontology/type	http://dbpedia.org/resource/Census-designated_place
http://xmlns.com/foaf/0.1/primaryTopic	http://en.wikipedia.org/wiki/Prospect_Creek,_Alaska
http://dbpedia.org/ontology/leaderTitle	"State rep."@en
http://dbpedia.org/ontology/wikiPageRedirects	http://dbpedia.org/resource/Prospect_Creek_(Alaska)
http://www.w3.org/2003/01/geo/wgs84_pos#lat	"66.81333160400390625"^^http://www.w3.org/2001/XMLSchema#float
http://www.georss.org/georss/point	"66.81333333333333 -150.64388888888888"
http://dbpedia.org/ontology/wikiPageID	"20266776"^^http://www.w3.org/2001/XMLSchema#integer
http://dbpedia.org/property/marRecordHighF	"35"^^http://www.w3.org/2001/XMLSchema#integer
http://dbpedia.org/ontology/PopulatedPlace/areaTotal	"124.319429296128"^^http://dbpedia.org/datatype/squareKilometre
http://dbpedia.org/property/coordinatesDisplay	"title"^^http://www.w3.org/1999/02/22-rdf-syntax-ns#langString
http://dbpedia.org/property/pushpinMap	"Alaska"^^http://www.w3.org/1999/02/22-rdf-syntax-ns#langString
http://dbpedia.org/property/yearRecordLowF	"−80"^^http://www.w3.org/1999/02/22-rdf-syntax-ns#langString
http://xmlns.com/foaf/0.1/depiction	http://commons.wikimedia.org/wiki/Special:FilePath/Prospect_Creek.JPG
http://dbpedia.org/property/mayPrecipitationInch	"0.68999999999999994671"^^http://www.w3.org/2001/XMLSchema#decimal
http://dbpedia.org/property/pushpinMapCaption	"Location within the state of Alaska"^^http://www.w3.org/1999/02/22-rdf-syntax-ns#langString
http://www.w3.org/2003/01/geo/wgs84_pos#geometry	"POINT(-150.64389038086 66.813331604004)"^^http://www.openlinksw.com/schemas/virtrdf#Geometry
http://dbpedia.org/property/sepLowF	"28.5"^^http://www.w3.org/2001/XMLSchema#decimal
http://dbpedia.org/property/aprSnowInch	"4.7000000000000001776"^^http://www.w3.org/2001/XMLSchema#decimal
