#---Properties and values from: http://dbpedia.org/resource/Richmond,_Northern_Cape
Property	Value
http://xmlns.com/foaf/0.1/name	"Richmond"@en
http://dbpedia.org/property/lats	"48"^^http://www.w3.org/2001/XMLSchema#integer
http://dbpedia.org/ontology/wikiPageExternalLink	http://radiotoday.podomatic.com/entry/2014-10-28T05_29_25-07_00
http://dbpedia.org/ontology/deathPlace	http://dbpedia.org/resource/Thomas_François_Burgers
http://dbpedia.org/property/latm	"24"^^http://www.w3.org/2001/XMLSchema#integer
http://dbpedia.org/property/imageSkyline	"Loopstraat Richmond Noord-Kaap.jpg"^^http://www.w3.org/1999/02/22-rdf-syntax-ns#langString
http://www.w3.org/2003/01/geo/wgs84_pos#long	"23.946666717529296875"^^http://www.w3.org/2001/XMLSchema#float
http://dbpedia.org/property/west	http://dbpedia.org/resource/Victoria_West
http://purl.org/dc/terms/subject	http://dbpedia.org/resource/Category:Populated_places_in_the_Ubuntu_Local_Municipality
http://dbpedia.org/ontology/wikiPageDisambiguates	http://dbpedia.org/resource/Richmond
http://dbpedia.org/property/percentWhite	"2.9"^^http://dbpedia.org/datatype/perCent
http://www.w3.org/ns/prov#wasDerivedFrom	http://en.wikipedia.org/wiki/Richmond,_Northern_Cape?oldid=730559482
http://dbpedia.org/property/areaTotalKm	"83.099999999999994316"^^http://www.w3.org/2001/XMLSchema#decimal
http://dbpedia.org/property/district	"Pixley ka Seme"^^http://www.w3.org/1999/02/22-rdf-syntax-ns#langString
http://dbpedia.org/property/latd	"31"^^http://www.w3.org/2001/XMLSchema#integer
http://dbpedia.org/property/southeast	http://dbpedia.org/resource/Deelfontein
http://dbpedia.org/property/province	"Northern Cape"^^http://www.w3.org/1999/02/22-rdf-syntax-ns#langString
http://www.w3.org/1999/02/22-rdf-syntax-ns#type	http://www.wikidata.org/entity/Q486972
http://dbpedia.org/property/demographics2Info	"3.6"^^http://dbpedia.org/datatype/perCent
http://dbpedia.org/ontology/wikiPageRevisionID	"730559482"^^http://www.w3.org/2001/XMLSchema#integer
http://dbpedia.org/property/north	http://dbpedia.org/resource/Deelfontein
http://dbpedia.org/property/imageCaption	"Loopstraat, Richmond"^^http://www.w3.org/1999/02/22-rdf-syntax-ns#langString
http://dbpedia.org/property/demographics2Title	http://dbpedia.org/resource/English_language
http://xmlns.com/foaf/0.1/isPrimaryTopicOf	http://en.wikipedia.org/wiki/Richmond,_Northern_Cape
http://dbpedia.org/property/municipality	"Ubuntu"^^http://www.w3.org/1999/02/22-rdf-syntax-ns#langString
http://dbpedia.org/property/longm	"56"^^http://www.w3.org/2001/XMLSchema#integer
http://dbpedia.org/ontology/country	http://dbpedia.org/resource/South_Africa
http://dbpedia.org/property/populationTotal	"5122"^^http://www.w3.org/2001/XMLSchema#integer
http://dbpedia.org/property/populationAsOf	"2011"^^http://www.w3.org/2001/XMLSchema#integer
http://dbpedia.org/property/northwest	http://dbpedia.org/resource/Merriman,_Northern_Cape
http://dbpedia.org/property/longs	"48"^^http://www.w3.org/2001/XMLSchema#integer
http://www.w3.org/2000/01/rdf-schema#comment	"Richmond is een dorp gelegen in de gemeente Ubuntu in de centrale Karoo in de Zuid-Afrikaanse provincie Noord-Kaap. Het ligt aan de nationale weg N1. Het plaatsje is bekend om zijn merinoschapenboerderijen en paardenfokkerijen. Richmond beschikt over een van de slechts twee paardenmuseums ter wereld. Sinds een aantal jaren staat Richmond ook bekend als \"Boekenstad\" met een jaarlijks boekenfestival."@nl
http://dbpedia.org/property/percentOther	"0.9"^^http://dbpedia.org/datatype/perCent
http://dbpedia.org/property/leaderTitle	"Councillor"^^http://www.w3.org/1999/02/22-rdf-syntax-ns#langString
http://dbpedia.org/property/south	http://dbpedia.org/resource/Murraysburg
http://dbpedia.org/property/percentAsian	"0.6"^^http://dbpedia.org/datatype/perCent
http://dbpedia.org/property/longd	"23"^^http://www.w3.org/2001/XMLSchema#integer
http://xmlns.com/foaf/0.1/primaryTopic	http://en.wikipedia.org/wiki/Richmond,_Northern_Cape
http://dbpedia.org/property/east	http://dbpedia.org/resource/Victoria_West
http://dbpedia.org/ontology/routeJunction	http://dbpedia.org/resource/R63_road
http://dbpedia.org/ontology/wikiPageRedirects	http://dbpedia.org/resource/Sabelo
http://www.w3.org/2002/07/owl#sameAs	http://sws.geonames.org/962329/
http://www.w3.org/2003/01/geo/wgs84_pos#lat	"31.413333892822265625"^^http://www.w3.org/2001/XMLSchema#float
http://www.georss.org/georss/point	"31.413333333333334 23.946666666666665"
http://dbpedia.org/ontology/thumbnail	http://commons.wikimedia.org/wiki/Special:FilePath/Loopstraat_Richmond_Noord-Kaap.jpg?width=300
http://dbpedia.org/ontology/wikiPageID	"24388285"^^http://www.w3.org/2001/XMLSchema#integer
http://dbpedia.org/property/percentBlack	"32.6"^^http://dbpedia.org/datatype/perCent
http://dbpedia.org/property/northeast	http://dbpedia.org/resource/Hanover,_Northern_Cape
http://dbpedia.org/property/centre	"Richmond"^^http://www.w3.org/1999/02/22-rdf-syntax-ns#langString
http://xmlns.com/foaf/0.1/depiction	http://commons.wikimedia.org/wiki/Special:FilePath/Loopstraat_Richmond_Noord-Kaap.jpg
http://purl.org/linguistics/gold/hypernym	http://dbpedia.org/resource/Town
http://dbpedia.org/property/percentColoured	"62.9"^^http://dbpedia.org/datatype/perCent
http://dbpedia.org/property/establishedDate	"1843"^^http://www.w3.org/2001/XMLSchema#integer
http://dbpedia.org/property/southwest	http://dbpedia.org/resource/Noupoort
http://dbpedia.org/ontology/abstract	"Richmond is een dorp gelegen in de gemeente Ubuntu in de centrale Karoo in de Zuid-Afrikaanse provincie Noord-Kaap. Het ligt aan de nationale weg N1. Het plaatsje is bekend om zijn merinoschapenboerderijen en paardenfokkerijen. Richmond beschikt over een van de slechts twee paardenmuseums ter wereld. Sinds een aantal jaren staat Richmond ook bekend als \"Boekenstad\" met een jaarlijks boekenfestival."@nl
http://www.w3.org/2003/01/geo/wgs84_pos#geometry	"POINT(23.946666717529 31.413333892822)"^^http://www.openlinksw.com/schemas/virtrdf#Geometry
http://www.w3.org/2000/01/rdf-schema#label	"Richmond, Northern Cape"@en
