#---Properties and values from: http://dbpedia.org/resource/Auckland_City
Property	Value
http://xmlns.com/foaf/0.1/name	"Auckland City"@en
http://dbpedia.org/ontology/wikiPageExternalLink	http://www.hotcity.co.nz/
http://dbpedia.org/property/club	http://dbpedia.org/resource/2013_OFC_U-20_Championship_squads
http://dbpedia.org/property/timezoneDst	"NZDT"^^http://www.w3.org/1999/02/22-rdf-syntax-ns#langString
http://dbpedia.org/ontology/deathPlace	http://dbpedia.org/resource/Peter_Williams_(Irish_cricketer)
http://www.w3.org/2003/01/geo/wgs84_pos#long	"174.7550048828125"^^http://www.w3.org/2001/XMLSchema#float
http://dbpedia.org/property/subdivisionType	http://dbpedia.org/resource/Regions_of_New_Zealand
http://dbpedia.org/property/extinctDate	"2010-11-01"^^http://www.w3.org/2001/XMLSchema#date
http://dbpedia.org/ontology/populationAsOf	"2010-06-30"^^http://www.w3.org/2001/XMLSchema#date
http://dbpedia.org/ontology/wikiPageDisambiguates	http://dbpedia.org/resource/Auckland_(disambiguation)
http://purl.org/dc/terms/subject	http://dbpedia.org/resource/Category:Territorial_authorities_of_New_Zealand
http://dbpedia.org/ontology/isPartOf	http://dbpedia.org/resource/Parakai
http://dbpedia.org/ontology/recordedIn	http://dbpedia.org/resource/Bleeders_(album)
http://dbpedia.org/ontology/areaTotal	"637000000.0"^^http://www.w3.org/2001/XMLSchema#decimal
http://www.w3.org/ns/prov#wasDerivedFrom	http://en.wikipedia.org/wiki/Auckland_City?oldid=738179930
http://dbpedia.org/ontology/timeZone	http://dbpedia.org/resource/Time_in_New_Zealand
http://dbpedia.org/property/totalType	"Total"^^http://www.w3.org/1999/02/22-rdf-syntax-ns#langString
http://dbpedia.org/ontology/areaCode	"09"
http://dbpedia.org/property/destinations	http://dbpedia.org/resource/New_Zealand_State_Highway_16
http://dbpedia.org/property/shieldSize	"150"^^http://www.w3.org/2001/XMLSchema#integer
http://dbpedia.org/property/establishedTitle	"Final extent formed"^^http://www.w3.org/1999/02/22-rdf-syntax-ns#langString
http://dbpedia.org/property/mapsize	"200"^^http://www.w3.org/2001/XMLSchema#integer
http://dbpedia.org/property/end	http://dbpedia.org/resource/Thames_Express
http://xmlns.com/foaf/0.1/homepage	http://www.aucklandcity.govt.nz/
http://www.w3.org/1999/02/22-rdf-syntax-ns#type	http://dbpedia.org/class/yago/Region108630985
http://dbpedia.org/property/populationDensityKm	"auto"^^http://www.w3.org/1999/02/22-rdf-syntax-ns#langString
http://dbpedia.org/ontology/wikiPageRevisionID	"738179930"^^http://www.w3.org/2001/XMLSchema#integer
http://dbpedia.org/property/mapCaption	"Auckland City's location in the North Island"^^http://www.w3.org/1999/02/22-rdf-syntax-ns#langString
http://dbpedia.org/property/imageMap	"Auckland Territorial Authority.PNG"^^http://www.w3.org/1999/02/22-rdf-syntax-ns#langString
http://dbpedia.org/property/seat	http://dbpedia.org/resource/Auckland_CBD
http://xmlns.com/foaf/0.1/isPrimaryTopicOf	http://en.wikipedia.org/wiki/Auckland_City
http://dbpedia.org/property/postalCodeType	"Postcode"^^http://www.w3.org/1999/02/22-rdf-syntax-ns#langString
http://dbpedia.org/ontology/hometown	http://dbpedia.org/resource/Kids_of_88
http://dbpedia.org/ontology/headquarter	http://dbpedia.org/resource/Air_New_Zealand_Link
http://dbpedia.org/ontology/country	http://dbpedia.org/resource/New_Zealand
http://dbpedia.org/property/populationTotal	"|R"^^http://www.w3.org/1999/02/22-rdf-syntax-ns#langString
http://dbpedia.org/property/stadium	http://dbpedia.org/resource/2011–12_A-League
http://www.w3.org/2000/01/rdf-schema#comment	"Auckland City war bis zum 30. Oktober 2010 eine eigenständige Territorial Authority (Gebietskörperschaft) in der Region Auckland auf der Nordinsel von Neuseeland. Im Jahr 2006 war Auckland City mit 404.658 Einwohnern  die größte Stadt des Landes vor Christchurch."@de
http://dbpedia.org/ontology/type	http://dbpedia.org/resource/Territorial_authorities_of_New_Zealand
http://dbpedia.org/property/imageShield	"Auckland City Coat of Arms.jpg"^^http://www.w3.org/1999/02/22-rdf-syntax-ns#langString
http://xmlns.com/foaf/0.1/primaryTopic	http://en.wikipedia.org/wiki/Auckland_City
http://dbpedia.org/ontology/leaderTitle	"Mayor"@en
http://dbpedia.org/ontology/wikiPageRedirects	http://dbpedia.org/resource/City_of_Auckland
http://www.w3.org/2002/07/owl#sameAs	http://id.dbpedia.org/resource/Kota_Auckland
http://www.w3.org/2003/01/geo/wgs84_pos#lat	"-36.8730010986328125"^^http://www.w3.org/2001/XMLSchema#float
http://www.georss.org/georss/point	"-36.873 174.755"
http://dbpedia.org/ontology/thumbnail	http://commons.wikimedia.org/wiki/Special:FilePath/Auckland_City_Coat_of_Arms.jpg?width=300
http://dbpedia.org/ontology/locationCity	http://dbpedia.org/resource/Freeview_(New_Zealand)
http://dbpedia.org/ontology/wikiPageID	"1240600"^^http://www.w3.org/2001/XMLSchema#integer
http://dbpedia.org/ontology/location	http://dbpedia.org/resource/Auckland_Art_Gallery
http://dbpedia.org/ontology/utcOffset	"+13"
http://dbpedia.org/property/hqLocationCity	http://dbpedia.org/resource/Adecco_General_Staffing,_New_Zealand
http://dbpedia.org/ontology/birthPlace	http://dbpedia.org/resource/Leigh_Hamilton
http://dbpedia.org/ontology/PopulatedPlace/areaTotal	"637.0"^^http://dbpedia.org/datatype/squareKilometre
http://xmlns.com/foaf/0.1/depiction	http://commons.wikimedia.org/wiki/Special:FilePath/Auckland_City_Coat_of_Arms.jpg
http://purl.org/linguistics/gold/hypernym	http://dbpedia.org/resource/District
http://dbpedia.org/property/establishedDate	"1989"^^http://www.w3.org/2001/XMLSchema#integer
http://dbpedia.org/ontology/abstract	"Auckland City war bis zum 30. Oktober 2010 eine eigenständige Territorial Authority (Gebietskörperschaft) in der Region Auckland auf der Nordinsel von Neuseeland. Im Jahr 2006 war Auckland City mit 404.658 Einwohnern  die größte Stadt des Landes vor Christchurch."@de
http://www.w3.org/2003/01/geo/wgs84_pos#geometry	"POINT(174.75500488281 -36.873001098633)"^^http://www.openlinksw.com/schemas/virtrdf#Geometry
http://www.w3.org/2000/01/rdf-schema#label	"Auckland City"@nl
http://dbpedia.org/property/extinctTitle	"Disestablished"^^http://www.w3.org/1999/02/22-rdf-syntax-ns#langString
