#---Properties and values from: http://dbpedia.org/resource/Hurdegaryp
Property	Value
http://xmlns.com/foaf/0.1/name	"Hurdegaryp"@en
http://dbpedia.org/ontology/wikiPageRevisionID	"743178048"^^http://www.w3.org/2001/XMLSchema#integer
http://dbpedia.org/property/settlementType	"Village"^^http://www.w3.org/1999/02/22-rdf-syntax-ns#langString
http://www.w3.org/2003/01/geo/wgs84_pos#long	"5.9402775764465332031"^^http://www.w3.org/2001/XMLSchema#float
http://dbpedia.org/property/imageMap	"LocatieHurdegaryp.png"^^http://www.w3.org/1999/02/22-rdf-syntax-ns#langString
http://xmlns.com/foaf/0.1/isPrimaryTopicOf	http://en.wikipedia.org/wiki/Hurdegaryp
http://dbpedia.org/property/subdivisionType	"Province"^^http://www.w3.org/1999/02/22-rdf-syntax-ns#langString
http://dbpedia.org/ontology/country	http://dbpedia.org/resource/Netherlands
http://dbpedia.org/property/populationTotal	"c. 5000"^^http://www.w3.org/1999/02/22-rdf-syntax-ns#langString
http://purl.org/dc/terms/subject	http://dbpedia.org/resource/Category:Tytsjerksteradiel
http://dbpedia.org/ontology/isPartOf	http://dbpedia.org/resource/Friesland
http://www.w3.org/2000/01/rdf-schema#comment	"Hardegarijp (sinds 1989 officieel, Fries: Hurdegaryp) is een dorp in de gemeente Tietjerksteradeel, in de Nederlandse provincie Friesland; het telt ongeveer 4800 inwoners. Het dorp ligt aan de spoorlijn Groningen-Leeuwarden. Op station Hurdegaryp stoppen twee keer per uur de stoptreinen in beide richtingen. Het dorp is gelegen aan de Groningerstraatweg van Leeuwarden naar Groningen (N355)."@nl
http://xmlns.com/foaf/0.1/primaryTopic	http://en.wikipedia.org/wiki/Hurdegaryp
http://dbpedia.org/ontology/wikiPageRedirects	http://dbpedia.org/resource/Hardegarijp
http://www.w3.org/2002/07/owl#sameAs	http://wikidata.dbpedia.org/resource/Q1025097
http://www.w3.org/2003/01/geo/wgs84_pos#lat	"53.215000152587890625"^^http://www.w3.org/2001/XMLSchema#float
http://www.georss.org/georss/point	"53.215 5.940277777777778"
http://dbpedia.org/ontology/thumbnail	http://commons.wikimedia.org/wiki/Special:FilePath/LocatieHurdegaryp.png?width=300
http://dbpedia.org/ontology/wikiPageID	"174015"^^http://www.w3.org/2001/XMLSchema#integer
http://www.w3.org/ns/prov#wasDerivedFrom	http://en.wikipedia.org/wiki/Hurdegaryp?oldid=743178048
http://xmlns.com/foaf/0.1/depiction	http://commons.wikimedia.org/wiki/Special:FilePath/LocatieHurdegaryp.png
http://purl.org/linguistics/gold/hypernym	http://dbpedia.org/resource/Village
http://dbpedia.org/ontology/abstract	"Hurdegaryp (Dutch: Hardegarijp) is a village in the northern part of the Netherlands, in the municipality of Tytsjerksteradiel. Its history dates back to at least the 13th century. It had a population of around 5000 in 2008. In Dutch the village is called Hardegarijp, Hurdegaryp is its West Frisian and official name."@en
http://www.w3.org/2003/01/geo/wgs84_pos#geometry	"POINT(5.9402775764465 53.215000152588)"^^http://www.openlinksw.com/schemas/virtrdf#Geometry
http://www.w3.org/2000/01/rdf-schema#label	"Hurdegaryp"@de
http://dbpedia.org/property/mapsize	"280"^^http://www.w3.org/2001/XMLSchema#integer
http://www.w3.org/1999/02/22-rdf-syntax-ns#type	http://umbel.org/umbel/rc/PopulatedPlace
