#---Properties and values from: http://dbpedia.org/resource/Akyemansa_District
Property	Value
http://dbpedia.org/property/longew	"W"^^http://www.w3.org/1999/02/22-rdf-syntax-ns#langString
http://xmlns.com/foaf/0.1/name	"Akyemansa District"@en
http://dbpedia.org/ontology/wikiPageExternalLink	http://www.ghanadistricts.com/index.asp
http://dbpedia.org/ontology/wikiPageRevisionID	"609508323"^^http://www.w3.org/2001/XMLSchema#integer
http://dbpedia.org/property/mapCaption	"Eastern Region districts"^^http://www.w3.org/1999/02/22-rdf-syntax-ns#langString
http://dbpedia.org/property/latm	"10"^^http://www.w3.org/2001/XMLSchema#integer
http://dbpedia.org/property/latns	"N"^^http://www.w3.org/1999/02/22-rdf-syntax-ns#langString
http://www.w3.org/2003/01/geo/wgs84_pos#long	"-1.1499999761581420898"^^http://www.w3.org/2001/XMLSchema#float
http://dbpedia.org/property/coordinatesRegion	"GH"^^http://www.w3.org/1999/02/22-rdf-syntax-ns#langString
http://dbpedia.org/property/governmentType	"District Assembly"^^http://www.w3.org/1999/02/22-rdf-syntax-ns#langString
http://dbpedia.org/property/imageMap	"Eastern Ghana districts.png"^^http://www.w3.org/1999/02/22-rdf-syntax-ns#langString
http://dbpedia.org/property/id	"ygh"^^http://www.w3.org/1999/02/22-rdf-syntax-ns#langString
http://xmlns.com/foaf/0.1/isPrimaryTopicOf	http://en.wikipedia.org/wiki/Akyemansa_District
http://dbpedia.org/property/subdivisionType	"Region"^^http://www.w3.org/1999/02/22-rdf-syntax-ns#langString
http://dbpedia.org/property/longm	"9"^^http://www.w3.org/2001/XMLSchema#integer
http://dbpedia.org/property/populationTotal	"—"^^http://www.w3.org/1999/02/22-rdf-syntax-ns#langString
http://dbpedia.org/property/populationAsOf	"2013"^^http://www.w3.org/2001/XMLSchema#integer
http://purl.org/dc/terms/subject	http://dbpedia.org/resource/Category:Districts_of_the_Eastern_Region_(Ghana)
http://dbpedia.org/ontology/isPartOf	http://dbpedia.org/resource/Ofoase
http://www.w3.org/2000/01/rdf-schema#comment	"The Akyemansa District is one of the twenty-one (21) districts of the Eastern Region of south Ghana. The capital of Akyemansa district is Ofoase."@en
http://dbpedia.org/ontology/type	http://dbpedia.org/resource/District
http://dbpedia.org/property/longd	"1"^^http://www.w3.org/2001/XMLSchema#integer
http://xmlns.com/foaf/0.1/primaryTopic	http://en.wikipedia.org/wiki/Akyemansa_District
http://dbpedia.org/ontology/leaderTitle	"District Executive"@en
http://dbpedia.org/property/imageSeal	"Akyemansa District Assembly logo.jpg"^^http://www.w3.org/1999/02/22-rdf-syntax-ns#langString
http://www.w3.org/2002/07/owl#sameAs	http://dbpedia.org/resource/Akyemansa_District
http://dbpedia.org/property/coordinatesType	"type:adm2nd"^^http://www.w3.org/1999/02/22-rdf-syntax-ns#langString
http://www.w3.org/2003/01/geo/wgs84_pos#lat	"6.1666665077209472656"^^http://www.w3.org/2001/XMLSchema#float
http://www.georss.org/georss/point	"6.166666666666667 -1.15"
http://dbpedia.org/ontology/thumbnail	http://en.wikipedia.org/wiki/Special:FilePath/Akyemansa_District_Assembly_logo.jpg?width=300
http://dbpedia.org/ontology/wikiPageID	"31590976"^^http://www.w3.org/2001/XMLSchema#integer
http://dbpedia.org/ontology/utcOffset	"+0"
http://www.w3.org/ns/prov#wasDerivedFrom	http://en.wikipedia.org/wiki/Akyemansa_District?oldid=609508323
http://dbpedia.org/ontology/timeZone	http://dbpedia.org/resource/Greenwich_Mean_Time
http://dbpedia.org/property/leaderName	"Tom Budu"^^http://www.w3.org/1999/02/22-rdf-syntax-ns#langString
http://dbpedia.org/property/coordinatesDisplay	"inline,title"^^http://www.w3.org/1999/02/22-rdf-syntax-ns#langString
http://dbpedia.org/property/pushpinMap	"Ghana"^^http://www.w3.org/1999/02/22-rdf-syntax-ns#langString
http://xmlns.com/foaf/0.1/depiction	http://en.wikipedia.org/wiki/Special:FilePath/Akyemansa_District_Assembly_logo.jpg
http://purl.org/linguistics/gold/hypernym	http://dbpedia.org/resource/Districts
http://dbpedia.org/property/latd	"6"^^http://www.w3.org/2001/XMLSchema#integer
http://dbpedia.org/ontology/abstract	"The Akyemansa District is one of the twenty-one (21) districts of the Eastern Region of south Ghana. The capital of Akyemansa district is Ofoase."@en
http://dbpedia.org/property/pushpinMapCaption	"Location of Akyemansa district in Eastern Region"^^http://www.w3.org/1999/02/22-rdf-syntax-ns#langString
http://www.w3.org/2003/01/geo/wgs84_pos#geometry	"POINT(-1.1499999761581 6.1666665077209)"^^http://www.openlinksw.com/schemas/virtrdf#Geometry
http://dbpedia.org/property/title	"Akyemansa District"^^http://www.w3.org/1999/02/22-rdf-syntax-ns#langString
http://www.w3.org/2000/01/rdf-schema#label	"Akyemansa District"@en
http://www.w3.org/1999/02/22-rdf-syntax-ns#type	http://dbpedia.org/ontology/Location
