#---Properties and values from: http://dbpedia.org/resource/Tjerkwerd
Property	Value
http://xmlns.com/foaf/0.1/name	"Tsjerkwerd"@en
http://dbpedia.org/ontology/wikiPageRevisionID	"735272229"^^http://www.w3.org/2001/XMLSchema#integer
http://dbpedia.org/property/settlementType	"Village"^^http://www.w3.org/1999/02/22-rdf-syntax-ns#langString
http://dbpedia.org/property/imageSkyline	"Tjerkwerd Tsjerkwert.jpg"^^http://www.w3.org/1999/02/22-rdf-syntax-ns#langString
http://www.w3.org/2003/01/geo/wgs84_pos#long	"5.5011110305786132812"^^http://www.w3.org/2001/XMLSchema#float
http://dbpedia.org/property/imageMap	"Map NL Wûnseradiel Tsjerkwert.png"^^http://www.w3.org/1999/02/22-rdf-syntax-ns#langString
http://xmlns.com/foaf/0.1/isPrimaryTopicOf	http://en.wikipedia.org/wiki/Tjerkwerd
http://dbpedia.org/property/subdivisionType	"Country"^^http://www.w3.org/1999/02/22-rdf-syntax-ns#langString
http://dbpedia.org/ontology/country	http://dbpedia.org/resource/Netherlands
http://dbpedia.org/property/populationTotal	"c. 460"^^http://www.w3.org/1999/02/22-rdf-syntax-ns#langString
http://purl.org/dc/terms/subject	http://dbpedia.org/resource/Category:Súdwest-Fryslân
http://dbpedia.org/ontology/isPartOf	http://dbpedia.org/resource/Friesland
http://www.w3.org/2000/01/rdf-schema#comment	"Tjerkwerd est un village situé dans la commune néerlandaise de Súdwest Fryslân, dans la province de la Frise. Son nom en frison est Tsjerkwert. Le 1er janvier 2009, le village comptait 466 habitants. 
* Portail des Pays-Bas Portail des Pays-Bas"@fr
http://xmlns.com/foaf/0.1/primaryTopic	http://en.wikipedia.org/wiki/Tjerkwerd
http://www.w3.org/2002/07/owl#sameAs	http://yago-knowledge.org/resource/Tjerkwerd
http://www.w3.org/2003/01/geo/wgs84_pos#lat	"53.041942596435546875"^^http://www.w3.org/2001/XMLSchema#float
http://www.georss.org/georss/point	"53.04194444444445 5.501111111111111"
http://dbpedia.org/ontology/thumbnail	http://commons.wikimedia.org/wiki/Special:FilePath/Tjerkwerd_Tsjerkwert.jpg?width=300
http://dbpedia.org/ontology/wikiPageID	"21056357"^^http://www.w3.org/2001/XMLSchema#integer
http://www.w3.org/ns/prov#wasDerivedFrom	http://en.wikipedia.org/wiki/Tjerkwerd?oldid=735272229
http://xmlns.com/foaf/0.1/depiction	http://commons.wikimedia.org/wiki/Special:FilePath/Tjerkwerd_Tsjerkwert.jpg
http://purl.org/linguistics/gold/hypernym	http://dbpedia.org/resource/Village
http://dbpedia.org/ontology/abstract	"Tjerkwerd est un village situé dans la commune néerlandaise de Súdwest Fryslân, dans la province de la Frise. Son nom en frison est Tsjerkwert. Le 1er janvier 2009, le village comptait 466 habitants. 
* Portail des Pays-Bas Portail des Pays-Bas"@fr
http://www.w3.org/2003/01/geo/wgs84_pos#geometry	"POINT(5.5011110305786 53.041942596436)"^^http://www.openlinksw.com/schemas/virtrdf#Geometry
http://www.w3.org/2000/01/rdf-schema#label	"Tjerkwerd"@fr
http://dbpedia.org/property/mapsize	"280"^^http://www.w3.org/2001/XMLSchema#integer
http://www.w3.org/1999/02/22-rdf-syntax-ns#type	http://dbpedia.org/class/yago/Tract108673395
