#---Properties and values from: http://dbpedia.org/resource/Combinado
Property	Value
http://dbpedia.org/property/lats	"31"^^http://www.w3.org/2001/XMLSchema#integer
http://dbpedia.org/ontology/wikiPageRevisionID	"720869583"^^http://www.w3.org/2001/XMLSchema#integer
http://dbpedia.org/property/latm	"47"^^http://www.w3.org/2001/XMLSchema#integer
http://dbpedia.org/property/latns	"S"^^http://www.w3.org/1999/02/22-rdf-syntax-ns#langString
http://dbpedia.org/property/imageMap	"Tocantins Municip Combinado.svg"^^http://www.w3.org/1999/02/22-rdf-syntax-ns#langString
http://xmlns.com/foaf/0.1/isPrimaryTopicOf	http://en.wikipedia.org/wiki/Combinado
http://dbpedia.org/property/longm	"32"^^http://www.w3.org/2001/XMLSchema#integer
http://dbpedia.org/property/populationTotal	"4307"^^http://www.w3.org/2001/XMLSchema#integer
http://dbpedia.org/property/longs	"20"^^http://www.w3.org/2001/XMLSchema#integer
http://dbpedia.org/property/populationAsOf	"2005"^^http://www.w3.org/2001/XMLSchema#integer
http://purl.org/dc/terms/subject	http://dbpedia.org/resource/Category:Municipalities_in_Tocantins
http://dbpedia.org/property/state	"TO"^^http://www.w3.org/1999/02/22-rdf-syntax-ns#langString
http://www.w3.org/2000/01/rdf-schema#comment	"Combinado is a municipality located in the Brazilian state of Tocantins. Its population was 4,307 (2005) and its area is 210 km²."@en
http://dbpedia.org/property/longd	"46"^^http://www.w3.org/2001/XMLSchema#integer
http://xmlns.com/foaf/0.1/primaryTopic	http://en.wikipedia.org/wiki/Combinado
http://www.w3.org/2002/07/owl#sameAs	http://rdf.freebase.com/ns/m.027vm2_
http://dbpedia.org/ontology/thumbnail	http://commons.wikimedia.org/wiki/Special:FilePath/Tocantins_Municip_Combinado.svg?width=300
http://dbpedia.org/ontology/wikiPageID	"9041875"^^http://www.w3.org/2001/XMLSchema#integer
http://dbpedia.org/property/areaTotal	"210"^^http://www.w3.org/2001/XMLSchema#integer
http://www.w3.org/ns/prov#wasDerivedFrom	http://en.wikipedia.org/wiki/Combinado?oldid=720869583
http://dbpedia.org/property/name	"Combinado"^^http://www.w3.org/1999/02/22-rdf-syntax-ns#langString
http://xmlns.com/foaf/0.1/depiction	http://commons.wikimedia.org/wiki/Special:FilePath/Tocantins_Municip_Combinado.svg
http://purl.org/linguistics/gold/hypernym	http://dbpedia.org/resource/Municipality
http://dbpedia.org/property/latd	"12"^^http://www.w3.org/2001/XMLSchema#integer
http://dbpedia.org/ontology/abstract	"Combinado è un comune del Brasile nello Stato del Tocantins, parte della mesoregione Oriental do Tocantins e della microregione di Dianópolis."@it
http://www.w3.org/2000/01/rdf-schema#label	"孔比纳杜"@zh
http://www.w3.org/1999/02/22-rdf-syntax-ns#type	http://dbpedia.org/class/yago/YagoGeoEntity
