#---Properties and values from: http://dbpedia.org/resource/Vámoscsalád
Property	Value
http://dbpedia.org/property/lats	"21.910000000000000142"^^http://www.w3.org/2001/XMLSchema#decimal
http://dbpedia.org/ontology/wikiPageRevisionID	"594208081"^^http://www.w3.org/2001/XMLSchema#integer
http://dbpedia.org/property/latm	"23"^^http://www.w3.org/2001/XMLSchema#integer
http://dbpedia.org/property/areaCode	"95"^^http://www.w3.org/2001/XMLSchema#integer
http://www.w3.org/2003/01/geo/wgs84_pos#long	"16.96666717529296875"^^http://www.w3.org/2001/XMLSchema#float
http://dbpedia.org/property/county	"Vas"^^http://www.w3.org/1999/02/22-rdf-syntax-ns#langString
http://xmlns.com/foaf/0.1/isPrimaryTopicOf	http://en.wikipedia.org/wiki/Vámoscsalád
http://dbpedia.org/property/longm	"57"^^http://www.w3.org/2001/XMLSchema#integer
http://dbpedia.org/property/populationTotal	"366"^^http://www.w3.org/2001/XMLSchema#integer
http://dbpedia.org/property/kshCode	"31051"^^http://www.w3.org/2001/XMLSchema#integer
http://dbpedia.org/property/longs	"55.579999999999998295"^^http://www.w3.org/2001/XMLSchema#decimal
http://dbpedia.org/property/populationAsOf	"2008-01-01"^^http://www.w3.org/2001/XMLSchema#date
http://purl.org/dc/terms/subject	http://dbpedia.org/resource/Category:Populated_places_in_Vas_County
http://www.w3.org/2000/01/rdf-schema#comment	"Vámoscsalád is een plaats (község) en gemeente in het Hongaarse comitaat Vas. Vámoscsalád telt 373 inwoners (2001). Coördinaten 47° 23′ NB, 16° 58′ OL"@nl
http://dbpedia.org/property/longd	"16"^^http://www.w3.org/2001/XMLSchema#integer
http://xmlns.com/foaf/0.1/primaryTopic	http://en.wikipedia.org/wiki/Vámoscsalád
http://www.w3.org/2002/07/owl#sameAs	http://sws.geonames.org/3043212/
http://dbpedia.org/ontology/wikiPageRedirects	http://dbpedia.org/resource/Vamoscsalad
http://www.w3.org/2003/01/geo/wgs84_pos#lat	"47.383335113525390625"^^http://www.w3.org/2001/XMLSchema#float
http://www.georss.org/georss/point	"47.38333333333333 16.966666666666665"
http://dbpedia.org/ontology/wikiPageID	"16807356"^^http://www.w3.org/2001/XMLSchema#integer
http://www.w3.org/ns/prov#wasDerivedFrom	http://en.wikipedia.org/wiki/Vámoscsalád?oldid=594208081
http://dbpedia.org/property/name	"Vámoscsalád"^^http://www.w3.org/1999/02/22-rdf-syntax-ns#langString
http://dbpedia.org/property/areaTotalKm	"11.779999999999999361"^^http://www.w3.org/2001/XMLSchema#decimal
http://purl.org/linguistics/gold/hypernym	http://dbpedia.org/resource/Village
http://dbpedia.org/property/latd	"47"^^http://www.w3.org/2001/XMLSchema#integer
http://dbpedia.org/property/subregion	"Sárvári"^^http://www.w3.org/1999/02/22-rdf-syntax-ns#langString
http://dbpedia.org/property/postalCode	"9665"^^http://www.w3.org/2001/XMLSchema#integer
http://dbpedia.org/ontology/abstract	"Vámoscsalád est un village et une commune du comitat de Vas en Hongrie."@fr
http://www.w3.org/2003/01/geo/wgs84_pos#geometry	"POINT(16.966667175293 47.383335113525)"^^http://www.openlinksw.com/schemas/virtrdf#Geometry
http://www.w3.org/2000/01/rdf-schema#label	"Vámoscsalád"@it
http://www.w3.org/1999/02/22-rdf-syntax-ns#type	http://dbpedia.org/class/yago/WikicatPopulatedPlacesInVasCounty
http://dbpedia.org/property/region	"Nyugat-Dunántúl"^^http://www.w3.org/1999/02/22-rdf-syntax-ns#langString
