#---Properties and values from: http://dbpedia.org/resource/São_João_do_Pau_d'Alho
Property	Value
http://dbpedia.org/property/lats	"5"^^http://www.w3.org/2001/XMLSchema#integer
http://dbpedia.org/ontology/wikiPageRevisionID	"720307253"^^http://www.w3.org/2001/XMLSchema#integer
http://dbpedia.org/property/latm	"16"^^http://www.w3.org/2001/XMLSchema#integer
http://dbpedia.org/property/latns	"S"^^http://www.w3.org/1999/02/22-rdf-syntax-ns#langString
http://dbpedia.org/property/imageMap	"SaoPaulo Municip SaoJoaodoPaudAlho.svg"^^http://www.w3.org/1999/02/22-rdf-syntax-ns#langString
http://xmlns.com/foaf/0.1/isPrimaryTopicOf	http://en.wikipedia.org/wiki/São_João_do_Pau_d'Alho
http://dbpedia.org/property/longm	"39"^^http://www.w3.org/2001/XMLSchema#integer
http://dbpedia.org/property/populationTotal	"2141"^^http://www.w3.org/2001/XMLSchema#integer
http://dbpedia.org/property/populationAsOf	"2015"^^http://www.w3.org/2001/XMLSchema#integer
http://dbpedia.org/property/longs	"57"^^http://www.w3.org/2001/XMLSchema#integer
http://purl.org/dc/terms/subject	http://dbpedia.org/resource/Category:Municipalities_in_São_Paulo_(state)
http://dbpedia.org/property/state	"SP"^^http://www.w3.org/1999/02/22-rdf-syntax-ns#langString
http://dbpedia.org/ontology/wikiPageDisambiguates	http://dbpedia.org/resource/São_João
http://www.w3.org/2000/01/rdf-schema#comment	"São João do Pau-d'Alho – miasto i gmina w Brazylii, w stanie São Paulo. Znajduje się w mezoregionie Presidente Prudente i mikroregionie Dracena."@pl
http://dbpedia.org/property/longd	"51"^^http://www.w3.org/2001/XMLSchema#integer
http://xmlns.com/foaf/0.1/primaryTopic	http://en.wikipedia.org/wiki/São_João_do_Pau_d'Alho
http://www.w3.org/2002/07/owl#sameAs	http://fr.dbpedia.org/resource/São_João_do_Pau_d'Alho
http://dbpedia.org/ontology/wikiPageRedirects	http://dbpedia.org/resource/Sao_Joao_do_Pau_d'Alho
http://dbpedia.org/ontology/thumbnail	http://commons.wikimedia.org/wiki/Special:FilePath/SaoPaulo_Municip_SaoJoaodoPaudAlho.svg?width=300
http://dbpedia.org/property/areaTotal	"118"^^http://www.w3.org/2001/XMLSchema#integer
http://dbpedia.org/ontology/wikiPageID	"6497037"^^http://www.w3.org/2001/XMLSchema#integer
http://www.w3.org/ns/prov#wasDerivedFrom	http://en.wikipedia.org/wiki/São_João_do_Pau_d'Alho?oldid=720307253
http://xmlns.com/foaf/0.1/depiction	http://commons.wikimedia.org/wiki/Special:FilePath/SaoPaulo_Municip_SaoJoaodoPaudAlho.svg
http://purl.org/linguistics/gold/hypernym	http://dbpedia.org/resource/Municipality
http://dbpedia.org/property/latd	"21"^^http://www.w3.org/2001/XMLSchema#integer
http://dbpedia.org/ontology/abstract	"São João do Pau-d'Alho is een gemeente in de Braziliaanse deelstaat São Paulo. De gemeente telt 2.191 inwoners (schatting 2009)."@nl
http://www.w3.org/2000/01/rdf-schema#label	"São João do Pau d'Alho"@it
http://www.w3.org/1999/02/22-rdf-syntax-ns#type	http://dbpedia.org/class/yago/Object100002684
