#---Properties and values from: http://dbpedia.org/resource/Fox,_Montana
Property	Value
http://dbpedia.org/property/longew	"W"^^http://www.w3.org/1999/02/22-rdf-syntax-ns#langString
http://xmlns.com/foaf/0.1/name	"Fox, Montana"@en
http://dbpedia.org/property/lats	"36"^^http://www.w3.org/2001/XMLSchema#integer
http://dbpedia.org/ontology/wikiPageRevisionID	"733561163"^^http://www.w3.org/2001/XMLSchema#integer
http://dbpedia.org/property/timezoneDst	"MDT"^^http://www.w3.org/1999/02/22-rdf-syntax-ns#langString
http://dbpedia.org/property/latm	"16"^^http://www.w3.org/2001/XMLSchema#integer
http://dbpedia.org/property/latns	"N"^^http://www.w3.org/1999/02/22-rdf-syntax-ns#langString
http://www.w3.org/2003/01/geo/wgs84_pos#long	"-109.21694183349609375"^^http://www.w3.org/2001/XMLSchema#float
http://dbpedia.org/property/coordinatesRegion	"US-MT"^^http://www.w3.org/1999/02/22-rdf-syntax-ns#langString
http://dbpedia.org/property/pushpinLabel	"Fox"^^http://www.w3.org/1999/02/22-rdf-syntax-ns#langString
http://xmlns.com/foaf/0.1/isPrimaryTopicOf	http://en.wikipedia.org/wiki/Fox,_Montana
http://dbpedia.org/property/postalCodeType	http://dbpedia.org/resource/ZIP_code
http://dbpedia.org/property/subdivisionType	http://dbpedia.org/resource/Political_divisions_of_the_United_States
http://dbpedia.org/property/longm	"13"^^http://www.w3.org/2001/XMLSchema#integer
http://dbpedia.org/ontology/country	http://dbpedia.org/resource/United_States
http://dbpedia.org/property/populationTotal	"N/A"^^http://www.w3.org/1999/02/22-rdf-syntax-ns#langString
http://dbpedia.org/property/populationAsOf	"2010"^^http://www.w3.org/2001/XMLSchema#integer
http://dbpedia.org/property/longs	"1"^^http://www.w3.org/2001/XMLSchema#integer
http://purl.org/dc/terms/subject	http://dbpedia.org/resource/Category:Unincorporated_communities_in_Montana
http://dbpedia.org/ontology/isPartOf	http://dbpedia.org/resource/Montana
http://www.w3.org/2000/01/rdf-schema#comment	"Fox is an unincorporated community in Carbon County, Montana, United States. It was named for Dr. J.M. Fox, first manager of the Rocky Fork Coal Company and the Rocky Fork & Cooke City Railroad. At one time, Fox had two elevators and was the largest grain shipping point in Carbon County. Finnish immigrant miners settled here, and as late as 1920 their children still spoke Finnish at home and on the playground, and English only in the classroom. Fox was an important stop on the Northern Pacific Railway to Red Lodge, and many of the buildings still stand, most notably the old Fox Elevator. Although it is unincorporated, Fox has a post office with a ZIP code of 59070. Fox lies on U.S. Route 212 southwest of Roberts and northeast of Red Lodge."@en
http://dbpedia.org/ontology/type	http://dbpedia.org/resource/Unincorporated_area
http://dbpedia.org/property/longd	"109"^^http://www.w3.org/2001/XMLSchema#integer
http://xmlns.com/foaf/0.1/primaryTopic	http://en.wikipedia.org/wiki/Fox,_Montana
http://www.w3.org/2002/07/owl#sameAs	http://sws.geonames.org/5653109/
http://www.w3.org/2003/01/geo/wgs84_pos#lat	"45.276668548583984375"^^http://www.w3.org/2001/XMLSchema#float
http://www.georss.org/georss/point	"45.276666666666664 -109.21694444444445"
http://dbpedia.org/ontology/postalCode	"59070"
http://dbpedia.org/ontology/elevation	"1533.448799999999892"^^http://www.w3.org/2001/XMLSchema#decimal
http://dbpedia.org/property/blankName	"GNIS feature ID"^^http://www.w3.org/1999/02/22-rdf-syntax-ns#langString
http://dbpedia.org/ontology/wikiPageID	"18803597"^^http://www.w3.org/2001/XMLSchema#integer
http://dbpedia.org/property/populationDensitySqMi	"auto"^^http://www.w3.org/1999/02/22-rdf-syntax-ns#langString
http://dbpedia.org/ontology/utcOffset	"-6"
http://www.w3.org/ns/prov#wasDerivedFrom	http://en.wikipedia.org/wiki/Fox,_Montana?oldid=733561163
http://dbpedia.org/ontology/timeZone	http://dbpedia.org/resource/Mountain_Time_Zone
http://dbpedia.org/property/coordinatesDisplay	"%"^^http://www.w3.org/1999/02/22-rdf-syntax-ns#langString
http://dbpedia.org/ontology/areaCode	"406"
http://dbpedia.org/property/pushpinMap	"Montana#USA"^^http://www.w3.org/1999/02/22-rdf-syntax-ns#langString
http://purl.org/linguistics/gold/hypernym	http://dbpedia.org/resource/Community
http://dbpedia.org/property/latd	"45"^^http://www.w3.org/2001/XMLSchema#integer
http://dbpedia.org/property/blankInfo	"771584"^^http://www.w3.org/2001/XMLSchema#integer
http://dbpedia.org/ontology/abstract	"Fox è un unincorporated area degli Stati Uniti d'America, nello stato del Montana, nella Contea di Carbon. Fox è disabitato."@it
http://www.w3.org/2003/01/geo/wgs84_pos#geometry	"POINT(-109.2169418335 45.276668548584)"^^http://www.openlinksw.com/schemas/virtrdf#Geometry
http://www.w3.org/2000/01/rdf-schema#label	"Fox, Montana"@en
http://www.w3.org/1999/02/22-rdf-syntax-ns#type	http://dbpedia.org/class/yago/GhostTown108671509
