#---Properties and values from: http://dbpedia.org/resource/Casa_Branca,_São_Paulo
Property	Value
http://dbpedia.org/property/lats	"26"^^http://www.w3.org/2001/XMLSchema#integer
http://dbpedia.org/ontology/wikiPageRevisionID	"733752153"^^http://www.w3.org/2001/XMLSchema#integer
http://dbpedia.org/property/latm	"46"^^http://www.w3.org/2001/XMLSchema#integer
http://dbpedia.org/property/latns	"S"^^http://www.w3.org/1999/02/22-rdf-syntax-ns#langString
http://dbpedia.org/property/imageMap	"SaoPaulo Municip CasaBranca.svg"^^http://www.w3.org/1999/02/22-rdf-syntax-ns#langString
http://xmlns.com/foaf/0.1/isPrimaryTopicOf	http://en.wikipedia.org/wiki/Casa_Branca,_São_Paulo
http://dbpedia.org/property/longm	"5"^^http://www.w3.org/2001/XMLSchema#integer
http://dbpedia.org/property/populationTotal	"29877"^^http://www.w3.org/2001/XMLSchema#integer
http://dbpedia.org/property/longs	"9"^^http://www.w3.org/2001/XMLSchema#integer
http://dbpedia.org/property/populationAsOf	"2015"^^http://www.w3.org/2001/XMLSchema#integer
http://dbpedia.org/ontology/wikiPageDisambiguates	http://dbpedia.org/resource/Casa_Branca
http://purl.org/dc/terms/subject	http://dbpedia.org/resource/Category:Populated_places_established_in_1841
http://dbpedia.org/property/state	"SP"^^http://www.w3.org/1999/02/22-rdf-syntax-ns#langString
http://www.w3.org/2000/01/rdf-schema#comment	"Casa Branca è un comune del Brasile nello Stato di San Paolo, parte della mesoregione di Campinas e della microregione di São João da Boa Vista."@it
http://dbpedia.org/property/longd	"47"^^http://www.w3.org/2001/XMLSchema#integer
http://xmlns.com/foaf/0.1/primaryTopic	http://en.wikipedia.org/wiki/Casa_Branca,_São_Paulo
http://www.w3.org/2002/07/owl#sameAs	http://wikidata.dbpedia.org/resource/Q1760459
http://dbpedia.org/ontology/thumbnail	http://commons.wikimedia.org/wiki/Special:FilePath/SaoPaulo_Municip_CasaBranca.svg?width=300
http://dbpedia.org/ontology/wikiPageID	"5938266"^^http://www.w3.org/2001/XMLSchema#integer
http://dbpedia.org/property/areaTotal	"864"^^http://www.w3.org/2001/XMLSchema#integer
http://dbpedia.org/ontology/birthPlace	http://dbpedia.org/resource/Vera_Mossa
http://www.w3.org/ns/prov#wasDerivedFrom	http://en.wikipedia.org/wiki/Casa_Branca,_São_Paulo?oldid=733752153
http://xmlns.com/foaf/0.1/depiction	http://commons.wikimedia.org/wiki/Special:FilePath/SaoPaulo_Municip_CasaBranca.svg
http://dbpedia.org/property/latd	"21"^^http://www.w3.org/2001/XMLSchema#integer
http://dbpedia.org/ontology/abstract	"45xCe modèle est-il pertinent ? Cliquez pour en voir d'autres.Cet article n’est pas rédigé dans un style encyclopédique (indiquez la date de pose grâce au paramètre date). Vous pouvez améliorer sa rédaction ! Casa Branca est une ville brésilienne de l'État de São Paulo.Située sur latitude de 21º46'26\" sud et une longitude de 47º05'11\" d'ouest, et une altitude de 684 mètres. Sa population est de 28 189 habitants."@fr
http://www.w3.org/2000/01/rdf-schema#label	"Каза-Бранка (Сан-Паулу)"@ru
