#---Properties and values from: http://dbpedia.org/resource/'s-Heerenberg
Property	Value
http://dbpedia.org/property/longew	"E"^^http://www.w3.org/1999/02/22-rdf-syntax-ns#langString
http://xmlns.com/foaf/0.1/name	"'s-Heerenberg"@en
http://dbpedia.org/property/lats	"35"^^http://www.w3.org/2001/XMLSchema#integer
http://dbpedia.org/ontology/wikiPageExternalLink	http://www.atlas1868.nl/ge/bergh1.html
http://dbpedia.org/ontology/wikiPageRevisionID	"726379957"^^http://www.w3.org/2001/XMLSchema#integer
http://dbpedia.org/property/latm	"52"^^http://www.w3.org/2001/XMLSchema#integer
http://dbpedia.org/property/latns	"N"^^http://www.w3.org/1999/02/22-rdf-syntax-ns#langString
http://dbpedia.org/property/settlementType	"City"^^http://www.w3.org/1999/02/22-rdf-syntax-ns#langString
http://dbpedia.org/property/imageSkyline	"'s-Heerenberg, huize Bergh RM9268 foto2 2011-04-11 17.21.jpg"^^http://www.w3.org/1999/02/22-rdf-syntax-ns#langString
http://www.w3.org/2003/01/geo/wgs84_pos#long	"6.2458333969116210938"^^http://www.w3.org/2001/XMLSchema#float
http://dbpedia.org/property/coordinatesRegion	"NL"^^http://www.w3.org/1999/02/22-rdf-syntax-ns#langString
http://dbpedia.org/property/imageCaption	"'s Heerenberg castle."^^http://www.w3.org/1999/02/22-rdf-syntax-ns#langString
http://xmlns.com/foaf/0.1/isPrimaryTopicOf	http://en.wikipedia.org/wiki/'s-Heerenberg
http://dbpedia.org/property/subdivisionType	"Municipality"^^http://www.w3.org/1999/02/22-rdf-syntax-ns#langString
http://dbpedia.org/property/longm	"14"^^http://www.w3.org/2001/XMLSchema#integer
http://dbpedia.org/ontology/country	http://dbpedia.org/resource/Netherlands
http://dbpedia.org/property/populationTotal	"ca. 8000"^^http://www.w3.org/1999/02/22-rdf-syntax-ns#langString
http://dbpedia.org/property/longs	"45"^^http://www.w3.org/2001/XMLSchema#integer
http://purl.org/dc/terms/subject	http://dbpedia.org/resource/Category:Burial_sites_of_the_House_of_Orange-Nassau
http://dbpedia.org/ontology/isPartOf	http://dbpedia.org/resource/Montferland
http://www.w3.org/2000/01/rdf-schema#comment	"'s-Heerenberg  è una cittadina di circa 8.000 abitanti del sud-est dei Paesi Bassi, facente parte della provincia della Gheldria e situata nella regione di Achterhoek e, più precisamente nell'area nota come Montferland e lungo il confine con la Germania. Dal punto di vista amministrativo, si tratta di un ex-comune, dal 1821 accorpato al comune di Bergh, comune a sua volta inglobato nel 2005 nella nuova municipalità di Montferland."@it
http://dbpedia.org/property/longd	"6"^^http://www.w3.org/2001/XMLSchema#integer
http://xmlns.com/foaf/0.1/primaryTopic	http://en.wikipedia.org/wiki/'s-Heerenberg
http://www.w3.org/2002/07/owl#sameAs	http://www.wikidata.org/entity/Q425810
http://dbpedia.org/ontology/wikiPageRedirects	http://dbpedia.org/resource/'s_Heerenberg
http://www.w3.org/2003/01/geo/wgs84_pos#lat	"51.8763885498046875"^^http://www.w3.org/2001/XMLSchema#float
http://www.georss.org/georss/point	"51.87638888888889 6.245833333333334"
http://dbpedia.org/ontology/thumbnail	http://commons.wikimedia.org/wiki/Special:FilePath/'s-Heerenberg,_huize_Bergh_RM9268_foto2_2011-04-11_17.21.jpg?width=300
http://dbpedia.org/ontology/wikiPageID	"912235"^^http://www.w3.org/2001/XMLSchema#integer
http://dbpedia.org/ontology/location	http://dbpedia.org/resource/Huis_Bergh
http://dbpedia.org/ontology/utcOffset	"+1"
http://www.w3.org/ns/prov#wasDerivedFrom	http://en.wikipedia.org/wiki/'s-Heerenberg?oldid=726379957
http://dbpedia.org/ontology/timeZone	http://dbpedia.org/resource/Central_European_Time
http://dbpedia.org/ontology/birthPlace	http://dbpedia.org/resource/Jozef_Rulof
http://dbpedia.org/property/coordinatesDisplay	"title"^^http://www.w3.org/1999/02/22-rdf-syntax-ns#langString
http://dbpedia.org/property/pushpinMap	"Netherlands"^^http://www.w3.org/1999/02/22-rdf-syntax-ns#langString
http://xmlns.com/foaf/0.1/depiction	http://commons.wikimedia.org/wiki/Special:FilePath/'s-Heerenberg,_huize_Bergh_RM9268_foto2_2011-04-11_17.21.jpg
http://purl.org/linguistics/gold/hypernym	http://dbpedia.org/resource/City
http://dbpedia.org/property/latd	"51"^^http://www.w3.org/2001/XMLSchema#integer
http://dbpedia.org/ontology/abstract	"Die niederländische Stadt ’s-Heerenberg ist Teil der Gemeinde Montferland in der Provinz Gelderland. Sie liegt im südlichsten Teil des Achterhoek an der Grenze zu Deutschland. ’s-Heerenberg zählt zur Städteregion Arnheim-Nimwegen (SRAN)."@de
http://dbpedia.org/property/pushpinMapCaption	"Location within the Netherlands"^^http://www.w3.org/1999/02/22-rdf-syntax-ns#langString
http://www.w3.org/2003/01/geo/wgs84_pos#geometry	"POINT(6.2458333969116 51.876388549805)"^^http://www.openlinksw.com/schemas/virtrdf#Geometry
http://www.w3.org/2000/01/rdf-schema#label	"'s-Heerenberg"@en
http://www.w3.org/1999/02/22-rdf-syntax-ns#type	http://dbpedia.org/class/yago/YagoPermanentlyLocatedEntity
