#---Properties and values from: http://dbpedia.org/resource/Koplik_i_Sipërm
Property	Value
http://dbpedia.org/property/longew	"E"^^http://www.w3.org/1999/02/22-rdf-syntax-ns#langString
http://dbpedia.org/property/type	"v"^^http://www.w3.org/1999/02/22-rdf-syntax-ns#langString
http://dbpedia.org/property/lats	"42"^^http://www.w3.org/2001/XMLSchema#integer
http://dbpedia.org/property/officialName	"Koplik i Sipërm"^^http://www.w3.org/1999/02/22-rdf-syntax-ns#langString
http://dbpedia.org/ontology/wikiPageRevisionID	"692474947"^^http://www.w3.org/2001/XMLSchema#integer
http://dbpedia.org/property/latm	"13"^^http://www.w3.org/2001/XMLSchema#integer
http://dbpedia.org/property/latns	"N"^^http://www.w3.org/1999/02/22-rdf-syntax-ns#langString
http://dbpedia.org/property/county	http://dbpedia.org/resource/Shkodër_County
http://xmlns.com/foaf/0.1/isPrimaryTopicOf	http://en.wikipedia.org/wiki/Koplik_i_Sipërm
http://dbpedia.org/property/municipality	http://dbpedia.org/resource/Malësi_e_Madhe
http://dbpedia.org/property/longm	"28"^^http://www.w3.org/2001/XMLSchema#integer
http://dbpedia.org/property/populationTotal	"1259"^^http://www.w3.org/2001/XMLSchema#integer
http://dbpedia.org/property/longs	"0"^^http://www.w3.org/2001/XMLSchema#integer
http://purl.org/dc/terms/subject	http://dbpedia.org/resource/Category:Qendër,_Malësi_e_Madhe
http://www.w3.org/2000/01/rdf-schema#comment	"Koplik i Sipërm is a settlement in the former Qendër municipality, Shkodër County, northern Albania. At the 2015 local government reform it became part of the municipality Malësi e Madhe. It has a population of 1,259."@en
http://dbpedia.org/property/longd	"19"^^http://www.w3.org/2001/XMLSchema#integer
http://xmlns.com/foaf/0.1/primaryTopic	http://en.wikipedia.org/wiki/Koplik_i_Sipërm
http://www.w3.org/2002/07/owl#sameAs	http://yago-knowledge.org/resource/Koplik_i_Sipërm
http://dbpedia.org/ontology/wikiPageRedirects	http://dbpedia.org/resource/Koplik_i_Siperm
http://dbpedia.org/ontology/wikiPageID	"28635523"^^http://www.w3.org/2001/XMLSchema#integer
http://www.w3.org/ns/prov#wasDerivedFrom	http://en.wikipedia.org/wiki/Koplik_i_Sipërm?oldid=692474947
http://dbpedia.org/property/municunit	http://dbpedia.org/resource/Qendër,_Malësi_e_Madhe
http://purl.org/linguistics/gold/hypernym	http://dbpedia.org/resource/Settlement
http://dbpedia.org/property/latd	"42"^^http://www.w3.org/2001/XMLSchema#integer
http://dbpedia.org/ontology/abstract	"Koplik i Sipërm is a settlement in the former Qendër municipality, Shkodër County, northern Albania. At the 2015 local government reform it became part of the municipality Malësi e Madhe. It has a population of 1,259."@en
http://www.w3.org/2000/01/rdf-schema#label	"Koplik i Sipërm"@en
http://www.w3.org/1999/02/22-rdf-syntax-ns#type	http://dbpedia.org/ontology/Settlement
