#---Properties and values from: http://dbpedia.org/resource/Viszák
Property	Value
http://dbpedia.org/property/lats	"55.380000000000002558"^^http://www.w3.org/2001/XMLSchema#decimal
http://dbpedia.org/ontology/wikiPageRevisionID	"594208161"^^http://www.w3.org/2001/XMLSchema#integer
http://dbpedia.org/property/latm	"52"^^http://www.w3.org/2001/XMLSchema#integer
http://dbpedia.org/property/areaCode	"94"^^http://www.w3.org/2001/XMLSchema#integer
http://www.w3.org/2003/01/geo/wgs84_pos#long	"16.5"^^http://www.w3.org/2001/XMLSchema#float
http://dbpedia.org/property/website	"www.viszak.hu"^^http://www.w3.org/1999/02/22-rdf-syntax-ns#langString
http://dbpedia.org/property/county	"Vas"^^http://www.w3.org/1999/02/22-rdf-syntax-ns#langString
http://xmlns.com/foaf/0.1/isPrimaryTopicOf	http://en.wikipedia.org/wiki/Viszák
http://dbpedia.org/property/longm	"29"^^http://www.w3.org/2001/XMLSchema#integer
http://dbpedia.org/property/populationTotal	"256"^^http://www.w3.org/2001/XMLSchema#integer
http://dbpedia.org/property/kshCode	"7940"^^http://www.w3.org/2001/XMLSchema#integer
http://dbpedia.org/property/longs	"30.190000000000001279"^^http://www.w3.org/2001/XMLSchema#decimal
http://dbpedia.org/property/populationAsOf	"2008-01-01"^^http://www.w3.org/2001/XMLSchema#date
http://purl.org/dc/terms/subject	http://dbpedia.org/resource/Category:Populated_places_in_Vas_County
http://www.w3.org/2000/01/rdf-schema#comment	"Viszák is een plaats (község) en gemeente in het Hongaarse comitaat Vas. Viszák telt 287 inwoners (2001). Coördinaten 46° 53′ NB, 16° 30′ OL"@nl
http://dbpedia.org/property/longd	"16"^^http://www.w3.org/2001/XMLSchema#integer
http://xmlns.com/foaf/0.1/primaryTopic	http://en.wikipedia.org/wiki/Viszák
http://www.w3.org/2002/07/owl#sameAs	http://dbpedia.org/resource/Viszák
http://dbpedia.org/ontology/wikiPageRedirects	http://dbpedia.org/resource/Viszak
http://www.w3.org/2003/01/geo/wgs84_pos#lat	"46.883335113525390625"^^http://www.w3.org/2001/XMLSchema#float
http://www.georss.org/georss/point	"46.88333333333333 16.5"
http://dbpedia.org/ontology/wikiPageID	"16807366"^^http://www.w3.org/2001/XMLSchema#integer
http://www.w3.org/ns/prov#wasDerivedFrom	http://en.wikipedia.org/wiki/Viszák?oldid=594208161
http://dbpedia.org/property/name	"Viszák"^^http://www.w3.org/1999/02/22-rdf-syntax-ns#langString
http://dbpedia.org/property/areaTotalKm	"10.130000000000000782"^^http://www.w3.org/2001/XMLSchema#decimal
http://purl.org/linguistics/gold/hypernym	http://dbpedia.org/resource/Village
http://dbpedia.org/property/latd	"46"^^http://www.w3.org/2001/XMLSchema#integer
http://dbpedia.org/property/subregion	"Őriszentpéteri"^^http://www.w3.org/1999/02/22-rdf-syntax-ns#langString
http://dbpedia.org/property/postalCode	"9932"^^http://www.w3.org/2001/XMLSchema#integer
http://dbpedia.org/ontology/abstract	"Viszák est un village et une commune du comitat de Vas en Hongrie."@fr
http://www.w3.org/2003/01/geo/wgs84_pos#geometry	"POINT(16.5 46.883335113525)"^^http://www.openlinksw.com/schemas/virtrdf#Geometry
http://www.w3.org/2000/01/rdf-schema#label	"Viszák"@en
http://xmlns.com/foaf/0.1/homepage	http://www.viszak.hu
http://www.w3.org/1999/02/22-rdf-syntax-ns#type	http://www.w3.org/2003/01/geo/wgs84_pos#SpatialThing
http://dbpedia.org/property/region	"Dél-Dunántúl"^^http://www.w3.org/1999/02/22-rdf-syntax-ns#langString
