#---Properties and values from: http://dbpedia.org/resource/Pederneiras
Property	Value
http://dbpedia.org/property/lats	"6"^^http://www.w3.org/2001/XMLSchema#integer
http://dbpedia.org/ontology/wikiPageExternalLink	http://pt.wikisource.org/wiki/Hino_do_munic%C3%ADpio_de_Pederneiras
http://dbpedia.org/ontology/wikiPageRevisionID	"727027875"^^http://www.w3.org/2001/XMLSchema#integer
http://dbpedia.org/property/latm	"21"^^http://www.w3.org/2001/XMLSchema#integer
http://dbpedia.org/property/latns	"S"^^http://www.w3.org/1999/02/22-rdf-syntax-ns#langString
http://dbpedia.org/property/imageSkyline	"Pederneiras.jpg"^^http://www.w3.org/1999/02/22-rdf-syntax-ns#langString
http://dbpedia.org/property/imageMap	"SaoPaulo Municip Pederneiras.svg"^^http://www.w3.org/1999/02/22-rdf-syntax-ns#langString
http://xmlns.com/foaf/0.1/isPrimaryTopicOf	http://en.wikipedia.org/wiki/Pederneiras
http://dbpedia.org/property/longm	"46"^^http://www.w3.org/2001/XMLSchema#integer
http://dbpedia.org/property/populationTotal	"44910"^^http://www.w3.org/2001/XMLSchema#integer
http://dbpedia.org/property/longs	"30"^^http://www.w3.org/2001/XMLSchema#integer
http://dbpedia.org/property/populationAsOf	"2015"^^http://www.w3.org/2001/XMLSchema#integer
http://purl.org/dc/terms/subject	http://dbpedia.org/resource/Category:Municipalities_in_São_Paulo_(state)
http://dbpedia.org/property/state	"SP"^^http://www.w3.org/1999/02/22-rdf-syntax-ns#langString
http://www.w3.org/2000/01/rdf-schema#comment	"Pederneiras é um município brasileiro do estado de São Paulo. Localiza-se a uma latitude 22º21'06\" Sul e a uma longitude 48º46'30\" Oeste, estando a uma altitude de 475 metros. Sua população, segundo o Censo 2014 do IBGE, é de 44.498 habitantes. Possui uma área de 729 km², Pederneiras é conhecida como a capital do induzido, por sua produção de induzidos dentre uma alta produção industrial, ou seja, Pederneiras é totalmente industrializada."@pt
http://dbpedia.org/property/imageShield	"Brasao_Pederneiras.jpg"^^http://www.w3.org/1999/02/22-rdf-syntax-ns#langString
http://dbpedia.org/property/longd	"48"^^http://www.w3.org/2001/XMLSchema#integer
http://xmlns.com/foaf/0.1/primaryTopic	http://en.wikipedia.org/wiki/Pederneiras
http://www.w3.org/2002/07/owl#sameAs	http://sws.geonames.org/3454620/
http://dbpedia.org/ontology/thumbnail	http://commons.wikimedia.org/wiki/Special:FilePath/Bandeira_Pederneiras_SaoPaulo_Brasil.svg?width=300
http://dbpedia.org/ontology/wikiPageID	"1080378"^^http://www.w3.org/2001/XMLSchema#integer
http://dbpedia.org/property/areaTotal	"729"^^http://www.w3.org/2001/XMLSchema#integer
http://dbpedia.org/ontology/birthPlace	http://dbpedia.org/resource/Rodrigo_Vergilio
http://www.w3.org/ns/prov#wasDerivedFrom	http://en.wikipedia.org/wiki/Pederneiras?oldid=727027875
http://xmlns.com/foaf/0.1/depiction	http://commons.wikimedia.org/wiki/Special:FilePath/Bandeira_Pederneiras_SaoPaulo_Brasil.svg
http://purl.org/linguistics/gold/hypernym	http://dbpedia.org/resource/Municipality
http://dbpedia.org/property/latd	"22"^^http://www.w3.org/2001/XMLSchema#integer
http://dbpedia.org/ontology/abstract	"Педернейрас (порт. Pederneiras) — муниципалитет в Бразилии, входит в штат Сан-Паулу. Составная часть мезорегиона Бауру. Входит в экономико-статистический микрорегион Жау. Население составляет 41.497 человек на IBGE 2010 год. Занимает площадь 729,179км². Плотность населения - 56,92 чел./км². Праздник города — 22 мая."@ru
http://dbpedia.org/property/imageFlag	"Bandeira_Pederneiras_SaoPaulo_Brasil.svg"^^http://www.w3.org/1999/02/22-rdf-syntax-ns#langString
http://www.w3.org/2000/01/rdf-schema#label	"Pederneiras"@pl
http://www.w3.org/1999/02/22-rdf-syntax-ns#type	http://dbpedia.org/class/yago/Tract108673395
