#---Properties and values from: http://dbpedia.org/resource/Ruukki
Property	Value
http://dbpedia.org/property/lats	"50"^^http://www.w3.org/2001/XMLSchema#integer
http://dbpedia.org/ontology/wikiPageRevisionID	"715701754"^^http://www.w3.org/2001/XMLSchema#integer
http://dbpedia.org/property/mapCaption	"Location of Ruukki in Finland"^^http://www.w3.org/1999/02/22-rdf-syntax-ns#langString
http://dbpedia.org/property/latm	"39"^^http://www.w3.org/2001/XMLSchema#integer
http://dbpedia.org/property/settlementType	"Former municipality"^^http://www.w3.org/1999/02/22-rdf-syntax-ns#langString
http://dbpedia.org/property/imageMap	"Ruukki.sijainti.suomi.svg"^^http://www.w3.org/1999/02/22-rdf-syntax-ns#langString
http://dbpedia.org/property/seat	http://dbpedia.org/resource/Siikajoki
http://xmlns.com/foaf/0.1/isPrimaryTopicOf	http://en.wikipedia.org/wiki/Ruukki
http://dbpedia.org/property/extinctDate	"2007"^^http://www.w3.org/2001/XMLSchema#integer
http://dbpedia.org/property/longm	"6"^^http://www.w3.org/2001/XMLSchema#integer
http://dbpedia.org/property/populationTotal	"4505"^^http://www.w3.org/2001/XMLSchema#integer
http://dbpedia.org/property/longs	"5"^^http://www.w3.org/2001/XMLSchema#integer
http://dbpedia.org/property/populationAsOf	"2006-12-31"^^http://www.w3.org/2001/XMLSchema#date
http://purl.org/dc/terms/subject	http://dbpedia.org/resource/Category:Former_municipalities_of_Finland
http://www.w3.org/2000/01/rdf-schema#comment	"Ruukki [ˈruːkːi] ist ein Ort und eine ehemalige Gemeinde im Nordwesten Finnlands. Zum 1. Januar 2007 fusionierte Ruukki mit der Küstengemeinde Siikajoki; die neue Kommune führt nur den Namen Siikajokis weiter, hat aber den Ort Ruukki als Verwaltungszentrum."@de
http://dbpedia.org/property/imageShield	"Ruukki.svg"^^http://www.w3.org/1999/02/22-rdf-syntax-ns#langString
http://dbpedia.org/property/longd	"25"^^http://www.w3.org/2001/XMLSchema#integer
http://xmlns.com/foaf/0.1/primaryTopic	http://en.wikipedia.org/wiki/Ruukki
http://www.w3.org/2002/07/owl#sameAs	http://wikidata.dbpedia.org/resource/Q2177972
http://dbpedia.org/ontology/thumbnail	http://commons.wikimedia.org/wiki/Special:FilePath/Ruukki.svg?width=300
http://dbpedia.org/ontology/wikiPageID	"784111"^^http://www.w3.org/2001/XMLSchema#integer
http://dbpedia.org/property/areaWaterKm	"5.7900000000000000355"^^http://www.w3.org/2001/XMLSchema#decimal
http://dbpedia.org/ontology/birthPlace	http://dbpedia.org/resource/Marika_Fingerroos
http://www.w3.org/ns/prov#wasDerivedFrom	http://en.wikipedia.org/wiki/Ruukki?oldid=715701754
http://dbpedia.org/property/name	"Ruukki"^^http://www.w3.org/1999/02/22-rdf-syntax-ns#langString
http://dbpedia.org/property/areaTotalKm	"772.58000000000004093"^^http://www.w3.org/2001/XMLSchema#decimal
http://xmlns.com/foaf/0.1/depiction	http://commons.wikimedia.org/wiki/Special:FilePath/Ruukki.svg
http://purl.org/linguistics/gold/hypernym	http://dbpedia.org/resource/Municipality
http://dbpedia.org/property/areaLandKm	"766.78999999999996362"^^http://www.w3.org/2001/XMLSchema#decimal
http://dbpedia.org/property/latd	"64"^^http://www.w3.org/2001/XMLSchema#integer
http://dbpedia.org/property/establishedDate	"1973"^^http://www.w3.org/2001/XMLSchema#integer
http://dbpedia.org/ontology/abstract	"Ruukki est une ancienne municipalité du nord-ouest de la Finlande, dans la région d'Ostrobotnie du Nord. Formée en 1973 par la réunion des communes rurales de Paavola et Revonlahti, elle disparaît à son tour le 1er janvier 2007 par fusion dans Siikajoki. Revonlahti fut le cadre d'une importante bataille lors de la Guerre de Finlande, le 27 avril 1808, quand des troupes suédoises supérieures en nombre surprirent une colonne russe de 1 800 hommes, la détruisirent presque entièrement et capturèrent même un général russe."@fr
http://dbpedia.org/property/establishedTitle	"Charter"^^http://www.w3.org/1999/02/22-rdf-syntax-ns#langString
http://www.w3.org/2000/01/rdf-schema#label	"Ruukki"@de
http://dbpedia.org/property/extinctTitle	"Consolidated"^^http://www.w3.org/1999/02/22-rdf-syntax-ns#langString
http://dbpedia.org/property/province	http://dbpedia.org/resource/Oulu_Province
http://www.w3.org/1999/02/22-rdf-syntax-ns#type	http://dbpedia.org/class/yago/YagoPermanentlyLocatedEntity
http://dbpedia.org/property/region	http://dbpedia.org/resource/Northern_Ostrobothnia
