#---Properties and values from: http://dbpedia.org/resource/Sloten,_Friesland
Property	Value
http://xmlns.com/foaf/0.1/name	"Sloten"@en
http://dbpedia.org/ontology/wikiPageRevisionID	"739078778"^^http://www.w3.org/2001/XMLSchema#integer
http://dbpedia.org/property/settlementType	"Village"^^http://www.w3.org/1999/02/22-rdf-syntax-ns#langString
http://www.w3.org/2003/01/geo/wgs84_pos#long	"5.6452779769897460938"^^http://www.w3.org/2001/XMLSchema#float
http://dbpedia.org/property/imageMap	"Map NL Gaasterlân Sleat Sleat.png"^^http://www.w3.org/1999/02/22-rdf-syntax-ns#langString
http://xmlns.com/foaf/0.1/isPrimaryTopicOf	http://en.wikipedia.org/wiki/Sloten,_Friesland
http://dbpedia.org/property/subdivisionType	"Province"^^http://www.w3.org/1999/02/22-rdf-syntax-ns#langString
http://dbpedia.org/ontology/country	http://dbpedia.org/resource/Netherlands
http://dbpedia.org/property/populationTotal	"c. 760"^^http://www.w3.org/1999/02/22-rdf-syntax-ns#langString
http://purl.org/dc/terms/subject	http://dbpedia.org/resource/Category:Cities_in_the_Netherlands
http://dbpedia.org/ontology/isPartOf	http://dbpedia.org/resource/Friesland
http://dbpedia.org/ontology/wikiPageDisambiguates	http://dbpedia.org/resource/Sloten
http://www.w3.org/2000/01/rdf-schema#comment	"Sloten (in frisone: Sleat) è una cittadina di circa 700 abitanti della provincia della Frisia, nel nord-est dei Paesi Bassi, situata sulla sponda sud-orientale del lago di Sloten (Slotermeer); dal punto di vista amministrativo, si tratta di un ex-comune, inglobato dal 1984 alla municipalità di Gaasterland-Sloten. Fa parte delle cosiddette \"undici città frisoni\" ed è considerata non solo la città più piccola della Frisia, ma anche degli interi Paesi Bassi (secondo alcuni anche del mondo)."@it
http://xmlns.com/foaf/0.1/primaryTopic	http://en.wikipedia.org/wiki/Sloten,_Friesland
http://www.w3.org/2002/07/owl#sameAs	http://nl.dbpedia.org/resource/Sloten_(Friesland)
http://dbpedia.org/ontology/wikiPageRedirects	http://dbpedia.org/resource/Sleat,_Friesland
http://www.w3.org/2003/01/geo/wgs84_pos#lat	"52.894443511962890625"^^http://www.w3.org/2001/XMLSchema#float
http://www.georss.org/georss/point	"52.894444444444446 5.645277777777778"
http://dbpedia.org/ontology/thumbnail	http://commons.wikimedia.org/wiki/Special:FilePath/Map_NL_Gaasterlân_Sleat_Sleat.png?width=300
http://dbpedia.org/ontology/wikiPageID	"2116769"^^http://www.w3.org/2001/XMLSchema#integer
http://www.w3.org/ns/prov#wasDerivedFrom	http://en.wikipedia.org/wiki/Sloten,_Friesland?oldid=739078778
http://xmlns.com/foaf/0.1/depiction	http://commons.wikimedia.org/wiki/Special:FilePath/Map_NL_Gaasterlân_Sleat_Sleat.png
http://dbpedia.org/ontology/abstract	"Sloten (Dutch pronunciation: [ˈsloːtə(n)]; West Frisian: Sleat) received city rights in 1426, and is the smallest of the eleven Frisian cities. It lies within the municipality of De Friese Meren.Sloten is one of the smallest cities of the Netherlands and is a popular place for sports such as sailing.Sloten is near the Slotermeer. It is a historical city with old buildings and a windmill, De Kaai, in the center of the city. 
* Sloten in 2007 
* Sloten in the early 18th century, from the Atlas Schoemaker"@en
http://www.w3.org/2003/01/geo/wgs84_pos#geometry	"POINT(5.6452779769897 52.894443511963)"^^http://www.openlinksw.com/schemas/virtrdf#Geometry
http://www.w3.org/2000/01/rdf-schema#label	"Sleat (Friesland)"@de
http://dbpedia.org/property/mapsize	"280"^^http://www.w3.org/2001/XMLSchema#integer
http://www.w3.org/1999/02/22-rdf-syntax-ns#type	http://www.wikidata.org/entity/Q486972
