#---Properties and values from: http://dbpedia.org/resource/Alcabideche
Property	Value
http://dbpedia.org/ontology/wikiPageExternalLink	http://www.jf-alcabideche.pt/
http://dbpedia.org/property/officialName	"Alcabideche"^^http://www.w3.org/1999/02/22-rdf-syntax-ns#langString
http://dbpedia.org/ontology/wikiPageRevisionID	"728443866"^^http://www.w3.org/2001/XMLSchema#integer
http://dbpedia.org/ontology/deathPlace	http://dbpedia.org/resource/Carlos_Galvão_de_Melo
http://xmlns.com/foaf/0.1/isPrimaryTopicOf	http://en.wikipedia.org/wiki/Alcabideche
http://dbpedia.org/property/municipality	http://dbpedia.org/resource/Cascais
http://dbpedia.org/ontology/country	http://dbpedia.org/resource/Portugal
http://dbpedia.org/property/populationTotal	"42162"^^http://www.w3.org/2001/XMLSchema#integer
http://dbpedia.org/property/populationAsOf	"2011"^^http://www.w3.org/2001/XMLSchema#integer
http://dbpedia.org/property/metro	http://dbpedia.org/resource/Lisbon_Metropolitan_Area
http://purl.org/dc/terms/subject	http://dbpedia.org/resource/Category:Alcabideche
http://www.w3.org/2000/01/rdf-schema#comment	"Alcabideche (Portuguese pronunciation: [aɫkɐbiˈdɛʃɨ]) is a parish located in the Portuguese municipality of Cascais. The population in 2011 was 42,162, in an area of 39.77 km²."@en
http://dbpedia.org/property/longd	"-9.4100000000000001421"^^http://www.w3.org/2001/XMLSchema#decimal
http://xmlns.com/foaf/0.1/primaryTopic	http://en.wikipedia.org/wiki/Alcabideche
http://www.w3.org/2002/07/owl#sameAs	http://nl.dbpedia.org/resource/Alcabideche
http://dbpedia.org/property/areaTotal	"39.770000000000003126"^^http://www.w3.org/2001/XMLSchema#decimal
http://dbpedia.org/ontology/wikiPageID	"2140228"^^http://www.w3.org/2001/XMLSchema#integer
http://dbpedia.org/ontology/location	http://dbpedia.org/resource/Fort_of_Guincho
http://www.w3.org/ns/prov#wasDerivedFrom	http://en.wikipedia.org/wiki/Alcabideche?oldid=728443866
http://dbpedia.org/ontology/birthPlace	http://dbpedia.org/resource/Ricardo_Vaz
http://dbpedia.org/property/district	http://dbpedia.org/resource/Lisbon_District
http://purl.org/linguistics/gold/hypernym	http://dbpedia.org/resource/Parish
http://dbpedia.org/property/latd	"38.732999999999996987"^^http://www.w3.org/2001/XMLSchema#decimal
http://dbpedia.org/property/subregion	http://dbpedia.org/resource/Grande_Lisboa
http://dbpedia.org/ontology/abstract	"Alcabideche es una freguesia portuguesa del municipio de Cascaes, con 39,76 km² de superficie y 31.801 habitantes (2001). Su densidad de población es de 799,7 hab/km²."@es
http://www.w3.org/2000/01/rdf-schema#label	"Alcabideche"@nl
http://xmlns.com/foaf/0.1/homepage	http://www.jf-alcabideche.pt/
http://www.w3.org/1999/02/22-rdf-syntax-ns#type	http://dbpedia.org/class/yago/Site108651247
http://dbpedia.org/property/region	http://dbpedia.org/resource/Lisboa_Region
