#---Properties and values from: http://dbpedia.org/resource/Brič
Property	Value
http://dbpedia.org/property/longew	"E"^^http://www.w3.org/1999/02/22-rdf-syntax-ns#langString
http://xmlns.com/foaf/0.1/name	"Brič"@en
http://dbpedia.org/property/lats	"43.539999999999999147"^^http://www.w3.org/2001/XMLSchema#decimal
http://dbpedia.org/ontology/wikiPageExternalLink	http://www.geopedia.si/Geopedia_en.html#L5567_F10101441_T1193_vF_b4_x448324.5_y88568_s14
http://dbpedia.org/ontology/wikiPageRevisionID	"661994258"^^http://www.w3.org/2001/XMLSchema#integer
http://dbpedia.org/property/imagesize	"250"^^http://www.w3.org/2001/XMLSchema#integer
http://dbpedia.org/property/latm	"27"^^http://www.w3.org/2001/XMLSchema#integer
http://dbpedia.org/property/latns	"N"^^http://www.w3.org/1999/02/22-rdf-syntax-ns#langString
http://www.w3.org/2003/01/geo/wgs84_pos#long	"13.732613563537597656"^^http://www.w3.org/2001/XMLSchema#float
http://dbpedia.org/property/coordinatesRegion	"SI"^^http://www.w3.org/1999/02/22-rdf-syntax-ns#langString
http://dbpedia.org/property/pushpinLabelPosition	"bottom"^^http://www.w3.org/1999/02/22-rdf-syntax-ns#langString
http://xmlns.com/foaf/0.1/isPrimaryTopicOf	http://en.wikipedia.org/wiki/Brič
http://dbpedia.org/property/subdivisionType	"Traditional region"^^http://www.w3.org/1999/02/22-rdf-syntax-ns#langString
http://dbpedia.org/property/longm	"43"^^http://www.w3.org/2001/XMLSchema#integer
http://dbpedia.org/ontology/country	http://dbpedia.org/resource/Slovenia
http://dbpedia.org/property/populationTotal	"no permanent residents"^^http://www.w3.org/1999/02/22-rdf-syntax-ns#langString
http://dbpedia.org/property/populationAsOf	"2002"^^http://www.w3.org/2001/XMLSchema#integer
http://dbpedia.org/property/longs	"57.409999999999996589"^^http://www.w3.org/2001/XMLSchema#decimal
http://purl.org/dc/terms/subject	http://dbpedia.org/resource/Category:Populated_places_in_the_City_Municipality_of_Koper
http://dbpedia.org/ontology/isPartOf	http://dbpedia.org/resource/City_Municipality_of_Koper
http://www.w3.org/2000/01/rdf-schema#comment	"Brič (pronounced [ˈbɾiːtʃ]) is a small settlement in the City Municipality of Koper in the Littoral region of Slovenia. It lies on the left bank of the Dragonja River and no longer has any permanent residents."@en
http://dbpedia.org/property/longd	"13"^^http://www.w3.org/2001/XMLSchema#integer
http://xmlns.com/foaf/0.1/primaryTopic	http://en.wikipedia.org/wiki/Brič
http://www.w3.org/2002/07/owl#sameAs	http://yago-knowledge.org/resource/Brič
http://www.w3.org/2003/01/geo/wgs84_pos#lat	"45.462093353271484375"^^http://www.w3.org/2001/XMLSchema#float
http://www.georss.org/georss/point	"45.462094444444446 13.732613888888888"
http://dbpedia.org/ontology/elevation	"167.40000000000000568"^^http://www.w3.org/2001/XMLSchema#decimal
http://dbpedia.org/ontology/areaTotal	"2700000.0"^^http://www.w3.org/2001/XMLSchema#decimal
http://dbpedia.org/ontology/wikiPageID	"16715795"^^http://www.w3.org/2001/XMLSchema#integer
http://www.w3.org/ns/prov#wasDerivedFrom	http://en.wikipedia.org/wiki/Brič?oldid=661994258
http://dbpedia.org/ontology/PopulatedPlace/areaTotal	"2.7"^^http://dbpedia.org/datatype/squareKilometre
http://dbpedia.org/property/coordinatesDisplay	"inline,title"^^http://www.w3.org/1999/02/22-rdf-syntax-ns#langString
http://dbpedia.org/property/pushpinMap	"Slovenia"^^http://www.w3.org/1999/02/22-rdf-syntax-ns#langString
http://purl.org/linguistics/gold/hypernym	http://dbpedia.org/resource/Settlement
http://dbpedia.org/property/latd	"45"^^http://www.w3.org/2001/XMLSchema#integer
http://dbpedia.org/ontology/abstract	"Brič (pronounced [ˈbɾiːtʃ]) is a small settlement in the City Municipality of Koper in the Littoral region of Slovenia. It lies on the left bank of the Dragonja River and no longer has any permanent residents."@en
http://dbpedia.org/property/pushpinMapCaption	"Location in Slovenia"^^http://www.w3.org/1999/02/22-rdf-syntax-ns#langString
http://www.w3.org/2003/01/geo/wgs84_pos#geometry	"POINT(13.732613563538 45.462093353271)"^^http://www.openlinksw.com/schemas/virtrdf#Geometry
http://www.w3.org/2000/01/rdf-schema#label	"Brič"@en
http://www.w3.org/1999/02/22-rdf-syntax-ns#type	http://dbpedia.org/class/yago/Tract108673395
