#---Properties and values from: http://dbpedia.org/resource/Fouriesburg
Property	Value
http://xmlns.com/foaf/0.1/name	"Fouriesburg"@en
http://dbpedia.org/property/lats	"21.899999999999998579"^^http://www.w3.org/2001/XMLSchema#decimal
http://dbpedia.org/property/latm	"37"^^http://www.w3.org/2001/XMLSchema#integer
http://dbpedia.org/property/areaCode	"58"^^http://www.w3.org/2001/XMLSchema#integer
http://dbpedia.org/property/imageSkyline	"Hendrik van den Berg - NG Kerk Church Fouriesburg.jpg"^^http://www.w3.org/1999/02/22-rdf-syntax-ns#langString
http://www.w3.org/2003/01/geo/wgs84_pos#long	"28.210893630981445312"^^http://www.w3.org/2001/XMLSchema#float
http://purl.org/dc/terms/subject	http://dbpedia.org/resource/Category:Populated_places_founded_by_Afrikaners
http://dbpedia.org/property/percentWhite	"2.5"^^http://dbpedia.org/datatype/perCent
http://dbpedia.org/ontology/postalCode	"9725"
http://www.w3.org/ns/prov#wasDerivedFrom	http://en.wikipedia.org/wiki/Fouriesburg?oldid=707811728
http://dbpedia.org/property/areaTotalKm	"12.800000000000000711"^^http://www.w3.org/2001/XMLSchema#decimal
http://dbpedia.org/property/district	"Thabo Mofutsanyane"^^http://www.w3.org/1999/02/22-rdf-syntax-ns#langString
http://dbpedia.org/ontology/city	http://dbpedia.org/resource/R26_road
http://dbpedia.org/property/latd	"28"^^http://www.w3.org/2001/XMLSchema#integer
http://dbpedia.org/property/southeast	http://dbpedia.org/resource/Rosendal,_Free_State
http://dbpedia.org/property/province	"Free State"^^http://www.w3.org/1999/02/22-rdf-syntax-ns#langString
http://www.w3.org/1999/02/22-rdf-syntax-ns#type	http://dbpedia.org/class/yago/WikicatPopulatedPlacesFoundedByAfrikaners
http://dbpedia.org/property/demographics2Info	"2.0"^^http://dbpedia.org/datatype/perCent
http://dbpedia.org/ontology/garrison	http://dbpedia.org/resource/Fouriesburg_Commando
http://dbpedia.org/ontology/wikiPageRevisionID	"707811728"^^http://www.w3.org/2001/XMLSchema#integer
http://dbpedia.org/property/imageCaption	"Dutch Reformed Church, Fouriesburg"^^http://www.w3.org/1999/02/22-rdf-syntax-ns#langString
http://dbpedia.org/property/demographics2Title	http://dbpedia.org/resource/Afrikaans
http://xmlns.com/foaf/0.1/isPrimaryTopicOf	http://en.wikipedia.org/wiki/Fouriesburg
http://dbpedia.org/property/municipality	"Dihlabeng"^^http://www.w3.org/1999/02/22-rdf-syntax-ns#langString
http://dbpedia.org/property/postal2Code	"9725"^^http://www.w3.org/2001/XMLSchema#integer
http://dbpedia.org/ontology/country	http://dbpedia.org/resource/South_Africa
http://dbpedia.org/property/longm	"12"^^http://www.w3.org/2001/XMLSchema#integer
http://dbpedia.org/property/populationTotal	"12974"^^http://www.w3.org/2001/XMLSchema#integer
http://dbpedia.org/property/longs	"39.219999999999998863"^^http://www.w3.org/2001/XMLSchema#decimal
http://dbpedia.org/property/populationAsOf	"2011"^^http://www.w3.org/2001/XMLSchema#integer
http://www.w3.org/2000/01/rdf-schema#comment	"Fouriesburg is a small town situated at the junction of the R711 and R26 routes in the eastern Free State, South Africa. It is near the Maluti Mountains and only 10 km from Caledon's Poort border post, which gives access to Lesotho."@en
http://dbpedia.org/property/percentOther	"0.2"^^http://dbpedia.org/datatype/perCent
http://dbpedia.org/property/leaderTitle	"Councillor"^^http://www.w3.org/1999/02/22-rdf-syntax-ns#langString
http://dbpedia.org/property/south	http://dbpedia.org/resource/Bethlehem,_Free_State
http://dbpedia.org/property/percentAsian	"0.6"^^http://dbpedia.org/datatype/perCent
http://dbpedia.org/property/longd	"28"^^http://www.w3.org/2001/XMLSchema#integer
http://xmlns.com/foaf/0.1/primaryTopic	http://en.wikipedia.org/wiki/Fouriesburg
http://dbpedia.org/property/east	http://dbpedia.org/resource/Marquard
http://www.w3.org/2002/07/owl#sameAs	http://de.dbpedia.org/resource/Fouriesburg
http://dbpedia.org/ontology/wikiPageRedirects	http://dbpedia.org/resource/Masjaing
http://www.w3.org/2003/01/geo/wgs84_pos#lat	"28.62274932861328125"^^http://www.w3.org/2001/XMLSchema#float
http://www.georss.org/georss/point	"28.62275 28.210894444444445"
http://dbpedia.org/ontology/thumbnail	http://commons.wikimedia.org/wiki/Special:FilePath/Hendrik_van_den_Berg_-_NG_Kerk_Church_Fouriesburg.jpg?width=300
http://dbpedia.org/ontology/wikiPageID	"1416676"^^http://www.w3.org/2001/XMLSchema#integer
http://dbpedia.org/property/percentBlack	"96.5"^^http://dbpedia.org/datatype/perCent
http://xmlns.com/foaf/0.1/depiction	http://commons.wikimedia.org/wiki/Special:FilePath/Hendrik_van_den_Berg_-_NG_Kerk_Church_Fouriesburg.jpg
http://purl.org/linguistics/gold/hypernym	http://dbpedia.org/resource/Town
http://dbpedia.org/property/establishedDate	"1892"^^http://www.w3.org/2001/XMLSchema#integer
http://dbpedia.org/property/percentColoured	"0.3"^^http://dbpedia.org/datatype/perCent
http://dbpedia.org/property/southwest	http://dbpedia.org/resource/Clarens,_Free_State
http://dbpedia.org/ontology/abstract	"Fouriesburg is a small town situated at the junction of the R711 and R26 routes in the eastern Free State, South Africa. It is near the Maluti Mountains and only 10 km from Caledon's Poort border post, which gives access to Lesotho."@en
http://www.w3.org/2003/01/geo/wgs84_pos#geometry	"POINT(28.210893630981 28.622749328613)"^^http://www.openlinksw.com/schemas/virtrdf#Geometry
http://www.w3.org/2000/01/rdf-schema#label	"Fouriesburg"@en
