#---Properties and values from: http://dbpedia.org/resource/Socorro_(Lisbon)
Property	Value
http://dbpedia.org/property/populationDensity	"auto"^^http://www.w3.org/1999/02/22-rdf-syntax-ns#langString
http://dbpedia.org/property/officialName	"Socorro"^^http://www.w3.org/1999/02/22-rdf-syntax-ns#langString
http://dbpedia.org/ontology/wikiPageRevisionID	"701649585"^^http://www.w3.org/2001/XMLSchema#integer
http://www.w3.org/2003/01/geo/wgs84_pos#long	"-9.0799999237060546875"^^http://www.w3.org/2001/XMLSchema#float
http://xmlns.com/foaf/0.1/isPrimaryTopicOf	http://en.wikipedia.org/wiki/Socorro_(Lisbon)
http://dbpedia.org/property/municipality	http://dbpedia.org/resource/Lisbon
http://dbpedia.org/ontology/country	http://dbpedia.org/resource/Portugal
http://dbpedia.org/property/populationTotal	"2676"^^http://www.w3.org/2001/XMLSchema#integer
http://dbpedia.org/property/populationAsOf	"2001"^^http://www.w3.org/2001/XMLSchema#integer
http://purl.org/dc/terms/subject	http://dbpedia.org/resource/Category:Former_parishes_of_Lisbon
http://dbpedia.org/ontology/wikiPageDisambiguates	http://dbpedia.org/resource/Socorro
http://www.w3.org/2000/01/rdf-schema#comment	"Сокорру (порт. Socorro) — район (фрегезия) в Португалии, входит в округ Лиссабон. Является составной частью муниципалитета Лиссабон. Находится в составе крупной городской агломерации Большой Лиссабон. По старому административному делению входил в провинцию Эштремадура. Входит в экономико-статистический субрегион Большой Лиссабон, который входит в Лиссабонский регион. Население составляет 2676 человек на 2001 год. Занимает площадь 0,11 км²."@ru
http://dbpedia.org/property/imageShield	"LSB-socorro.png"^^http://www.w3.org/1999/02/22-rdf-syntax-ns#langString
http://xmlns.com/foaf/0.1/primaryTopic	http://en.wikipedia.org/wiki/Socorro_(Lisbon)
http://dbpedia.org/property/dissolved	"2012"^^http://www.w3.org/2001/XMLSchema#integer
http://www.w3.org/2002/07/owl#sameAs	http://wikidata.dbpedia.org/resource/Q1466131
http://www.w3.org/2003/01/geo/wgs84_pos#lat	"38.4199981689453125"^^http://www.w3.org/2001/XMLSchema#float
http://www.georss.org/georss/point	"38.42 -9.08"
http://dbpedia.org/ontology/thumbnail	http://commons.wikimedia.org/wiki/Special:FilePath/LSB-socorro.png?width=300
http://dbpedia.org/property/areaTotal	"0.11000000000000000056"^^http://www.w3.org/2001/XMLSchema#decimal
http://dbpedia.org/ontology/wikiPageID	"21148606"^^http://www.w3.org/2001/XMLSchema#integer
http://www.w3.org/ns/prov#wasDerivedFrom	http://en.wikipedia.org/wiki/Socorro_(Lisbon)?oldid=701649585
http://xmlns.com/foaf/0.1/depiction	http://commons.wikimedia.org/wiki/Special:FilePath/LSB-socorro.png
http://purl.org/linguistics/gold/hypernym	http://dbpedia.org/resource/Parish
http://dbpedia.org/ontology/abstract	"Socorro est une freguesia de Lisbonne. 
* Portail de Lisbonne Portail de Lisbonne"@fr
http://www.w3.org/2003/01/geo/wgs84_pos#geometry	"POINT(-9.0799999237061 38.419998168945)"^^http://www.openlinksw.com/schemas/virtrdf#Geometry
http://www.w3.org/2000/01/rdf-schema#label	"Socorro (Lissabon)"@de
http://www.w3.org/1999/02/22-rdf-syntax-ns#type	http://dbpedia.org/class/yago/Abstraction100002137
