#---Properties and values from: http://dbpedia.org/resource/Sohag_Governorate
Property	Value
http://dbpedia.org/ontology/wikiPageExternalLink	http://www.sohag.gov.eg/
http://dbpedia.org/property/timeZone	"true"^^http://www.w3.org/1999/02/22-rdf-syntax-ns#langString
http://dbpedia.org/property/subdivisionType	"Country"^^http://www.w3.org/1999/02/22-rdf-syntax-ns#langString
http://dbpedia.org/property/location	http://dbpedia.org/resource/Abydos,_Egypt
http://dbpedia.org/property/west	"25"^^http://www.w3.org/2001/XMLSchema#integer
http://dbpedia.org/ontology/isPartOf	http://dbpedia.org/resource/Tjebu
http://purl.org/dc/terms/subject	http://dbpedia.org/resource/Category:Governorates_of_Egypt
http://dbpedia.org/property/utcOffsetDst	"true"^^http://www.w3.org/1999/02/22-rdf-syntax-ns#langString
http://dbpedia.org/property/flagSize	"120"^^http://www.w3.org/2001/XMLSchema#integer
http://dbpedia.org/property/capital	http://dbpedia.org/resource/Sohag
http://www.w3.org/ns/prov#wasDerivedFrom	http://en.wikipedia.org/wiki/Sohag_Governorate?oldid=744869551
http://dbpedia.org/property/area	"1547"^^http://www.w3.org/2001/XMLSchema#integer
http://dbpedia.org/property/name	"Sohag Governorate"^^http://www.w3.org/1999/02/22-rdf-syntax-ns#langString
http://dbpedia.org/property/latd	"26.559999999999998721"^^http://www.w3.org/2001/XMLSchema#decimal
http://dbpedia.org/property/utcOffset	"true"^^http://www.w3.org/1999/02/22-rdf-syntax-ns#langString
http://dbpedia.org/property/southeast	"25"^^http://www.w3.org/2001/XMLSchema#integer
http://xmlns.com/foaf/0.1/homepage	http://www.sohag.gov.eg/default.aspx
http://www.w3.org/1999/02/22-rdf-syntax-ns#type	http://dbpedia.org/class/yago/Region108630985
http://dbpedia.org/property/timeZoneDst	"true"^^http://www.w3.org/1999/02/22-rdf-syntax-ns#langString
http://dbpedia.org/property/populationDensityKm	"auto"^^http://www.w3.org/1999/02/22-rdf-syntax-ns#langString
http://dbpedia.org/ontology/wikiPageRevisionID	"744869551"^^http://www.w3.org/2001/XMLSchema#integer
http://dbpedia.org/property/mapCaption	"Sohag Governorate on the map of Egypt"^^http://www.w3.org/1999/02/22-rdf-syntax-ns#langString
http://dbpedia.org/property/settlementType	http://dbpedia.org/resource/Governorate_of_Egypt
http://dbpedia.org/property/coordinatesRegion	"EG"^^http://www.w3.org/1999/02/22-rdf-syntax-ns#langString
http://dbpedia.org/property/north	"25"^^http://www.w3.org/2001/XMLSchema#integer
http://dbpedia.org/property/imageMap	"Sohag in Egypt .svg"^^http://www.w3.org/1999/02/22-rdf-syntax-ns#langString
http://dbpedia.org/property/website	http://www.sohag.gov.eg/default.aspx
http://xmlns.com/foaf/0.1/isPrimaryTopicOf	http://en.wikipedia.org/wiki/Sohag_Governorate
http://dbpedia.org/property/populationTotal	"4469151"^^http://www.w3.org/2001/XMLSchema#integer
http://dbpedia.org/property/populationAsOf	"2014"^^http://www.w3.org/2001/XMLSchema#integer
http://dbpedia.org/property/northwest	"25"^^http://www.w3.org/2001/XMLSchema#integer
http://www.w3.org/2000/01/rdf-schema#comment	"Sohag Governorate also spelled Suhag Governorate  is one of the governorates of Egypt. It is located in the southern part of the country (Upper Egypt), and covers a stretch of the Nile Valley. Since 1960, its capital has been the city of Sohag. Prior to that, the capital was the city of Girga and the name of the governorate was Girga Governorate."@en
http://dbpedia.org/property/leaderTitle	"Governor"^^http://www.w3.org/1999/02/22-rdf-syntax-ns#langString
http://dbpedia.org/property/south	"25"^^http://www.w3.org/2001/XMLSchema#integer
http://dbpedia.org/property/longd	"31.699999999999999289"^^http://www.w3.org/2001/XMLSchema#decimal
http://xmlns.com/foaf/0.1/primaryTopic	http://en.wikipedia.org/wiki/Sohag_Governorate
http://dbpedia.org/property/east	"25"^^http://www.w3.org/2001/XMLSchema#integer
http://www.w3.org/2002/07/owl#sameAs	http://pl.dbpedia.org/resource/Sauhadż_(muhafaza)
http://dbpedia.org/ontology/wikiPageRedirects	http://dbpedia.org/resource/Governorate_of_Sohag
http://dbpedia.org/ontology/thumbnail	http://commons.wikimedia.org/wiki/Special:FilePath/Governadorat_de_Suhaj.png?width=300
http://dbpedia.org/ontology/wikiPageID	"468828"^^http://www.w3.org/2001/XMLSchema#integer
http://dbpedia.org/ontology/birthPlace	http://dbpedia.org/resource/Gamal_El-Ghitani
http://dbpedia.org/property/northeast	"25"^^http://www.w3.org/2001/XMLSchema#integer
http://dbpedia.org/property/leaderName	"Ayman Mohamed Abdel Monaem"^^http://www.w3.org/1999/02/22-rdf-syntax-ns#langString
http://dbpedia.org/property/coordinatesDisplay	"inline,title"^^http://www.w3.org/1999/02/22-rdf-syntax-ns#langString
http://dbpedia.org/property/centre	"Sohag"^^http://www.w3.org/1999/02/22-rdf-syntax-ns#langString
http://xmlns.com/foaf/0.1/depiction	http://commons.wikimedia.org/wiki/Special:FilePath/Governadorat_de_Suhaj.png
http://purl.org/linguistics/gold/hypernym	http://dbpedia.org/resource/Governorates
http://dbpedia.org/ontology/abstract	"Il Governatorato di Sohag (arabo:  محافظة سوهاج, Muḥāfaẓat Sūhāǧ) è un governatorato dell'Egitto che si trova lungo il Nilo. Il capoluogo è Sohag."@it
http://dbpedia.org/property/southwest	"25"^^http://www.w3.org/2001/XMLSchema#integer
http://dbpedia.org/property/imageFlag	"Governadorat de Suhaj.png"^^http://www.w3.org/1999/02/22-rdf-syntax-ns#langString
http://www.w3.org/2000/01/rdf-schema#label	"ソハーグ県"@ja
http://dbpedia.org/property/subdivisionName	http://dbpedia.org/resource/Egypt
