#---Properties and values from: http://dbpedia.org/resource/Carvalhal_(Abrantes)
Property	Value
http://dbpedia.org/property/officialName	"Carvalhal"^^http://www.w3.org/1999/02/22-rdf-syntax-ns#langString
http://dbpedia.org/ontology/wikiPageRevisionID	"689446877"^^http://www.w3.org/2001/XMLSchema#integer
http://dbpedia.org/property/wordnet_type	http://www.w3.org/2006/03/wn/wn20/instances/synset-municipality-noun-2
http://xmlns.com/foaf/0.1/isPrimaryTopicOf	http://en.wikipedia.org/wiki/Carvalhal_(Abrantes)
http://dbpedia.org/property/municipality	http://dbpedia.org/resource/Abrantes
http://dbpedia.org/ontology/country	http://dbpedia.org/resource/Portugal
http://dbpedia.org/property/populationTotal	"722"^^http://www.w3.org/2001/XMLSchema#integer
http://dbpedia.org/property/populationAsOf	"2011"^^http://www.w3.org/2001/XMLSchema#integer
http://dbpedia.org/ontology/wikiPageDisambiguates	http://dbpedia.org/resource/Carvalhal
http://purl.org/dc/terms/subject	http://dbpedia.org/resource/Category:Parishes_of_Abrantes
http://www.w3.org/2000/01/rdf-schema#comment	"Carvalhal is a Portuguese parish, located in Abrantes Municipality, in Santarém District. The population in 2011 was 722, in an area of 17.54 km². Once, the parish population was composed by a large number of woodcutters, due to its location in a densely forested area. However, since the 1980s, the economic importance of the forest has been declining. The zone is usually affected by several wildfires during the summer."@en
http://dbpedia.org/property/cim	http://dbpedia.org/resource/Médio_Tejo
http://dbpedia.org/property/imageShield	"ABT-carvalhal.png"^^http://www.w3.org/1999/02/22-rdf-syntax-ns#langString
http://dbpedia.org/property/longd	"-8.1929999999999996163"^^http://www.w3.org/2001/XMLSchema#decimal
http://xmlns.com/foaf/0.1/primaryTopic	http://en.wikipedia.org/wiki/Carvalhal_(Abrantes)
http://www.w3.org/2002/07/owl#sameAs	http://dbpedia.org/resource/Carvalhal_(Abrantes)
http://dbpedia.org/ontology/thumbnail	http://commons.wikimedia.org/wiki/Special:FilePath/ABT-carvalhal.png?width=300
http://dbpedia.org/ontology/wikiPageID	"5855165"^^http://www.w3.org/2001/XMLSchema#integer
http://dbpedia.org/property/areaTotal	"17.539999999999999147"^^http://www.w3.org/2001/XMLSchema#decimal
http://www.w3.org/ns/prov#wasDerivedFrom	http://en.wikipedia.org/wiki/Carvalhal_(Abrantes)?oldid=689446877
http://dbpedia.org/property/district	http://dbpedia.org/resource/Santarém_District
http://xmlns.com/foaf/0.1/depiction	http://commons.wikimedia.org/wiki/Special:FilePath/ABT-carvalhal.png
http://purl.org/linguistics/gold/hypernym	http://dbpedia.org/resource/Parish
http://dbpedia.org/property/latd	"39.564999999999997726"^^http://www.w3.org/2001/XMLSchema#decimal
http://dbpedia.org/property/subregion	http://dbpedia.org/resource/Médio_Tejo
http://dbpedia.org/ontology/abstract	"Карвальял (порт. Carvalhal) — район (фрегезия) в Португалии, входит в округ Сантарен. Является составной частью муниципалитета Абрантеш. По старому административному делению входил в провинцию Рибатежу. Входит в экономико-статистический субрегион Медиу-Тежу, который входит в Центральный регион. Население составляет 1006 человек на 2001 год. Занимает площадь 17,45 км². Покровителем района считается Дева Мария (порт. Nossa Senhora do Amparo). 
* Собор 
*"@ru
http://www.w3.org/2000/01/rdf-schema#label	"Carvalhal (Abrantes)"@pt
http://www.w3.org/1999/02/22-rdf-syntax-ns#type	http://dbpedia.org/class/yago/YagoPermanentlyLocatedEntity
http://dbpedia.org/property/region	http://dbpedia.org/resource/Centro_Region,_Portugal
