#---Properties and values from: http://dbpedia.org/resource/Laranjeiro_e_Feijó
Property	Value
http://dbpedia.org/property/officialName	"Laranjeiro e Feijó"^^http://www.w3.org/1999/02/22-rdf-syntax-ns#langString
http://dbpedia.org/ontology/wikiPageRevisionID	"701646093"^^http://www.w3.org/2001/XMLSchema#integer
http://xmlns.com/foaf/0.1/isPrimaryTopicOf	http://en.wikipedia.org/wiki/Laranjeiro_e_Feijó
http://dbpedia.org/property/municipality	http://dbpedia.org/resource/Almada
http://dbpedia.org/ontology/country	http://dbpedia.org/resource/Portugal
http://dbpedia.org/property/populationTotal	"39872"^^http://www.w3.org/2001/XMLSchema#integer
http://dbpedia.org/property/metro	http://dbpedia.org/resource/Lisbon_Metropolitan_Area
http://dbpedia.org/property/populationAsOf	"2011"^^http://www.w3.org/2001/XMLSchema#integer
http://purl.org/dc/terms/subject	http://dbpedia.org/resource/Category:Parishes_of_Almada
http://www.w3.org/2000/01/rdf-schema#comment	"Laranjeiro e Feijó is a civil parish in the municipality of Almada, Portugal. It was formed in 2013 by the merger of the former parishes Laranjeiro and Feijó. The population in 2011 was 39,872, in an area of 7.82 km²."@en
http://dbpedia.org/property/longd	"-9.1500000000000003553"^^http://www.w3.org/2001/XMLSchema#decimal
http://xmlns.com/foaf/0.1/primaryTopic	http://en.wikipedia.org/wiki/Laranjeiro_e_Feijó
http://www.w3.org/2002/07/owl#sameAs	http://dbpedia.org/resource/Laranjeiro_e_Feijó
http://dbpedia.org/ontology/wikiPageRedirects	http://dbpedia.org/resource/Laranjeiro_e_Feijo
http://dbpedia.org/ontology/wikiPageID	"43246390"^^http://www.w3.org/2001/XMLSchema#integer
http://dbpedia.org/property/areaTotal	"7.8200000000000002842"^^http://www.w3.org/2001/XMLSchema#decimal
http://www.w3.org/ns/prov#wasDerivedFrom	http://en.wikipedia.org/wiki/Laranjeiro_e_Feijó?oldid=701646093
http://dbpedia.org/property/district	http://dbpedia.org/resource/Setúbal_District
http://purl.org/linguistics/gold/hypernym	http://dbpedia.org/resource/Parish
http://dbpedia.org/property/latd	"38.656999999999996476"^^http://www.w3.org/2001/XMLSchema#decimal
http://dbpedia.org/property/subregion	http://dbpedia.org/resource/Península_de_Setúbal
http://dbpedia.org/ontology/abstract	"Laranjeiro e Feijó is a civil parish in the municipality of Almada, Portugal. It was formed in 2013 by the merger of the former parishes Laranjeiro and Feijó. The population in 2011 was 39,872, in an area of 7.82 km²."@en
http://www.w3.org/2000/01/rdf-schema#label	"Laranjeiro e Feijó"@en
http://www.w3.org/1999/02/22-rdf-syntax-ns#type	http://www.wikidata.org/entity/Q486972
http://dbpedia.org/property/region	http://dbpedia.org/resource/Lisboa_Region
