#---Properties and values from: http://dbpedia.org/resource/Pirajuí
Property	Value
http://dbpedia.org/property/longew	"W"^^http://www.w3.org/1999/02/22-rdf-syntax-ns#langString
http://dbpedia.org/property/lats	"56"^^http://www.w3.org/2001/XMLSchema#integer
http://dbpedia.org/ontology/wikiPageExternalLink	http://www.pirajui.net/
http://dbpedia.org/ontology/wikiPageRevisionID	"720298498"^^http://www.w3.org/2001/XMLSchema#integer
http://dbpedia.org/property/latm	"59"^^http://www.w3.org/2001/XMLSchema#integer
http://dbpedia.org/property/latns	"S"^^http://www.w3.org/1999/02/22-rdf-syntax-ns#langString
http://dbpedia.org/property/imageMap	"SaoPaulo Municip Pirajui.svg"^^http://www.w3.org/1999/02/22-rdf-syntax-ns#langString
http://dbpedia.org/property/north	http://dbpedia.org/resource/Garça
http://xmlns.com/foaf/0.1/isPrimaryTopicOf	http://en.wikipedia.org/wiki/Pirajuí
http://dbpedia.org/property/longm	"27"^^http://www.w3.org/2001/XMLSchema#integer
http://dbpedia.org/property/populationTotal	"24546"^^http://www.w3.org/2001/XMLSchema#integer
http://dbpedia.org/property/populationAsOf	"2015"^^http://www.w3.org/2001/XMLSchema#integer
http://dbpedia.org/property/longs	"25"^^http://www.w3.org/2001/XMLSchema#integer
http://purl.org/dc/terms/subject	http://dbpedia.org/resource/Category:Municipalities_in_São_Paulo_(state)
http://dbpedia.org/property/elevation	"468"^^http://www.w3.org/2001/XMLSchema#integer
http://dbpedia.org/property/state	"SP"^^http://www.w3.org/1999/02/22-rdf-syntax-ns#langString
http://www.w3.org/2000/01/rdf-schema#comment	"Pirajuí is a municipality in the state of São Paulo in Brazil. The population is 24,546 (2015 est.) in an area of 823 km²."@en
http://dbpedia.org/property/imageShield	"Brasão Pirajui.svg"^^http://www.w3.org/1999/02/22-rdf-syntax-ns#langString
http://dbpedia.org/property/longd	"49"^^http://www.w3.org/2001/XMLSchema#integer
http://xmlns.com/foaf/0.1/primaryTopic	http://en.wikipedia.org/wiki/Pirajuí
http://www.w3.org/2002/07/owl#sameAs	http://yago-knowledge.org/resource/Pirajuí
http://dbpedia.org/ontology/wikiPageRedirects	http://dbpedia.org/resource/Pirajui
http://dbpedia.org/ontology/thumbnail	http://commons.wikimedia.org/wiki/Special:FilePath/Brasão_Pirajui.svg?width=300
http://dbpedia.org/property/areaTotal	"823"^^http://www.w3.org/2001/XMLSchema#integer
http://dbpedia.org/ontology/wikiPageID	"1090444"^^http://www.w3.org/2001/XMLSchema#integer
http://www.w3.org/ns/prov#wasDerivedFrom	http://en.wikipedia.org/wiki/Pirajuí?oldid=720298498
http://dbpedia.org/ontology/birthPlace	http://dbpedia.org/resource/Zelão
http://xmlns.com/foaf/0.1/depiction	http://commons.wikimedia.org/wiki/Special:FilePath/Brasão_Pirajui.svg
http://purl.org/linguistics/gold/hypernym	http://dbpedia.org/resource/Municipality
http://dbpedia.org/property/latd	"21"^^http://www.w3.org/2001/XMLSchema#integer
http://dbpedia.org/ontology/abstract	"Pirajuí is a municipality in the state of São Paulo in Brazil. The population is 24,546 (2015 est.) in an area of 823 km²."@en
http://www.w3.org/2000/01/rdf-schema#label	"Pirajuí"@pl
http://xmlns.com/foaf/0.1/homepage	http://www.pirajui.sp.gov.br/
http://www.w3.org/1999/02/22-rdf-syntax-ns#type	http://dbpedia.org/class/yago/YagoPermanentlyLocatedEntity
