#---Properties and values from: http://dbpedia.org/resource/Natividade,_Tocantins
Property	Value
http://dbpedia.org/property/lats	"35"^^http://www.w3.org/2001/XMLSchema#integer
http://dbpedia.org/ontology/wikiPageRevisionID	"725390789"^^http://www.w3.org/2001/XMLSchema#integer
http://dbpedia.org/property/latm	"42"^^http://www.w3.org/2001/XMLSchema#integer
http://dbpedia.org/property/latns	"s"^^http://www.w3.org/1999/02/22-rdf-syntax-ns#langString
http://xmlns.com/foaf/0.1/isPrimaryTopicOf	http://en.wikipedia.org/wiki/Natividade,_Tocantins
http://dbpedia.org/property/longm	"43"^^http://www.w3.org/2001/XMLSchema#integer
http://dbpedia.org/property/populationTotal	"9291"^^http://www.w3.org/2001/XMLSchema#integer
http://dbpedia.org/property/longs	"24"^^http://www.w3.org/2001/XMLSchema#integer
http://dbpedia.org/property/populationAsOf	"2015"^^http://www.w3.org/2001/XMLSchema#integer
http://purl.org/dc/terms/subject	http://dbpedia.org/resource/Category:Municipalities_in_Tocantins
http://dbpedia.org/property/elevation	"323"^^http://www.w3.org/2001/XMLSchema#integer
http://dbpedia.org/property/state	"TO"^^http://www.w3.org/1999/02/22-rdf-syntax-ns#langString
http://dbpedia.org/ontology/wikiPageDisambiguates	http://dbpedia.org/resource/Natividade
http://www.w3.org/2000/01/rdf-schema#comment	"Natividade (meaning the nativity) is a municipality (município) in the state of Tocantins in Brazil. The estimated population in 2015 was 9,291, the area is 3,240 km². The elevation is 323 m."@en
http://dbpedia.org/property/longd	"47"^^http://www.w3.org/2001/XMLSchema#integer
http://xmlns.com/foaf/0.1/primaryTopic	http://en.wikipedia.org/wiki/Natividade,_Tocantins
http://www.w3.org/2002/07/owl#sameAs	http://www.wikidata.org/entity/Q1801567
http://dbpedia.org/ontology/wikiPageID	"1068284"^^http://www.w3.org/2001/XMLSchema#integer
http://dbpedia.org/property/areaTotal	"3240"^^http://www.w3.org/2001/XMLSchema#integer
http://www.w3.org/ns/prov#wasDerivedFrom	http://en.wikipedia.org/wiki/Natividade,_Tocantins?oldid=725390789
http://dbpedia.org/ontology/birthPlace	http://dbpedia.org/resource/Walisson_Moreira_Farias_Maia
http://dbpedia.org/property/name	"Natividade"^^http://www.w3.org/1999/02/22-rdf-syntax-ns#langString
http://purl.org/linguistics/gold/hypernym	http://dbpedia.org/resource/Municipality
http://dbpedia.org/property/latd	"11"^^http://www.w3.org/2001/XMLSchema#integer
http://dbpedia.org/ontology/abstract	"Нативидади (порт. Natividade) — муниципалитет в Бразилии, входит в штат Токантинс. Составная часть мезорегиона Восточный Токантинс. Входит в экономико-статистический микрорегион Дианополис. Население составляет 9764 человека на 2006 год. Занимает площадь 3 215,903 км². Плотность населения — 3,0 чел./км²."@ru
http://www.w3.org/2000/01/rdf-schema#label	"Нативидади (Токантинс)"@ru
http://www.w3.org/1999/02/22-rdf-syntax-ns#type	http://dbpedia.org/ontology/Settlement
