#---Properties and values from: http://dbpedia.org/resource/Rozendal
Property	Value
http://xmlns.com/foaf/0.1/name	"Rozendal"@en
http://dbpedia.org/property/lats	"59"^^http://www.w3.org/2001/XMLSchema#integer
http://dbpedia.org/ontology/wikiPageExternalLink	http://census2011.adrianfrith.com/place/167018
http://dbpedia.org/ontology/wikiPageRevisionID	"742270798"^^http://www.w3.org/2001/XMLSchema#integer
http://dbpedia.org/property/areaFootnotes	"ref | |name=census2011"^^http://www.w3.org/1999/02/22-rdf-syntax-ns#langString
http://dbpedia.org/property/latm	"55"^^http://www.w3.org/2001/XMLSchema#integer
http://dbpedia.org/property/areaCode	"21887"^^http://www.w3.org/2001/XMLSchema#integer
http://www.w3.org/2003/01/geo/wgs84_pos#long	"18.89194488525390625"^^http://www.w3.org/2001/XMLSchema#float
http://xmlns.com/foaf/0.1/isPrimaryTopicOf	http://en.wikipedia.org/wiki/Rozendal
http://dbpedia.org/property/municipality	"Stellenbosch"^^http://www.w3.org/1999/02/22-rdf-syntax-ns#langString
http://dbpedia.org/property/longm	"53"^^http://www.w3.org/2001/XMLSchema#integer
http://dbpedia.org/ontology/country	http://dbpedia.org/resource/South_Africa
http://dbpedia.org/property/populationTotal	"824"^^http://www.w3.org/2001/XMLSchema#integer
http://dbpedia.org/property/populationAsOf	"2011"^^http://www.w3.org/2001/XMLSchema#integer
http://dbpedia.org/property/longs	"31"^^http://www.w3.org/2001/XMLSchema#integer
http://purl.org/dc/terms/subject	http://dbpedia.org/resource/Category:Stellenbosch
http://www.w3.org/2000/01/rdf-schema#comment	"Rozendal is een dorp in de regio West-Kaap in Zuid-Afrika. De plaats is één van de oudste nederzettingen van het land en gelegen in de gemeente Stellenbosch. Sinds de jaren 1970 is het dorp aan Stellenbosch vastgegroeid."@nl
http://dbpedia.org/property/leaderTitle	"Councillor"^^http://www.w3.org/1999/02/22-rdf-syntax-ns#langString
http://dbpedia.org/property/longd	"18"^^http://www.w3.org/2001/XMLSchema#integer
http://xmlns.com/foaf/0.1/primaryTopic	http://en.wikipedia.org/wiki/Rozendal
http://www.w3.org/2002/07/owl#sameAs	http://linkedgeodata.org/triplify/node262715703
http://dbpedia.org/ontology/wikiPageRedirects	http://dbpedia.org/resource/Rozendal,_Western_Cape
http://www.w3.org/2003/01/geo/wgs84_pos#lat	"33.933055877685546875"^^http://www.w3.org/2001/XMLSchema#float
http://www.georss.org/georss/point	"33.933055555555555 18.891944444444444"
http://dbpedia.org/ontology/postalCode	"7600"
http://dbpedia.org/ontology/wikiPageID	"12344978"^^http://www.w3.org/2001/XMLSchema#integer
http://www.w3.org/ns/prov#wasDerivedFrom	http://en.wikipedia.org/wiki/Rozendal?oldid=742270798
http://dbpedia.org/property/areaTotalKm	"0.26000000000000000888"^^http://www.w3.org/2001/XMLSchema#decimal
http://dbpedia.org/property/district	"Cape Winelands"^^http://www.w3.org/1999/02/22-rdf-syntax-ns#langString
http://purl.org/linguistics/gold/hypernym	http://dbpedia.org/resource/Suburb
http://dbpedia.org/property/latd	"33"^^http://www.w3.org/2001/XMLSchema#integer
http://dbpedia.org/ontology/abstract	"Rozendal is een dorp in de regio West-Kaap in Zuid-Afrika. De plaats is één van de oudste nederzettingen van het land en gelegen in de gemeente Stellenbosch. Sinds de jaren 1970 is het dorp aan Stellenbosch vastgegroeid."@nl
http://www.w3.org/2003/01/geo/wgs84_pos#geometry	"POINT(18.891944885254 33.933055877686)"^^http://www.openlinksw.com/schemas/virtrdf#Geometry
http://www.w3.org/2000/01/rdf-schema#label	"Rozendal"@en
http://dbpedia.org/property/province	"Western Cape"^^http://www.w3.org/1999/02/22-rdf-syntax-ns#langString
http://www.w3.org/1999/02/22-rdf-syntax-ns#type	http://dbpedia.org/class/yago/GeographicalArea108574314
