#---Properties and values from: http://dbpedia.org/resource/Frazão_Arreigada
Property	Value
http://dbpedia.org/property/officialName	"Frazão Arreigada"^^http://www.w3.org/1999/02/22-rdf-syntax-ns#langString
http://dbpedia.org/ontology/wikiPageRevisionID	"701645382"^^http://www.w3.org/2001/XMLSchema#integer
http://xmlns.com/foaf/0.1/isPrimaryTopicOf	http://en.wikipedia.org/wiki/Frazão_Arreigada
http://dbpedia.org/property/municipality	http://dbpedia.org/resource/Paços_de_Ferreira
http://dbpedia.org/ontology/country	http://dbpedia.org/resource/Portugal
http://dbpedia.org/property/populationTotal	"6263"^^http://www.w3.org/2001/XMLSchema#integer
http://dbpedia.org/property/populationAsOf	"2011"^^http://www.w3.org/2001/XMLSchema#integer
http://purl.org/dc/terms/subject	http://dbpedia.org/resource/Category:Parishes_of_Paços_de_Ferreira
http://www.w3.org/2000/01/rdf-schema#comment	"Frazão Arreigada is a civil parish in the municipality of Paços de Ferreira, Portugal. It was formed in 2013 by the merger of the former parishes Frazão and Arreigada. The population in 2011 was 6,263, in an area of 7.28 km²."@en
http://dbpedia.org/property/cim	http://dbpedia.org/resource/Tâmega_e_Sousa
http://dbpedia.org/property/longd	"-8.4149999999999991473"^^http://www.w3.org/2001/XMLSchema#decimal
http://xmlns.com/foaf/0.1/primaryTopic	http://en.wikipedia.org/wiki/Frazão_Arreigada
http://dbpedia.org/ontology/wikiPageRedirects	http://dbpedia.org/resource/Frazao
http://www.w3.org/2002/07/owl#sameAs	http://www.wikidata.org/entity/Q1452112
http://dbpedia.org/property/areaTotal	"7.2800000000000002487"^^http://www.w3.org/2001/XMLSchema#decimal
http://dbpedia.org/ontology/wikiPageID	"29327356"^^http://www.w3.org/2001/XMLSchema#integer
http://www.w3.org/ns/prov#wasDerivedFrom	http://en.wikipedia.org/wiki/Frazão_Arreigada?oldid=701645382
http://dbpedia.org/property/district	http://dbpedia.org/resource/Porto_District
http://purl.org/linguistics/gold/hypernym	http://dbpedia.org/resource/Parish
http://dbpedia.org/property/latd	"41.265999999999998238"^^http://www.w3.org/2001/XMLSchema#decimal
http://dbpedia.org/property/subregion	http://dbpedia.org/resource/Tâmega_Subregion
http://dbpedia.org/ontology/abstract	"Frazão ist ein Ort und eine ehemalige Gemeinde (Freguesia) im portugiesischen Kreis Paços de Ferreira. Die Gemeinde hatte 4260 Einwohner (Stand 30. Juni 2011). Am 29. September 2013 wurden die Gemeinden Frazão und Arreigada zur neuen Gemeinde Frazão Arreigada zusammengeschlossen. Frazão ist Sitz dieser neu gebildeten Gemeinde."@de
http://www.w3.org/2000/01/rdf-schema#label	"Frazão"@pt
http://www.w3.org/1999/02/22-rdf-syntax-ns#type	http://dbpedia.org/ontology/Settlement
http://dbpedia.org/property/region	http://dbpedia.org/resource/Norte_Region,_Portugal
