#---Properties and values from: http://dbpedia.org/resource/São_João_da_Madeira
Property	Value
http://dbpedia.org/property/lats	"50"^^http://www.w3.org/2001/XMLSchema#integer
http://dbpedia.org/ontology/wikiPageExternalLink	http://www.cm-sjm.pt/
http://dbpedia.org/property/latm	"53"^^http://www.w3.org/2001/XMLSchema#integer
http://dbpedia.org/property/areaCode	"256"^^http://www.w3.org/2001/XMLSchema#integer
http://dbpedia.org/property/imageSkyline	"Vista aérea parcial do centro.jpg"^^http://www.w3.org/1999/02/22-rdf-syntax-ns#langString
http://dbpedia.org/property/location	http://dbpedia.org/resource/2015–16_Associação_Académica_de_Coimbra_–_O.A.F._season
http://dbpedia.org/property/metro	http://dbpedia.org/resource/Metropolitan_Area_of_Porto
http://purl.org/dc/terms/subject	http://dbpedia.org/resource/Category:Cities_in_Portugal
http://dbpedia.org/property/parishes	"1"^^http://www.w3.org/2001/XMLSchema#integer
http://dbpedia.org/ontology/wikiPageDisambiguates	http://dbpedia.org/resource/São_João
http://dbpedia.org/property/imageLocation	"LocalSaoJoaoDaMadeira.svg"^^http://www.w3.org/1999/02/22-rdf-syntax-ns#langString
http://dbpedia.org/property/leaderParty	http://dbpedia.org/resource/Social_Democratic_Party_(Portugal)
http://www.w3.org/ns/prov#wasDerivedFrom	http://en.wikipedia.org/wiki/São_João_da_Madeira?oldid=701649803
http://dbpedia.org/property/district	http://dbpedia.org/resource/Aveiro_District
http://dbpedia.org/property/latd	"40"^^http://www.w3.org/2001/XMLSchema#integer
http://dbpedia.org/property/subregion	http://dbpedia.org/resource/Entre_Douro_e_Vouga
http://xmlns.com/foaf/0.1/homepage	http://www.cm-sjm.pt/
http://www.w3.org/1999/02/22-rdf-syntax-ns#type	http://dbpedia.org/class/yago/Tract108673395
http://dbpedia.org/property/region	http://dbpedia.org/resource/Norte_Region,_Portugal
http://dbpedia.org/ontology/wikiPageRevisionID	"701649803"^^http://www.w3.org/2001/XMLSchema#integer
http://dbpedia.org/property/website	http://www.cm-sjm.pt/
http://xmlns.com/foaf/0.1/isPrimaryTopicOf	http://en.wikipedia.org/wiki/São_João_da_Madeira
http://dbpedia.org/property/longm	"29"^^http://www.w3.org/2001/XMLSchema#integer
http://dbpedia.org/ontology/country	http://dbpedia.org/resource/Metropolitan_Area_of_Porto
http://dbpedia.org/property/populationTotal	"21713"^^http://www.w3.org/2001/XMLSchema#integer
http://dbpedia.org/property/longs	"20"^^http://www.w3.org/2001/XMLSchema#integer
http://dbpedia.org/property/populationAsOf	"2011"^^http://www.w3.org/2001/XMLSchema#integer
http://dbpedia.org/property/elevation	"227"^^http://www.w3.org/2001/XMLSchema#integer
http://dbpedia.org/property/stadium	http://dbpedia.org/resource/2003–04_Taça_de_Portugal
http://www.w3.org/2000/01/rdf-schema#comment	"São João da Madeira ist eine Stadt (Cidade) und ein Kreis (Concelho) in Portugal mit 21.685 Einwohnern (Stand 30. Juni 2011). In einer landesweiten Studie wurde der Ort 2010 als lebenswertester Kreis Portugals ausgezeichnet, und gilt als einzige Stadt in Europa mit flächendeckendem und kostenlosem Drahtlos-Internetzugang."@de
http://dbpedia.org/property/imageShield	"SJM.png"^^http://www.w3.org/1999/02/22-rdf-syntax-ns#langString
http://dbpedia.org/property/longd	"8"^^http://www.w3.org/2001/XMLSchema#integer
http://xmlns.com/foaf/0.1/primaryTopic	http://en.wikipedia.org/wiki/São_João_da_Madeira
http://www.w3.org/2002/07/owl#sameAs	http://rdf.freebase.com/ns/m.03j0qy
http://dbpedia.org/ontology/wikiPageRedirects	http://dbpedia.org/resource/History_of_São_João_da_Madeira
http://dbpedia.org/ontology/thumbnail	http://commons.wikimedia.org/wiki/Special:FilePath/Pt-sjm1.png?width=300
http://dbpedia.org/ontology/wikiPageID	"859766"^^http://www.w3.org/2001/XMLSchema#integer
http://dbpedia.org/property/areaTotal	"7.9400000000000003908"^^http://www.w3.org/2001/XMLSchema#decimal
http://dbpedia.org/ontology/location	http://dbpedia.org/resource/Estádio_Conde_Dias_Garcia
http://dbpedia.org/ontology/birthPlace	http://dbpedia.org/resource/Edu_Pinheiro
http://dbpedia.org/property/leaderName	http://dbpedia.org/resource/José_Manuel_Castro_Almeida
http://xmlns.com/foaf/0.1/depiction	http://commons.wikimedia.org/wiki/Special:FilePath/Pt-sjm1.png
http://dbpedia.org/property/patron	http://dbpedia.org/resource/John_the_Baptist
http://purl.org/linguistics/gold/hypernym	http://dbpedia.org/resource/City
http://dbpedia.org/property/postalCode	"3700"^^http://www.w3.org/2001/XMLSchema#integer
http://dbpedia.org/ontology/abstract	"São João da Madeira to miejscowość w Portugalii, leżąca w dystrykcie Aveiro, w regionie Północ w podregionie Entre Douro e Vouga. Miejscowość jest siedzibą gminy o tej samej nazwie."@pl
http://dbpedia.org/property/imageFlag	"Pt-sjm1.png"^^http://www.w3.org/1999/02/22-rdf-syntax-ns#langString
http://www.w3.org/2000/01/rdf-schema#label	"São João da Madeira"@it
http://dbpedia.org/ontology/ground	http://dbpedia.org/resource/A.D._Sanjoanense
