#---Properties and values from: http://dbpedia.org/resource/Cesar,_Portugal
Property	Value
http://dbpedia.org/property/officialName	"Cesar"^^http://www.w3.org/1999/02/22-rdf-syntax-ns#langString
http://dbpedia.org/ontology/wikiPageRevisionID	"701644015"^^http://www.w3.org/2001/XMLSchema#integer
http://xmlns.com/foaf/0.1/isPrimaryTopicOf	http://en.wikipedia.org/wiki/Cesar,_Portugal
http://dbpedia.org/property/municipality	http://dbpedia.org/resource/Oliveira_de_Azeméis
http://dbpedia.org/property/location	http://dbpedia.org/resource/2014–15_in_Swiss_football
http://dbpedia.org/ontology/country	http://dbpedia.org/resource/Portugal
http://dbpedia.org/property/populationTotal	"3166"^^http://www.w3.org/2001/XMLSchema#integer
http://dbpedia.org/property/populationAsOf	"2011"^^http://www.w3.org/2001/XMLSchema#integer
http://dbpedia.org/property/metro	http://dbpedia.org/resource/Metropolitan_Area_of_Porto
http://dbpedia.org/ontology/wikiPageDisambiguates	http://dbpedia.org/resource/Cesar
http://purl.org/dc/terms/subject	http://dbpedia.org/resource/Category:Parishes_of_Oliveira_de_Azeméis
http://www.w3.org/2000/01/rdf-schema#comment	"Cesar ist eine Gemeinde (Freguesia) im portugiesischen Kreis Oliveira de Azeméis. In ihr leben 3161 Einwohner (Stand 30. Juni 2011)."@de
http://dbpedia.org/property/longd	"-8.4390000000000000568"^^http://www.w3.org/2001/XMLSchema#decimal
http://xmlns.com/foaf/0.1/primaryTopic	http://en.wikipedia.org/wiki/Cesar,_Portugal
http://www.w3.org/2002/07/owl#sameAs	http://rdf.freebase.com/ns/m.0ds035v
http://dbpedia.org/property/areaTotal	"5.4299999999999997158"^^http://www.w3.org/2001/XMLSchema#decimal
http://dbpedia.org/ontology/wikiPageID	"29326947"^^http://www.w3.org/2001/XMLSchema#integer
http://www.w3.org/ns/prov#wasDerivedFrom	http://en.wikipedia.org/wiki/Cesar,_Portugal?oldid=701644015
http://dbpedia.org/property/district	http://dbpedia.org/resource/Aveiro_District
http://purl.org/linguistics/gold/hypernym	http://dbpedia.org/resource/Parish
http://dbpedia.org/property/latd	"40.917999999999999261"^^http://www.w3.org/2001/XMLSchema#decimal
http://dbpedia.org/property/subregion	http://dbpedia.org/resource/Entre_Douro_e_Vouga
http://dbpedia.org/ontology/abstract	"Cesar ist eine Gemeinde (Freguesia) im portugiesischen Kreis Oliveira de Azeméis. In ihr leben 3161 Einwohner (Stand 30. Juni 2011)."@de
http://www.w3.org/2000/01/rdf-schema#label	"Cesar (Portugal)"@pt
http://dbpedia.org/ontology/ground	http://dbpedia.org/resource/F.C._Cesarense
http://www.w3.org/1999/02/22-rdf-syntax-ns#type	http://dbpedia.org/class/yago/Region108630985
http://dbpedia.org/property/region	http://dbpedia.org/resource/Norte_Region,_Portugal
