#---Properties and values from: http://dbpedia.org/resource/Caminha
Property	Value
http://dbpedia.org/ontology/wikiPageExternalLink	http://www.cm-caminha.pt
http://dbpedia.org/ontology/wikiPageRevisionID	"742906710"^^http://www.w3.org/2001/XMLSchema#integer
http://dbpedia.org/property/latm	"50"^^http://www.w3.org/2001/XMLSchema#integer
http://dbpedia.org/property/wordnet_type	http://www.w3.org/2006/03/wn/wn20/instances/synset-township-noun-1
http://dbpedia.org/property/website	http://www.cm-caminha.pt
http://xmlns.com/foaf/0.1/isPrimaryTopicOf	http://en.wikipedia.org/wiki/Caminha
http://dbpedia.org/property/municipality	http://dbpedia.org/resource/Vilar_de_Mouros
http://dbpedia.org/property/longm	"50"^^http://www.w3.org/2001/XMLSchema#integer
http://dbpedia.org/property/populationTotal	"16684"^^http://www.w3.org/2001/XMLSchema#integer
http://dbpedia.org/property/populationAsOf	"2011"^^http://www.w3.org/2001/XMLSchema#integer
http://purl.org/dc/terms/subject	http://dbpedia.org/resource/Category:Municipalities_of_Portugal
http://dbpedia.org/property/parishes	"[[#Parishes"^^http://www.w3.org/1999/02/22-rdf-syntax-ns#langString
http://www.w3.org/2000/01/rdf-schema#comment	"Caminha to miejscowość w Portugalii, leżąca w dystrykcie Viana do Castelo, w regionie Północ i w subregionie Minho-Lima. Miejscowość jest siedzibą gminy. Gmina ma obszar 129,66 km². Według danych z roku 2001 zamieszkiwało ją 17 069 mieszkańców."@pl
http://dbpedia.org/property/cim	http://dbpedia.org/resource/Alto_Minho
http://dbpedia.org/property/imageShield	"CMN.png"^^http://www.w3.org/1999/02/22-rdf-syntax-ns#langString
http://dbpedia.org/property/longd	"8"^^http://www.w3.org/2001/XMLSchema#integer
http://xmlns.com/foaf/0.1/primaryTopic	http://en.wikipedia.org/wiki/Caminha
http://www.w3.org/2002/07/owl#sameAs	http://it.dbpedia.org/resource/Caminha
http://dbpedia.org/property/imageLocation	"LocalCaminha.svg"^^http://www.w3.org/1999/02/22-rdf-syntax-ns#langString
http://dbpedia.org/ontology/wikiPageRedirects	http://dbpedia.org/resource/Caminha_Municipality
http://dbpedia.org/property/leaderParty	http://dbpedia.org/resource/Socialist_Party_(Portugal)PS
http://dbpedia.org/ontology/thumbnail	http://commons.wikimedia.org/wiki/Special:FilePath/Pt-cmn1.png?width=300
http://dbpedia.org/ontology/wikiPageID	"3341224"^^http://www.w3.org/2001/XMLSchema#integer
http://dbpedia.org/property/areaTotal	"136.52000000000001023"^^http://www.w3.org/2001/XMLSchema#decimal
http://dbpedia.org/ontology/birthPlace	http://dbpedia.org/resource/João_Lourenço_Rebelo
http://www.w3.org/ns/prov#wasDerivedFrom	http://en.wikipedia.org/wiki/Caminha?oldid=742906710
http://dbpedia.org/property/leaderName	"Miguel Alves"^^http://www.w3.org/1999/02/22-rdf-syntax-ns#langString
http://dbpedia.org/property/place	http://dbpedia.org/resource/EuroBasket_Women_2015_qualification
http://dbpedia.org/property/district	http://dbpedia.org/resource/Viana_do_Castelo_District
http://xmlns.com/foaf/0.1/depiction	http://commons.wikimedia.org/wiki/Special:FilePath/Pt-cmn1.png
http://purl.org/linguistics/gold/hypernym	http://dbpedia.org/resource/Municipality
http://dbpedia.org/property/latd	"41"^^http://www.w3.org/2001/XMLSchema#integer
http://dbpedia.org/property/subregion	http://dbpedia.org/resource/Minho-Lima
http://dbpedia.org/ontology/abstract	"Caminha é uma vila raiana portuguesa no Distrito de Viana do Castelo, região Norte e sub-região do Minho-Lima, com cerca de 2 500 habitantes. É sede de um município com 136,52 km² de área e 16 684 habitantes (2011), subdividido em 14 freguesias. O município é limitado a nordeste pelo município de Vila Nova de Cerveira, a sudeste por Ponte de Lima, a sul por Viana do Castelo, a norte pela Galiza e a oeste pelo Oceano Atlântico. A foz do rio Minho situa-se em Caminha, fazendo este rio parte integrante da paisagem da vila. Para atravessá-lo rumo à vizinha Galiza, existe um terminal fluvial de barcos, que transportam não só passageiros, mas também automóveis."@pt
http://dbpedia.org/property/imageFlag	"Pt-cmn1.png"^^http://www.w3.org/1999/02/22-rdf-syntax-ns#langString
http://www.w3.org/2000/01/rdf-schema#label	"Caminha"@es
http://xmlns.com/foaf/0.1/homepage	http://www.cm-caminha.pt
http://www.w3.org/1999/02/22-rdf-syntax-ns#type	http://dbpedia.org/class/yago/Region108630985
http://dbpedia.org/property/region	http://dbpedia.org/resource/Norte_Region,_Portugal
