#---Properties and values from: http://dbpedia.org/resource/Smithfield,_Free_State
Property	Value
http://xmlns.com/foaf/0.1/name	"Smithfield"@en
http://dbpedia.org/property/lats	"45"^^http://www.w3.org/2001/XMLSchema#integer
http://dbpedia.org/ontology/wikiPageExternalLink	http://www.smithfield.co.za/news/platteland-preview
http://dbpedia.org/property/latm	"12"^^http://www.w3.org/2001/XMLSchema#integer
http://dbpedia.org/property/areaCode	"51"^^http://www.w3.org/2001/XMLSchema#integer
http://dbpedia.org/property/imageSkyline	"Smithfield_stadsaal.jpg"^^http://www.w3.org/1999/02/22-rdf-syntax-ns#langString
http://dbpedia.org/ontology/sourceMountain	http://dbpedia.org/resource/Riet_River
http://www.w3.org/2003/01/geo/wgs84_pos#long	"26.531389236450195312"^^http://www.w3.org/2001/XMLSchema#float
http://dbpedia.org/ontology/sourcePlace	http://dbpedia.org/resource/Riet_River
http://dbpedia.org/property/west	http://dbpedia.org/resource/Springfontein
http://dbpedia.org/ontology/wikiPageDisambiguates	http://dbpedia.org/resource/Smithfield
http://purl.org/dc/terms/subject	http://dbpedia.org/resource/Category:Populated_places_established_in_1848
http://dbpedia.org/property/birthPlace	http://dbpedia.org/resource/Louis_Babrow
http://dbpedia.org/property/leaderParty	http://dbpedia.org/resource/ANC
http://dbpedia.org/property/percentWhite	"3.1"^^http://dbpedia.org/datatype/perCent
http://www.w3.org/ns/prov#wasDerivedFrom	http://en.wikipedia.org/wiki/Smithfield,_Free_State?oldid=678602355
http://dbpedia.org/property/areaTotalKm	"35.5"^^http://www.w3.org/2001/XMLSchema#decimal
http://dbpedia.org/property/district	"Xhariep"^^http://www.w3.org/1999/02/22-rdf-syntax-ns#langString
http://dbpedia.org/property/latd	"30"^^http://www.w3.org/2001/XMLSchema#integer
http://dbpedia.org/property/southeast	"Sterkspruit"^^http://www.w3.org/1999/02/22-rdf-syntax-ns#langString
http://dbpedia.org/property/province	"Free State"^^http://www.w3.org/1999/02/22-rdf-syntax-ns#langString
http://xmlns.com/foaf/0.1/homepage	http://www.smithfield.co.za
http://www.w3.org/1999/02/22-rdf-syntax-ns#type	http://dbpedia.org/ontology/Settlement
http://dbpedia.org/property/demographics2Info	"20.9"^^http://dbpedia.org/datatype/perCent
http://dbpedia.org/ontology/garrison	http://dbpedia.org/resource/Smithfield_Commando
http://dbpedia.org/ontology/wikiPageRevisionID	"678602355"^^http://www.w3.org/2001/XMLSchema#integer
http://dbpedia.org/property/governmentType	"Municipality"^^http://www.w3.org/1999/02/22-rdf-syntax-ns#langString
http://dbpedia.org/property/north	http://dbpedia.org/resource/Bloemfontein
http://dbpedia.org/property/imageCaption	"Smithfield Town Hall"^^http://www.w3.org/1999/02/22-rdf-syntax-ns#langString
http://dbpedia.org/property/demographics2Title	http://dbpedia.org/resource/Afrikaans
http://xmlns.com/foaf/0.1/isPrimaryTopicOf	http://en.wikipedia.org/wiki/Smithfield,_Free_State
http://dbpedia.org/property/municipality	"Mohokare"^^http://www.w3.org/1999/02/22-rdf-syntax-ns#langString
http://dbpedia.org/property/longm	"31"^^http://www.w3.org/2001/XMLSchema#integer
http://dbpedia.org/ontology/country	http://dbpedia.org/resource/South_Africa
http://dbpedia.org/property/populationTotal	"4779"^^http://www.w3.org/2001/XMLSchema#integer
http://dbpedia.org/property/populationAsOf	"2011"^^http://www.w3.org/2001/XMLSchema#integer
http://dbpedia.org/property/northwest	http://dbpedia.org/resource/Zastron
http://dbpedia.org/property/longs	"53"^^http://www.w3.org/2001/XMLSchema#integer
http://www.w3.org/2000/01/rdf-schema#comment	"Smithfield is a small town founded in 1848 in the Orange River Sovereignty (as the region was then named). The town situated in a rural farming district, and is the third oldest town in present-day Free State, (after Philippolis and Winburg)."@en
http://dbpedia.org/property/percentOther	"0.3"^^http://dbpedia.org/datatype/perCent
http://dbpedia.org/property/leaderTitle	"Mayor"^^http://www.w3.org/1999/02/22-rdf-syntax-ns#langString
http://dbpedia.org/property/south	http://dbpedia.org/resource/Aliwal_North
http://dbpedia.org/property/percentAsian	"0.3"^^http://dbpedia.org/datatype/perCent
http://dbpedia.org/property/longd	"26"^^http://www.w3.org/2001/XMLSchema#integer
http://xmlns.com/foaf/0.1/primaryTopic	http://en.wikipedia.org/wiki/Smithfield,_Free_State
http://dbpedia.org/property/east	http://dbpedia.org/resource/Trompsburg
http://dbpedia.org/ontology/wikiPageRedirects	http://dbpedia.org/resource/EMphelandaba
http://www.w3.org/2002/07/owl#sameAs	http://nl.dbpedia.org/resource/Smithfield_(Zuid-Afrika)
http://www.w3.org/2003/01/geo/wgs84_pos#lat	"30.212499618530273438"^^http://www.w3.org/2001/XMLSchema#float
http://www.georss.org/georss/point	"30.2125 26.531388888888888"
http://dbpedia.org/ontology/thumbnail	http://commons.wikimedia.org/wiki/Special:FilePath/Smithfield_stadsaal.jpg?width=300
http://dbpedia.org/ontology/wikiPageID	"1433325"^^http://www.w3.org/2001/XMLSchema#integer
http://dbpedia.org/ontology/birthPlace	http://dbpedia.org/resource/Christiaan_de_Wet
http://dbpedia.org/property/percentBlack	"91.4"^^http://dbpedia.org/datatype/perCent
http://dbpedia.org/property/northeast	http://dbpedia.org/resource/Wepener
http://dbpedia.org/property/leaderName	"Motshewa Julia Sehanka"^^http://www.w3.org/1999/02/22-rdf-syntax-ns#langString
http://xmlns.com/foaf/0.1/depiction	http://commons.wikimedia.org/wiki/Special:FilePath/Smithfield_stadsaal.jpg
http://purl.org/linguistics/gold/hypernym	http://dbpedia.org/resource/Town
http://dbpedia.org/property/center	"Smithfield"^^http://www.w3.org/1999/02/22-rdf-syntax-ns#langString
http://dbpedia.org/property/percentColoured	"5.0"^^http://dbpedia.org/datatype/perCent
http://dbpedia.org/property/establishedDate	"1849"^^http://www.w3.org/2001/XMLSchema#integer
http://dbpedia.org/property/southwest	http://dbpedia.org/resource/Bethulie
http://dbpedia.org/ontology/abstract	"Smithfield is a small town founded in 1848 in the Orange River Sovereignty (as the region was then named). The town situated in a rural farming district, and is the third oldest town in present-day Free State, (after Philippolis and Winburg)."@en
http://www.w3.org/2003/01/geo/wgs84_pos#geometry	"POINT(26.53138923645 30.21249961853)"^^http://www.openlinksw.com/schemas/virtrdf#Geometry
http://www.w3.org/2000/01/rdf-schema#label	"Smithfield (Zuid-Afrika)"@nl
http://dbpedia.org/ontology/region	http://dbpedia.org/resource/Johan_Arnold_Smellekamp
