#---Properties and values from: http://dbpedia.org/resource/Cerja
Property	Value
http://dbpedia.org/property/longew	"E"^^http://www.w3.org/1999/02/22-rdf-syntax-ns#langString
http://dbpedia.org/property/type	"v"^^http://www.w3.org/1999/02/22-rdf-syntax-ns#langString
http://dbpedia.org/property/lats	"58"^^http://www.w3.org/2001/XMLSchema#integer
http://dbpedia.org/property/officialName	"Cerje"^^http://www.w3.org/1999/02/22-rdf-syntax-ns#langString
http://dbpedia.org/ontology/wikiPageRevisionID	"692470443"^^http://www.w3.org/2001/XMLSchema#integer
http://dbpedia.org/property/latm	"44"^^http://www.w3.org/2001/XMLSchema#integer
http://dbpedia.org/property/latns	"N"^^http://www.w3.org/1999/02/22-rdf-syntax-ns#langString
http://dbpedia.org/property/county	http://dbpedia.org/resource/Korçë_County
http://xmlns.com/foaf/0.1/isPrimaryTopicOf	http://en.wikipedia.org/wiki/Cerja
http://dbpedia.org/property/municipality	http://dbpedia.org/resource/Pustec_Municipality
http://dbpedia.org/property/longm	"58"^^http://www.w3.org/2001/XMLSchema#integer
http://dbpedia.org/property/populationTotal	"252"^^http://www.w3.org/2001/XMLSchema#integer
http://dbpedia.org/property/populationAsOf	"2000"^^http://www.w3.org/2001/XMLSchema#integer
http://dbpedia.org/property/longs	"32"^^http://www.w3.org/2001/XMLSchema#integer
http://purl.org/dc/terms/subject	http://dbpedia.org/resource/Category:Populated_places_in_Pustec_Municipality
http://www.w3.org/2000/01/rdf-schema#comment	"Cerje (definite Albanian form: Cerja, Macedonian: Церје) is a village at the southeastern end of Pustec Municipality in the Korçë County of Albania, near the border with Greece."@en
http://dbpedia.org/property/longd	"20"^^http://www.w3.org/2001/XMLSchema#integer
http://xmlns.com/foaf/0.1/primaryTopic	http://en.wikipedia.org/wiki/Cerja
http://www.w3.org/2002/07/owl#sameAs	http://yago-knowledge.org/resource/Cerja
http://dbpedia.org/ontology/wikiPageID	"16974405"^^http://www.w3.org/2001/XMLSchema#integer
http://www.w3.org/ns/prov#wasDerivedFrom	http://en.wikipedia.org/wiki/Cerja?oldid=692470443
http://dbpedia.org/property/municunit	http://dbpedia.org/resource/Pustec_Municipality
http://purl.org/linguistics/gold/hypernym	http://dbpedia.org/resource/Village
http://dbpedia.org/property/latd	"40"^^http://www.w3.org/2001/XMLSchema#integer
http://dbpedia.org/property/otherName	"Церје"^^http://www.w3.org/1999/02/22-rdf-syntax-ns#langString
http://dbpedia.org/ontology/abstract	"Cerje (definite Albanian form: Cerja, Macedonian: Церје) is a village at the southeastern end of Pustec Municipality in the Korçë County of Albania, near the border with Greece."@en
http://www.w3.org/2000/01/rdf-schema#label	"Cerja"@en
http://www.w3.org/1999/02/22-rdf-syntax-ns#type	http://dbpedia.org/class/yago/Object100002684
