#---Properties and values from: http://dbpedia.org/resource/Itapeva,_São_Paulo
Property	Value
http://dbpedia.org/property/lats	"56"^^http://www.w3.org/2001/XMLSchema#integer
http://dbpedia.org/ontology/wikiPageRevisionID	"731319132"^^http://www.w3.org/2001/XMLSchema#integer
http://dbpedia.org/property/latm	"58"^^http://www.w3.org/2001/XMLSchema#integer
http://dbpedia.org/property/latns	"S"^^http://www.w3.org/1999/02/22-rdf-syntax-ns#langString
http://dbpedia.org/property/imageMap	"SaoPaulo Municip Itapeva.svg"^^http://www.w3.org/1999/02/22-rdf-syntax-ns#langString
http://xmlns.com/foaf/0.1/isPrimaryTopicOf	http://en.wikipedia.org/wiki/Itapeva,_São_Paulo
http://dbpedia.org/property/longm	"52"^^http://www.w3.org/2001/XMLSchema#integer
http://dbpedia.org/property/populationTotal	"92710"^^http://www.w3.org/2001/XMLSchema#integer
http://dbpedia.org/property/longs	"32"^^http://www.w3.org/2001/XMLSchema#integer
http://dbpedia.org/property/populationAsOf	"2015"^^http://www.w3.org/2001/XMLSchema#integer
http://dbpedia.org/ontology/isPartOf	http://dbpedia.org/resource/Bom_Sucesso_de_Itararé
http://purl.org/dc/terms/subject	http://dbpedia.org/resource/Category:Populated_places_established_in_1769
http://dbpedia.org/property/state	"SP"^^http://www.w3.org/1999/02/22-rdf-syntax-ns#langString
http://dbpedia.org/ontology/wikiPageDisambiguates	http://dbpedia.org/resource/Itapeva
http://www.w3.org/2000/01/rdf-schema#comment	"Itapeva è un comune del Brasile nello Stato di San Paolo, parte della mesoregione di Itapetininga e della microregione di Itapeva."@it
http://dbpedia.org/property/longd	"48"^^http://www.w3.org/2001/XMLSchema#integer
http://xmlns.com/foaf/0.1/primaryTopic	http://en.wikipedia.org/wiki/Itapeva,_São_Paulo
http://www.w3.org/2002/07/owl#sameAs	http://dbpedia.org/resource/Itapeva,_São_Paulo
http://dbpedia.org/ontology/wikiPageRedirects	http://dbpedia.org/resource/History_of_Itapeva,_São_Paulo
http://dbpedia.org/ontology/thumbnail	http://commons.wikimedia.org/wiki/Special:FilePath/SaoPaulo_Municip_Itapeva.svg?width=300
http://dbpedia.org/ontology/wikiPageID	"1044526"^^http://www.w3.org/2001/XMLSchema#integer
http://dbpedia.org/property/areaTotal	"1826.2599999999999909"^^http://www.w3.org/2001/XMLSchema#decimal
http://dbpedia.org/ontology/birthPlace	http://dbpedia.org/resource/Ruy_Franco_de_Almeida_Júnior
http://www.w3.org/ns/prov#wasDerivedFrom	http://en.wikipedia.org/wiki/Itapeva,_São_Paulo?oldid=731319132
http://dbpedia.org/property/name	"Itapeva"^^http://www.w3.org/1999/02/22-rdf-syntax-ns#langString
http://dbpedia.org/ontology/city	http://dbpedia.org/resource/São_Paulo_State_University
http://xmlns.com/foaf/0.1/depiction	http://commons.wikimedia.org/wiki/Special:FilePath/SaoPaulo_Municip_Itapeva.svg
http://purl.org/linguistics/gold/hypernym	http://dbpedia.org/resource/City
http://dbpedia.org/property/latd	"23"^^http://www.w3.org/2001/XMLSchema#integer
http://dbpedia.org/ontology/abstract	"Itapeva est une ville brésilienne de l'État de São Paulo."@fr
http://www.w3.org/2000/01/rdf-schema#label	"Itapeva (São Paulo)"@nl
http://www.w3.org/1999/02/22-rdf-syntax-ns#type	http://dbpedia.org/class/yago/WikicatPopulatedPlacesInBrazil
