#---Properties and values from: http://dbpedia.org/resource/Faro,_Portugal
Property	Value
http://dbpedia.org/property/julPrecipitationDays	"1"^^http://www.w3.org/2001/XMLSchema#integer
http://dbpedia.org/property/octRecordHighC	"33.299999999999997158"^^http://www.w3.org/2001/XMLSchema#decimal
http://dbpedia.org/property/febRecordHighC	"24.699999999999999289"^^http://www.w3.org/2001/XMLSchema#decimal
http://dbpedia.org/ontology/wikiPageExternalLink	http://www.cm-faro.pt
http://dbpedia.org/property/augHighC	"28.800000000000000711"^^http://www.w3.org/2001/XMLSchema#decimal
http://dbpedia.org/property/junRecordHighC	"37.100000000000001421"^^http://www.w3.org/2001/XMLSchema#decimal
http://dbpedia.org/property/maySun	"313.10000000000002274"^^http://www.w3.org/2001/XMLSchema#decimal
http://dbpedia.org/property/junLowC	"17.300000000000000711"^^http://www.w3.org/2001/XMLSchema#decimal
http://dbpedia.org/property/aprRecordHighC	"30.100000000000001421"^^http://www.w3.org/2001/XMLSchema#decimal
http://dbpedia.org/property/yearRecordHighC	"44.299999999999997158"^^http://www.w3.org/2001/XMLSchema#decimal
http://dbpedia.org/property/latns	"N"^^http://www.w3.org/1999/02/22-rdf-syntax-ns#langString
http://dbpedia.org/ontology/deathPlace	http://dbpedia.org/resource/Remexido
http://dbpedia.org/property/sepSun	"273"^^http://www.w3.org/2001/XMLSchema#integer
http://dbpedia.org/property/augMeanC	"24.100000000000001421"^^http://www.w3.org/2001/XMLSchema#decimal
http://dbpedia.org/property/octLowC	"15.300000000000000711"^^http://www.w3.org/2001/XMLSchema#decimal
http://dbpedia.org/property/aprLowC	"11.800000000000000711"^^http://www.w3.org/2001/XMLSchema#decimal
http://dbpedia.org/property/unitPrecipitationDays	"0.1"^^http://dbpedia.org/datatype/millimetre
http://dbpedia.org/property/location	http://dbpedia.org/resource/2016–17_OGC_Nice_season
http://dbpedia.org/property/janRecordLowC	"-1.1999999999999999556"^^http://www.w3.org/2001/XMLSchema#decimal
http://dbpedia.org/ontology/wikiPageDisambiguates	http://dbpedia.org/resource/Faro
http://dbpedia.org/property/febSun	"165.19999999999998863"^^http://www.w3.org/2001/XMLSchema#decimal
http://dbpedia.org/property/parishes	"[[#Parishes"^^http://www.w3.org/1999/02/22-rdf-syntax-ns#langString
http://dbpedia.org/property/cim	http://dbpedia.org/resource/Algarve
http://dbpedia.org/property/julLowC	"19.100000000000001421"^^http://www.w3.org/2001/XMLSchema#decimal
http://dbpedia.org/property/octSun	"226.30000000000001137"^^http://www.w3.org/2001/XMLSchema#decimal
http://dbpedia.org/property/blank1InfoSec	"--09-07"^^http://www.w3.org/2001/XMLSchema#gMonthDay
http://dbpedia.org/property/marHighC	"19.100000000000001421"^^http://www.w3.org/2001/XMLSchema#decimal
http://dbpedia.org/property/julRecordLowC	"11.900000000000000355"^^http://www.w3.org/2001/XMLSchema#decimal
http://dbpedia.org/property/capital	http://dbpedia.org/resource/Faro_District
http://dbpedia.org/property/areaTotalKm	"202.56999999999999318"^^http://www.w3.org/2001/XMLSchema#decimal
http://dbpedia.org/property/district	http://dbpedia.org/resource/Faro_District
http://dbpedia.org/property/novPrecipitationDays	"10"^^http://www.w3.org/2001/XMLSchema#integer
http://dbpedia.org/property/junPrecipitationMm	"4.2999999999999998224"^^http://www.w3.org/2001/XMLSchema#decimal
http://dbpedia.org/property/janRecordHighC	"21.899999999999998579"^^http://www.w3.org/2001/XMLSchema#decimal
http://dbpedia.org/property/janMeanC	"12"^^http://www.w3.org/2001/XMLSchema#integer
http://dbpedia.org/property/novSun	"183"^^http://www.w3.org/2001/XMLSchema#integer
http://dbpedia.org/property/junPrecipitationDays	"4"^^http://www.w3.org/2001/XMLSchema#integer
http://dbpedia.org/property/yearHighC	"22.199999999999999289"^^http://www.w3.org/2001/XMLSchema#decimal
http://xmlns.com/foaf/0.1/homepage	http://www.cm-faro.pt/
http://dbpedia.org/property/yearMeanC	"17.899999999999998579"^^http://www.w3.org/2001/XMLSchema#decimal
http://dbpedia.org/property/febPrecipitationDays	"13"^^http://www.w3.org/2001/XMLSchema#integer
http://dbpedia.org/property/aprRecordLowC	"3.6000000000000000888"^^http://www.w3.org/2001/XMLSchema#decimal
http://dbpedia.org/property/marPrecipitationMm	"39.399999999999998579"^^http://www.w3.org/2001/XMLSchema#decimal
http://dbpedia.org/property/mayMeanC	"18.399999999999998579"^^http://www.w3.org/2001/XMLSchema#decimal
http://dbpedia.org/property/aprMeanC	"16.100000000000001421"^^http://www.w3.org/2001/XMLSchema#decimal
http://dbpedia.org/ontology/wikiPageRevisionID	"732973208"^^http://www.w3.org/2001/XMLSchema#integer
http://dbpedia.org/property/aprPrecipitationMm	"38.600000000000001421"^^http://www.w3.org/2001/XMLSchema#decimal
http://dbpedia.org/property/novPrecipitationMm	"90.400000000000005684"^^http://www.w3.org/2001/XMLSchema#decimal
http://dbpedia.org/property/janHighC	"16.100000000000001421"^^http://www.w3.org/2001/XMLSchema#decimal
http://dbpedia.org/property/rallybase	http://dbpedia.org/resource/2014_Rally_de_Portugal
http://dbpedia.org/property/website	http://www.cm-faro.pt/
http://dbpedia.org/property/imageMap	"LocalFaro.svg"^^http://www.w3.org/1999/02/22-rdf-syntax-ns#langString
http://dbpedia.org/property/decPrecipitationDays	"11"^^http://www.w3.org/2001/XMLSchema#integer
http://dbpedia.org/property/aprSun	"252"^^http://www.w3.org/2001/XMLSchema#integer
http://dbpedia.org/property/municipality	http://dbpedia.org/resource/Conceição_e_Estoi
http://dbpedia.org/property/sepPrecipitationMm	"23.199999999999999289"^^http://www.w3.org/2001/XMLSchema#decimal
http://dbpedia.org/property/longm	"55"^^http://www.w3.org/2001/XMLSchema#integer
http://dbpedia.org/property/aprPrecipitationDays	"10"^^http://www.w3.org/2001/XMLSchema#integer
http://dbpedia.org/property/junHighC	"26.399999999999998579"^^http://www.w3.org/2001/XMLSchema#decimal
http://dbpedia.org/property/decLowC	"9.5999999999999996447"^^http://www.w3.org/2001/XMLSchema#decimal
http://dbpedia.org/property/marMeanC	"14.800000000000000711"^^http://www.w3.org/2001/XMLSchema#decimal
http://dbpedia.org/property/julRecordHighC	"44.299999999999997158"^^http://www.w3.org/2001/XMLSchema#decimal
http://dbpedia.org/property/imageShield	"FAR.png"^^http://www.w3.org/1999/02/22-rdf-syntax-ns#langString
http://dbpedia.org/property/decRecordHighC	"24"^^http://www.w3.org/2001/XMLSchema#integer
http://dbpedia.org/property/janSun	"170.5"^^http://www.w3.org/2001/XMLSchema#decimal
http://dbpedia.org/property/longd	"7"^^http://www.w3.org/2001/XMLSchema#integer
http://dbpedia.org/property/janPrecipitationDays	"12"^^http://www.w3.org/2001/XMLSchema#integer
http://www.w3.org/2002/07/owl#sameAs	http://pt.dbpedia.org/resource/Faro
http://dbpedia.org/property/junRecordLowC	"8"^^http://www.w3.org/2001/XMLSchema#integer
http://dbpedia.org/property/mayRecordHighC	"33.600000000000001421"^^http://www.w3.org/2001/XMLSchema#decimal
http://dbpedia.org/property/singleLine	"yes"^^http://www.w3.org/1999/02/22-rdf-syntax-ns#langString
http://dbpedia.org/property/decPrecipitationMm	"114.09999999999999432"^^http://www.w3.org/2001/XMLSchema#decimal
http://dbpedia.org/ontology/thumbnail	http://commons.wikimedia.org/wiki/Special:FilePath/Pt-far1.png?width=300
http://dbpedia.org/property/yearLowC	"13.599999999999999645"^^http://www.w3.org/2001/XMLSchema#decimal
http://dbpedia.org/property/augLowC	"19.399999999999998579"^^http://www.w3.org/2001/XMLSchema#decimal
http://dbpedia.org/property/febMeanC	"12.800000000000000711"^^http://www.w3.org/2001/XMLSchema#decimal
http://dbpedia.org/property/febPrecipitationMm	"52"^^http://www.w3.org/2001/XMLSchema#integer
http://dbpedia.org/ontology/abstract	"Faro to miasto w Portugalii, leżące w dystrykcie Faro, w regionie Algarve w podregionie Algarve. Jest największym miastem i stolicą regionu Algarve. Miejscowość jest siedzibą gminy o tej samej nazwie. Kilka kilometrów na zachód od miasta znajduje się Port Lotniczy Faro, jedno z trzech międzynarodowych lotnisk w kontynentalnej części Portugalii. W mieście znajduje się również stacja kolejowa Faro."@pl
http://dbpedia.org/property/venues	http://dbpedia.org/resource/2012_Guadiana_Trophy
http://dbpedia.org/property/sepPrecipitationDays	"3"^^http://www.w3.org/2001/XMLSchema#integer
http://www.w3.org/2000/01/rdf-schema#label	"ファロ"@ja
http://dbpedia.org/property/marRecordLowC	"2.2999999999999998224"^^http://www.w3.org/2001/XMLSchema#decimal
http://dbpedia.org/property/novRecordHighC	"28.600000000000001421"^^http://www.w3.org/2001/XMLSchema#decimal
http://dbpedia.org/property/longew	"W"^^http://www.w3.org/1999/02/22-rdf-syntax-ns#langString
http://dbpedia.org/property/julHighC	"29.199999999999999289"^^http://www.w3.org/2001/XMLSchema#decimal
http://dbpedia.org/property/novHighC	"19.600000000000001421"^^http://www.w3.org/2001/XMLSchema#decimal
http://dbpedia.org/property/novLowC	"11.699999999999999289"^^http://www.w3.org/2001/XMLSchema#decimal
http://dbpedia.org/property/febRecordLowC	"-1.1999999999999999556"^^http://www.w3.org/2001/XMLSchema#decimal
http://dbpedia.org/property/blank1NameSec	"Municipal holiday"^^http://www.w3.org/1999/02/22-rdf-syntax-ns#langString
http://dbpedia.org/property/latm	"2"^^http://www.w3.org/2001/XMLSchema#integer
http://dbpedia.org/property/julMeanC	"24.199999999999999289"^^http://www.w3.org/2001/XMLSchema#decimal
http://dbpedia.org/property/mayRecordLowC	"6.7000000000000001776"^^http://www.w3.org/2001/XMLSchema#decimal
http://dbpedia.org/property/imageSkyline	"Faro   .jpg"^^http://www.w3.org/1999/02/22-rdf-syntax-ns#langString
http://dbpedia.org/property/decSun	"167.40000000000000568"^^http://www.w3.org/2001/XMLSchema#decimal
http://dbpedia.org/property/date	"August 2012"^^http://www.w3.org/1999/02/22-rdf-syntax-ns#langString
http://dbpedia.org/property/novMeanC	"15.699999999999999289"^^http://www.w3.org/2001/XMLSchema#decimal
http://dbpedia.org/property/augRecordHighC	"39.600000000000001421"^^http://www.w3.org/2001/XMLSchema#decimal
http://dbpedia.org/property/source	"Instituto de Meteorologia, World Meteorological Organization , Hong Kong Observatory"^^http://www.w3.org/1999/02/22-rdf-syntax-ns#langString
http://dbpedia.org/property/sepRecordLowC	"9.9000000000000003553"^^http://www.w3.org/2001/XMLSchema#decimal
http://dbpedia.org/property/julSun	"368.89999999999997726"^^http://www.w3.org/2001/XMLSchema#decimal
http://dbpedia.org/property/marLowC	"10.5"^^http://www.w3.org/2001/XMLSchema#decimal
http://purl.org/dc/terms/subject	http://dbpedia.org/resource/Category:Port_cities_and_towns_in_Portugal
http://dbpedia.org/property/febLowC	"8.6999999999999992895"^^http://www.w3.org/2001/XMLSchema#decimal
http://dbpedia.org/property/augPrecipitationDays	"1"^^http://www.w3.org/2001/XMLSchema#integer
http://dbpedia.org/property/octPrecipitationDays	"9"^^http://www.w3.org/2001/XMLSchema#integer
http://dbpedia.org/property/marSun	"232.5"^^http://www.w3.org/2001/XMLSchema#decimal
http://dbpedia.org/property/julPrecipitationMm	"1.8000000000000000444"^^http://www.w3.org/2001/XMLSchema#decimal
http://dbpedia.org/property/birthPlace	http://dbpedia.org/resource/Ricardo_Santos_(golfer)
http://dbpedia.org/property/octPrecipitationMm	"60.100000000000001421"^^http://www.w3.org/2001/XMLSchema#decimal
http://dbpedia.org/property/lines	http://dbpedia.org/resource/Alfa_Pendular
http://dbpedia.org/property/decRecordLowC	"1.1999999999999999556"^^http://www.w3.org/2001/XMLSchema#decimal
http://dbpedia.org/property/leaderParty	http://dbpedia.org/resource/Social_Democratic_Party_(Portugal)
http://dbpedia.org/property/decMeanC	"13.300000000000000711"^^http://www.w3.org/2001/XMLSchema#decimal
http://dbpedia.org/property/augSun	"353.39999999999997726"^^http://www.w3.org/2001/XMLSchema#decimal
http://dbpedia.org/property/decHighC	"17"^^http://www.w3.org/2001/XMLSchema#integer
http://dbpedia.org/property/sepHighC	"26.600000000000001421"^^http://www.w3.org/2001/XMLSchema#decimal
http://www.w3.org/ns/prov#wasDerivedFrom	http://en.wikipedia.org/wiki/Faro,_Portugal?oldid=732973208
http://dbpedia.org/property/mayPrecipitationMm	"21.699999999999999289"^^http://www.w3.org/2001/XMLSchema#decimal
http://dbpedia.org/property/octHighC	"23.199999999999999289"^^http://www.w3.org/2001/XMLSchema#decimal
http://dbpedia.org/property/novRecordLowC	"2.7000000000000001776"^^http://www.w3.org/2001/XMLSchema#decimal
http://dbpedia.org/property/sepMeanC	"22.300000000000000711"^^http://www.w3.org/2001/XMLSchema#decimal
http://dbpedia.org/property/octMeanC	"19.300000000000000711"^^http://www.w3.org/2001/XMLSchema#decimal
http://dbpedia.org/ontology/city	http://dbpedia.org/resource/2008_Supertaça_Cândido_de_Oliveira
http://dbpedia.org/property/octRecordLowC	"7.7999999999999998224"^^http://www.w3.org/2001/XMLSchema#decimal
http://dbpedia.org/property/latd	"37"^^http://www.w3.org/2001/XMLSchema#integer
http://dbpedia.org/property/augRecordLowC	"13.099999999999999645"^^http://www.w3.org/2001/XMLSchema#decimal
http://dbpedia.org/property/subregion	http://dbpedia.org/resource/Algarve
http://dbpedia.org/property/mayLowC	"14"^^http://www.w3.org/2001/XMLSchema#integer
http://dbpedia.org/property/yearPrecipitationMm	"508.80000000000001137"^^http://www.w3.org/2001/XMLSchema#decimal
http://www.w3.org/2000/01/rdf-schema#seeAlso	http://dbpedia.org/resource/Portugal
http://www.w3.org/1999/02/22-rdf-syntax-ns#type	http://www.w3.org/2002/07/owl#Thing
http://dbpedia.org/property/region	http://dbpedia.org/resource/Algarve
http://dbpedia.org/property/ci	http://dbpedia.org/resource/Dmitri_Bulykin
http://dbpedia.org/property/officialName	"Faro"^^http://www.w3.org/1999/02/22-rdf-syntax-ns#langString
http://dbpedia.org/property/marPrecipitationDays	"9"^^http://www.w3.org/2001/XMLSchema#integer
http://dbpedia.org/property/wordnet_type	http://www.w3.org/2006/03/wn/wn20/instances/synset-township-noun-1
http://dbpedia.org/property/febHighC	"16.899999999999998579"^^http://www.w3.org/2001/XMLSchema#decimal
http://dbpedia.org/property/sepRecordHighC	"37.399999999999998579"^^http://www.w3.org/2001/XMLSchema#decimal
http://dbpedia.org/property/imageCaption	"A view of the skyline of the Algarvian capital of Faro"^^http://www.w3.org/1999/02/22-rdf-syntax-ns#langString
http://xmlns.com/foaf/0.1/isPrimaryTopicOf	http://en.wikipedia.org/wiki/Faro,_Portugal
http://dbpedia.org/property/junSun	"333"^^http://www.w3.org/2001/XMLSchema#integer
http://dbpedia.org/property/populationTotal	"64560"^^http://www.w3.org/2001/XMLSchema#integer
http://dbpedia.org/property/junMeanC	"21.899999999999998579"^^http://www.w3.org/2001/XMLSchema#decimal
http://dbpedia.org/property/populationAsOf	"2011"^^http://www.w3.org/2001/XMLSchema#integer
http://dbpedia.org/property/janLowC	"7.9000000000000003553"^^http://www.w3.org/2001/XMLSchema#decimal
http://dbpedia.org/property/stadium	http://dbpedia.org/resource/2006_FIFA_World_Cup_qualification_–_UEFA_Group_3
http://www.w3.org/2000/01/rdf-schema#comment	"Faro to miasto w Portugalii, leżące w dystrykcie Faro, w regionie Algarve w podregionie Algarve. Jest największym miastem i stolicą regionu Algarve. Miejscowość jest siedzibą gminy o tej samej nazwie. Kilka kilometrów na zachód od miasta znajduje się Port Lotniczy Faro, jedno z trzech międzynarodowych lotnisk w kontynentalnej części Portugalii. W mieście znajduje się również stacja kolejowa Faro."@pl
http://dbpedia.org/property/mayHighC	"22.800000000000000711"^^http://www.w3.org/2001/XMLSchema#decimal
http://xmlns.com/foaf/0.1/primaryTopic	http://en.wikipedia.org/wiki/Faro,_Portugal
http://dbpedia.org/property/aprHighC	"20.399999999999998579"^^http://www.w3.org/2001/XMLSchema#decimal
http://dbpedia.org/ontology/residence	http://dbpedia.org/resource/André_Gaspar_Murta
http://dbpedia.org/ontology/wikiPageRedirects	http://dbpedia.org/resource/Faro,_Algarve
http://dbpedia.org/property/yearRecordLowC	"-1.1999999999999999556"^^http://www.w3.org/2001/XMLSchema#decimal
http://dbpedia.org/property/mayPrecipitationDays	"7"^^http://www.w3.org/2001/XMLSchema#integer
http://dbpedia.org/property/augPrecipitationMm	"3.8999999999999999112"^^http://www.w3.org/2001/XMLSchema#decimal
http://dbpedia.org/ontology/wikiPageID	"449549"^^http://www.w3.org/2001/XMLSchema#integer
http://dbpedia.org/property/janPrecipitationMm	"59.299999999999997158"^^http://www.w3.org/2001/XMLSchema#decimal
http://dbpedia.org/ontology/location	http://dbpedia.org/resource/Algarve_Football_Association
http://dbpedia.org/ontology/birthPlace	http://dbpedia.org/resource/Ana_Dias
http://dbpedia.org/property/leaderName	http://dbpedia.org/resource/Rogério_Bacalhau
http://dbpedia.org/property/metricFirst	"yes"^^http://www.w3.org/1999/02/22-rdf-syntax-ns#langString
http://dbpedia.org/property/marRecordHighC	"28.899999999999998579"^^http://www.w3.org/2001/XMLSchema#decimal
http://xmlns.com/foaf/0.1/depiction	http://commons.wikimedia.org/wiki/Special:FilePath/Pt-far1.png
http://purl.org/linguistics/gold/hypernym	http://dbpedia.org/resource/Municipality
http://dbpedia.org/ontology/capital	http://dbpedia.org/resource/Taifa_of_Santa_Maria_do_Algarve
http://dbpedia.org/property/postalCode	"8000"^^http://www.w3.org/2001/XMLSchema#integer
http://dbpedia.org/property/sepLowC	"18"^^http://www.w3.org/2001/XMLSchema#integer
http://dbpedia.org/property/imageFlag	"Pt-far1.png"^^http://www.w3.org/1999/02/22-rdf-syntax-ns#langString
http://dbpedia.org/ontology/ground	http://dbpedia.org/resource/Louletano_D.C.
