#---Properties and values from: http://dbpedia.org/resource/Alberese
Property	Value
http://dbpedia.org/property/longew	"E"^^http://www.w3.org/1999/02/22-rdf-syntax-ns#langString
http://dbpedia.org/property/lats	"10"^^http://www.w3.org/2001/XMLSchema#integer
http://dbpedia.org/ontology/wikiPageExternalLink	http://informazioni.terradeglietruschi.it/alberese-maremma.html
http://dbpedia.org/ontology/wikiPageRevisionID	"690908141"^^http://www.w3.org/2001/XMLSchema#integer
http://dbpedia.org/property/comune	http://dbpedia.org/resource/Grosseto
http://dbpedia.org/property/latm	"40"^^http://www.w3.org/2001/XMLSchema#integer
http://dbpedia.org/property/latns	"N"^^http://www.w3.org/1999/02/22-rdf-syntax-ns#langString
http://dbpedia.org/property/areaCode	"564"^^http://www.w3.org/2001/XMLSchema#integer
http://dbpedia.org/property/imageSkyline	"Alberese panorama.JPG"^^http://www.w3.org/1999/02/22-rdf-syntax-ns#langString
http://dbpedia.org/property/imageCaption	"View of Alberese"^^http://www.w3.org/1999/02/22-rdf-syntax-ns#langString
http://xmlns.com/foaf/0.1/isPrimaryTopicOf	http://en.wikipedia.org/wiki/Alberese
http://dbpedia.org/property/longm	"6"^^http://www.w3.org/2001/XMLSchema#integer
http://dbpedia.org/property/populationTotal	"1176"^^http://www.w3.org/2001/XMLSchema#integer
http://dbpedia.org/property/longs	"22"^^http://www.w3.org/2001/XMLSchema#integer
http://dbpedia.org/property/populationAsOf	"2010"^^http://www.w3.org/2001/XMLSchema#integer
http://purl.org/dc/terms/subject	http://dbpedia.org/resource/Category:Frazioni_of_the_Province_of_Grosseto
http://www.w3.org/2000/01/rdf-schema#comment	"Alberese è una frazione del comune di Grosseto, in Toscana."@it
http://dbpedia.org/property/longd	"11"^^http://www.w3.org/2001/XMLSchema#integer
http://xmlns.com/foaf/0.1/primaryTopic	http://en.wikipedia.org/wiki/Alberese
http://dbpedia.org/ontology/frazioni	http://dbpedia.org/resource/Grosseto
http://www.w3.org/2002/07/owl#sameAs	http://d-nb.info/gnd/4394920-4
http://dbpedia.org/ontology/thumbnail	http://commons.wikimedia.org/wiki/Special:FilePath/Alberese_panorama.JPG?width=300
http://dbpedia.org/ontology/wikiPageID	"26518726"^^http://www.w3.org/2001/XMLSchema#integer
http://dbpedia.org/property/elevationM	"42"^^http://www.w3.org/2001/XMLSchema#integer
http://www.w3.org/ns/prov#wasDerivedFrom	http://en.wikipedia.org/wiki/Alberese?oldid=690908141
http://dbpedia.org/property/coordinatesDisplay	"inline, title"^^http://www.w3.org/1999/02/22-rdf-syntax-ns#langString
http://dbpedia.org/property/name	"Alberese"^^http://www.w3.org/1999/02/22-rdf-syntax-ns#langString
http://xmlns.com/foaf/0.1/depiction	http://commons.wikimedia.org/wiki/Special:FilePath/Alberese_panorama.JPG
http://purl.org/linguistics/gold/hypernym	http://dbpedia.org/resource/Town
http://dbpedia.org/property/latd	"42"^^http://www.w3.org/2001/XMLSchema#integer
http://dbpedia.org/property/postalCode	"58100"^^http://www.w3.org/2001/XMLSchema#integer
http://dbpedia.org/ontology/abstract	"Alberese is een plaats (frazione) in de Italiaanse gemeente Grosseto."@nl
http://www.w3.org/2000/01/rdf-schema#label	"Alberese"@it
http://dbpedia.org/property/province	http://dbpedia.org/resource/Province_of_Grosseto
http://www.w3.org/1999/02/22-rdf-syntax-ns#type	http://dbpedia.org/ontology/Settlement
http://dbpedia.org/property/gentilic	"Alberesani"^^http://www.w3.org/1999/02/22-rdf-syntax-ns#langString
