#---Properties and values from: http://dbpedia.org/resource/Lazarim
Property	Value
http://dbpedia.org/property/officialName	"Lazarim"^^http://www.w3.org/1999/02/22-rdf-syntax-ns#langString
http://dbpedia.org/ontology/wikiPageRevisionID	"701646121"^^http://www.w3.org/2001/XMLSchema#integer
http://xmlns.com/foaf/0.1/isPrimaryTopicOf	http://en.wikipedia.org/wiki/Lazarim
http://dbpedia.org/property/municipality	http://dbpedia.org/resource/Lamego
http://dbpedia.org/ontology/country	http://dbpedia.org/resource/Portugal
http://dbpedia.org/property/populationTotal	"521"^^http://www.w3.org/2001/XMLSchema#integer
http://dbpedia.org/property/populationAsOf	"2011"^^http://www.w3.org/2001/XMLSchema#integer
http://purl.org/dc/terms/subject	http://dbpedia.org/resource/Category:Parishes_of_Lamego
http://www.w3.org/2000/01/rdf-schema#comment	"Lazarim ist eine Gemeinde (Freguesia) im portugiesischen Kreis Lamego. In ihr leben 518 Einwohner (Stand 30. Juni 2011)."@de
http://dbpedia.org/property/cim	http://dbpedia.org/resource/Douro_(intermunicipal_community)
http://dbpedia.org/property/longd	"-7.8509999999999999787"^^http://www.w3.org/2001/XMLSchema#decimal
http://xmlns.com/foaf/0.1/primaryTopic	http://en.wikipedia.org/wiki/Lazarim
http://www.w3.org/2002/07/owl#sameAs	http://wikidata.dbpedia.org/resource/Q64940
http://dbpedia.org/ontology/wikiPageID	"29327537"^^http://www.w3.org/2001/XMLSchema#integer
http://dbpedia.org/property/areaTotal	"16.539999999999999147"^^http://www.w3.org/2001/XMLSchema#decimal
http://www.w3.org/ns/prov#wasDerivedFrom	http://en.wikipedia.org/wiki/Lazarim?oldid=701646121
http://dbpedia.org/property/district	http://dbpedia.org/resource/Viseu_District
http://purl.org/linguistics/gold/hypernym	http://dbpedia.org/resource/Town
http://dbpedia.org/property/latd	"41.015000000000000568"^^http://www.w3.org/2001/XMLSchema#decimal
http://dbpedia.org/property/subregion	http://dbpedia.org/resource/Douro_Subregion
http://dbpedia.org/ontology/abstract	"Lazarim es una freguesia portuguesa del concelho de Lamego, con 15,71 km² de superficie y 686 habitantes (2001). Su densidad de población es de 43,7 hab/km²."@es
http://www.w3.org/2000/01/rdf-schema#label	"Lazarim"@pt
http://www.w3.org/1999/02/22-rdf-syntax-ns#type	http://dbpedia.org/class/yago/YagoLegalActorGeo
http://dbpedia.org/property/region	http://dbpedia.org/resource/Norte_Region,_Portugal
