#---Properties and values from: http://dbpedia.org/resource/Atebubu-Amantin_District
Property	Value
http://dbpedia.org/property/longew	"W"^^http://www.w3.org/1999/02/22-rdf-syntax-ns#langString
http://xmlns.com/foaf/0.1/name	"Atebubu-Amantin District"@en
http://dbpedia.org/ontology/wikiPageExternalLink	http://www.ghanaweb.com/GhanaHomePage/NewsArchive/artikel.php?ID=46982
http://dbpedia.org/ontology/wikiPageRevisionID	"661226820"^^http://www.w3.org/2001/XMLSchema#integer
http://dbpedia.org/property/mapCaption	"Location of Atebubu-Amantin District in Brong Ahafo"^^http://www.w3.org/1999/02/22-rdf-syntax-ns#langString
http://dbpedia.org/property/latm	"38"^^http://www.w3.org/2001/XMLSchema#integer
http://dbpedia.org/property/latns	"N"^^http://www.w3.org/1999/02/22-rdf-syntax-ns#langString
http://www.w3.org/2003/01/geo/wgs84_pos#long	"-1.066666722297668457"^^http://www.w3.org/2001/XMLSchema#float
http://dbpedia.org/property/governmentType	"District Assembly"^^http://www.w3.org/1999/02/22-rdf-syntax-ns#langString
http://dbpedia.org/property/coordinatesRegion	"GH"^^http://www.w3.org/1999/02/22-rdf-syntax-ns#langString
http://dbpedia.org/property/imageMap	"Brong Ahafo districts.png"^^http://www.w3.org/1999/02/22-rdf-syntax-ns#langString
http://dbpedia.org/property/id	"ygh"^^http://www.w3.org/1999/02/22-rdf-syntax-ns#langString
http://xmlns.com/foaf/0.1/isPrimaryTopicOf	http://en.wikipedia.org/wiki/Atebubu-Amantin_District
http://dbpedia.org/property/subdivisionType	"Capital"^^http://www.w3.org/1999/02/22-rdf-syntax-ns#langString
http://dbpedia.org/property/longm	"4"^^http://www.w3.org/2001/XMLSchema#integer
http://dbpedia.org/property/populationTotal	"—"^^http://www.w3.org/1999/02/22-rdf-syntax-ns#langString
http://dbpedia.org/property/populationAsOf	"2012"^^http://www.w3.org/2001/XMLSchema#integer
http://dbpedia.org/ontology/isPartOf	http://dbpedia.org/resource/Atebubu
http://purl.org/dc/terms/subject	http://dbpedia.org/resource/Category:Brong-Ahafo_Region
http://www.w3.org/2000/01/rdf-schema#comment	"The Atebubu-Amantin District is one of the twenty-two (22) districts of the Brong Ahafo Region of Ghana. Its capital is Atebubu."@en
http://dbpedia.org/ontology/type	http://dbpedia.org/resource/District
http://dbpedia.org/property/longd	"1"^^http://www.w3.org/2001/XMLSchema#integer
http://xmlns.com/foaf/0.1/primaryTopic	http://en.wikipedia.org/wiki/Atebubu-Amantin_District
http://dbpedia.org/ontology/leaderTitle	"District Executive"@en
http://www.w3.org/2002/07/owl#sameAs	http://www.wikidata.org/entity/Q117446
http://dbpedia.org/property/coordinatesType	"type:adm2nd_dim:100000"^^http://www.w3.org/1999/02/22-rdf-syntax-ns#langString
http://dbpedia.org/property/populationBlank	http://dbpedia.org/resource/Akan_people
http://www.w3.org/2003/01/geo/wgs84_pos#lat	"7.6333332061767578125"^^http://www.w3.org/2001/XMLSchema#float
http://www.georss.org/georss/point	"7.633333333333333 -1.0666666666666667"
http://dbpedia.org/ontology/thumbnail	http://commons.wikimedia.org/wiki/Special:FilePath/Brong_Ahafo_districts.png?width=300
http://dbpedia.org/ontology/wikiPageID	"4142217"^^http://www.w3.org/2001/XMLSchema#integer
http://dbpedia.org/ontology/utcOffset	"+0"
http://www.w3.org/ns/prov#wasDerivedFrom	http://en.wikipedia.org/wiki/Atebubu-Amantin_District?oldid=661226820
http://dbpedia.org/ontology/timeZone	http://dbpedia.org/resource/Greenwich_Mean_Time
http://dbpedia.org/property/leaderName	"Samson Owusu Boateng"^^http://www.w3.org/1999/02/22-rdf-syntax-ns#langString
http://dbpedia.org/property/coordinatesDisplay	"inline,title"^^http://www.w3.org/1999/02/22-rdf-syntax-ns#langString
http://dbpedia.org/property/pushpinMap	"Ghana"^^http://www.w3.org/1999/02/22-rdf-syntax-ns#langString
http://dbpedia.org/property/populationBlank1Title	"Ethnicity"^^http://www.w3.org/1999/02/22-rdf-syntax-ns#langString
http://xmlns.com/foaf/0.1/depiction	http://commons.wikimedia.org/wiki/Special:FilePath/Brong_Ahafo_districts.png
http://purl.org/linguistics/gold/hypernym	http://dbpedia.org/resource/Districts
http://dbpedia.org/property/latd	"7"^^http://www.w3.org/2001/XMLSchema#integer
http://dbpedia.org/ontology/abstract	"Der Atebubu-Amantin District ist einer von 138 Distrikten in Ghana. Er ist im Zentrum Ghanas in der Brong-Ahafo Region gelegen und dort einer von 19 regionalen Distrikten. Der Atebubu-Amantin District entstand erst per Dekret von John Agyekum Kufuor am 12. November 2003 aus dem Atebubu District. Der Atebubu-Amantin District grenzt an die Distrikte Sene, Pru und Nkoranza. An den Distrikt grenzt ferner die Ashanti Region und damit die Distrikte Ejura Sekyedumase und Sekyere West. Chief Exekutive über den 6.720 km² großen Distrikt ist Cassius Osei-Poku mit dem Sitz in der Distrikthauptstadt Atebubu."@de
http://www.w3.org/2003/01/geo/wgs84_pos#geometry	"POINT(-1.0666667222977 7.6333332061768)"^^http://www.openlinksw.com/schemas/virtrdf#Geometry
http://dbpedia.org/property/title	"Atebubu-Amantin District"^^http://www.w3.org/1999/02/22-rdf-syntax-ns#langString
http://www.w3.org/2000/01/rdf-schema#label	"Atebubu-Amantin"@pt
http://www.w3.org/1999/02/22-rdf-syntax-ns#type	http://dbpedia.org/class/yago/YagoPermanentlyLocatedEntity
