#---Properties and values from: http://dbpedia.org/resource/Guarinos
Property	Value
http://dbpedia.org/property/lats	"44"^^http://www.w3.org/2001/XMLSchema#integer
http://dbpedia.org/ontology/wikiPageExternalLink	http://www.frigoletto.com.br/GeoEcon/idhgo.htm
http://dbpedia.org/ontology/wikiPageRevisionID	"721794765"^^http://www.w3.org/2001/XMLSchema#integer
http://dbpedia.org/property/latm	"42"^^http://www.w3.org/2001/XMLSchema#integer
http://dbpedia.org/property/latns	"S"^^http://www.w3.org/1999/02/22-rdf-syntax-ns#langString
http://dbpedia.org/property/imageMap	"Goias Municip Guarinos.svg"^^http://www.w3.org/1999/02/22-rdf-syntax-ns#langString
http://xmlns.com/foaf/0.1/isPrimaryTopicOf	http://en.wikipedia.org/wiki/Guarinos
http://dbpedia.org/property/microregion	http://dbpedia.org/resource/Ceres_Microregion
http://dbpedia.org/property/longm	"42"^^http://www.w3.org/2001/XMLSchema#integer
http://dbpedia.org/property/populationTotal	"2411"^^http://www.w3.org/2001/XMLSchema#integer
http://dbpedia.org/property/populationAsOf	"2007"^^http://www.w3.org/2001/XMLSchema#integer
http://dbpedia.org/property/longs	"1"^^http://www.w3.org/2001/XMLSchema#integer
http://purl.org/dc/terms/subject	http://dbpedia.org/resource/Category:Municipalities_in_Goiás
http://dbpedia.org/property/elevation	"480"^^http://www.w3.org/2001/XMLSchema#integer
http://dbpedia.org/property/state	"GO"^^http://www.w3.org/1999/02/22-rdf-syntax-ns#langString
http://www.w3.org/2000/01/rdf-schema#comment	"Guarinos é um município brasileiro do estado de Goiás. Sua população estimada em 2004 era de 2.399 habitantes."@pt
http://dbpedia.org/property/longd	"49"^^http://www.w3.org/2001/XMLSchema#integer
http://xmlns.com/foaf/0.1/primaryTopic	http://en.wikipedia.org/wiki/Guarinos
http://www.w3.org/2002/07/owl#sameAs	http://fr.dbpedia.org/resource/Guarinos
http://dbpedia.org/ontology/thumbnail	http://commons.wikimedia.org/wiki/Special:FilePath/Goias_Municip_Guarinos.svg?width=300
http://dbpedia.org/property/areaTotal	"596"^^http://www.w3.org/2001/XMLSchema#integer
http://dbpedia.org/ontology/wikiPageID	"4453772"^^http://www.w3.org/2001/XMLSchema#integer
http://www.w3.org/ns/prov#wasDerivedFrom	http://en.wikipedia.org/wiki/Guarinos?oldid=721794765
http://dbpedia.org/property/name	"Guarinos"^^http://www.w3.org/1999/02/22-rdf-syntax-ns#langString
http://xmlns.com/foaf/0.1/depiction	http://commons.wikimedia.org/wiki/Special:FilePath/Goias_Municip_Guarinos.svg
http://purl.org/linguistics/gold/hypernym	http://dbpedia.org/resource/Municipality
http://dbpedia.org/property/latd	"14"^^http://www.w3.org/2001/XMLSchema#integer
http://dbpedia.org/property/postalCode	"76385"^^http://www.w3.org/2001/XMLSchema#integer
http://dbpedia.org/ontology/abstract	"Guarinos is a municipality in northern Goiás state, Brazil. The population was 2,411 (2007) in a total area of 595.8 km² (10/10/2002)."@en
http://www.w3.org/2000/01/rdf-schema#label	"Guarinos"@fr
http://www.w3.org/1999/02/22-rdf-syntax-ns#type	http://dbpedia.org/class/yago/WikicatPopulatedPlacesInGoiás
