#---Properties and values from: http://dbpedia.org/resource/Casal_Vasco
Property	Value
http://www.w3.org/2002/07/owl#sameAs	http://dbpedia.org/resource/Casal_Vasco
http://dbpedia.org/ontology/wikiPageRedirects	http://dbpedia.org/resource/Casal_vasco
http://dbpedia.org/ontology/wikiPageExternalLink	http://www.casalvasco.com/
http://dbpedia.org/property/officialName	"Casal Vasco"^^http://www.w3.org/1999/02/22-rdf-syntax-ns#langString
http://dbpedia.org/ontology/wikiPageRevisionID	"734278013"^^http://www.w3.org/2001/XMLSchema#integer
http://dbpedia.org/ontology/wikiPageID	"19621929"^^http://www.w3.org/2001/XMLSchema#integer
http://dbpedia.org/property/areaTotal	"6.7300000000000004263"^^http://www.w3.org/2001/XMLSchema#decimal
http://www.w3.org/ns/prov#wasDerivedFrom	http://en.wikipedia.org/wiki/Casal_Vasco?oldid=734278013
http://xmlns.com/foaf/0.1/isPrimaryTopicOf	http://en.wikipedia.org/wiki/Casal_Vasco
http://dbpedia.org/property/municipality	http://dbpedia.org/resource/Fornos_de_Algodres
http://purl.org/linguistics/gold/hypernym	http://dbpedia.org/resource/Village
http://dbpedia.org/ontology/country	http://dbpedia.org/resource/Portugal
http://dbpedia.org/property/latd	"40.649999999999998579"^^http://www.w3.org/2001/XMLSchema#decimal
http://dbpedia.org/property/populationTotal	"227"^^http://www.w3.org/2001/XMLSchema#integer
http://dbpedia.org/property/populationAsOf	"2011"^^http://www.w3.org/2001/XMLSchema#integer
http://purl.org/dc/terms/subject	http://dbpedia.org/resource/Category:Parishes_of_Fornos_de_Algodres
http://dbpedia.org/ontology/abstract	"Casal Vasco is een plaats (freguesia) in de Portugese gemeente Fornos de Algodres en telt 269 inwoners (2001)."@nl
http://www.w3.org/2000/01/rdf-schema#comment	"Casal Vasco ist ein kleines Dorf in Portugal. Es gehört zum Kreis Fornos de Algodres, Distrikt Guarda. Es befindet sich ebenfalls in der antiken Region Beira Alta. Es hat eine Fläche von 6,7 km² und 227 Einwohner (Stand 30. Juni 2011), es leben durchschnittlich 33,7 Einwohner pro km². Es umfasst die Lage der Quinta das Moitas und Ramirão. Es ist unbekannt, wann Casal Vasco gegründet wurde, aber die erste Erwähnung des Dorfes findet sich in einer Liste der portugiesischen Dörfer aus dem Jahre 1527. Casal Vasco ist landwirtschaftlich geprägt."@de
http://www.w3.org/2000/01/rdf-schema#label	"Casal Vasco"@fr
http://dbpedia.org/property/longd	"-7.5499999999999998224"^^http://www.w3.org/2001/XMLSchema#decimal
http://xmlns.com/foaf/0.1/primaryTopic	http://en.wikipedia.org/wiki/Casal_Vasco
http://xmlns.com/foaf/0.1/homepage	http://www.casalvasco.com/
http://www.w3.org/1999/02/22-rdf-syntax-ns#type	http://dbpedia.org/class/yago/YagoGeoEntity
