#---Properties and values from: http://dbpedia.org/resource/Dentukrom
Property	Value
http://dbpedia.org/property/longew	"W"^^http://www.w3.org/1999/02/22-rdf-syntax-ns#langString
http://xmlns.com/foaf/0.1/name	"Dentukrom"@en
http://dbpedia.org/ontology/wikiPageRevisionID	"718108889"^^http://www.w3.org/2001/XMLSchema#integer
http://dbpedia.org/property/latm	"0"^^http://www.w3.org/2001/XMLSchema#integer
http://dbpedia.org/property/latns	"N"^^http://www.w3.org/1999/02/22-rdf-syntax-ns#langString
http://www.w3.org/2003/01/geo/wgs84_pos#long	"-2.2000000476837158203"^^http://www.w3.org/2001/XMLSchema#float
http://dbpedia.org/property/coordinatesRegion	"GH"^^http://www.w3.org/1999/02/22-rdf-syntax-ns#langString
http://dbpedia.org/property/pushpinLabelPosition	"bottom"^^http://www.w3.org/1999/02/22-rdf-syntax-ns#langString
http://xmlns.com/foaf/0.1/isPrimaryTopicOf	http://en.wikipedia.org/wiki/Dentukrom
http://dbpedia.org/property/subdivisionType	"District"^^http://www.w3.org/1999/02/22-rdf-syntax-ns#langString
http://dbpedia.org/ontology/country	http://dbpedia.org/resource/Ghana
http://dbpedia.org/property/longm	"0"^^http://www.w3.org/2001/XMLSchema#integer
http://dbpedia.org/property/populationTotal	"very small"^^http://www.w3.org/1999/02/22-rdf-syntax-ns#langString
http://dbpedia.org/property/populationAsOf	"2013"^^http://www.w3.org/2001/XMLSchema#integer
http://purl.org/dc/terms/subject	http://dbpedia.org/resource/Category:Populated_places_in_the_Western_Region_(Ghana)
http://dbpedia.org/ontology/isPartOf	http://dbpedia.org/resource/Western_Region_(Ghana)
http://www.w3.org/2000/01/rdf-schema#comment	"Dentukrom is a town in the Western Region of Ghana. The town is north of Domunli on the Atlantic coast of Ghana. It is located 100 kilometres (62 mi) west of the regional capital, Takoradi, in the region of Western Region, and is in the Jomoro District. Other towns that surround Dentokrom are Domunli, Domun, Ejan, Dentukrom and Agufo."@en
http://dbpedia.org/ontology/type	http://dbpedia.org/resource/Town
http://dbpedia.org/property/longd	"2.2000000000000001776"^^http://www.w3.org/2001/XMLSchema#decimal
http://xmlns.com/foaf/0.1/primaryTopic	http://en.wikipedia.org/wiki/Dentukrom
http://dbpedia.org/ontology/leaderTitle	"Distric Chief Executive"@en
http://www.w3.org/2002/07/owl#sameAs	http://yago-knowledge.org/resource/Dentukrom
http://www.w3.org/2003/01/geo/wgs84_pos#lat	"4.8000001907348632812"^^http://www.w3.org/2001/XMLSchema#float
http://www.georss.org/georss/point	"4.8 -2.2"
http://dbpedia.org/ontology/wikiPageID	"40859571"^^http://www.w3.org/2001/XMLSchema#integer
http://dbpedia.org/ontology/elevation	"1.0"^^http://www.w3.org/2001/XMLSchema#decimal
http://dbpedia.org/ontology/utcOffset	"0"
http://www.w3.org/ns/prov#wasDerivedFrom	http://en.wikipedia.org/wiki/Dentukrom?oldid=718108889
http://dbpedia.org/ontology/timeZone	http://dbpedia.org/resource/Greenwich_Mean_Time
http://dbpedia.org/ontology/areaCode	"+233(0) 31 3 plus 6 digit number"
http://dbpedia.org/property/pushpinMap	"Ghana"^^http://www.w3.org/1999/02/22-rdf-syntax-ns#langString
http://dbpedia.org/property/populationBlank2Title	"Religions"^^http://www.w3.org/1999/02/22-rdf-syntax-ns#langString
http://dbpedia.org/property/populationBlank1Title	"Ethnicities"^^http://www.w3.org/1999/02/22-rdf-syntax-ns#langString
http://purl.org/linguistics/gold/hypernym	http://dbpedia.org/resource/Town
http://dbpedia.org/property/latd	"4.7999999999999998224"^^http://www.w3.org/2001/XMLSchema#decimal
http://dbpedia.org/ontology/abstract	"Dentukrom is a town in the Western Region of Ghana. The town is north of Domunli on the Atlantic coast of Ghana. It is located 100 kilometres (62 mi) west of the regional capital, Takoradi, in the region of Western Region, and is in the Jomoro District. Other towns that surround Dentokrom are Domunli, Domun, Ejan, Dentukrom and Agufo."@en
http://dbpedia.org/property/pushpinMapCaption	"Location of Tema in Western Region, South West Ghana"^^http://www.w3.org/1999/02/22-rdf-syntax-ns#langString
http://www.w3.org/2003/01/geo/wgs84_pos#geometry	"POINT(-2.2000000476837 4.8000001907349)"^^http://www.openlinksw.com/schemas/virtrdf#Geometry
http://www.w3.org/2000/01/rdf-schema#label	"Dentukrom"@en
http://www.w3.org/1999/02/22-rdf-syntax-ns#type	http://dbpedia.org/class/yago/PhysicalEntity100001930
