#---Properties and values from: http://dbpedia.org/resource/Løgten
Property	Value
http://xmlns.com/foaf/0.1/name	"Løgten"@en
http://dbpedia.org/ontology/wikiPageExternalLink	http://www.siloetten.dk
http://dbpedia.org/property/populationDensityKm	"auto"^^http://www.w3.org/1999/02/22-rdf-syntax-ns#langString
http://dbpedia.org/ontology/wikiPageRevisionID	"719072737"^^http://www.w3.org/2001/XMLSchema#integer
http://dbpedia.org/property/mapCaption	"Location of Løgten in Aarhus Municipality"^^http://www.w3.org/1999/02/22-rdf-syntax-ns#langString
http://dbpedia.org/property/imagesize	"250"^^http://www.w3.org/2001/XMLSchema#integer
http://dbpedia.org/property/imageSkyline	"Løgten Station.jpg"^^http://www.w3.org/1999/02/22-rdf-syntax-ns#langString
http://dbpedia.org/property/settlementType	"Town"^^http://www.w3.org/1999/02/22-rdf-syntax-ns#langString
http://www.w3.org/2003/01/geo/wgs84_pos#long	"10.185700416564941406"^^http://www.w3.org/2001/XMLSchema#float
http://dbpedia.org/property/imageCaption	"Løgten local train station"^^http://www.w3.org/1999/02/22-rdf-syntax-ns#langString
http://dbpedia.org/property/imageMap	"Loegten-placering-relativ-til-aarhus.jpeg"^^http://www.w3.org/1999/02/22-rdf-syntax-ns#langString
http://xmlns.com/foaf/0.1/isPrimaryTopicOf	http://en.wikipedia.org/wiki/Løgten
http://dbpedia.org/property/postalCodeType	http://dbpedia.org/resource/List_of_postal_codes_in_Denmark
http://dbpedia.org/property/subdivisionType	http://dbpedia.org/resource/Municipality
http://dbpedia.org/ontology/country	http://dbpedia.org/resource/Kingdom_of_Denmark
http://dbpedia.org/property/populationTotal	"c. 7.335"^^http://www.w3.org/1999/02/22-rdf-syntax-ns#langString
http://dbpedia.org/property/populationAsOf	"2015"^^http://www.w3.org/2001/XMLSchema#integer
http://purl.org/dc/terms/subject	http://dbpedia.org/resource/Category:Towns_and_settlements_in_Aarhus_Municipality
http://dbpedia.org/ontology/isPartOf	http://dbpedia.org/resource/Aarhus_Municipality
http://www.w3.org/2000/01/rdf-schema#comment	"Løgten is een plaats in de Deense regio Midden-Jutland, gemeente Aarhus, en telt 5697 inwoners (2007) inclusief Skødstrup waarmee het inmiddels is vastgegroeid. Løgten is per trein verbonden met het centrum van Aarhus."@nl
http://xmlns.com/foaf/0.1/primaryTopic	http://en.wikipedia.org/wiki/Løgten
http://www.w3.org/2002/07/owl#sameAs	http://dbpedia.org/resource/Løgten
http://dbpedia.org/ontology/wikiPageRedirects	http://dbpedia.org/resource/Logten
http://www.w3.org/2003/01/geo/wgs84_pos#lat	"56.16429901123046875"^^http://www.w3.org/2001/XMLSchema#float
http://www.georss.org/georss/point	"56.1643 10.1857"
http://dbpedia.org/ontology/thumbnail	http://commons.wikimedia.org/wiki/Special:FilePath/Løgten_Station.jpg?width=300
http://dbpedia.org/ontology/postalCode	"8541 Skødstrup"
http://dbpedia.org/ontology/wikiPageID	"47554445"^^http://www.w3.org/2001/XMLSchema#integer
http://dbpedia.org/property/populationDensitySqMi	"auto"^^http://www.w3.org/1999/02/22-rdf-syntax-ns#langString
http://www.w3.org/ns/prov#wasDerivedFrom	http://en.wikipedia.org/wiki/Løgten?oldid=719072737
http://xmlns.com/foaf/0.1/depiction	http://commons.wikimedia.org/wiki/Special:FilePath/Løgten_Station.jpg
http://purl.org/linguistics/gold/hypernym	http://dbpedia.org/resource/Town
http://dbpedia.org/ontology/abstract	"Løgten is a town in Aarhus Municipality, Central Denmark Region in Denmark. Løgten is close to the motorway Djurslandsmotorvejen between Skødstrup and Lisbjerg, the railway between Aarhus and Randers and is a station on the light rail system Aarhus Letbane. Løgten had 7,335 inhabitants on 1 January 2015."@en
http://www.w3.org/2003/01/geo/wgs84_pos#geometry	"POINT(10.185700416565 56.16429901123)"^^http://www.openlinksw.com/schemas/virtrdf#Geometry
http://www.w3.org/2000/01/rdf-schema#label	"Løgten"@nl
http://dbpedia.org/property/mapsize	"250"^^http://www.w3.org/2001/XMLSchema#integer
http://dbpedia.org/property/subdivisionName	"Skødstrup Sogn"^^http://www.w3.org/1999/02/22-rdf-syntax-ns#langString
http://www.w3.org/1999/02/22-rdf-syntax-ns#type	http://www.w3.org/2003/01/geo/wgs84_pos#SpatialThing
