#---Properties and values from: http://dbpedia.org/resource/Viševca
Property	Value
http://dbpedia.org/property/longew	"E"^^http://www.w3.org/1999/02/22-rdf-syntax-ns#langString
http://xmlns.com/foaf/0.1/name	"Viševca"@en
http://dbpedia.org/property/lats	"58.75"^^http://www.w3.org/2001/XMLSchema#decimal
http://dbpedia.org/ontology/wikiPageExternalLink	http://www.geopedia.si/Geopedia_en.html#L410_F10103525_T13_b4_x466089_y122830.5_s15
http://dbpedia.org/ontology/wikiPageRevisionID	"730092468"^^http://www.w3.org/2001/XMLSchema#integer
http://dbpedia.org/property/imagesize	"250"^^http://www.w3.org/2001/XMLSchema#integer
http://dbpedia.org/property/latm	"14"^^http://www.w3.org/2001/XMLSchema#integer
http://dbpedia.org/property/latns	"N"^^http://www.w3.org/1999/02/22-rdf-syntax-ns#langString
http://www.w3.org/2003/01/geo/wgs84_pos#long	"14.561124801635742188"^^http://www.w3.org/2001/XMLSchema#float
http://dbpedia.org/property/coordinatesRegion	"SI"^^http://www.w3.org/1999/02/22-rdf-syntax-ns#langString
http://dbpedia.org/property/pushpinLabelPosition	"bottom"^^http://www.w3.org/1999/02/22-rdf-syntax-ns#langString
http://xmlns.com/foaf/0.1/isPrimaryTopicOf	http://en.wikipedia.org/wiki/Viševca
http://dbpedia.org/property/subdivisionType	"Country"^^http://www.w3.org/1999/02/22-rdf-syntax-ns#langString
http://dbpedia.org/ontology/country	http://dbpedia.org/resource/Slovenia
http://dbpedia.org/property/longm	"33"^^http://www.w3.org/2001/XMLSchema#integer
http://dbpedia.org/property/populationTotal	"no permanent residents"^^http://www.w3.org/1999/02/22-rdf-syntax-ns#langString
http://dbpedia.org/property/longs	"40.049999999999997158"^^http://www.w3.org/2001/XMLSchema#decimal
http://dbpedia.org/property/populationAsOf	"2002"^^http://www.w3.org/2001/XMLSchema#integer
http://purl.org/dc/terms/subject	http://dbpedia.org/resource/Category:Populated_places_in_the_Municipality_of_Cerklje_na_Gorenjskem
http://dbpedia.org/ontology/isPartOf	http://dbpedia.org/resource/Upper_Carniola
http://www.w3.org/2000/01/rdf-schema#comment	"Viševca (pronounced [ʋiˈʃeːu̯tsa]; in older sources also Uševica, German: Uscheuze) is a small settlement in the Municipality of Cerklje na Gorenjskem in the Upper Carniola region of Slovenia."@en
http://dbpedia.org/property/longd	"14"^^http://www.w3.org/2001/XMLSchema#integer
http://xmlns.com/foaf/0.1/primaryTopic	http://en.wikipedia.org/wiki/Viševca
http://www.w3.org/2002/07/owl#sameAs	http://dbpedia.org/resource/Viševca
http://dbpedia.org/ontology/wikiPageRedirects	http://dbpedia.org/resource/Visevca
http://www.w3.org/2003/01/geo/wgs84_pos#lat	"46.249652862548828125"^^http://www.w3.org/2001/XMLSchema#float
http://www.georss.org/georss/point	"46.249652777777776 14.561125"
http://dbpedia.org/ontology/thumbnail	http://commons.wikimedia.org/wiki/Special:FilePath/Flag_of_Slovenia.svg?width=300
http://dbpedia.org/ontology/wikiPageID	"20178849"^^http://www.w3.org/2001/XMLSchema#integer
http://dbpedia.org/ontology/elevation	"477.5"^^http://www.w3.org/2001/XMLSchema#decimal
http://www.w3.org/ns/prov#wasDerivedFrom	http://en.wikipedia.org/wiki/Viševca?oldid=730092468
http://dbpedia.org/property/coordinatesDisplay	"inline,title"^^http://www.w3.org/1999/02/22-rdf-syntax-ns#langString
http://dbpedia.org/property/pushpinMap	"Slovenia"^^http://www.w3.org/1999/02/22-rdf-syntax-ns#langString
http://dbpedia.org/property/populationBlank2Title	"Religions"^^http://www.w3.org/1999/02/22-rdf-syntax-ns#langString
http://dbpedia.org/property/populationBlank1Title	"Ethnicities"^^http://www.w3.org/1999/02/22-rdf-syntax-ns#langString
http://xmlns.com/foaf/0.1/depiction	http://commons.wikimedia.org/wiki/Special:FilePath/Flag_of_Slovenia.svg
http://purl.org/linguistics/gold/hypernym	http://dbpedia.org/resource/Settlement
http://dbpedia.org/property/latd	"46"^^http://www.w3.org/2001/XMLSchema#integer
http://dbpedia.org/ontology/abstract	"Viševca (pronounced [ʋiˈʃeːu̯tsa]; in older sources also Uševica, German: Uscheuze) is a small settlement in the Municipality of Cerklje na Gorenjskem in the Upper Carniola region of Slovenia."@en
http://dbpedia.org/property/pushpinMapCaption	"Location in Slovenia"^^http://www.w3.org/1999/02/22-rdf-syntax-ns#langString
http://www.w3.org/2003/01/geo/wgs84_pos#geometry	"POINT(14.561124801636 46.249652862549)"^^http://www.openlinksw.com/schemas/virtrdf#Geometry
http://www.w3.org/2000/01/rdf-schema#label	"Viševca"@en
http://www.w3.org/1999/02/22-rdf-syntax-ns#type	http://dbpedia.org/class/yago/WikicatPopulatedPlacesInTheMunicipalityOfCerkljeNaGorenjskem
