#---Properties and values from: http://dbpedia.org/resource/Abrantes
Property	Value
http://dbpedia.org/property/lats	"48"^^http://www.w3.org/2001/XMLSchema#integer
http://dbpedia.org/ontology/wikiPageExternalLink	http://www.heraldica.org/topics/france/napoleon.htm#victory
http://dbpedia.org/property/latm	"27"^^http://www.w3.org/2001/XMLSchema#integer
http://dbpedia.org/ontology/deathPlace	http://dbpedia.org/resource/Ferdinand_of_Portugal,_Duke_of_Guarda
http://dbpedia.org/property/areaCode	"292"^^http://www.w3.org/2001/XMLSchema#integer
http://dbpedia.org/property/imageSkyline	"Abrantes.JPG"^^http://www.w3.org/1999/02/22-rdf-syntax-ns#langString
http://purl.org/dc/terms/subject	http://dbpedia.org/resource/Category:Burial_sites_of_the_House_of_Aviz
http://dbpedia.org/property/parishes	"[[#Human geography"^^http://www.w3.org/1999/02/22-rdf-syntax-ns#langString
http://dbpedia.org/property/cim	http://dbpedia.org/resource/Médio_Tejo
http://dbpedia.org/property/imageLocation	"LocalAbrantes.svg"^^http://www.w3.org/1999/02/22-rdf-syntax-ns#langString
http://dbpedia.org/property/leaderParty	http://dbpedia.org/resource/Socialist_Party_(Portugal)
http://www.w3.org/ns/prov#wasDerivedFrom	http://en.wikipedia.org/wiki/Abrantes?oldid=720953323
http://dbpedia.org/property/district	http://dbpedia.org/resource/Santarém_District
http://dbpedia.org/property/latd	"39"^^http://www.w3.org/2001/XMLSchema#integer
http://dbpedia.org/property/subregion	http://dbpedia.org/resource/Médio_Tejo
http://xmlns.com/foaf/0.1/homepage	http://www.cm-abrantes.pt
http://www.w3.org/1999/02/22-rdf-syntax-ns#type	http://www.w3.org/2002/07/owl#Thing
http://dbpedia.org/property/region	http://dbpedia.org/resource/Centro_Region,_Portugal
http://dbpedia.org/property/officialName	"Abrantes"^^http://www.w3.org/1999/02/22-rdf-syntax-ns#langString
http://dbpedia.org/ontology/wikiPageRevisionID	"720953323"^^http://www.w3.org/2001/XMLSchema#integer
http://dbpedia.org/property/wordnet_type	http://www.w3.org/2006/03/wn/wn20/instances/synset-township-noun-1
http://dbpedia.org/property/elevationMin	"18"^^http://www.w3.org/2001/XMLSchema#integer
http://dbpedia.org/property/website	http://www.cm-abrantes.pt
http://xmlns.com/foaf/0.1/isPrimaryTopicOf	http://en.wikipedia.org/wiki/Abrantes
http://dbpedia.org/property/municipality	http://dbpedia.org/resource/Aldeia_do_Mato_e_Souto
http://dbpedia.org/property/longm	"11"^^http://www.w3.org/2001/XMLSchema#integer
http://dbpedia.org/property/populationTotal	"39325"^^http://www.w3.org/2001/XMLSchema#integer
http://dbpedia.org/property/longs	"51"^^http://www.w3.org/2001/XMLSchema#integer
http://dbpedia.org/property/populationAsOf	"2011"^^http://www.w3.org/2001/XMLSchema#integer
http://dbpedia.org/property/stadium	http://dbpedia.org/resource/2015_FIFA_Women's_World_Cup_qualification_–_UEFA_Group_5
http://www.w3.org/2000/01/rdf-schema#comment	"45xCe modèle est-il pertinent ? Cliquez pour en voir d'autres.Cet article contient une ou plusieurs listes. (indiquez la date de pose grâce au paramètre date). Le texte gagnerait à être rédigé sous la forme de paragraphes synthétiques, plus agréables à la lecture. Abrantes (en français Abrantès) est une ville et une municipalité du Portugal située dans le district de Santarém. Elle s'élève sur une colline à 800 m de la rive droite du Tage. Elle est le Chef-lieu d'un canton de 39 325 habitants."@fr
http://dbpedia.org/property/elevationMax	"315"^^http://www.w3.org/2001/XMLSchema#integer
http://dbpedia.org/property/imageShield	"ABT.png"^^http://www.w3.org/1999/02/22-rdf-syntax-ns#langString
http://dbpedia.org/property/longd	"8"^^http://www.w3.org/2001/XMLSchema#integer
http://dbpedia.org/property/headquarters	http://dbpedia.org/resource/Portuguese_Baseball_and_Softball_Federation
http://xmlns.com/foaf/0.1/primaryTopic	http://en.wikipedia.org/wiki/Abrantes
http://dbpedia.org/ontology/currentMember	http://dbpedia.org/resource/Chuac_Lun__Abrantes__1
http://www.w3.org/2002/07/owl#sameAs	http://sws.geonames.org/2272447/
http://dbpedia.org/ontology/wikiPageRedirects	http://dbpedia.org/resource/Abrantès
http://dbpedia.org/ontology/thumbnail	http://commons.wikimedia.org/wiki/Special:FilePath/Pt-abt1.png?width=300
http://dbpedia.org/ontology/wikiPageID	"1547378"^^http://www.w3.org/2001/XMLSchema#integer
http://dbpedia.org/property/areaTotal	"714.69000000000005457"^^http://www.w3.org/2001/XMLSchema#decimal
http://dbpedia.org/ontology/location	http://dbpedia.org/resource/Estádio_Municipal_de_Abrantes
http://dbpedia.org/ontology/birthPlace	http://dbpedia.org/resource/Ferdinand_of_Portugal,_Duke_of_Guarda
http://dbpedia.org/property/leaderName	"Nélson Marques Carvalho"^^http://www.w3.org/1999/02/22-rdf-syntax-ns#langString
http://xmlns.com/foaf/0.1/depiction	http://commons.wikimedia.org/wiki/Special:FilePath/Pt-abt1.png
http://dbpedia.org/property/patron	http://dbpedia.org/resource/John_the_Baptist
http://purl.org/linguistics/gold/hypernym	http://dbpedia.org/resource/Municipality
http://dbpedia.org/property/postalCode	"2200"^^http://www.w3.org/2001/XMLSchema#integer
http://dbpedia.org/ontology/abstract	"Abrantes (1.  
* RINVIA T:IPA) è un comune portoghese di 42.235 abitanti situato nel distretto di Santarém. È una bianca cittadina fiorita della regione detta Ribatejo su una altura sulla riva destra del Tago. Fu invasa nel 1807 dall'esercito francese in avanzata verso Lisbona e Napoleone Bonaparte insignì il comandante generale Jean-Andoche Junot (1771-1813) del titolo di duca d'Abrantes. È un centro agricolo e commerciale con vasti quartieri moderni attorno al centro storico sovrastato dal Castello medioevale rimaneggiato nel diciannovesimo secolo: all'interno c'è la chiesa di Santa Maria do Castelo, riedificata nel sedicesimo secolo sulle fondazioni trecentesche, che oggi ospita il Museu Lopo de Almedia con tombe degli Almedia, conti di Abrantes, azulejos sivigliane e resti archeologici."@it
http://dbpedia.org/property/imageFlag	"Pt-abt1.png"^^http://www.w3.org/1999/02/22-rdf-syntax-ns#langString
http://www.w3.org/2000/01/rdf-schema#label	"Abrantes"@es
http://dbpedia.org/ontology/ground	http://dbpedia.org/resource/Abrantes_F.C.
