#---Properties and values from: http://dbpedia.org/resource/Marzagão
Property	Value
http://dbpedia.org/property/lats	"11"^^http://www.w3.org/2001/XMLSchema#integer
http://dbpedia.org/ontology/wikiPageExternalLink	http://www.frigoletto.com.br/GeoEcon/idhgo.htm
http://dbpedia.org/ontology/wikiPageRevisionID	"721622424"^^http://www.w3.org/2001/XMLSchema#integer
http://dbpedia.org/property/latm	"59"^^http://www.w3.org/2001/XMLSchema#integer
http://dbpedia.org/property/latns	"S"^^http://www.w3.org/1999/02/22-rdf-syntax-ns#langString
http://dbpedia.org/property/imageMap	"Goias Municip Marzagao.svg"^^http://www.w3.org/1999/02/22-rdf-syntax-ns#langString
http://xmlns.com/foaf/0.1/isPrimaryTopicOf	http://en.wikipedia.org/wiki/Marzagão
http://dbpedia.org/property/microregion	http://dbpedia.org/resource/Meia_Ponte_Microregion
http://dbpedia.org/property/longm	"37"^^http://www.w3.org/2001/XMLSchema#integer
http://dbpedia.org/property/populationTotal	"2053"^^http://www.w3.org/2001/XMLSchema#integer
http://dbpedia.org/property/longs	"3"^^http://www.w3.org/2001/XMLSchema#integer
http://dbpedia.org/property/populationAsOf	"2007"^^http://www.w3.org/2001/XMLSchema#integer
http://purl.org/dc/terms/subject	http://dbpedia.org/resource/Category:Municipalities_in_Goiás
http://dbpedia.org/property/elevation	"604"^^http://www.w3.org/2001/XMLSchema#integer
http://dbpedia.org/property/state	"GO"^^http://www.w3.org/1999/02/22-rdf-syntax-ns#langString
http://www.w3.org/2000/01/rdf-schema#comment	"Marzagão é um município brasileiro do estado de Goiás. Localiza-se a uma latitude 17º58'53\" sul e a uma longitude 48º38'25\" oeste, estando a uma altitude de 604 metros. Sua população estimada em 2015 era de 2 198 habitantes. Possui uma área de 228,83 km²."@pt
http://dbpedia.org/property/longd	"48"^^http://www.w3.org/2001/XMLSchema#integer
http://xmlns.com/foaf/0.1/primaryTopic	http://en.wikipedia.org/wiki/Marzagão
http://www.w3.org/2002/07/owl#sameAs	http://it.dbpedia.org/resource/Marzagão
http://dbpedia.org/ontology/wikiPageRedirects	http://dbpedia.org/resource/Marzagao
http://dbpedia.org/ontology/thumbnail	http://commons.wikimedia.org/wiki/Special:FilePath/Goias_Municip_Marzagao.svg?width=300
http://dbpedia.org/ontology/wikiPageID	"4367715"^^http://www.w3.org/2001/XMLSchema#integer
http://dbpedia.org/property/areaTotal	"228.80000000000001137"^^http://www.w3.org/2001/XMLSchema#decimal
http://www.w3.org/ns/prov#wasDerivedFrom	http://en.wikipedia.org/wiki/Marzagão?oldid=721622424
http://dbpedia.org/property/name	"Marzagão"^^http://www.w3.org/1999/02/22-rdf-syntax-ns#langString
http://xmlns.com/foaf/0.1/depiction	http://commons.wikimedia.org/wiki/Special:FilePath/Goias_Municip_Marzagao.svg
http://purl.org/linguistics/gold/hypernym	http://dbpedia.org/resource/Municipality
http://dbpedia.org/property/latd	"17"^^http://www.w3.org/2001/XMLSchema#integer
http://dbpedia.org/property/postalCode	"75670"^^http://www.w3.org/2001/XMLSchema#integer
http://dbpedia.org/ontology/abstract	"Marzagão is a municipality in south Goiás state, Brazil."@en
http://www.w3.org/2000/01/rdf-schema#label	"Marzagão (Goiás)"@fr
http://www.w3.org/1999/02/22-rdf-syntax-ns#type	http://dbpedia.org/class/yago/WikicatPopulatedPlacesInGoiás
