#---Properties and values from: http://dbpedia.org/resource/Meadowlands,_Gauteng
Property	Value
http://xmlns.com/foaf/0.1/name	"Meadowlands"@en
http://dbpedia.org/property/demographics2Info	"10.1"^^http://dbpedia.org/datatype/perCent
http://dbpedia.org/property/lats	"15"^^http://www.w3.org/2001/XMLSchema#integer
http://dbpedia.org/ontology/wikiPageExternalLink	http://census.adrianfrith.com/place/77414
http://dbpedia.org/ontology/wikiPageRevisionID	"714449665"^^http://www.w3.org/2001/XMLSchema#integer
http://dbpedia.org/property/areaFootnotes	"ref | |name=census2001"^^http://www.w3.org/1999/02/22-rdf-syntax-ns#langString
http://dbpedia.org/property/latm	"13"^^http://www.w3.org/2001/XMLSchema#integer
http://www.w3.org/2003/01/geo/wgs84_pos#long	"27.899444580078125"^^http://www.w3.org/2001/XMLSchema#float
http://dbpedia.org/property/demographics2Title	"Other"^^http://www.w3.org/1999/02/22-rdf-syntax-ns#langString
http://xmlns.com/foaf/0.1/isPrimaryTopicOf	http://en.wikipedia.org/wiki/Meadowlands,_Gauteng
http://dbpedia.org/property/municipality	"City of Johannesburg"^^http://www.w3.org/1999/02/22-rdf-syntax-ns#langString
http://dbpedia.org/ontology/country	http://dbpedia.org/resource/South_Africa
http://dbpedia.org/property/longm	"53"^^http://www.w3.org/2001/XMLSchema#integer
http://dbpedia.org/property/populationTotal	"138354"^^http://www.w3.org/2001/XMLSchema#integer
http://dbpedia.org/property/longs	"58"^^http://www.w3.org/2001/XMLSchema#integer
http://dbpedia.org/property/populationAsOf	"2001"^^http://www.w3.org/2001/XMLSchema#integer
http://dbpedia.org/ontology/wikiPageDisambiguates	http://dbpedia.org/resource/Meadowlands
http://purl.org/dc/terms/subject	http://dbpedia.org/resource/Category:Townships_in_Gauteng
http://www.w3.org/2000/01/rdf-schema#comment	"Meadowlands is a suburb of Johannesburg, Gauteng Province, South Africa. Meadowlands suburb was founded in the early 1950s during the apartheid era for black residents from Sophiatown."@en
http://dbpedia.org/property/leaderTitle	"Councillor"^^http://www.w3.org/1999/02/22-rdf-syntax-ns#langString
http://dbpedia.org/property/longd	"27"^^http://www.w3.org/2001/XMLSchema#integer
http://xmlns.com/foaf/0.1/primaryTopic	http://en.wikipedia.org/wiki/Meadowlands,_Gauteng
http://dbpedia.org/property/city/town	http://dbpedia.org/resource/Meadowlands_Secondary_School
http://www.w3.org/2002/07/owl#sameAs	http://www.wikidata.org/entity/Q15252586
http://dbpedia.org/ontology/wikiPageRedirects	http://dbpedia.org/resource/Meadowlands,_South_Africa
http://www.w3.org/2003/01/geo/wgs84_pos#lat	"26.22083282470703125"^^http://www.w3.org/2001/XMLSchema#float
http://www.georss.org/georss/point	"26.220833333333335 27.899444444444445"
http://dbpedia.org/ontology/wikiPageID	"1390644"^^http://www.w3.org/2001/XMLSchema#integer
http://dbpedia.org/ontology/birthPlace	http://dbpedia.org/resource/Rapulana_Seiphemo
http://www.w3.org/ns/prov#wasDerivedFrom	http://en.wikipedia.org/wiki/Meadowlands,_Gauteng?oldid=714449665
http://dbpedia.org/property/percentBlack	"99.8"^^http://dbpedia.org/datatype/perCent
http://dbpedia.org/property/areaTotalKm	"11.570000000000000284"^^http://www.w3.org/2001/XMLSchema#decimal
http://purl.org/linguistics/gold/hypernym	http://dbpedia.org/resource/Suburb
http://dbpedia.org/property/latd	"26"^^http://www.w3.org/2001/XMLSchema#integer
http://dbpedia.org/property/percentColoured	"0.2"^^http://dbpedia.org/datatype/perCent
http://dbpedia.org/ontology/abstract	"Meadowlands is a suburb of Johannesburg, Gauteng Province, South Africa. Meadowlands suburb was founded in the early 1950s during the apartheid era for black residents from Sophiatown."@en
http://www.w3.org/2003/01/geo/wgs84_pos#geometry	"POINT(27.899444580078 26.220832824707)"^^http://www.openlinksw.com/schemas/virtrdf#Geometry
http://www.w3.org/2000/01/rdf-schema#label	"Meadowlands, Gauteng"@en
http://dbpedia.org/property/province	"Gauteng"^^http://www.w3.org/1999/02/22-rdf-syntax-ns#langString
http://www.w3.org/1999/02/22-rdf-syntax-ns#type	http://dbpedia.org/class/yago/Township108672199
