#---Properties and values from: http://dbpedia.org/resource/Akwesasne_59
Property	Value
http://dbpedia.org/property/longew	"W"^^http://www.w3.org/1999/02/22-rdf-syntax-ns#langString
http://xmlns.com/foaf/0.1/name	"Akwesasne (Part) Indian Reserve No. 59"@en
http://dbpedia.org/ontology/wikiPageExternalLink	http://www.akwesasne.ca/
http://dbpedia.org/ontology/wikiPageRevisionID	"701715313"^^http://www.w3.org/2001/XMLSchema#integer
http://dbpedia.org/property/latm	"2"^^http://www.w3.org/2001/XMLSchema#integer
http://dbpedia.org/property/latns	"N"^^http://www.w3.org/1999/02/22-rdf-syntax-ns#langString
http://www.w3.org/2003/01/geo/wgs84_pos#long	"-74.5666656494140625"^^http://www.w3.org/2001/XMLSchema#float
http://dbpedia.org/property/coordinatesRegion	"CA-ON"^^http://www.w3.org/1999/02/22-rdf-syntax-ns#langString
http://dbpedia.org/property/north	http://dbpedia.org/resource/South_Glengarry,_Ontario
http://xmlns.com/foaf/0.1/isPrimaryTopicOf	http://en.wikipedia.org/wiki/Akwesasne_59
http://dbpedia.org/property/subdivisionType	http://dbpedia.org/resource/Census_divisions_of_Ontario
http://dbpedia.org/property/pushpinMapsize	"200"^^http://www.w3.org/2001/XMLSchema#integer
http://dbpedia.org/property/longm	"34"^^http://www.w3.org/2001/XMLSchema#integer
http://dbpedia.org/ontology/country	http://dbpedia.org/resource/Canada
http://dbpedia.org/property/populationTotal	"incompletely enumerated"^^http://www.w3.org/1999/02/22-rdf-syntax-ns#langString
http://dbpedia.org/property/west	http://dbpedia.org/resource/Cornwall,_Ontario
http://dbpedia.org/property/populationAsOf	"2011"^^http://www.w3.org/2001/XMLSchema#integer
http://purl.org/dc/terms/subject	http://dbpedia.org/resource/Category:Municipalities_in_the_United_Counties_of_Stormont,_Dundas_and_Glengarry
http://dbpedia.org/ontology/isPartOf	http://dbpedia.org/resource/United_Counties_of_Stormont,_Dundas_and_Glengarry
http://www.w3.org/2000/01/rdf-schema#comment	"Akwesasne 59 is a First Nations reserve in Ontario. It is part of Akwesasne Mohawk Territory, which includes Akwesasne Indian Reserve in Quebec and St. Regis Mohawk Reservation in New York. As Akwesasne Mohawk Territory is independent of the federal and provincial governments, this division is largely for statistical purposes."@en
http://dbpedia.org/property/south	"St. Regis"^^http://www.w3.org/1999/02/22-rdf-syntax-ns#langString
http://dbpedia.org/ontology/type	http://dbpedia.org/resource/Indian_reserve
http://dbpedia.org/property/longd	"74"^^http://www.w3.org/2001/XMLSchema#integer
http://xmlns.com/foaf/0.1/primaryTopic	http://en.wikipedia.org/wiki/Akwesasne_59
http://dbpedia.org/property/east	"Dundee"^^http://www.w3.org/1999/02/22-rdf-syntax-ns#langString
http://dbpedia.org/ontology/wikiPageRedirects	http://dbpedia.org/resource/Akwesasne_59,_Ontario
http://www.w3.org/2002/07/owl#sameAs	http://dbpedia.org/resource/Akwesasne_59
http://www.w3.org/2003/01/geo/wgs84_pos#lat	"45.03333282470703125"^^http://www.w3.org/2001/XMLSchema#float
http://www.georss.org/georss/point	"45.03333333333333 -74.56666666666666"
http://dbpedia.org/ontology/wikiPageID	"46681288"^^http://www.w3.org/2001/XMLSchema#integer
http://dbpedia.org/ontology/utcOffset	"-5"
http://www.w3.org/ns/prov#wasDerivedFrom	http://en.wikipedia.org/wiki/Akwesasne_59?oldid=701715313
http://dbpedia.org/ontology/timeZone	http://dbpedia.org/resource/Eastern_Daylight_Time
http://dbpedia.org/property/northeast	"St. Lawrence River"^^http://www.w3.org/1999/02/22-rdf-syntax-ns#langString
http://dbpedia.org/property/coordinatesDisplay	"inline,title"^^http://www.w3.org/1999/02/22-rdf-syntax-ns#langString
http://dbpedia.org/property/centre	"Akwesasne 59"^^http://www.w3.org/1999/02/22-rdf-syntax-ns#langString
http://dbpedia.org/property/pushpinMap	"Canada Southern Ontario"^^http://www.w3.org/1999/02/22-rdf-syntax-ns#langString
http://dbpedia.org/ontology/areaLand	"11860000.0"^^http://www.w3.org/2001/XMLSchema#decimal
http://dbpedia.org/property/latd	"45"^^http://www.w3.org/2001/XMLSchema#integer
http://dbpedia.org/ontology/abstract	"Akwesasne 59 is a First Nations reserve in Ontario. It is part of Akwesasne Mohawk Territory, which includes Akwesasne Indian Reserve in Quebec and St. Regis Mohawk Reservation in New York. As Akwesasne Mohawk Territory is independent of the federal and provincial governments, this division is largely for statistical purposes."@en
http://dbpedia.org/property/southwest	"Massena"^^http://www.w3.org/1999/02/22-rdf-syntax-ns#langString
http://www.w3.org/2003/01/geo/wgs84_pos#geometry	"POINT(-74.566665649414 45.033332824707)"^^http://www.openlinksw.com/schemas/virtrdf#Geometry
http://dbpedia.org/property/southeast	"Fort Covington"^^http://www.w3.org/1999/02/22-rdf-syntax-ns#langString
http://www.w3.org/2000/01/rdf-schema#label	"Akwesasne 59"@en
http://xmlns.com/foaf/0.1/homepage	http://www.akwesasne.ca/
http://www.w3.org/1999/02/22-rdf-syntax-ns#type	http://www.wikidata.org/entity/Q486972
