#---Properties and values from: http://dbpedia.org/resource/Witpoort
Property	Value
http://xmlns.com/foaf/0.1/name	"Witpoort"@en
http://dbpedia.org/ontology/wikiPageExternalLink	http://census.adrianfrith.com/place/77415023
http://dbpedia.org/ontology/wikiPageRevisionID	"573981426"^^http://www.w3.org/2001/XMLSchema#integer
http://dbpedia.org/property/areaFootnotes	"ref | |name=census2001"^^http://www.w3.org/1999/02/22-rdf-syntax-ns#langString
http://dbpedia.org/ontology/deathPlace	http://dbpedia.org/resource/Harold_Lothrop_Borden
http://dbpedia.org/property/latm	"58"^^http://www.w3.org/2001/XMLSchema#integer
http://www.w3.org/2003/01/geo/wgs84_pos#long	"28.049999237060546875"^^http://www.w3.org/2001/XMLSchema#float
http://xmlns.com/foaf/0.1/isPrimaryTopicOf	http://en.wikipedia.org/wiki/Witpoort
http://dbpedia.org/property/municipality	"City of Johannesburg"^^http://www.w3.org/1999/02/22-rdf-syntax-ns#langString
http://dbpedia.org/property/postal2Code	"2632"^^http://www.w3.org/2001/XMLSchema#integer
http://dbpedia.org/ontology/country	http://dbpedia.org/resource/South_Africa
http://dbpedia.org/property/longm	"3"^^http://www.w3.org/2001/XMLSchema#integer
http://dbpedia.org/property/populationTotal	"934"^^http://www.w3.org/2001/XMLSchema#integer
http://dbpedia.org/property/populationAsOf	"2001"^^http://www.w3.org/2001/XMLSchema#integer
http://purl.org/dc/terms/subject	http://dbpedia.org/resource/Category:Suburbs_of_Johannesburg
http://www.w3.org/2000/01/rdf-schema#comment	"Witpoort is a suburb of Johannesburg, South Africa. It is located in Region 2. Site of the Battle of Witpoort during the Second Boer War."@en
http://dbpedia.org/property/leaderTitle	"Councillor"^^http://www.w3.org/1999/02/22-rdf-syntax-ns#langString
http://dbpedia.org/ontology/place	http://dbpedia.org/resource/Battle_of_Witpoort
http://dbpedia.org/property/longd	"28"^^http://www.w3.org/2001/XMLSchema#integer
http://xmlns.com/foaf/0.1/primaryTopic	http://en.wikipedia.org/wiki/Witpoort
http://www.w3.org/2002/07/owl#sameAs	http://www.wikidata.org/entity/Q8028512
http://dbpedia.org/ontology/wikiPageRedirects	http://dbpedia.org/resource/Witpoort,_Gauteng
http://www.w3.org/2003/01/geo/wgs84_pos#lat	"25.96666717529296875"^^http://www.w3.org/2001/XMLSchema#float
http://www.georss.org/georss/point	"25.966666666666665 28.05"
http://dbpedia.org/ontology/wikiPageID	"2189170"^^http://www.w3.org/2001/XMLSchema#integer
http://www.w3.org/ns/prov#wasDerivedFrom	http://en.wikipedia.org/wiki/Witpoort?oldid=573981426
http://dbpedia.org/property/areaTotalKm	"6.3700000000000001066"^^http://www.w3.org/2001/XMLSchema#decimal
http://purl.org/linguistics/gold/hypernym	http://dbpedia.org/resource/Suburb
http://dbpedia.org/property/latd	"25"^^http://www.w3.org/2001/XMLSchema#integer
http://dbpedia.org/ontology/abstract	"Witpoort is a suburb of Johannesburg, South Africa. It is located in Region 2. Site of the Battle of Witpoort during the Second Boer War."@en
http://www.w3.org/2003/01/geo/wgs84_pos#geometry	"POINT(28.049999237061 25.966667175293)"^^http://www.openlinksw.com/schemas/virtrdf#Geometry
http://www.w3.org/2000/01/rdf-schema#label	"Witpoort"@en
http://dbpedia.org/property/province	"Gauteng"^^http://www.w3.org/1999/02/22-rdf-syntax-ns#langString
http://www.w3.org/1999/02/22-rdf-syntax-ns#type	http://dbpedia.org/class/yago/WikicatSuburbsOfJohannesburg
