#---Properties and values from: http://dbpedia.org/resource/Natividade_da_Serra
Property	Value
http://dbpedia.org/property/longew	"W"^^http://www.w3.org/1999/02/22-rdf-syntax-ns#langString
http://dbpedia.org/property/lats	"32"^^http://www.w3.org/2001/XMLSchema#integer
http://dbpedia.org/ontology/wikiPageExternalLink	http://www.natividadedaserra.sp.gov.br/municipio.htm
http://dbpedia.org/ontology/wikiPageRevisionID	"742226878"^^http://www.w3.org/2001/XMLSchema#integer
http://dbpedia.org/property/latm	"22"^^http://www.w3.org/2001/XMLSchema#integer
http://dbpedia.org/property/latns	"S"^^http://www.w3.org/1999/02/22-rdf-syntax-ns#langString
http://dbpedia.org/property/areaCode	"+55-12"^^http://www.w3.org/1999/02/22-rdf-syntax-ns#langString
http://dbpedia.org/property/imageMap	"SaoPaulo Municip NatividadedaSerra.svg"^^http://www.w3.org/1999/02/22-rdf-syntax-ns#langString
http://dbpedia.org/property/north	"Redenção da Serra and São Luís do Paraitinga"^^http://www.w3.org/1999/02/22-rdf-syntax-ns#langString
http://xmlns.com/foaf/0.1/isPrimaryTopicOf	http://en.wikipedia.org/wiki/Natividade_da_Serra
http://dbpedia.org/property/longm	"26"^^http://www.w3.org/2001/XMLSchema#integer
http://dbpedia.org/property/populationTotal	"6786"^^http://www.w3.org/2001/XMLSchema#integer
http://dbpedia.org/property/west	http://dbpedia.org/resource/Paraibuna
http://dbpedia.org/property/metro	http://dbpedia.org/resource/Metropolitan_Region_of_Vale_do_Paraíba_e_Litoral_Norte
http://dbpedia.org/property/longs	"31"^^http://www.w3.org/2001/XMLSchema#integer
http://dbpedia.org/property/populationAsOf	"2015"^^http://www.w3.org/2001/XMLSchema#integer
http://dbpedia.org/ontology/wikiPageDisambiguates	http://dbpedia.org/resource/Serra
http://purl.org/dc/terms/subject	http://dbpedia.org/resource/Category:Municipalities_in_São_Paulo_(state)
http://dbpedia.org/property/state	"SP"^^http://www.w3.org/1999/02/22-rdf-syntax-ns#langString
http://www.w3.org/2000/01/rdf-schema#comment	"Natividade da Serra è un comune del Brasile nello Stato di San Paolo, parte della mesoregione della Vale do Paraíba Paulista e della microregione di Paraibuna/Paraitinga."@it
http://dbpedia.org/property/south	http://dbpedia.org/resource/Redenção_da_Serra
http://dbpedia.org/property/longd	"45"^^http://www.w3.org/2001/XMLSchema#integer
http://xmlns.com/foaf/0.1/primaryTopic	http://en.wikipedia.org/wiki/Natividade_da_Serra
http://dbpedia.org/property/east	http://dbpedia.org/resource/Paraibuna
http://www.w3.org/2002/07/owl#sameAs	http://wikidata.dbpedia.org/resource/Q1759364
http://dbpedia.org/ontology/wikiPageRedirects	http://dbpedia.org/resource/Natividade_da_serra
http://dbpedia.org/ontology/thumbnail	http://commons.wikimedia.org/wiki/Special:FilePath/SaoPaulo_Municip_NatividadedaSerra.svg?width=300
http://dbpedia.org/ontology/wikiPageID	"1068287"^^http://www.w3.org/2001/XMLSchema#integer
http://www.w3.org/ns/prov#wasDerivedFrom	http://en.wikipedia.org/wiki/Natividade_da_Serra?oldid=742226878
http://dbpedia.org/property/centre	"Natividade da Serra"^^http://www.w3.org/1999/02/22-rdf-syntax-ns#langString
http://dbpedia.org/property/areaTotalKm	"833.37000000000000455"^^http://www.w3.org/2001/XMLSchema#decimal
http://xmlns.com/foaf/0.1/depiction	http://commons.wikimedia.org/wiki/Special:FilePath/SaoPaulo_Municip_NatividadedaSerra.svg
http://purl.org/linguistics/gold/hypernym	http://dbpedia.org/resource/Municipality
http://dbpedia.org/property/latd	"23"^^http://www.w3.org/2001/XMLSchema#integer
http://dbpedia.org/property/postalCode	"12180"^^http://www.w3.org/2001/XMLSchema#integer
http://dbpedia.org/property/southwest	http://dbpedia.org/resource/São_Luiz_do_Paraitinga
http://dbpedia.org/ontology/abstract	"Natividade da Serra est une municipalité brésilienne de l'État de São Paulo et la Microrégion de Paraibuna/Paraitinga."@fr
http://dbpedia.org/property/southeast	http://dbpedia.org/resource/Ubatuba
http://www.w3.org/2000/01/rdf-schema#label	"Natividade da Serra"@nl
http://www.w3.org/1999/02/22-rdf-syntax-ns#type	http://dbpedia.org/class/yago/Object100002684
