#---Properties and values from: http://dbpedia.org/resource/Aldeboarn
Property	Value
http://xmlns.com/foaf/0.1/name	"Aldeboarn"@en
http://dbpedia.org/ontology/wikiPageExternalLink	http://www2.pbf.nl/cgi-bin/gemeente.cgi?plaats=Oldeboorn
http://dbpedia.org/ontology/wikiPageRevisionID	"649589693"^^http://www.w3.org/2001/XMLSchema#integer
http://dbpedia.org/property/settlementType	"Village"^^http://www.w3.org/1999/02/22-rdf-syntax-ns#langString
http://www.w3.org/2003/01/geo/wgs84_pos#long	"5.8944444656372070312"^^http://www.w3.org/2001/XMLSchema#float
http://dbpedia.org/property/imageMap	"Map NL Boarnsterhim Aldeboarn.png"^^http://www.w3.org/1999/02/22-rdf-syntax-ns#langString
http://xmlns.com/foaf/0.1/isPrimaryTopicOf	http://en.wikipedia.org/wiki/Aldeboarn
http://dbpedia.org/property/subdivisionType	"Province"^^http://www.w3.org/1999/02/22-rdf-syntax-ns#langString
http://dbpedia.org/ontology/country	http://dbpedia.org/resource/Netherlands
http://dbpedia.org/property/populationTotal	"c. 1480"^^http://www.w3.org/1999/02/22-rdf-syntax-ns#langString
http://purl.org/dc/terms/subject	http://dbpedia.org/resource/Category:Heerenveen
http://dbpedia.org/ontology/isPartOf	http://dbpedia.org/resource/Friesland
http://www.w3.org/2000/01/rdf-schema#comment	"Aldeboarn est un village situé dans la commune néerlandaise de Heerenveen, dans la province de la Frise. Son nom en néerlandais est Oldeboorn. Le 1er janvier 2007, le village comptait 1 453 habitants. 
* Portail des Pays-Bas Portail des Pays-Bas"@fr
http://dbpedia.org/property/imageShield	"Aldeboarn wapen.svg"^^http://www.w3.org/1999/02/22-rdf-syntax-ns#langString
http://xmlns.com/foaf/0.1/primaryTopic	http://en.wikipedia.org/wiki/Aldeboarn
http://www.w3.org/2002/07/owl#sameAs	http://nl.dbpedia.org/resource/Oldeboorn
http://dbpedia.org/ontology/wikiPageRedirects	http://dbpedia.org/resource/Oldeboorne
http://www.w3.org/2003/01/geo/wgs84_pos#lat	"53.04833221435546875"^^http://www.w3.org/2001/XMLSchema#float
http://www.georss.org/georss/point	"53.04833333333333 5.894444444444444"
http://dbpedia.org/ontology/thumbnail	http://commons.wikimedia.org/wiki/Special:FilePath/Map_NL_Boarnsterhim_Aldeboarn.png?width=300
http://dbpedia.org/ontology/wikiPageID	"16276896"^^http://www.w3.org/2001/XMLSchema#integer
http://www.w3.org/ns/prov#wasDerivedFrom	http://en.wikipedia.org/wiki/Aldeboarn?oldid=649589693
http://dbpedia.org/ontology/birthPlace	http://dbpedia.org/resource/Jorrit_Bergsma
http://xmlns.com/foaf/0.1/depiction	http://commons.wikimedia.org/wiki/Special:FilePath/Map_NL_Boarnsterhim_Aldeboarn.png
http://purl.org/linguistics/gold/hypernym	http://dbpedia.org/resource/Village
http://dbpedia.org/ontology/abstract	"Oldeboorn (Fries, officieel: Aldeboarn) is een dorp in de gemeente Heerenveen. Tot 1 januari 2014 maakte het deel uit van de opgeheven gemeente Boarnsterhim. Het dorp telt een kleine 1450 inwoners. Het dorp is gelegen aan de weerszijden van het riviertje de Boorne, niet ver van het Leppa Akwadukt, in de autosnelweg A32 tussen Heerenveen en Leeuwarden. Oldeboorn is vooral bekend door de jaarlijkse gondelvaart op de laatste vrijdag van Augustus."@nl
http://www.w3.org/2003/01/geo/wgs84_pos#geometry	"POINT(5.8944444656372 53.048332214355)"^^http://www.openlinksw.com/schemas/virtrdf#Geometry
http://www.w3.org/2000/01/rdf-schema#label	"Oldeboorn"@nl
http://dbpedia.org/property/mapsize	"280"^^http://www.w3.org/2001/XMLSchema#integer
http://www.w3.org/1999/02/22-rdf-syntax-ns#type	http://dbpedia.org/ontology/Settlement
