#---Properties and values from: http://dbpedia.org/resource/Kleč,_Semič
Property	Value
http://dbpedia.org/property/longew	"E"^^http://www.w3.org/1999/02/22-rdf-syntax-ns#langString
http://xmlns.com/foaf/0.1/name	"Kleč"@en
http://dbpedia.org/property/lats	"0.5999999999999999778"^^http://www.w3.org/2001/XMLSchema#decimal
http://dbpedia.org/ontology/wikiPageExternalLink	http://www.geopedia.si/Geopedia_en.html?params=L410_F10099994_T973_vF_b4_x503376.9525_y51584.554000000004_s14#T973_L1173_F41769_x510436_y54367_s14_b4
http://dbpedia.org/ontology/wikiPageRevisionID	"621076378"^^http://www.w3.org/2001/XMLSchema#integer
http://dbpedia.org/property/imagesize	"250"^^http://www.w3.org/2001/XMLSchema#integer
http://dbpedia.org/property/latm	"38"^^http://www.w3.org/2001/XMLSchema#integer
http://dbpedia.org/property/latns	"N"^^http://www.w3.org/1999/02/22-rdf-syntax-ns#langString
http://www.w3.org/2003/01/geo/wgs84_pos#long	"15.129099845886230469"^^http://www.w3.org/2001/XMLSchema#float
http://dbpedia.org/property/coordinatesRegion	"SI"^^http://www.w3.org/1999/02/22-rdf-syntax-ns#langString
http://dbpedia.org/property/pushpinLabelPosition	"top"^^http://www.w3.org/1999/02/22-rdf-syntax-ns#langString
http://xmlns.com/foaf/0.1/isPrimaryTopicOf	http://en.wikipedia.org/wiki/Kleč,_Semič
http://dbpedia.org/property/subdivisionType	"Traditional region"^^http://www.w3.org/1999/02/22-rdf-syntax-ns#langString
http://dbpedia.org/ontology/country	http://dbpedia.org/resource/Slovenia
http://dbpedia.org/property/longm	"7"^^http://www.w3.org/2001/XMLSchema#integer
http://dbpedia.org/property/populationTotal	"none"^^http://www.w3.org/1999/02/22-rdf-syntax-ns#langString
http://dbpedia.org/property/longs	"44.75999999999999801"^^http://www.w3.org/2001/XMLSchema#decimal
http://dbpedia.org/property/populationAsOf	"2002"^^http://www.w3.org/2001/XMLSchema#integer
http://purl.org/dc/terms/subject	http://dbpedia.org/resource/Category:Former_populated_places_in_the_Municipality_of_Semič
http://dbpedia.org/ontology/isPartOf	http://dbpedia.org/resource/Municipality_of_Semič
http://dbpedia.org/ontology/wikiPageDisambiguates	http://dbpedia.org/resource/Kleč
http://www.w3.org/2000/01/rdf-schema#comment	"Kleč (pronounced [ˈkleːtʃ]; in older sources also Kleče, German: Kletsch, also Kletsch bei Stockendorf) is a remote former settlement in the Municipality of Semič in southern Slovenia. The area is part of the traditional region of Lower Carniola and is now included in the Southeast Slovenia Statistical Region. Its territory is now part of the village of Planina."@en
http://dbpedia.org/property/longd	"15"^^http://www.w3.org/2001/XMLSchema#integer
http://xmlns.com/foaf/0.1/primaryTopic	http://en.wikipedia.org/wiki/Kleč,_Semič
http://dbpedia.org/ontology/wikiPageRedirects	http://dbpedia.org/resource/Klec,_Semic
http://www.w3.org/2002/07/owl#sameAs	http://dbpedia.org/resource/Kleč,_Semič
http://www.w3.org/2003/01/geo/wgs84_pos#lat	"45.6334991455078125"^^http://www.w3.org/2001/XMLSchema#float
http://www.georss.org/georss/point	"45.6335 15.1291"
http://dbpedia.org/ontology/thumbnail	http://commons.wikimedia.org/wiki/Special:FilePath/Flag_of_Slovenia.svg?width=300
http://dbpedia.org/ontology/wikiPageID	"36632612"^^http://www.w3.org/2001/XMLSchema#integer
http://dbpedia.org/ontology/elevation	"635.70000000000004547"^^http://www.w3.org/2001/XMLSchema#decimal
http://www.w3.org/ns/prov#wasDerivedFrom	http://en.wikipedia.org/wiki/Kleč,_Semič?oldid=621076378
http://dbpedia.org/property/coordinatesDisplay	"inline,title"^^http://www.w3.org/1999/02/22-rdf-syntax-ns#langString
http://dbpedia.org/property/pushpinMap	"Slovenia"^^http://www.w3.org/1999/02/22-rdf-syntax-ns#langString
http://dbpedia.org/property/populationBlank2Title	"Religions"^^http://www.w3.org/1999/02/22-rdf-syntax-ns#langString
http://dbpedia.org/property/populationBlank1Title	"Ethnicities"^^http://www.w3.org/1999/02/22-rdf-syntax-ns#langString
http://xmlns.com/foaf/0.1/depiction	http://commons.wikimedia.org/wiki/Special:FilePath/Flag_of_Slovenia.svg
http://purl.org/linguistics/gold/hypernym	http://dbpedia.org/resource/Settlement
http://dbpedia.org/property/latd	"45"^^http://www.w3.org/2001/XMLSchema#integer
http://dbpedia.org/ontology/abstract	"Kleč (pronounced [ˈkleːtʃ]; in older sources also Kleče, German: Kletsch, also Kletsch bei Stockendorf) is a remote former settlement in the Municipality of Semič in southern Slovenia. The area is part of the traditional region of Lower Carniola and is now included in the Southeast Slovenia Statistical Region. Its territory is now part of the village of Planina."@en
http://dbpedia.org/property/pushpinMapCaption	"Location in Slovenia"^^http://www.w3.org/1999/02/22-rdf-syntax-ns#langString
http://www.w3.org/2003/01/geo/wgs84_pos#geometry	"POINT(15.129099845886 45.633499145508)"^^http://www.openlinksw.com/schemas/virtrdf#Geometry
http://www.w3.org/2000/01/rdf-schema#label	"Kleč, Semič"@en
http://www.w3.org/1999/02/22-rdf-syntax-ns#type	http://www.wikidata.org/entity/Q486972
