#---Properties and values from: http://dbpedia.org/resource/Feira_(Santa_Maria_da_Feira)
Property	Value
http://dbpedia.org/property/populationDensity	"auto"^^http://www.w3.org/1999/02/22-rdf-syntax-ns#langString
http://dbpedia.org/ontology/wikiPageExternalLink	http://www.terrasdafeira.pt
http://dbpedia.org/property/officialName	"Feira"^^http://www.w3.org/1999/02/22-rdf-syntax-ns#langString
http://dbpedia.org/ontology/wikiPageRevisionID	"742541293"^^http://www.w3.org/2001/XMLSchema#integer
http://dbpedia.org/property/wordnet_type	http://www.w3.org/2006/03/wn/wn20/instances/synset-municipality-noun-2
http://www.w3.org/2003/01/geo/wgs84_pos#long	"-8.5520000457763671875"^^http://www.w3.org/2001/XMLSchema#float
http://xmlns.com/foaf/0.1/isPrimaryTopicOf	http://en.wikipedia.org/wiki/Feira_(Santa_Maria_da_Feira)
http://dbpedia.org/property/municipality	http://dbpedia.org/resource/Santa_Maria_da_Feira_Municipality
http://dbpedia.org/property/location	http://dbpedia.org/resource/2011–12_FC_Porto_season
http://dbpedia.org/ontology/country	http://dbpedia.org/resource/Portugal
http://dbpedia.org/property/populationTotal	"11040"^^http://www.w3.org/2001/XMLSchema#integer
http://dbpedia.org/property/populationAsOf	"2001"^^http://www.w3.org/2001/XMLSchema#integer
http://dbpedia.org/property/stadium	http://dbpedia.org/resource/2012–13_Taça_de_Portugal
http://purl.org/dc/terms/subject	http://dbpedia.org/resource/Category:Former_parishes_of_Santa_Maria_da_Feira
http://www.w3.org/2000/01/rdf-schema#comment	"Фейра (порт. Feira) — район (фрегезия) в Португалии, входит в округ Авейру. Является составной частью муниципалитета Санта-Мария-да-Фейра. Находится в составе крупной городской агломерации Большой Порту. По старому административному делению входил в провинцию Дору-Литорал. Входит в экономико-статистический субрегион Энтре-Доуру-и-Воуга, который входит в Северный регион. Население составляет 11 040 человек. Занимает площадь 8,40 км²."@ru
http://dbpedia.org/property/imageShield	"VFR1.png"^^http://www.w3.org/1999/02/22-rdf-syntax-ns#langString
http://xmlns.com/foaf/0.1/primaryTopic	http://en.wikipedia.org/wiki/Feira_(Santa_Maria_da_Feira)
http://dbpedia.org/property/dissolved	"2013"^^http://www.w3.org/2001/XMLSchema#integer
http://dbpedia.org/ontology/wikiPageRedirects	http://dbpedia.org/resource/Santa_Maria_da_Feira,_Portugal
http://www.w3.org/2002/07/owl#sameAs	http://www.wikidata.org/entity/Q2015920
http://www.w3.org/2003/01/geo/wgs84_pos#lat	"40.93000030517578125"^^http://www.w3.org/2001/XMLSchema#float
http://www.georss.org/georss/point	"40.93 -8.552"
http://dbpedia.org/ontology/thumbnail	http://commons.wikimedia.org/wiki/Special:FilePath/VFR1.png?width=300
http://dbpedia.org/property/areaTotal	"8.4000000000000003553"^^http://www.w3.org/2001/XMLSchema#decimal
http://dbpedia.org/ontology/wikiPageID	"5811354"^^http://www.w3.org/2001/XMLSchema#integer
http://dbpedia.org/ontology/location	http://dbpedia.org/resource/Castle_of_Santa_Maria_da_Feira
http://dbpedia.org/ontology/birthPlace	http://dbpedia.org/resource/Romeu_Almeida
http://www.w3.org/ns/prov#wasDerivedFrom	http://en.wikipedia.org/wiki/Feira_(Santa_Maria_da_Feira)?oldid=742541293
http://xmlns.com/foaf/0.1/depiction	http://commons.wikimedia.org/wiki/Special:FilePath/VFR1.png
http://purl.org/linguistics/gold/hypernym	http://dbpedia.org/resource/Parish
http://dbpedia.org/ontology/abstract	"Фейра (порт. Feira) — район (фрегезия) в Португалии, входит в округ Авейру. Является составной частью муниципалитета Санта-Мария-да-Фейра. Находится в составе крупной городской агломерации Большой Порту. По старому административному делению входил в провинцию Дору-Литорал. Входит в экономико-статистический субрегион Энтре-Доуру-и-Воуга, который входит в Северный регион. Население составляет 11 040 человек. Занимает площадь 8,40 км²."@ru
http://www.w3.org/2003/01/geo/wgs84_pos#geometry	"POINT(-8.5520000457764 40.930000305176)"^^http://www.openlinksw.com/schemas/virtrdf#Geometry
http://www.w3.org/2000/01/rdf-schema#label	"فييرا"@ar
http://www.w3.org/1999/02/22-rdf-syntax-ns#type	http://dbpedia.org/class/yago/Region108630985
