#---Properties and values from: http://dbpedia.org/resource/Sítio_d'Abadia
Property	Value
http://dbpedia.org/property/lats	"14"^^http://www.w3.org/2001/XMLSchema#integer
http://dbpedia.org/ontology/wikiPageExternalLink	http://www.viaecologica.com.br/ecoguias/terraronca/ecopontos/cachoeiras/dabadia.htm
http://dbpedia.org/ontology/wikiPageRevisionID	"721570966"^^http://www.w3.org/2001/XMLSchema#integer
http://dbpedia.org/property/latm	"48"^^http://www.w3.org/2001/XMLSchema#integer
http://dbpedia.org/property/latns	"S"^^http://www.w3.org/1999/02/22-rdf-syntax-ns#langString
http://dbpedia.org/property/imageMap	"Goias Municip SitiodAbadia.svg"^^http://www.w3.org/1999/02/22-rdf-syntax-ns#langString
http://xmlns.com/foaf/0.1/isPrimaryTopicOf	http://en.wikipedia.org/wiki/Sítio_d'Abadia
http://dbpedia.org/property/microregion	http://dbpedia.org/resource/Vão_do_Paranã
http://dbpedia.org/property/longm	"15"^^http://www.w3.org/2001/XMLSchema#integer
http://dbpedia.org/property/populationTotal	"3251"^^http://www.w3.org/2001/XMLSchema#integer
http://dbpedia.org/property/longs	"1"^^http://www.w3.org/2001/XMLSchema#integer
http://dbpedia.org/property/populationAsOf	"2007"^^http://www.w3.org/2001/XMLSchema#integer
http://purl.org/dc/terms/subject	http://dbpedia.org/resource/Category:Municipalities_in_Goiás
http://dbpedia.org/property/elevation	"748"^^http://www.w3.org/2001/XMLSchema#integer
http://dbpedia.org/property/state	"GO"^^http://www.w3.org/1999/02/22-rdf-syntax-ns#langString
http://www.w3.org/2000/01/rdf-schema#comment	"Ситиу-д’Абадия (порт. Sítio d'Abadia) — муниципалитет в Бразилии, входит в штат Гояс. Составная часть мезорегиона Восток штата Гойяс. Входит в экономико-статистический микрорегион Ван-ду-Паранан. Население составляет 2631 человек на 2006 год. Занимает площадь 1 598,337 км². Плотность населения — 1,6 чел./км²."@ru
http://dbpedia.org/property/longd	"46"^^http://www.w3.org/2001/XMLSchema#integer
http://xmlns.com/foaf/0.1/primaryTopic	http://en.wikipedia.org/wiki/Sítio_d'Abadia
http://www.w3.org/2002/07/owl#sameAs	http://nl.dbpedia.org/resource/Sítio_d'Abadia
http://dbpedia.org/ontology/wikiPageRedirects	http://dbpedia.org/resource/Sitio_d'Abadia
http://dbpedia.org/ontology/thumbnail	http://commons.wikimedia.org/wiki/Special:FilePath/Goias_Municip_SitiodAbadia.svg?width=300
http://dbpedia.org/ontology/wikiPageID	"4274170"^^http://www.w3.org/2001/XMLSchema#integer
http://dbpedia.org/property/areaTotal	"1598.2999999999999545"^^http://www.w3.org/2001/XMLSchema#decimal
http://www.w3.org/ns/prov#wasDerivedFrom	http://en.wikipedia.org/wiki/Sítio_d'Abadia?oldid=721570966
http://dbpedia.org/property/name	"Sítio d'Abadia"^^http://www.w3.org/1999/02/22-rdf-syntax-ns#langString
http://xmlns.com/foaf/0.1/depiction	http://commons.wikimedia.org/wiki/Special:FilePath/Goias_Municip_SitiodAbadia.svg
http://purl.org/linguistics/gold/hypernym	http://dbpedia.org/resource/Municipality
http://dbpedia.org/property/latd	"14"^^http://www.w3.org/2001/XMLSchema#integer
http://dbpedia.org/property/postalCode	"73990"^^http://www.w3.org/2001/XMLSchema#integer
http://dbpedia.org/ontology/abstract	"Ситиу-д’Абадия (порт. Sítio d'Abadia) — муниципалитет в Бразилии, входит в штат Гояс. Составная часть мезорегиона Восток штата Гойяс. Входит в экономико-статистический микрорегион Ван-ду-Паранан. Население составляет 2631 человек на 2006 год. Занимает площадь 1 598,337 км². Плотность населения — 1,6 чел./км²."@ru
http://www.w3.org/2000/01/rdf-schema#label	"Ситиу-д’Абадия"@ru
http://www.w3.org/1999/02/22-rdf-syntax-ns#type	http://dbpedia.org/class/yago/Tract108673395
