#---Properties and values from: http://dbpedia.org/resource/Atouguia_da_Baleia
Property	Value
http://dbpedia.org/property/officialName	"Atouguia da Baleia"^^http://www.w3.org/1999/02/22-rdf-syntax-ns#langString
http://dbpedia.org/ontology/wikiPageRevisionID	"729931357"^^http://www.w3.org/2001/XMLSchema#integer
http://xmlns.com/foaf/0.1/isPrimaryTopicOf	http://en.wikipedia.org/wiki/Atouguia_da_Baleia
http://dbpedia.org/property/municipality	http://dbpedia.org/resource/Peniche,_Portugal
http://dbpedia.org/ontology/country	http://dbpedia.org/resource/Portugal
http://dbpedia.org/property/populationTotal	"8954"^^http://www.w3.org/2001/XMLSchema#integer
http://dbpedia.org/property/populationAsOf	"2011"^^http://www.w3.org/2001/XMLSchema#integer
http://purl.org/dc/terms/subject	http://dbpedia.org/resource/Category:Parishes_of_Peniche,_Portugal
http://www.w3.org/2000/01/rdf-schema#comment	"Atouguia da Baleia es una freguesia portuguesa del concelho de Peniche, con 46,04 km² de superficie y habitantes (2001). Su densidad de población es de 173,5 hab/km²."@es
http://dbpedia.org/property/cim	http://dbpedia.org/resource/Oeste_(intermunicipal_community)
http://dbpedia.org/property/longd	"-9.3249999999999992895"^^http://www.w3.org/2001/XMLSchema#decimal
http://xmlns.com/foaf/0.1/primaryTopic	http://en.wikipedia.org/wiki/Atouguia_da_Baleia
http://www.w3.org/2002/07/owl#sameAs	http://sws.geonames.org/8014215/
http://dbpedia.org/ontology/wikiPageRedirects	http://dbpedia.org/resource/Atouguia_da_baleia
http://dbpedia.org/ontology/thumbnail	http://commons.wikimedia.org/wiki/Special:FilePath/Pt-pniab1.png?width=300
http://dbpedia.org/property/areaTotal	"47.020000000000003126"^^http://www.w3.org/2001/XMLSchema#decimal
http://dbpedia.org/ontology/wikiPageID	"1640092"^^http://www.w3.org/2001/XMLSchema#integer
http://dbpedia.org/ontology/location	http://dbpedia.org/resource/Castle_of_Atouguia_da_Baleia
http://www.w3.org/ns/prov#wasDerivedFrom	http://en.wikipedia.org/wiki/Atouguia_da_Baleia?oldid=729931357
http://dbpedia.org/property/district	http://dbpedia.org/resource/Leiria_District
http://xmlns.com/foaf/0.1/depiction	http://commons.wikimedia.org/wiki/Special:FilePath/Pt-pniab1.png
http://purl.org/linguistics/gold/hypernym	http://dbpedia.org/resource/Parish
http://dbpedia.org/property/latd	"39.337000000000003297"^^http://www.w3.org/2001/XMLSchema#decimal
http://dbpedia.org/property/subregion	http://dbpedia.org/resource/Oeste_Subregion
http://dbpedia.org/ontology/abstract	"Atouguia da Baleia is a parish in the municipality of Peniche, in Portugal. The population in 2011 was 8,954, in an area of 47.02 km². The village of Atouguia da Baleia proper has almost 2,000 residents."@en
http://dbpedia.org/property/imageFlag	"Pt-pniab1.png"^^http://www.w3.org/1999/02/22-rdf-syntax-ns#langString
http://www.w3.org/2000/01/rdf-schema#label	"Atouguia da Baleia"@es
http://www.w3.org/1999/02/22-rdf-syntax-ns#type	http://dbpedia.org/class/yago/Tract108673395
http://dbpedia.org/property/region	http://dbpedia.org/resource/Centro_Region,_Portugal
