#---Properties and values from: http://dbpedia.org/resource/Matrouh_Governorate
Property	Value
http://dbpedia.org/ontology/wikiPageExternalLink	http://www.matrouh.gov.eg/
http://dbpedia.org/property/populationDensityKm	"auto"^^http://www.w3.org/1999/02/22-rdf-syntax-ns#langString
http://dbpedia.org/ontology/wikiPageRevisionID	"744876482"^^http://www.w3.org/2001/XMLSchema#integer
http://dbpedia.org/property/mapCaption	"Matrouh Governorate on the map of Egypt"^^http://www.w3.org/1999/02/22-rdf-syntax-ns#langString
http://dbpedia.org/property/settlementType	http://dbpedia.org/resource/Governorate_of_Egypt
http://dbpedia.org/property/website	http://www.matrouh.gov.eg/
http://dbpedia.org/property/coordinatesRegion	"EG"^^http://www.w3.org/1999/02/22-rdf-syntax-ns#langString
http://dbpedia.org/property/imageMap	"Matruh in Egypt .svg"^^http://www.w3.org/1999/02/22-rdf-syntax-ns#langString
http://dbpedia.org/property/timeZone	"true"^^http://www.w3.org/1999/02/22-rdf-syntax-ns#langString
http://xmlns.com/foaf/0.1/isPrimaryTopicOf	http://en.wikipedia.org/wiki/Matrouh_Governorate
http://dbpedia.org/property/subdivisionType	"Country"^^http://www.w3.org/1999/02/22-rdf-syntax-ns#langString
http://dbpedia.org/property/populationTotal	"427573"^^http://www.w3.org/2001/XMLSchema#integer
http://dbpedia.org/property/populationAsOf	"2014"^^http://www.w3.org/2001/XMLSchema#integer
http://purl.org/dc/terms/subject	http://dbpedia.org/resource/Category:Matrouh_Governorate
http://dbpedia.org/ontology/isPartOf	http://dbpedia.org/resource/El_Hamam
http://www.w3.org/2000/01/rdf-schema#comment	"Matruh (Arabisch: مطروح) is een van de 29 gouvernementen van Egypte. Het ligt aan de kust in het noordwesten van het land. In het westen grenst het gouvernement aan buurland Libië. Met een gebied dat meer dan 210.000 vierkante kilometer beslaat is Matruh op Al Wadi al Jadid na het meest uitgestrekte gouvernement van Egypte. Eind 2006 telde het ruim 320.000 inwoners, of anderhalve inwoner per vierkante kilometer. De hoofdstad van het gouvernement is Marsa Matruh."@nl
http://dbpedia.org/property/leaderTitle	"Governor"^^http://www.w3.org/1999/02/22-rdf-syntax-ns#langString
http://dbpedia.org/property/utcOffsetDst	"true"^^http://www.w3.org/1999/02/22-rdf-syntax-ns#langString
http://dbpedia.org/property/longd	"27.149999999999998579"^^http://www.w3.org/2001/XMLSchema#decimal
http://xmlns.com/foaf/0.1/primaryTopic	http://en.wikipedia.org/wiki/Matrouh_Governorate
http://www.w3.org/2002/07/owl#sameAs	http://fr.dbpedia.org/resource/Gouvernorat_de_Marsa-Matruh
http://dbpedia.org/ontology/wikiPageRedirects	http://dbpedia.org/resource/Maţrūḩ_Governorate
http://dbpedia.org/ontology/thumbnail	http://commons.wikimedia.org/wiki/Special:FilePath/Matrouh_Governorate-logo.PNG?width=300
http://dbpedia.org/property/flagSize	"120"^^http://www.w3.org/2001/XMLSchema#integer
http://dbpedia.org/ontology/wikiPageID	"468822"^^http://www.w3.org/2001/XMLSchema#integer
http://dbpedia.org/property/capital	http://dbpedia.org/resource/Mersa_Matruh
http://www.w3.org/ns/prov#wasDerivedFrom	http://en.wikipedia.org/wiki/Matrouh_Governorate?oldid=744876482
http://dbpedia.org/property/leaderName	"Alaa Fathy Abo Zaid"^^http://www.w3.org/1999/02/22-rdf-syntax-ns#langString
http://dbpedia.org/property/area	"212112"^^http://www.w3.org/2001/XMLSchema#integer
http://dbpedia.org/property/coordinatesDisplay	"inline,title"^^http://www.w3.org/1999/02/22-rdf-syntax-ns#langString
http://dbpedia.org/property/name	"Matrouh Governorate"^^http://www.w3.org/1999/02/22-rdf-syntax-ns#langString
http://xmlns.com/foaf/0.1/depiction	http://commons.wikimedia.org/wiki/Special:FilePath/Matrouh_Governorate-logo.PNG
http://purl.org/linguistics/gold/hypernym	http://dbpedia.org/resource/Governorates
http://dbpedia.org/property/latd	"29.820000000000000284"^^http://www.w3.org/2001/XMLSchema#decimal
http://dbpedia.org/property/utcOffset	"true"^^http://www.w3.org/1999/02/22-rdf-syntax-ns#langString
http://dbpedia.org/ontology/abstract	"マトルーフ県（マトルーフけん、アラビア語: محافظة مطروح‎、Matruh Governorate）は、エジプトの県。面積212,112km²、人口427,573人(2014年)。県都はマルサ・マトルーフ。"@ja
http://dbpedia.org/property/imageFlag	"Matrouh Governorate-logo.PNG"^^http://www.w3.org/1999/02/22-rdf-syntax-ns#langString
http://www.w3.org/2000/01/rdf-schema#label	"Матрух (мухафаза)"@ru
http://dbpedia.org/property/subdivisionName	http://dbpedia.org/resource/Egypt
http://xmlns.com/foaf/0.1/homepage	http://www.matrouh.gov.eg/
http://www.w3.org/1999/02/22-rdf-syntax-ns#type	http://dbpedia.org/class/yago/PhysicalEntity100001930
http://dbpedia.org/property/timeZoneDst	"true"^^http://www.w3.org/1999/02/22-rdf-syntax-ns#langString
