#---Properties and values from: http://dbpedia.org/resource/Feanwâlden
Property	Value
http://xmlns.com/foaf/0.1/name	"Feanwâlden"@en
http://dbpedia.org/ontology/wikiPageRevisionID	"649752402"^^http://www.w3.org/2001/XMLSchema#integer
http://dbpedia.org/property/settlementType	"Village"^^http://www.w3.org/1999/02/22-rdf-syntax-ns#langString
http://www.w3.org/2003/01/geo/wgs84_pos#long	"5.9852776527404785156"^^http://www.w3.org/2001/XMLSchema#float
http://dbpedia.org/property/imageMap	"Map NL Dantumadiel Feanwâlden.png"^^http://www.w3.org/1999/02/22-rdf-syntax-ns#langString
http://xmlns.com/foaf/0.1/isPrimaryTopicOf	http://en.wikipedia.org/wiki/Feanwâlden
http://dbpedia.org/property/subdivisionType	"Country"^^http://www.w3.org/1999/02/22-rdf-syntax-ns#langString
http://dbpedia.org/ontology/country	http://dbpedia.org/resource/Netherlands
http://dbpedia.org/property/populationTotal	"c. 3500"^^http://www.w3.org/1999/02/22-rdf-syntax-ns#langString
http://purl.org/dc/terms/subject	http://dbpedia.org/resource/Category:Populated_places_in_Friesland
http://dbpedia.org/ontology/isPartOf	http://dbpedia.org/resource/Friesland
http://www.w3.org/2000/01/rdf-schema#comment	"Veenwouden (officieel, Fries: Feanwâlden) is een dorp in de gemeente Dantumadeel in de Nederlandse provincie Friesland. Het dorp telt 3521 inwoners (1 jan. 2014). Veenwouden ligt op geringe afstand van de steden Leeuwarden, Drachten en Dokkum. Tezamen met Veenwoudsterwal vormt Veenwouden een dorpsgemeenschap. Tevens behoren de buurtschappen Buitenveld, Kuikhorne en Heidstreek tot het dorp. Sinds 2009 is de Friese naam de officiële. Waar voorheen op de plaats- en straatnaamborden zowel de Friese als de Nederlandse namen werden vermeld, worden tegenwoordig alleen nog de officiële Friese namen vermeld."@nl
http://xmlns.com/foaf/0.1/primaryTopic	http://en.wikipedia.org/wiki/Feanwâlden
http://dbpedia.org/ontology/wikiPageRedirects	http://dbpedia.org/resource/Feanwalden
http://www.w3.org/2002/07/owl#sameAs	http://fr.dbpedia.org/resource/Feanwâlden
http://www.w3.org/2003/01/geo/wgs84_pos#lat	"53.23722076416015625"^^http://www.w3.org/2001/XMLSchema#float
http://www.georss.org/georss/point	"53.23722222222222 5.985277777777778"
http://dbpedia.org/ontology/thumbnail	http://commons.wikimedia.org/wiki/Special:FilePath/Map_NL_Dantumadiel_Feanwâlden.png?width=300
http://dbpedia.org/ontology/wikiPageID	"16551177"^^http://www.w3.org/2001/XMLSchema#integer
http://dbpedia.org/ontology/location	http://dbpedia.org/resource/Skierstins
http://www.w3.org/ns/prov#wasDerivedFrom	http://en.wikipedia.org/wiki/Feanwâlden?oldid=649752402
http://dbpedia.org/ontology/birthPlace	http://dbpedia.org/resource/Theun_de_Vries
http://xmlns.com/foaf/0.1/depiction	http://commons.wikimedia.org/wiki/Special:FilePath/Map_NL_Dantumadiel_Feanwâlden.png
http://purl.org/linguistics/gold/hypernym	http://dbpedia.org/resource/Village
http://dbpedia.org/ontology/abstract	"Feanwâlden est un village situé dans la commune néerlandaise de Dantumadiel, dans la province de la Frise. Son nom en néerlandais est Veenwouden. Le 1er janvier 2014, le village comptait 3 521 habitants. 
* Portail des Pays-Bas Portail des Pays-Bas"@fr
http://www.w3.org/2003/01/geo/wgs84_pos#geometry	"POINT(5.9852776527405 53.23722076416)"^^http://www.openlinksw.com/schemas/virtrdf#Geometry
http://www.w3.org/2000/01/rdf-schema#label	"Feanwâlden"@fr
http://dbpedia.org/property/mapsize	"280"^^http://www.w3.org/2001/XMLSchema#integer
http://www.w3.org/1999/02/22-rdf-syntax-ns#type	http://dbpedia.org/class/yago/YagoGeoEntity
