#---Properties and values from: http://dbpedia.org/resource/Itapirapuã_Paulista
Property	Value
http://dbpedia.org/property/lats	"26"^^http://www.w3.org/2001/XMLSchema#integer
http://dbpedia.org/ontology/wikiPageRevisionID	"720290371"^^http://www.w3.org/2001/XMLSchema#integer
http://dbpedia.org/property/latm	"34"^^http://www.w3.org/2001/XMLSchema#integer
http://dbpedia.org/property/latns	"S"^^http://www.w3.org/1999/02/22-rdf-syntax-ns#langString
http://dbpedia.org/property/imageMap	"SaoPaulo Municip ItapirapuaPaulista.svg"^^http://www.w3.org/1999/02/22-rdf-syntax-ns#langString
http://xmlns.com/foaf/0.1/isPrimaryTopicOf	http://en.wikipedia.org/wiki/Itapirapuã_Paulista
http://dbpedia.org/property/longm	"17"^^http://www.w3.org/2001/XMLSchema#integer
http://dbpedia.org/property/populationTotal	"4135"^^http://www.w3.org/2001/XMLSchema#integer
http://dbpedia.org/property/populationAsOf	"2015"^^http://www.w3.org/2001/XMLSchema#integer
http://dbpedia.org/property/longs	"49"^^http://www.w3.org/2001/XMLSchema#integer
http://purl.org/dc/terms/subject	http://dbpedia.org/resource/Category:Municipalities_in_São_Paulo_(state)
http://dbpedia.org/property/state	"SP"^^http://www.w3.org/1999/02/22-rdf-syntax-ns#langString
http://www.w3.org/2000/01/rdf-schema#comment	"Itapirapuã Paulista is een gemeente in de Braziliaanse deelstaat São Paulo. De gemeente telt 3.919 inwoners (schatting 2009). De gemeente grenst aan Ribeira, Barra do Chapéu, Sengés, Doutor Ulisses en Cerro Azul."@nl
http://dbpedia.org/property/longd	"49"^^http://www.w3.org/2001/XMLSchema#integer
http://xmlns.com/foaf/0.1/primaryTopic	http://en.wikipedia.org/wiki/Itapirapuã_Paulista
http://www.w3.org/2002/07/owl#sameAs	http://yago-knowledge.org/resource/Itapirapuã_Paulista
http://dbpedia.org/ontology/wikiPageRedirects	http://dbpedia.org/resource/Itapirapua_Paulista
http://dbpedia.org/ontology/thumbnail	http://commons.wikimedia.org/wiki/Special:FilePath/SaoPaulo_Municip_ItapirapuaPaulista.svg?width=300
http://dbpedia.org/property/areaTotal	"406"^^http://www.w3.org/2001/XMLSchema#integer
http://dbpedia.org/ontology/wikiPageID	"1044553"^^http://www.w3.org/2001/XMLSchema#integer
http://www.w3.org/ns/prov#wasDerivedFrom	http://en.wikipedia.org/wiki/Itapirapuã_Paulista?oldid=720290371
http://xmlns.com/foaf/0.1/depiction	http://commons.wikimedia.org/wiki/Special:FilePath/SaoPaulo_Municip_ItapirapuaPaulista.svg
http://purl.org/linguistics/gold/hypernym	http://dbpedia.org/resource/Municipality
http://dbpedia.org/property/latd	"24"^^http://www.w3.org/2001/XMLSchema#integer
http://dbpedia.org/ontology/abstract	"Itapirapuã Paulista é um município brasileiro do estado de São Paulo."@pt
http://www.w3.org/2000/01/rdf-schema#label	"Итапирапуан-Паулиста"@ru
http://www.w3.org/1999/02/22-rdf-syntax-ns#type	http://dbpedia.org/class/yago/PhysicalEntity100001930
