#---Properties and values from: http://dbpedia.org/resource/Pinto_Bandeira
Property	Value
http://www.w3.org/2002/07/owl#sameAs	http://pt.dbpedia.org/resource/Pinto_Bandeira
http://dbpedia.org/property/lats	"52"^^http://www.w3.org/2001/XMLSchema#integer
http://dbpedia.org/ontology/wikiPageRevisionID	"722721827"^^http://www.w3.org/2001/XMLSchema#integer
http://dbpedia.org/ontology/wikiPageID	"50669352"^^http://www.w3.org/2001/XMLSchema#integer
http://dbpedia.org/property/areaTotal	"105"^^http://www.w3.org/2001/XMLSchema#integer
http://dbpedia.org/property/latm	"5"^^http://www.w3.org/2001/XMLSchema#integer
http://dbpedia.org/property/latns	"S"^^http://www.w3.org/1999/02/22-rdf-syntax-ns#langString
http://www.w3.org/ns/prov#wasDerivedFrom	http://en.wikipedia.org/wiki/Pinto_Bandeira?oldid=722721827
http://dbpedia.org/property/name	"Pinto Bandeira"^^http://www.w3.org/1999/02/22-rdf-syntax-ns#langString
http://xmlns.com/foaf/0.1/isPrimaryTopicOf	http://en.wikipedia.org/wiki/Pinto_Bandeira
http://dbpedia.org/property/latd	"29"^^http://www.w3.org/2001/XMLSchema#integer
http://dbpedia.org/property/longm	"27"^^http://www.w3.org/2001/XMLSchema#integer
http://dbpedia.org/property/populationTotal	"2824"^^http://www.w3.org/2001/XMLSchema#integer
http://dbpedia.org/property/longs	"1"^^http://www.w3.org/2001/XMLSchema#integer
http://dbpedia.org/property/populationAsOf	"2015"^^http://www.w3.org/2001/XMLSchema#integer
http://purl.org/dc/terms/subject	http://dbpedia.org/resource/Category:Municipalities_in_Rio_Grande_do_Sul
http://dbpedia.org/property/state	"RS"^^http://www.w3.org/1999/02/22-rdf-syntax-ns#langString
http://dbpedia.org/ontology/abstract	"Pinto Bandeira è un comune del Brasile nello Stato del Rio Grande do Sul, parte della mesoregione del Nordeste Rio-Grandense e della microregione di Caxias do Sul. La data ufficiale di fondazione della città è il 1º gennaio 2013, data in cui la città venne emancipata dal comune di Bento Gonçalves."@it
http://www.w3.org/2000/01/rdf-schema#comment	"Pinto Bandeira è un comune del Brasile nello Stato del Rio Grande do Sul, parte della mesoregione del Nordeste Rio-Grandense e della microregione di Caxias do Sul. La data ufficiale di fondazione della città è il 1º gennaio 2013, data in cui la città venne emancipata dal comune di Bento Gonçalves."@it
http://www.w3.org/2000/01/rdf-schema#label	"Pinto Bandeira"@en
http://dbpedia.org/property/longd	"51"^^http://www.w3.org/2001/XMLSchema#integer
http://xmlns.com/foaf/0.1/primaryTopic	http://en.wikipedia.org/wiki/Pinto_Bandeira
