#---Properties and values from: http://dbpedia.org/resource/Arcas_(Macedo_de_Cavaleiros)
Property	Value
http://dbpedia.org/ontology/wikiPageExternalLink	http://arcas.jfreguesia.com/
http://dbpedia.org/property/officialName	"Arcas"^^http://www.w3.org/1999/02/22-rdf-syntax-ns#langString
http://dbpedia.org/ontology/wikiPageRevisionID	"744738886"^^http://www.w3.org/2001/XMLSchema#integer
http://dbpedia.org/property/areaCode	"278"^^http://www.w3.org/2001/XMLSchema#integer
http://xmlns.com/foaf/0.1/isPrimaryTopicOf	http://en.wikipedia.org/wiki/Arcas_(Macedo_de_Cavaleiros)
http://dbpedia.org/property/municipality	http://dbpedia.org/resource/Macedo_de_Cavaleiros
http://dbpedia.org/ontology/country	http://dbpedia.org/resource/Portugal
http://dbpedia.org/property/populationTotal	"262"^^http://www.w3.org/2001/XMLSchema#integer
http://dbpedia.org/property/populationAsOf	"2011"^^http://www.w3.org/2001/XMLSchema#integer
http://purl.org/dc/terms/subject	http://dbpedia.org/resource/Category:Parishes_of_Macedo_de_Cavaleiros
http://dbpedia.org/ontology/wikiPageDisambiguates	http://dbpedia.org/resource/Arcas_(disambiguation)
http://www.w3.org/2000/01/rdf-schema#comment	"Arcas is een plaats (freguesia) in de Portugese gemeente Macedo de Cavaleiros en telt 389 inwoners (2001)."@nl
http://dbpedia.org/property/cim	http://dbpedia.org/resource/Terras_de_Trás-os-Montes
http://dbpedia.org/property/longd	"-7.0350000000000001421"^^http://www.w3.org/2001/XMLSchema#decimal
http://xmlns.com/foaf/0.1/primaryTopic	http://en.wikipedia.org/wiki/Arcas_(Macedo_de_Cavaleiros)
http://dbpedia.org/ontology/wikiPageRedirects	http://dbpedia.org/resource/Arcas,_Portugal
http://www.w3.org/2002/07/owl#sameAs	http://wikidata.dbpedia.org/resource/Q631728
http://dbpedia.org/ontology/postalCode	"5340"
http://dbpedia.org/ontology/elevation	"433.0"^^http://www.w3.org/2001/XMLSchema#decimal
http://dbpedia.org/property/areaTotal	"23.010000000000001563"^^http://www.w3.org/2001/XMLSchema#decimal
http://dbpedia.org/ontology/wikiPageID	"2945173"^^http://www.w3.org/2001/XMLSchema#integer
http://www.w3.org/ns/prov#wasDerivedFrom	http://en.wikipedia.org/wiki/Arcas_(Macedo_de_Cavaleiros)?oldid=744738886
http://dbpedia.org/property/district	http://dbpedia.org/resource/Bragança_District
http://purl.org/linguistics/gold/hypernym	http://dbpedia.org/resource/Parish
http://dbpedia.org/property/latd	"41.646000000000000796"^^http://www.w3.org/2001/XMLSchema#decimal
http://dbpedia.org/property/subregion	http://dbpedia.org/resource/Alto_Trás-os-Montes
http://dbpedia.org/ontology/abstract	"阿尔卡什 (马塞杜-迪卡瓦莱鲁什)（葡萄牙语：Arcas (Macedo de Cavaleiros)）是葡萄牙布拉干萨区的一个堂区。总面积23.12平方公里，总人口389人，人口密度16.8人/平方公里。"@zh
http://www.w3.org/2000/01/rdf-schema#label	"Arcas (Macedo de Cavaleiros)"@nl
http://xmlns.com/foaf/0.1/homepage	http://arcas.jfreguesia.com/
http://www.w3.org/1999/02/22-rdf-syntax-ns#type	http://dbpedia.org/class/yago/GeographicalArea108574314
http://dbpedia.org/property/region	http://dbpedia.org/resource/Norte_Region,_Portugal
