#---Properties and values from: http://dbpedia.org/resource/Arapoema
Property	Value
http://dbpedia.org/property/lats	"28"^^http://www.w3.org/2001/XMLSchema#integer
http://dbpedia.org/ontology/wikiPageRevisionID	"725384276"^^http://www.w3.org/2001/XMLSchema#integer
http://dbpedia.org/property/latm	"39"^^http://www.w3.org/2001/XMLSchema#integer
http://dbpedia.org/property/latns	"S"^^http://www.w3.org/1999/02/22-rdf-syntax-ns#langString
http://dbpedia.org/property/imageMap	"Tocantins Municip Arapoema.svg"^^http://www.w3.org/1999/02/22-rdf-syntax-ns#langString
http://xmlns.com/foaf/0.1/isPrimaryTopicOf	http://en.wikipedia.org/wiki/Arapoema
http://dbpedia.org/property/longm	"3"^^http://www.w3.org/2001/XMLSchema#integer
http://dbpedia.org/property/populationTotal	"6799"^^http://www.w3.org/2001/XMLSchema#integer
http://dbpedia.org/property/populationAsOf	"2015"^^http://www.w3.org/2001/XMLSchema#integer
http://dbpedia.org/property/longs	"50"^^http://www.w3.org/2001/XMLSchema#integer
http://purl.org/dc/terms/subject	http://dbpedia.org/resource/Category:Municipalities_in_Tocantins
http://dbpedia.org/property/state	"TO"^^http://www.w3.org/1999/02/22-rdf-syntax-ns#langString
http://www.w3.org/2000/01/rdf-schema#comment	"阿拉波埃马（葡萄牙语：Arapoema）是巴西托坎廷斯州的一个市镇。总面积1552.207平方公里，总人口6839人，人口密度4.4人/平方公里。"@zh
http://dbpedia.org/property/longd	"49"^^http://www.w3.org/2001/XMLSchema#integer
http://xmlns.com/foaf/0.1/primaryTopic	http://en.wikipedia.org/wiki/Arapoema
http://www.w3.org/2002/07/owl#sameAs	http://dbpedia.org/resource/Arapoema
http://dbpedia.org/ontology/thumbnail	http://commons.wikimedia.org/wiki/Special:FilePath/Tocantins_Municip_Arapoema.svg?width=300
http://dbpedia.org/property/areaTotal	"1552"^^http://www.w3.org/2001/XMLSchema#integer
http://dbpedia.org/ontology/wikiPageID	"9039075"^^http://www.w3.org/2001/XMLSchema#integer
http://www.w3.org/ns/prov#wasDerivedFrom	http://en.wikipedia.org/wiki/Arapoema?oldid=725384276
http://xmlns.com/foaf/0.1/depiction	http://commons.wikimedia.org/wiki/Special:FilePath/Tocantins_Municip_Arapoema.svg
http://purl.org/linguistics/gold/hypernym	http://dbpedia.org/resource/Municipality
http://dbpedia.org/property/latd	"7"^^http://www.w3.org/2001/XMLSchema#integer
http://dbpedia.org/ontology/abstract	"Arapoema is a municipality located in the Brazilian state of Tocantins. Its population was 6,799 (2015) and its area is 1,552 km²."@en
http://www.w3.org/2000/01/rdf-schema#label	"Arapoema"@it
http://www.w3.org/1999/02/22-rdf-syntax-ns#type	http://dbpedia.org/class/yago/YagoPermanentlyLocatedEntity
