#---Properties and values from: http://dbpedia.org/resource/Vidigueira
Property	Value
http://dbpedia.org/property/longew	"W"^^http://www.w3.org/1999/02/22-rdf-syntax-ns#langString
http://dbpedia.org/ontology/wikiPageExternalLink	http://www.cm-vidigueira.pt/
http://dbpedia.org/property/officialName	"Vidigueira"^^http://www.w3.org/1999/02/22-rdf-syntax-ns#langString
http://dbpedia.org/ontology/wikiPageRevisionID	"738203708"^^http://www.w3.org/2001/XMLSchema#integer
http://dbpedia.org/property/blank1NameSec	"Municipal holiday"^^http://www.w3.org/1999/02/22-rdf-syntax-ns#langString
http://dbpedia.org/property/latm	"12"^^http://www.w3.org/2001/XMLSchema#integer
http://dbpedia.org/property/latns	"N"^^http://www.w3.org/1999/02/22-rdf-syntax-ns#langString
http://dbpedia.org/property/wordnet_type	http://www.w3.org/2006/03/wn/wn20/instances/synset-township-noun-1
http://dbpedia.org/property/website	http://www.cm-vidigueira.pt
http://dbpedia.org/property/imageMap	"LocalVidigueira.svg"^^http://www.w3.org/1999/02/22-rdf-syntax-ns#langString
http://xmlns.com/foaf/0.1/isPrimaryTopicOf	http://en.wikipedia.org/wiki/Vidigueira
http://dbpedia.org/property/longm	"48"^^http://www.w3.org/2001/XMLSchema#integer
http://dbpedia.org/property/populationTotal	"5932"^^http://www.w3.org/2001/XMLSchema#integer
http://dbpedia.org/property/populationAsOf	"2011"^^http://www.w3.org/2001/XMLSchema#integer
http://purl.org/dc/terms/subject	http://dbpedia.org/resource/Category:Populated_places_in_Beja_District
http://dbpedia.org/property/parishes	"[[#Parishes"^^http://www.w3.org/1999/02/22-rdf-syntax-ns#langString
http://www.w3.org/2000/01/rdf-schema#comment	"Vidigueira ist eine Kleinstadt (Vila) in Portugal mit 2951 Einwohnern (Stand 30. Juni 2011). Vidigueira gilt als eines der landwirtschaftlichen Zentren des Alentejo. Hier werden neben Oliven und deren Verarbeitung zu Öl auch vorzügliche Weine hergestellt. Vidigueira liegt an der Weinroute des Alentejo."@de
http://dbpedia.org/property/cim	http://dbpedia.org/resource/Baixo_Alentejo_(intermunicipal_community)
http://dbpedia.org/property/imageShield	"VDG.png"^^http://www.w3.org/1999/02/22-rdf-syntax-ns#langString
http://dbpedia.org/property/longd	"7"^^http://www.w3.org/2001/XMLSchema#integer
http://xmlns.com/foaf/0.1/primaryTopic	http://en.wikipedia.org/wiki/Vidigueira
http://dbpedia.org/ontology/wikiPageRedirects	http://dbpedia.org/resource/Vidigueira_Municipality
http://www.w3.org/2002/07/owl#sameAs	http://es.dbpedia.org/resource/Vidigueira
http://dbpedia.org/property/leaderParty	http://dbpedia.org/resource/Unitarian_Democratic_Coalition
http://dbpedia.org/property/blank1InfoSec	"date varies"^^http://www.w3.org/1999/02/22-rdf-syntax-ns#langString
http://dbpedia.org/ontology/thumbnail	http://commons.wikimedia.org/wiki/Special:FilePath/Pt-vdg1.png?width=300
http://dbpedia.org/ontology/wikiPageID	"1792378"^^http://www.w3.org/2001/XMLSchema#integer
http://www.w3.org/ns/prov#wasDerivedFrom	http://en.wikipedia.org/wiki/Vidigueira?oldid=738203708
http://dbpedia.org/ontology/birthPlace	http://dbpedia.org/resource/Achilles_Statius
http://dbpedia.org/property/leaderName	http://dbpedia.org/resource/Manuel_Rosa_Narra
http://dbpedia.org/property/areaTotalKm	"316"^^http://www.w3.org/2001/XMLSchema#integer
http://dbpedia.org/property/district	http://dbpedia.org/resource/Beja_District
http://xmlns.com/foaf/0.1/depiction	http://commons.wikimedia.org/wiki/Special:FilePath/Pt-vdg1.png
http://purl.org/linguistics/gold/hypernym	http://dbpedia.org/resource/Town
http://dbpedia.org/property/latd	"38"^^http://www.w3.org/2001/XMLSchema#integer
http://dbpedia.org/property/subregion	http://dbpedia.org/resource/Baixo_Alentejo_Subregion
http://dbpedia.org/ontology/abstract	"A Vidigueira é uma vila portuguesa pertencente ao Distrito de Beja, região do Alentejo e sub-região do Baixo Alentejo, com cerca de 2 750 habitantes. É sede de um município com 316,61 km² de área e 5 932 habitantes (2011), subdividido em 4 freguesias. O município é limitado a norte pelo município de Portel, a leste por Moura, a sueste por Serpa, a sul por Beja e a oeste por Cuba."@pt
http://dbpedia.org/property/imageFlag	"Pt-vdg1.png"^^http://www.w3.org/1999/02/22-rdf-syntax-ns#langString
http://www.w3.org/2000/01/rdf-schema#label	"Vidigueira"@de
http://xmlns.com/foaf/0.1/homepage	http://www.cm-vidigueira.pt
http://www.w3.org/1999/02/22-rdf-syntax-ns#type	http://dbpedia.org/class/yago/YagoGeoEntity
http://dbpedia.org/property/region	http://dbpedia.org/resource/Alentejo
