#---Properties and values from: http://dbpedia.org/resource/Alvito_(São_Pedro_e_São_Martinho)_e_Couto
Property	Value
http://dbpedia.org/ontology/wikiPageRedirects	http://dbpedia.org/resource/Alvito_(São_Pedro)
http://www.w3.org/2002/07/owl#sameAs	http://dbpedia.org/resource/Alvito_(São_Pedro_e_São_Martinho)_e_Couto
http://dbpedia.org/property/officialName	"Alvito  e Couto"^^http://www.w3.org/1999/02/22-rdf-syntax-ns#langString
http://dbpedia.org/ontology/wikiPageRevisionID	"743681689"^^http://www.w3.org/2001/XMLSchema#integer
http://dbpedia.org/property/areaTotal	"8.5399999999999991473"^^http://www.w3.org/2001/XMLSchema#decimal
http://dbpedia.org/ontology/wikiPageID	"5804238"^^http://www.w3.org/2001/XMLSchema#integer
http://www.w3.org/ns/prov#wasDerivedFrom	http://en.wikipedia.org/wiki/Alvito_(São_Pedro_e_São_Martinho)_e_Couto?oldid=743681689
http://xmlns.com/foaf/0.1/isPrimaryTopicOf	http://en.wikipedia.org/wiki/Alvito_(São_Pedro_e_São_Martinho)_e_Couto
http://dbpedia.org/property/municipality	http://dbpedia.org/resource/Barcelos_Municipality,_Portugal
http://purl.org/linguistics/gold/hypernym	http://dbpedia.org/resource/Parish
http://dbpedia.org/property/latd	"41.600999999999999091"^^http://www.w3.org/2001/XMLSchema#decimal
http://dbpedia.org/ontology/country	http://dbpedia.org/resource/Portugal
http://dbpedia.org/property/populationTotal	"1438"^^http://www.w3.org/2001/XMLSchema#integer
http://dbpedia.org/property/populationAsOf	"2011"^^http://www.w3.org/2001/XMLSchema#integer
http://purl.org/dc/terms/subject	http://dbpedia.org/resource/Category:Parishes_of_Barcelos,_Portugal
http://dbpedia.org/ontology/abstract	"União das Freguesias de Alvito (São Pedro e São Martinho) e Couto, kurz Alvito (São Pedro e São Martinho) e Couto, ist eine Gemeinde (Freguesia) im Kreis Barcelos im Norden Portugals. In der Gemeinde leben 1.438 Einwohner auf einer Fläche von 8,54 km² (Stand nach Zahlen von 2011). Die Gemeinde entstand im Zuge der Gebietsreform in Portugal am 29. September 2013 durch Zusammenlegung der beiden bisherigen Gemeinden São Pedro de Alvito, São Martinho de Alvito und Couto. São Pedro de Alvito wurde Sitz der Gemeinde."@de
http://www.w3.org/2000/01/rdf-schema#comment	"Alvito (São Pedro e São Martinho) e Couto is a civil parish in the municipality of Barcelos, Portugal. It was formed in 2013 by the merger of the former parishes Alvito (São Pedro), Alvito (São Martinho) and Couto. The population in 2011 was 1,438, in an area of 8.54 km²."@en
http://www.w3.org/2000/01/rdf-schema#label	"União das Freguesias de Alvito (São Pedro e São Martinho) e Couto"@de
http://dbpedia.org/property/longd	"-8.5920000000000005258"^^http://www.w3.org/2001/XMLSchema#decimal
http://xmlns.com/foaf/0.1/primaryTopic	http://en.wikipedia.org/wiki/Alvito_(São_Pedro_e_São_Martinho)_e_Couto
http://www.w3.org/1999/02/22-rdf-syntax-ns#type	http://www.w3.org/2002/07/owl#Thing
