#---Properties and values from: http://dbpedia.org/resource/Monte_Negro,_Rondônia
Property	Value
http://dbpedia.org/property/lats	"40"^^http://www.w3.org/2001/XMLSchema#integer
http://dbpedia.org/ontology/wikiPageRevisionID	"725400901"^^http://www.w3.org/2001/XMLSchema#integer
http://dbpedia.org/property/latm	"17"^^http://www.w3.org/2001/XMLSchema#integer
http://dbpedia.org/property/latns	"s"^^http://www.w3.org/1999/02/22-rdf-syntax-ns#langString
http://dbpedia.org/property/imageMap	"Rondonia Municip MonteNegro.svg"^^http://www.w3.org/1999/02/22-rdf-syntax-ns#langString
http://xmlns.com/foaf/0.1/isPrimaryTopicOf	http://en.wikipedia.org/wiki/Monte_Negro,_Rondônia
http://dbpedia.org/property/longm	"19"^^http://www.w3.org/2001/XMLSchema#integer
http://dbpedia.org/property/populationTotal	"15873"^^http://www.w3.org/2001/XMLSchema#integer
http://dbpedia.org/property/populationAsOf	"2015"^^http://www.w3.org/2001/XMLSchema#integer
http://dbpedia.org/property/longs	"31"^^http://www.w3.org/2001/XMLSchema#integer
http://purl.org/dc/terms/subject	http://dbpedia.org/resource/Category:Municipalities_in_Rondônia
http://dbpedia.org/property/state	"RO"^^http://www.w3.org/1999/02/22-rdf-syntax-ns#langString
http://www.w3.org/2000/01/rdf-schema#comment	"Monte Negro est une municipalité brésilienne située dans l'État du Rondônia."@fr
http://dbpedia.org/property/longd	"63"^^http://www.w3.org/2001/XMLSchema#integer
http://xmlns.com/foaf/0.1/primaryTopic	http://en.wikipedia.org/wiki/Monte_Negro,_Rondônia
http://www.w3.org/2002/07/owl#sameAs	http://it.dbpedia.org/resource/Monte_Negro
http://dbpedia.org/ontology/thumbnail	http://commons.wikimedia.org/wiki/Special:FilePath/Rondonia_Municip_MonteNegro.svg?width=300
http://dbpedia.org/property/areaTotal	"1931"^^http://www.w3.org/2001/XMLSchema#integer
http://dbpedia.org/ontology/wikiPageID	"8722081"^^http://www.w3.org/2001/XMLSchema#integer
http://www.w3.org/ns/prov#wasDerivedFrom	http://en.wikipedia.org/wiki/Monte_Negro,_Rondônia?oldid=725400901
http://dbpedia.org/property/name	"Monte Negro"^^http://www.w3.org/1999/02/22-rdf-syntax-ns#langString
http://xmlns.com/foaf/0.1/depiction	http://commons.wikimedia.org/wiki/Special:FilePath/Rondonia_Municip_MonteNegro.svg
http://purl.org/linguistics/gold/hypernym	http://dbpedia.org/resource/Municipality
http://dbpedia.org/property/latd	"10"^^http://www.w3.org/2001/XMLSchema#integer
http://dbpedia.org/ontology/abstract	"Monte Negro é um município brasileiro do estado de Rondônia."@pt
http://www.w3.org/2000/01/rdf-schema#label	"Monte Negro"@pl
http://www.w3.org/1999/02/22-rdf-syntax-ns#type	http://dbpedia.org/ontology/Settlement
