#---Properties and values from: http://dbpedia.org/resource/Vidin_Province
Property	Value
http://dbpedia.org/ontology/wikiPageExternalLink	http://en.vidin.government.bg/094/60-16-16/index.html
http://www.w3.org/2003/01/geo/wgs84_pos#long	"22.683332443237304688"^^http://www.w3.org/2001/XMLSchema#float
http://dbpedia.org/property/west	http://dbpedia.org/resource/Ruzhintsi_Municipality
http://purl.org/dc/terms/subject	http://dbpedia.org/resource/Category:Vidin_Province
http://dbpedia.org/ontology/isPartOf	http://dbpedia.org/resource/Ruzhintsi_Municipality
http://dbpedia.org/property/capital	http://dbpedia.org/resource/Vidin
http://www.w3.org/ns/prov#wasDerivedFrom	http://en.wikipedia.org/wiki/Vidin_Province?oldid=740811250
http://dbpedia.org/property/name	"Vidin Province"^^http://www.w3.org/1999/02/22-rdf-syntax-ns#langString
http://dbpedia.org/property/areaTotalKm	"3032.9000000000000909"^^http://www.w3.org/2001/XMLSchema#decimal
http://dbpedia.org/property/float	"right"^^http://www.w3.org/1999/02/22-rdf-syntax-ns#langString
http://dbpedia.org/property/southeast	http://dbpedia.org/resource/Makresh_Municipality
http://dbpedia.org/property/nativeNameLang	"bg"^^http://www.w3.org/1999/02/22-rdf-syntax-ns#langString
http://dbpedia.org/property/licensePlate	"BH"^^http://www.w3.org/1999/02/22-rdf-syntax-ns#langString
http://xmlns.com/foaf/0.1/homepage	http://en.vidin.government.bg/094/60-16-16/index.html
http://dbpedia.org/property/region	http://dbpedia.org/resource/Kozarnika
http://www.w3.org/1999/02/22-rdf-syntax-ns#type	http://dbpedia.org/class/yago/State108654360
http://dbpedia.org/ontology/wikiPageRevisionID	"740811250"^^http://www.w3.org/2001/XMLSchema#integer
http://dbpedia.org/property/titlebar	"#ddd"^^http://www.w3.org/1999/02/22-rdf-syntax-ns#langString
http://dbpedia.org/property/north	http://dbpedia.org/resource/Makresh_Municipality
http://dbpedia.org/property/imageMap	"Vidin in Bulgaria.svg"^^http://www.w3.org/1999/02/22-rdf-syntax-ns#langString
http://xmlns.com/foaf/0.1/isPrimaryTopicOf	http://en.wikipedia.org/wiki/Vidin_Province
http://dbpedia.org/property/left	"Ethnic group"^^http://www.w3.org/1999/02/22-rdf-syntax-ns#langString
http://dbpedia.org/property/municipalities	"11"^^http://www.w3.org/2001/XMLSchema#integer
http://dbpedia.org/property/populationTotal	"101018"^^http://www.w3.org/2001/XMLSchema#integer
http://dbpedia.org/property/northwest	http://dbpedia.org/resource/Ruzhintsi_Municipality
http://dbpedia.org/property/populationAsOf	"2011"^^http://www.w3.org/2001/XMLSchema#integer
http://www.w3.org/2000/01/rdf-schema#comment	"Vidin Province (Bulgarian: Област Видин) is the northwesternmost province of Bulgaria. It borders Serbia to the west and Romania to the northeast. Its administrative centre is the city of Vidin on the Danube river. The area is divided into 11 municipalities. As of December 2009, the province has a population of 108,067 inhabitants. There are remains of many castles, some of which are Baba Vida, one of the last Bulgarian strongholds during the Ottoman invasion and the Belogradchik fortress."@en
http://dbpedia.org/property/south	http://dbpedia.org/resource/Makresh_Municipality
http://dbpedia.org/property/right	"Percentage"^^http://www.w3.org/1999/02/22-rdf-syntax-ns#langString
http://xmlns.com/foaf/0.1/primaryTopic	http://en.wikipedia.org/wiki/Vidin_Province
http://dbpedia.org/property/east	http://dbpedia.org/resource/Makresh_Municipality
http://www.w3.org/2002/07/owl#sameAs	http://de.dbpedia.org/resource/Oblast_Widin
http://dbpedia.org/ontology/wikiPageRedirects	http://dbpedia.org/resource/Vidin_(region)
http://www.w3.org/2003/01/geo/wgs84_pos#lat	"43.799999237060546875"^^http://www.w3.org/2001/XMLSchema#float
http://www.georss.org/georss/point	"43.8 22.683333333333334"
http://dbpedia.org/ontology/thumbnail	http://commons.wikimedia.org/wiki/Special:FilePath/Vidin_in_Bulgaria.svg?width=300
http://dbpedia.org/ontology/wikiPageID	"589053"^^http://www.w3.org/2001/XMLSchema#integer
http://www.w3.org/2002/07/owl#differentFrom	http://dbpedia.org/resource/Vidin_Province
http://dbpedia.org/ontology/location	http://dbpedia.org/resource/Lake_Rabisha
http://dbpedia.org/ontology/birthPlace	http://dbpedia.org/resource/Petar_Mladenov
http://dbpedia.org/property/northeast	http://dbpedia.org/resource/Makresh_Municipality
http://dbpedia.org/property/centre	"Vidin Province"^^http://www.w3.org/1999/02/22-rdf-syntax-ns#langString
http://xmlns.com/foaf/0.1/depiction	http://commons.wikimedia.org/wiki/Special:FilePath/Vidin_in_Bulgaria.svg
http://purl.org/linguistics/gold/hypernym	http://dbpedia.org/resource/Province
http://dbpedia.org/property/nativeName	"Област Видин"^^http://www.w3.org/1999/02/22-rdf-syntax-ns#langString
http://dbpedia.org/ontology/capital	http://dbpedia.org/resource/Dacia_Ripensis
http://dbpedia.org/ontology/abstract	"L'oblast de Vidin est l'un des 28 oblasti (« province », « région », « district ») de Bulgarie. Son chef-lieu est la ville de Vidin."@fr
http://dbpedia.org/property/southwest	http://dbpedia.org/resource/Ruzhintsi_Municipality
http://www.w3.org/2003/01/geo/wgs84_pos#geometry	"POINT(22.683332443237 43.799999237061)"^^http://www.openlinksw.com/schemas/virtrdf#Geometry
http://dbpedia.org/property/title	"Religions in Vidin Province"^^http://www.w3.org/1999/02/22-rdf-syntax-ns#langString
http://www.w3.org/2000/01/rdf-schema#label	"Vidin (oblast)"@fr
