#---Properties and values from: http://dbpedia.org/resource/Franca
Property	Value
http://dbpedia.org/property/longew	"W"^^http://www.w3.org/1999/02/22-rdf-syntax-ns#langString
http://dbpedia.org/property/julHighC	"20.699999999999999289"^^http://www.w3.org/2001/XMLSchema#decimal
http://dbpedia.org/property/lats	"19"^^http://www.w3.org/2001/XMLSchema#integer
http://dbpedia.org/ontology/wikiPageExternalLink	http://www.francaview.com.br
http://dbpedia.org/property/augHighC	"23.899999999999998579"^^http://www.w3.org/2001/XMLSchema#decimal
http://dbpedia.org/property/novHighC	"23.800000000000000711"^^http://www.w3.org/2001/XMLSchema#decimal
http://dbpedia.org/property/novLowC	"16.800000000000000711"^^http://www.w3.org/2001/XMLSchema#decimal
http://dbpedia.org/property/junLowC	"12.800000000000000711"^^http://www.w3.org/2001/XMLSchema#decimal
http://dbpedia.org/property/latm	"32"^^http://www.w3.org/2001/XMLSchema#integer
http://dbpedia.org/property/latns	"S"^^http://www.w3.org/1999/02/22-rdf-syntax-ns#langString
http://dbpedia.org/property/imageSkyline	"Franca View.jpg"^^http://www.w3.org/1999/02/22-rdf-syntax-ns#langString
http://dbpedia.org/property/date	"August 2010"^^http://www.w3.org/1999/02/22-rdf-syntax-ns#langString
http://dbpedia.org/property/octLowC	"15.900000000000000355"^^http://www.w3.org/2001/XMLSchema#decimal
http://dbpedia.org/property/aprLowC	"15.5"^^http://www.w3.org/2001/XMLSchema#decimal
http://dbpedia.org/property/location	http://dbpedia.org/resource/1962_São_Paulo_FC_season
http://dbpedia.org/property/marLowC	"16.699999999999999289"^^http://www.w3.org/2001/XMLSchema#decimal
http://purl.org/dc/terms/subject	http://dbpedia.org/resource/Category:Populated_places_established_in_1856
http://dbpedia.org/property/state	"SP"^^http://www.w3.org/1999/02/22-rdf-syntax-ns#langString
http://dbpedia.org/property/febLowC	"17"^^http://www.w3.org/2001/XMLSchema#integer
http://dbpedia.org/property/julLowC	"12.400000000000000355"^^http://www.w3.org/2001/XMLSchema#decimal
http://dbpedia.org/property/julPrecipitationMm	"21.899999999999998579"^^http://www.w3.org/2001/XMLSchema#decimal
http://dbpedia.org/property/birthPlace	http://dbpedia.org/resource/Jaime_Luiz_Coelho
http://dbpedia.org/property/octPrecipitationMm	"160.59999999999999432"^^http://www.w3.org/2001/XMLSchema#decimal
http://dbpedia.org/property/leaderParty	http://dbpedia.org/resource/PSDB
http://dbpedia.org/property/decHighC	"23.199999999999999289"^^http://www.w3.org/2001/XMLSchema#decimal
http://dbpedia.org/property/marHighC	"22.899999999999998579"^^http://www.w3.org/2001/XMLSchema#decimal
http://dbpedia.org/property/sepHighC	"25"^^http://www.w3.org/2001/XMLSchema#integer
http://www.w3.org/ns/prov#wasDerivedFrom	http://en.wikipedia.org/wiki/Franca?oldid=741089468
http://dbpedia.org/property/mayPrecipitationMm	"57.399999999999998579"^^http://www.w3.org/2001/XMLSchema#decimal
http://dbpedia.org/property/octHighC	"25.100000000000001421"^^http://www.w3.org/2001/XMLSchema#decimal
http://dbpedia.org/ontology/city	http://dbpedia.org/resource/Franca_Airport
http://dbpedia.org/property/junPrecipitationMm	"26.699999999999999289"^^http://www.w3.org/2001/XMLSchema#decimal
http://dbpedia.org/property/latd	"20"^^http://www.w3.org/2001/XMLSchema#integer
http://dbpedia.org/property/mayLowC	"14.099999999999999645"^^http://www.w3.org/2001/XMLSchema#decimal
http://dbpedia.org/property/yearPrecipitationMm	"1623.4000000000000909"^^http://www.w3.org/2001/XMLSchema#decimal
http://dbpedia.org/ontology/areaMetro	"3439780000.0"^^http://www.w3.org/2001/XMLSchema#decimal
http://dbpedia.org/property/yearHighC	"22.899999999999998579"^^http://www.w3.org/2001/XMLSchema#decimal
http://www.w3.org/1999/02/22-rdf-syntax-ns#type	http://www.wikidata.org/entity/Q486972
http://dbpedia.org/property/marPrecipitationMm	"180.40000000000000568"^^http://www.w3.org/2001/XMLSchema#decimal
http://dbpedia.org/ontology/wikiPageRevisionID	"741089468"^^http://www.w3.org/2001/XMLSchema#integer
http://dbpedia.org/property/aprPrecipitationMm	"79.5"^^http://www.w3.org/2001/XMLSchema#decimal
http://dbpedia.org/property/novPrecipitationMm	"201.19999999999998863"^^http://www.w3.org/2001/XMLSchema#decimal
http://dbpedia.org/property/janHighC	"23.300000000000000711"^^http://www.w3.org/2001/XMLSchema#decimal
http://dbpedia.org/property/wordnet_type	http://www.w3.org/2006/03/wn/wn20/instances/synset-city-noun-3
http://dbpedia.org/property/febHighC	"22.800000000000000711"^^http://www.w3.org/2001/XMLSchema#decimal
http://dbpedia.org/ontology/populationMetro	"471383"^^http://www.w3.org/2001/XMLSchema#nonNegativeInteger
http://dbpedia.org/property/imageMap	"SaoPaulo Municip Franca.svg"^^http://www.w3.org/1999/02/22-rdf-syntax-ns#langString
http://xmlns.com/foaf/0.1/isPrimaryTopicOf	http://en.wikipedia.org/wiki/Franca
http://dbpedia.org/property/sepPrecipitationMm	"71.700000000000002842"^^http://www.w3.org/2001/XMLSchema#decimal
http://dbpedia.org/property/longm	"24"^^http://www.w3.org/2001/XMLSchema#integer
http://dbpedia.org/property/populationTotal	"342112"^^http://www.w3.org/2001/XMLSchema#integer
http://dbpedia.org/property/longs	"3"^^http://www.w3.org/2001/XMLSchema#integer
http://dbpedia.org/property/populationAsOf	"2015"^^http://www.w3.org/2001/XMLSchema#integer
http://dbpedia.org/property/janLowC	"17.600000000000001421"^^http://www.w3.org/2001/XMLSchema#decimal
http://dbpedia.org/property/elevation	"1040"^^http://www.w3.org/2001/XMLSchema#integer
http://www.w3.org/2000/01/rdf-schema#comment	"Франка (порт. Franca) — муниципалитет в Бразилии, входит в штат Сан-Паулу. Составная часть мезорегиона Рибейран-Прету. Входит в экономико-статистический микрорегион Франка. Население составляет 328 221 человек на 2007 год. Занимает площадь 607,333км². Плотность населения — 540,3 чел./км². Праздник города — 28 ноября."@ru
http://dbpedia.org/property/junHighC	"20.800000000000000711"^^http://www.w3.org/2001/XMLSchema#decimal
http://dbpedia.org/property/decLowC	"17.300000000000000711"^^http://www.w3.org/2001/XMLSchema#decimal
http://dbpedia.org/property/imageShield	"Franca-brasao.jpg"^^http://www.w3.org/1999/02/22-rdf-syntax-ns#langString
http://dbpedia.org/property/longd	"47"^^http://www.w3.org/2001/XMLSchema#integer
http://dbpedia.org/property/mayHighC	"21.600000000000001421"^^http://www.w3.org/2001/XMLSchema#decimal
http://xmlns.com/foaf/0.1/primaryTopic	http://en.wikipedia.org/wiki/Franca
http://dbpedia.org/property/aprHighC	"22.199999999999999289"^^http://www.w3.org/2001/XMLSchema#decimal
http://dbpedia.org/ontology/wikiPageRedirects	http://dbpedia.org/resource/Franca,_Brazil
http://www.w3.org/2002/07/owl#sameAs	http://fr.dbpedia.org/resource/Franca
http://dbpedia.org/property/augPrecipitationMm	"23.399999999999998579"^^http://www.w3.org/2001/XMLSchema#decimal
http://dbpedia.org/property/singleLine	"yes"^^http://www.w3.org/1999/02/22-rdf-syntax-ns#langString
http://dbpedia.org/property/decPrecipitationMm	"275.80000000000001137"^^http://www.w3.org/2001/XMLSchema#decimal
http://dbpedia.org/ontology/thumbnail	http://commons.wikimedia.org/wiki/Special:FilePath/Bandeira_franca.jpg?width=300
http://dbpedia.org/ontology/wikiPageID	"1032101"^^http://www.w3.org/2001/XMLSchema#integer
http://dbpedia.org/property/areaTotal	"606"^^http://www.w3.org/2001/XMLSchema#integer
http://dbpedia.org/property/janPrecipitationMm	"297.10000000000002274"^^http://www.w3.org/2001/XMLSchema#decimal
http://dbpedia.org/property/yearLowC	"15.400000000000000355"^^http://www.w3.org/2001/XMLSchema#decimal
http://dbpedia.org/ontology/location	http://dbpedia.org/resource/Franca_Basquetebol_Clube
http://dbpedia.org/property/augLowC	"13.800000000000000711"^^http://www.w3.org/2001/XMLSchema#decimal
http://dbpedia.org/ontology/birthPlace	http://dbpedia.org/resource/Abdias_do_Nascimento
http://dbpedia.org/property/leaderName	"Alexandre Augusto Ferreira"^^http://www.w3.org/1999/02/22-rdf-syntax-ns#langString
http://dbpedia.org/property/metricFirst	"yes"^^http://www.w3.org/1999/02/22-rdf-syntax-ns#langString
http://dbpedia.org/property/place	http://dbpedia.org/resource/NBB_All-Star_Game
http://xmlns.com/foaf/0.1/depiction	http://commons.wikimedia.org/wiki/Special:FilePath/Bandeira_franca.jpg
http://purl.org/linguistics/gold/hypernym	http://dbpedia.org/resource/French_language_in_Algeria
http://dbpedia.org/property/febPrecipitationMm	"227.69999999999998863"^^http://www.w3.org/2001/XMLSchema#decimal
http://dbpedia.org/ontology/abstract	"Franca ist eine Stadt in Brasilien mit 325.000 Einwohnern. Sie liegt im Bundesstaat São Paulo, etwa 1.030 m über dem Meeresspiegel. Die wichtigsten Industriezweige in Franca sind die Schuhindustrie sowie die chemische Industrie."@de
http://dbpedia.org/property/sepLowC	"15.300000000000000711"^^http://www.w3.org/2001/XMLSchema#decimal
http://dbpedia.org/ontology/PopulatedPlace/areaMetro	"3439.78"^^http://dbpedia.org/datatype/squareKilometre
http://dbpedia.org/property/imageFlag	"Bandeira franca.jpg"^^http://www.w3.org/1999/02/22-rdf-syntax-ns#langString
http://www.w3.org/2000/01/rdf-schema#label	"Franca (miasto)"@pl
http://dbpedia.org/ontology/ground	http://dbpedia.org/resource/Associação_Atlética_Francana
