#---Properties and values from: http://dbpedia.org/resource/Araguatins
Property	Value
http://dbpedia.org/property/lats	"3"^^http://www.w3.org/2001/XMLSchema#integer
http://dbpedia.org/ontology/wikiPageRevisionID	"725384120"^^http://www.w3.org/2001/XMLSchema#integer
http://dbpedia.org/property/latm	"39"^^http://www.w3.org/2001/XMLSchema#integer
http://dbpedia.org/property/latns	"S"^^http://www.w3.org/1999/02/22-rdf-syntax-ns#langString
http://dbpedia.org/property/imageMap	"Tocantins Municip Araguatins.svg"^^http://www.w3.org/1999/02/22-rdf-syntax-ns#langString
http://xmlns.com/foaf/0.1/isPrimaryTopicOf	http://en.wikipedia.org/wiki/Araguatins
http://dbpedia.org/property/longm	"7"^^http://www.w3.org/2001/XMLSchema#integer
http://dbpedia.org/property/populationTotal	"34392"^^http://www.w3.org/2001/XMLSchema#integer
http://dbpedia.org/property/populationAsOf	"2015"^^http://www.w3.org/2001/XMLSchema#integer
http://dbpedia.org/property/longs	"26"^^http://www.w3.org/2001/XMLSchema#integer
http://purl.org/dc/terms/subject	http://dbpedia.org/resource/Category:Municipalities_in_Tocantins
http://dbpedia.org/property/state	"TO"^^http://www.w3.org/1999/02/22-rdf-syntax-ns#langString
http://www.w3.org/2000/01/rdf-schema#comment	"Araguatins is a municipality located in the Brazilian state of Tocantins. Its population was 34,392 (2015) and its area is 2,625 km²."@en
http://dbpedia.org/property/longd	"48"^^http://www.w3.org/2001/XMLSchema#integer
http://xmlns.com/foaf/0.1/primaryTopic	http://en.wikipedia.org/wiki/Araguatins
http://www.w3.org/2002/07/owl#sameAs	http://nl.dbpedia.org/resource/Araguatins
http://dbpedia.org/ontology/thumbnail	http://commons.wikimedia.org/wiki/Special:FilePath/Tocantins_Municip_Araguatins.svg?width=300
http://dbpedia.org/property/areaTotal	"2625"^^http://www.w3.org/2001/XMLSchema#integer
http://dbpedia.org/ontology/wikiPageID	"9039018"^^http://www.w3.org/2001/XMLSchema#integer
http://www.w3.org/ns/prov#wasDerivedFrom	http://en.wikipedia.org/wiki/Araguatins?oldid=725384120
http://xmlns.com/foaf/0.1/depiction	http://commons.wikimedia.org/wiki/Special:FilePath/Tocantins_Municip_Araguatins.svg
http://purl.org/linguistics/gold/hypernym	http://dbpedia.org/resource/Municipality
http://dbpedia.org/property/latd	"5"^^http://www.w3.org/2001/XMLSchema#integer
http://dbpedia.org/ontology/abstract	"Araguatins é um município brasileiro do estado do Tocantins. Localiza-se na microrregião do Bico do Papagaio, estando a uma altitude de 103 metros, situada às margens do rio Araguaia. Sua população estimada em 2016 era de 34.810 habitantes. Possui uma área de 2297,3 km²."@pt
http://www.w3.org/2000/01/rdf-schema#label	"Araguatins"@nl
http://www.w3.org/1999/02/22-rdf-syntax-ns#type	http://dbpedia.org/class/yago/GeographicalArea108574314
