#---Properties and values from: http://dbpedia.org/resource/Tabuaço
Property	Value
http://dbpedia.org/property/longew	"W"^^http://www.w3.org/1999/02/22-rdf-syntax-ns#langString
http://dbpedia.org/ontology/wikiPageExternalLink	http://www.bvtabuaco.pt
http://dbpedia.org/ontology/wikiPageRevisionID	"701650089"^^http://www.w3.org/2001/XMLSchema#integer
http://dbpedia.org/property/latm	"6"^^http://www.w3.org/2001/XMLSchema#integer
http://dbpedia.org/property/latns	"N"^^http://www.w3.org/1999/02/22-rdf-syntax-ns#langString
http://dbpedia.org/property/website	http://www.cm-tabuaco.pt
http://dbpedia.org/property/imageMap	"LocalTabuaco.svg"^^http://www.w3.org/1999/02/22-rdf-syntax-ns#langString
http://xmlns.com/foaf/0.1/isPrimaryTopicOf	http://en.wikipedia.org/wiki/Tabuaço
http://dbpedia.org/property/longm	"34"^^http://www.w3.org/2001/XMLSchema#integer
http://dbpedia.org/property/populationTotal	"6350"^^http://www.w3.org/2001/XMLSchema#integer
http://dbpedia.org/property/populationAsOf	"2011"^^http://www.w3.org/2001/XMLSchema#integer
http://purl.org/dc/terms/subject	http://dbpedia.org/resource/Category:Populated_places_in_Viseu_District
http://dbpedia.org/property/parishes	"[[#Parishes"^^http://www.w3.org/1999/02/22-rdf-syntax-ns#langString
http://www.w3.org/2000/01/rdf-schema#comment	"Tabuaço es una vila portuguesa en el Distrito de Viseu, Região Norte y subregión de Douro, con cerca de 1 800 habitantes. Es sede de un municipio con 135,72 km² de área y 6 785 habitantes (2001), subdividido en 17 freguesias. Los municipio está limitado al norte por los municipio de Sabrosa, al este por São João da Pesqueira, al sureste por Sernancelhe, al sudoeste por Moimenta da Beira y al oeste por Armamar."@es
http://dbpedia.org/property/cim	http://dbpedia.org/resource/Douro_(intermunicipal_community)
http://dbpedia.org/property/imageShield	"TBC.png"^^http://www.w3.org/1999/02/22-rdf-syntax-ns#langString
http://dbpedia.org/property/longd	"7"^^http://www.w3.org/2001/XMLSchema#integer
http://xmlns.com/foaf/0.1/primaryTopic	http://en.wikipedia.org/wiki/Tabuaço
http://dbpedia.org/ontology/wikiPageRedirects	http://dbpedia.org/resource/Tabuaco
http://www.w3.org/2002/07/owl#sameAs	http://pl.dbpedia.org/resource/Tabuaço
http://dbpedia.org/property/leaderParty	http://dbpedia.org/resource/Social_Democratic_Party_(Portugal)
http://dbpedia.org/ontology/thumbnail	http://commons.wikimedia.org/wiki/Special:FilePath/Pt-tbc1.png?width=300
http://dbpedia.org/ontology/wikiPageID	"4415757"^^http://www.w3.org/2001/XMLSchema#integer
http://dbpedia.org/ontology/location	http://dbpedia.org/resource/Vilar_Dam
http://dbpedia.org/ontology/birthPlace	http://dbpedia.org/resource/Abel_Botelho
http://www.w3.org/ns/prov#wasDerivedFrom	http://en.wikipedia.org/wiki/Tabuaço?oldid=701650089
http://dbpedia.org/property/leaderName	"Carlos Carvalho"^^http://www.w3.org/1999/02/22-rdf-syntax-ns#langString
http://dbpedia.org/property/areaTotalKm	"133.86000000000001364"^^http://www.w3.org/2001/XMLSchema#decimal
http://dbpedia.org/property/district	http://dbpedia.org/resource/Viseu_District
http://xmlns.com/foaf/0.1/depiction	http://commons.wikimedia.org/wiki/Special:FilePath/Pt-tbc1.png
http://purl.org/linguistics/gold/hypernym	http://dbpedia.org/resource/Municipality
http://dbpedia.org/property/latd	"41"^^http://www.w3.org/2001/XMLSchema#integer
http://dbpedia.org/property/subregion	http://dbpedia.org/resource/Douro_Subregion
http://dbpedia.org/ontology/abstract	"Tabuaço to miejscowość w Portugalii, leżąca w dystrykcie Viseu, w regionie Północ w podregionie Douro. Miejscowość jest siedzibą gminy o tej samej nazwie."@pl
http://dbpedia.org/property/imageFlag	"Pt-tbc1.png"^^http://www.w3.org/1999/02/22-rdf-syntax-ns#langString
http://www.w3.org/2000/01/rdf-schema#label	"Tabuaço"@pl
http://xmlns.com/foaf/0.1/homepage	http://www.cm-tabuaco.pt
http://www.w3.org/1999/02/22-rdf-syntax-ns#type	http://dbpedia.org/class/yago/WikicatTownsInPortugal
http://dbpedia.org/property/region	http://dbpedia.org/resource/Norte_Region,_Portugal
