#---Properties and values from: http://dbpedia.org/resource/Mafamude_e_Vilar_do_Paraíso
Property	Value
http://dbpedia.org/property/officialName	"Mafamude e Vilar do Paraíso"^^http://www.w3.org/1999/02/22-rdf-syntax-ns#langString
http://dbpedia.org/ontology/wikiPageRevisionID	"701646418"^^http://www.w3.org/2001/XMLSchema#integer
http://xmlns.com/foaf/0.1/isPrimaryTopicOf	http://en.wikipedia.org/wiki/Mafamude_e_Vilar_do_Paraíso
http://dbpedia.org/property/municipality	http://dbpedia.org/resource/Vila_Nova_de_Gaia
http://dbpedia.org/ontology/country	http://dbpedia.org/resource/Portugal
http://dbpedia.org/property/populationTotal	"52422"^^http://www.w3.org/2001/XMLSchema#integer
http://dbpedia.org/property/metro	http://dbpedia.org/resource/Metropolitan_Area_of_Porto
http://dbpedia.org/property/populationAsOf	"2011"^^http://www.w3.org/2001/XMLSchema#integer
http://purl.org/dc/terms/subject	http://dbpedia.org/resource/Category:Parishes_of_Vila_Nova_de_Gaia
http://www.w3.org/2000/01/rdf-schema#comment	"Mafamude e Vilar do Paraíso is a civil parish in the municipality of Vila Nova de Gaia, Portugal. It was formed in 2013 by the merger of the former parishes Mafamude and Vilar do Paraíso. The population in 2011 was 52,422, in an area of 10.58 km²."@en
http://dbpedia.org/property/longd	"-8.6099999999999994316"^^http://www.w3.org/2001/XMLSchema#decimal
http://xmlns.com/foaf/0.1/primaryTopic	http://en.wikipedia.org/wiki/Mafamude_e_Vilar_do_Paraíso
http://www.w3.org/2002/07/owl#sameAs	http://wikidata.dbpedia.org/resource/Q18351460
http://dbpedia.org/ontology/wikiPageRedirects	http://dbpedia.org/resource/Mafamude_e_Vilar_do_Paraiso
http://dbpedia.org/ontology/wikiPageID	"43472789"^^http://www.w3.org/2001/XMLSchema#integer
http://dbpedia.org/property/areaTotal	"10.580000000000000071"^^http://www.w3.org/2001/XMLSchema#decimal
http://www.w3.org/ns/prov#wasDerivedFrom	http://en.wikipedia.org/wiki/Mafamude_e_Vilar_do_Paraíso?oldid=701646418
http://dbpedia.org/property/district	http://dbpedia.org/resource/Porto_District
http://purl.org/linguistics/gold/hypernym	http://dbpedia.org/resource/Parish
http://dbpedia.org/property/latd	"41.109999999999999432"^^http://www.w3.org/2001/XMLSchema#decimal
http://dbpedia.org/property/subregion	http://dbpedia.org/resource/Grande_Porto
http://dbpedia.org/ontology/abstract	"Mafamude e Vilar do Paraíso is a civil parish in the municipality of Vila Nova de Gaia, Portugal. It was formed in 2013 by the merger of the former parishes Mafamude and Vilar do Paraíso. The population in 2011 was 52,422, in an area of 10.58 km²."@en
http://www.w3.org/2000/01/rdf-schema#label	"Mafamude e Vilar do Paraíso"@pt
http://www.w3.org/1999/02/22-rdf-syntax-ns#type	http://dbpedia.org/ontology/Location
http://dbpedia.org/property/region	http://dbpedia.org/resource/Norte_Region,_Portugal
