#---Properties and values from: http://dbpedia.org/resource/Padula_(Cortino)
Property	Value
http://dbpedia.org/property/longew	"E"^^http://www.w3.org/1999/02/22-rdf-syntax-ns#langString
http://dbpedia.org/property/lats	"0"^^http://www.w3.org/2001/XMLSchema#integer
http://dbpedia.org/ontology/wikiPageRevisionID	"630142959"^^http://www.w3.org/2001/XMLSchema#integer
http://dbpedia.org/property/latm	"37"^^http://www.w3.org/2001/XMLSchema#integer
http://dbpedia.org/property/comune	http://dbpedia.org/resource/Cortino
http://dbpedia.org/property/latns	"N"^^http://www.w3.org/1999/02/22-rdf-syntax-ns#langString
http://dbpedia.org/property/areaCode	"861"^^http://www.w3.org/2001/XMLSchema#integer
http://dbpedia.org/property/imageSkyline	"Padula - Piano delle Rose 7-2003 064.jpg"^^http://www.w3.org/1999/02/22-rdf-syntax-ns#langString
http://dbpedia.org/property/imageCaption	"View of Padula"^^http://www.w3.org/1999/02/22-rdf-syntax-ns#langString
http://xmlns.com/foaf/0.1/isPrimaryTopicOf	http://en.wikipedia.org/wiki/Padula_(Cortino)
http://dbpedia.org/property/longm	"28"^^http://www.w3.org/2001/XMLSchema#integer
http://dbpedia.org/property/populationTotal	"118"^^http://www.w3.org/2001/XMLSchema#integer
http://dbpedia.org/property/populationAsOf	"2001"^^http://www.w3.org/2001/XMLSchema#integer
http://dbpedia.org/property/longs	"8"^^http://www.w3.org/2001/XMLSchema#integer
http://purl.org/dc/terms/subject	http://dbpedia.org/resource/Category:Frazioni_of_the_Province_of_Teramo
http://www.w3.org/2000/01/rdf-schema#comment	"Padula è una frazione del comune di Cortino in provincia di Teramo, con 118 abitanti.Il paese è situato ad un'altitudine di 928 m s.l.m. a circa 35 km da Teramo."@it
http://dbpedia.org/property/longd	"13"^^http://www.w3.org/2001/XMLSchema#integer
http://xmlns.com/foaf/0.1/primaryTopic	http://en.wikipedia.org/wiki/Padula_(Cortino)
http://www.w3.org/2002/07/owl#sameAs	http://dbpedia.org/resource/Padula_(Cortino)
http://dbpedia.org/ontology/wikiPageRedirects	http://dbpedia.org/resource/Padula,_Teramo
http://dbpedia.org/ontology/thumbnail	http://commons.wikimedia.org/wiki/Special:FilePath/Padula_-_Piano_delle_Rose_7-2003_064.jpg?width=300
http://dbpedia.org/ontology/wikiPageID	"6221951"^^http://www.w3.org/2001/XMLSchema#integer
http://dbpedia.org/property/elevationM	"928"^^http://www.w3.org/2001/XMLSchema#integer
http://www.w3.org/ns/prov#wasDerivedFrom	http://en.wikipedia.org/wiki/Padula_(Cortino)?oldid=630142959
http://dbpedia.org/property/coordinatesDisplay	"inline, title"^^http://www.w3.org/1999/02/22-rdf-syntax-ns#langString
http://dbpedia.org/property/name	"Padula"^^http://www.w3.org/1999/02/22-rdf-syntax-ns#langString
http://xmlns.com/foaf/0.1/depiction	http://commons.wikimedia.org/wiki/Special:FilePath/Padula_-_Piano_delle_Rose_7-2003_064.jpg
http://purl.org/linguistics/gold/hypernym	http://dbpedia.org/resource/Village
http://dbpedia.org/property/latd	"42"^^http://www.w3.org/2001/XMLSchema#integer
http://dbpedia.org/property/postalCode	"64040"^^http://www.w3.org/2001/XMLSchema#integer
http://dbpedia.org/ontology/abstract	"Padula is a small village in the Province of Teramo, in the Abruzzo region of central Italy. It is a hamlet (frazione) of the commune of Cortino."@en
http://www.w3.org/2000/01/rdf-schema#label	"Padula (Cortino)"@en
http://dbpedia.org/property/province	http://dbpedia.org/resource/Province_of_Teramo
http://www.w3.org/1999/02/22-rdf-syntax-ns#type	http://dbpedia.org/ontology/Village
