#---Properties and values from: http://dbpedia.org/resource/Alheira_e_Igreja_Nova
Property	Value
http://dbpedia.org/ontology/wikiPageRedirects	http://dbpedia.org/resource/Alheira_(Barcelos)
http://www.w3.org/2002/07/owl#sameAs	http://sws.geonames.org/8010956/
http://dbpedia.org/property/officialName	"Alheira e Igreja Nova"^^http://www.w3.org/1999/02/22-rdf-syntax-ns#langString
http://dbpedia.org/ontology/wikiPageRevisionID	"743338015"^^http://www.w3.org/2001/XMLSchema#integer
http://dbpedia.org/property/areaTotal	"10.169999999999999929"^^http://www.w3.org/2001/XMLSchema#decimal
http://dbpedia.org/ontology/wikiPageID	"5804035"^^http://www.w3.org/2001/XMLSchema#integer
http://www.w3.org/ns/prov#wasDerivedFrom	http://en.wikipedia.org/wiki/Alheira_e_Igreja_Nova?oldid=743338015
http://xmlns.com/foaf/0.1/isPrimaryTopicOf	http://en.wikipedia.org/wiki/Alheira_e_Igreja_Nova
http://dbpedia.org/property/municipality	http://dbpedia.org/resource/Barcelos_Municipality,_Portugal
http://purl.org/linguistics/gold/hypernym	http://dbpedia.org/resource/Parish
http://dbpedia.org/property/latd	"41.612999999999999545"^^http://www.w3.org/2001/XMLSchema#decimal
http://dbpedia.org/ontology/country	http://dbpedia.org/resource/Portugal
http://dbpedia.org/property/populationTotal	"1456"^^http://www.w3.org/2001/XMLSchema#integer
http://dbpedia.org/property/populationAsOf	"2011"^^http://www.w3.org/2001/XMLSchema#integer
http://purl.org/dc/terms/subject	http://dbpedia.org/resource/Category:Parishes_of_Barcelos,_Portugal
http://dbpedia.org/ontology/abstract	"União das Freguesias de Alheira e Igreja Nova, kurz Alheira e Igreja Nova, ist eine Gemeinde (Freguesia) im Kreis Barcelos im Norden Portugals. In der Gemeinde leben 1.456 Einwohner auf einer Fläche von 10,17 km² (Stand nach Zahlen von 2011). Die Gemeinde entstand im Zuge der Gebietsreform in Portugal am 29. September 2013 durch Zusammenlegung der beiden bisherigen Gemeinden Alheira und Igreja Nova. Alheira wurde Sitz der Gemeinde."@de
http://www.w3.org/2000/01/rdf-schema#comment	"União das Freguesias de Alheira e Igreja Nova, kurz Alheira e Igreja Nova, ist eine Gemeinde (Freguesia) im Kreis Barcelos im Norden Portugals. In der Gemeinde leben 1.456 Einwohner auf einer Fläche von 10,17 km² (Stand nach Zahlen von 2011). Die Gemeinde entstand im Zuge der Gebietsreform in Portugal am 29. September 2013 durch Zusammenlegung der beiden bisherigen Gemeinden Alheira und Igreja Nova. Alheira wurde Sitz der Gemeinde."@de
http://www.w3.org/2000/01/rdf-schema#label	"União das Freguesias de Alheira e Igreja Nova"@de
http://dbpedia.org/property/longd	"-8.5630000000000006111"^^http://www.w3.org/2001/XMLSchema#decimal
http://xmlns.com/foaf/0.1/primaryTopic	http://en.wikipedia.org/wiki/Alheira_e_Igreja_Nova
http://www.w3.org/1999/02/22-rdf-syntax-ns#type	http://dbpedia.org/ontology/Place
