#---Properties and values from: http://dbpedia.org/resource/Barseba
Property	Value
http://xmlns.com/foaf/0.1/name	"Barseba"@en
http://dbpedia.org/ontology/wikiPageExternalLink	http://census.adrianfrith.com/place/60302001
http://dbpedia.org/ontology/wikiPageRevisionID	"588371687"^^http://www.w3.org/2001/XMLSchema#integer
http://dbpedia.org/property/areaFootnotes	"ref | |name=census2001"^^http://www.w3.org/1999/02/22-rdf-syntax-ns#langString
http://www.w3.org/2003/01/geo/wgs84_pos#long	"27.531999588012695312"^^http://www.w3.org/2001/XMLSchema#float
http://xmlns.com/foaf/0.1/isPrimaryTopicOf	http://en.wikipedia.org/wiki/Barseba
http://dbpedia.org/property/municipality	"Rustenburg"^^http://www.w3.org/1999/02/22-rdf-syntax-ns#langString
http://dbpedia.org/ontology/country	http://dbpedia.org/resource/South_Africa
http://dbpedia.org/property/populationTotal	"1572"^^http://www.w3.org/2001/XMLSchema#integer
http://dbpedia.org/property/populationAsOf	"2001"^^http://www.w3.org/2001/XMLSchema#integer
http://purl.org/dc/terms/subject	http://dbpedia.org/resource/Category:Populated_places_in_the_Rustenburg_Local_Municipality
http://www.w3.org/2000/01/rdf-schema#comment	"Barseba is a town in Bojanala District Municipality in the North West province of South Africa."@en
http://dbpedia.org/property/leaderTitle	"Councillor"^^http://www.w3.org/1999/02/22-rdf-syntax-ns#langString
http://dbpedia.org/property/longd	"27.532000000000000028"^^http://www.w3.org/2001/XMLSchema#decimal
http://xmlns.com/foaf/0.1/primaryTopic	http://en.wikipedia.org/wiki/Barseba
http://www.w3.org/2002/07/owl#sameAs	http://wikidata.dbpedia.org/resource/Q15196877
http://www.w3.org/2003/01/geo/wgs84_pos#lat	"25.551000595092773438"^^http://www.w3.org/2001/XMLSchema#float
http://www.georss.org/georss/point	"25.551 27.532"
http://dbpedia.org/ontology/wikiPageID	"40116666"^^http://www.w3.org/2001/XMLSchema#integer
http://www.w3.org/ns/prov#wasDerivedFrom	http://en.wikipedia.org/wiki/Barseba?oldid=588371687
http://dbpedia.org/property/areaTotalKm	"2.2200000000000001954"^^http://www.w3.org/2001/XMLSchema#decimal
http://dbpedia.org/property/district	"Bojanala"^^http://www.w3.org/1999/02/22-rdf-syntax-ns#langString
http://purl.org/linguistics/gold/hypernym	http://dbpedia.org/resource/Town
http://dbpedia.org/property/latd	"25.55099999999999838"^^http://www.w3.org/2001/XMLSchema#decimal
http://dbpedia.org/ontology/abstract	"Barseba is a town in Bojanala District Municipality in the North West province of South Africa."@en
http://www.w3.org/2003/01/geo/wgs84_pos#geometry	"POINT(27.531999588013 25.551000595093)"^^http://www.openlinksw.com/schemas/virtrdf#Geometry
http://www.w3.org/2000/01/rdf-schema#label	"Barseba"@en
http://dbpedia.org/property/province	"North West"^^http://www.w3.org/1999/02/22-rdf-syntax-ns#langString
http://www.w3.org/1999/02/22-rdf-syntax-ns#type	http://dbpedia.org/class/yago/YagoPermanentlyLocatedEntity
