#---Properties and values from: http://dbpedia.org/resource/Briga_Superiore
Property	Value
http://dbpedia.org/property/longew	"E"^^http://www.w3.org/1999/02/22-rdf-syntax-ns#langString
http://dbpedia.org/property/postalcode	"98139"^^http://www.w3.org/2001/XMLSchema#integer
http://dbpedia.org/ontology/wikiPageRevisionID	"733484934"^^http://www.w3.org/2001/XMLSchema#integer
http://dbpedia.org/property/comune	http://dbpedia.org/resource/Messina
http://dbpedia.org/property/latm	"5"^^http://www.w3.org/2001/XMLSchema#integer
http://dbpedia.org/property/latns	"N"^^http://www.w3.org/1999/02/22-rdf-syntax-ns#langString
http://xmlns.com/foaf/0.1/isPrimaryTopicOf	http://en.wikipedia.org/wiki/Briga_Superiore
http://dbpedia.org/property/longm	"28"^^http://www.w3.org/2001/XMLSchema#integer
http://dbpedia.org/property/populationTotal	"215"^^http://www.w3.org/2001/XMLSchema#integer
http://dbpedia.org/property/populationAsOf	"2001"^^http://www.w3.org/2001/XMLSchema#integer
http://purl.org/dc/terms/subject	http://dbpedia.org/resource/Category:Frazioni_of_the_Province_of_Messina
http://www.w3.org/2000/01/rdf-schema#comment	"Briga Superiore is a frazione of the comune of Messina in the Province of Messina, Sicily, southern Italy. It stands at an elevation of 50 metres above sea level. At the time of the Istat census of 2001 it had 215 inhabitants. The frazione suffered heavily in the mudslides which devastated the area in 2009."@en
http://dbpedia.org/property/longd	"15"^^http://www.w3.org/2001/XMLSchema#integer
http://xmlns.com/foaf/0.1/primaryTopic	http://en.wikipedia.org/wiki/Briga_Superiore
http://www.w3.org/2002/07/owl#sameAs	http://dbpedia.org/resource/Briga_Superiore
http://dbpedia.org/property/coordinatesType	"type:city"^^http://www.w3.org/1999/02/22-rdf-syntax-ns#langString
http://dbpedia.org/ontology/wikiPageID	"24562700"^^http://www.w3.org/2001/XMLSchema#integer
http://dbpedia.org/property/elevationM	"50"^^http://www.w3.org/2001/XMLSchema#integer
http://dbpedia.org/property/telephone	"90"^^http://www.w3.org/2001/XMLSchema#integer
http://www.w3.org/ns/prov#wasDerivedFrom	http://en.wikipedia.org/wiki/Briga_Superiore?oldid=733484934
http://dbpedia.org/property/coordinatesDisplay	"I"^^http://www.w3.org/1999/02/22-rdf-syntax-ns#langString
http://dbpedia.org/property/name	"Briga Superiore"^^http://www.w3.org/1999/02/22-rdf-syntax-ns#langString
http://dbpedia.org/property/saint	http://dbpedia.org/resource/Saint_George
http://purl.org/linguistics/gold/hypernym	http://dbpedia.org/resource/Frazione
http://dbpedia.org/property/latd	"38"^^http://www.w3.org/2001/XMLSchema#integer
http://dbpedia.org/ontology/abstract	"Briga Superiore is a frazione of the comune of Messina in the Province of Messina, Sicily, southern Italy. It stands at an elevation of 50 metres above sea level. At the time of the Istat census of 2001 it had 215 inhabitants. The frazione suffered heavily in the mudslides which devastated the area in 2009."@en
http://www.w3.org/2000/01/rdf-schema#label	"Briga Superiore"@en
http://dbpedia.org/property/province	http://dbpedia.org/resource/Province_of_Messina
http://www.w3.org/1999/02/22-rdf-syntax-ns#type	http://dbpedia.org/ontology/Settlement
http://dbpedia.org/property/gentilic	"Brigoti"^^http://www.w3.org/1999/02/22-rdf-syntax-ns#langString
http://dbpedia.org/property/region	http://dbpedia.org/resource/Sicily
