#---Properties and values from: http://dbpedia.org/resource/Stiens
Property	Value
http://xmlns.com/foaf/0.1/name	"Stiens"@en
http://dbpedia.org/ontology/wikiPageRevisionID	"650302401"^^http://www.w3.org/2001/XMLSchema#integer
http://dbpedia.org/property/settlementType	"Town"^^http://www.w3.org/1999/02/22-rdf-syntax-ns#langString
http://www.w3.org/2003/01/geo/wgs84_pos#long	"5.7575001716613769531"^^http://www.w3.org/2001/XMLSchema#float
http://dbpedia.org/property/imageMap	"Map NL Ljouwerteradiel Stiens.png"^^http://www.w3.org/1999/02/22-rdf-syntax-ns#langString
http://xmlns.com/foaf/0.1/isPrimaryTopicOf	http://en.wikipedia.org/wiki/Stiens
http://dbpedia.org/property/subdivisionType	"Country"^^http://www.w3.org/1999/02/22-rdf-syntax-ns#langString
http://dbpedia.org/ontology/country	http://dbpedia.org/resource/Netherlands
http://dbpedia.org/property/populationTotal	"c. 7800"^^http://www.w3.org/1999/02/22-rdf-syntax-ns#langString
http://purl.org/dc/terms/subject	http://dbpedia.org/resource/Category:Populated_places_in_Friesland
http://dbpedia.org/ontology/isPartOf	http://dbpedia.org/resource/Friesland
http://www.w3.org/2000/01/rdf-schema#comment	"Stiens est un village situé dans la commune néerlandaise de Leeuwarderadeel, dans la province de la Frise. Son nom en néerlandais est Stiens. Le 1er janvier 2006, le village comptait 7 804 habitants. 
* Portail des Pays-Bas Portail des Pays-Bas"@fr
http://xmlns.com/foaf/0.1/primaryTopic	http://en.wikipedia.org/wiki/Stiens
http://www.w3.org/2002/07/owl#sameAs	http://www.wikidata.org/entity/Q1915794
http://www.w3.org/2003/01/geo/wgs84_pos#lat	"53.260833740234375"^^http://www.w3.org/2001/XMLSchema#float
http://www.georss.org/georss/point	"53.26083333333333 5.7575"
http://dbpedia.org/ontology/thumbnail	http://commons.wikimedia.org/wiki/Special:FilePath/Map_NL_Ljouwerteradiel_Stiens.png?width=300
http://dbpedia.org/ontology/wikiPageID	"2116878"^^http://www.w3.org/2001/XMLSchema#integer
http://dbpedia.org/ontology/birthPlace	http://dbpedia.org/resource/Marije_Cornelissen
http://www.w3.org/ns/prov#wasDerivedFrom	http://en.wikipedia.org/wiki/Stiens?oldid=650302401
http://xmlns.com/foaf/0.1/depiction	http://commons.wikimedia.org/wiki/Special:FilePath/Map_NL_Ljouwerteradiel_Stiens.png
http://purl.org/linguistics/gold/hypernym	http://dbpedia.org/resource/Town
http://dbpedia.org/ontology/abstract	"Stiens is the largest town within the municipality of Leeuwarderadeel, with a population of about 7,800. The town hall of the municipality is located in Stiens."@en
http://www.w3.org/2003/01/geo/wgs84_pos#geometry	"POINT(5.7575001716614 53.260833740234)"^^http://www.openlinksw.com/schemas/virtrdf#Geometry
http://www.w3.org/2000/01/rdf-schema#label	"Stiens"@fr
http://dbpedia.org/property/mapsize	"280"^^http://www.w3.org/2001/XMLSchema#integer
http://www.w3.org/1999/02/22-rdf-syntax-ns#type	http://www.w3.org/2003/01/geo/wgs84_pos#SpatialThing
